// array size is 135792
static const uint8_t art[]  = {
    0x1b, 0x5b, 0x30, 0x6d, 0x1b, 0x5b, 0x33, 0x38, 0x3b, 0x32, 0x3b, 0x32, 0x35, 0x35, 0x3b, 0x32, 
    0x35, 0x35, 0x3b, 0x32, 0x35, 0x35, 0x6d, 0x4d, 0x1b, 0x5b, 0x30, 0x6d, 0x1b, 0x5b, 0x33, 0x38, 
    0x3b, 0x32, 0x3b, 0x32, 0x35, 0x35, 0x3b, 0x32, 0x35, 0x35, 0x3b, 0x32, 0x35, 0x35, 0x6d, 0x4d, 
    0x1b, 0x5b, 0x30, 0x6d, 0x1b, 0x5b, 0x33, 0x38, 0x3b, 0x32, 0x3b, 0x32, 0x35, 0x35, 0x3b, 0x32, 
    0x35, 0x35, 0x3b, 0x32, 0x35, 0x35, 0x6d, 0x4d, 0x1b, 0x5b, 0x30, 0x6d, 0x1b, 0x5b, 0x33, 0x38, 
    0x3b, 0x32, 0x3b, 0x32, 0x35, 0x35, 0x3b, 0x32, 0x35, 0x35, 0x3b, 0x32, 0x35, 0x35, 0x6d, 0x4d, 
    0x1b, 0x5b, 0x30, 0x6d, 0x1b, 0x5b, 0x33, 0x38, 0x3b, 0x32, 0x3b, 0x32, 0x35, 0x35, 0x3b, 0x32, 
    0x35, 0x35, 0x3b, 0x32, 0x35, 0x35, 0x6d, 0x4d, 0x1b, 0x5b, 0x30, 0x6d, 0x1b, 0x5b, 0x33, 0x38, 
    0x3b, 0x32, 0x3b, 0x32, 0x35, 0x35, 0x3b, 0x32, 0x35, 0x35, 0x3b, 0x32, 0x35, 0x35, 0x6d, 0x4d, 
    0x1b, 0x5b, 0x30, 0x6d, 0x1b, 0x5b, 0x33, 0x38, 0x3b, 0x32, 0x3b, 0x32, 0x35, 0x35, 0x3b, 0x32, 
    0x35, 0x35, 0x3b, 0x32, 0x35, 0x35, 0x6d, 0x4d, 0x1b, 0x5b, 0x30, 0x6d, 0x1b, 0x5b, 0x33, 0x38, 
    0x3b, 0x32, 0x3b, 0x32, 0x35, 0x35, 0x3b, 0x32, 0x35, 0x35, 0x3b, 0x32, 0x35, 0x35, 0x6d, 0x4d, 
    0x1b, 0x5b, 0x30, 0x6d, 0x1b, 0x5b, 0x33, 0x38, 0x3b, 0x32, 0x3b, 0x32, 0x35, 0x35, 0x3b, 0x32, 
    0x35, 0x35, 0x3b, 0x32, 0x35, 0x35, 0x6d, 0x4d, 0x1b, 0x5b, 0x30, 0x6d, 0x1b, 0x5b, 0x33, 0x38, 
    0x3b, 0x32, 0x3b, 0x32, 0x35, 0x35, 0x3b, 0x32, 0x35, 0x35, 0x3b, 0x32, 0x35, 0x35, 0x6d, 0x4d, 
    0x1b, 0x5b, 0x30, 0x6d, 0x1b, 0x5b, 0x33, 0x38, 0x3b, 0x32, 0x3b, 0x32, 0x35, 0x35, 0x3b, 0x32, 
    0x35, 0x35, 0x3b, 0x32, 0x35, 0x35, 0x6d, 0x4d, 0x1b, 0x5b, 0x30, 0x6d, 0x1b, 0x5b, 0x33, 0x38, 
    0x3b, 0x32, 0x3b, 0x32, 0x35, 0x35, 0x3b, 0x32, 0x35, 0x35, 0x3b, 0x32, 0x35, 0x35, 0x6d, 0x4d, 
    0x1b, 0x5b, 0x30, 0x6d, 0x1b, 0x5b, 0x33, 0x38, 0x3b, 0x32, 0x3b, 0x32, 0x35, 0x35, 0x3b, 0x32, 
    0x35, 0x35, 0x3b, 0x32, 0x35, 0x35, 0x6d, 0x4d, 0x1b, 0x5b, 0x30, 0x6d, 0x1b, 0x5b, 0x33, 0x38, 
    0x3b, 0x32, 0x3b, 0x32, 0x35, 0x35, 0x3b, 0x32, 0x35, 0x35, 0x3b, 0x32, 0x35, 0x35, 0x6d, 0x4d, 
    0x1b, 0x5b, 0x30, 0x6d, 0x1b, 0x5b, 0x33, 0x38, 0x3b, 0x32, 0x3b, 0x32, 0x35, 0x35, 0x3b, 0x32, 
    0x35, 0x35, 0x3b, 0x32, 0x35, 0x35, 0x6d, 0x4d, 0x1b, 0x5b, 0x30, 0x6d, 0x1b, 0x5b, 0x33, 0x38, 
    0x3b, 0x32, 0x3b, 0x32, 0x35, 0x35, 0x3b, 0x32, 0x35, 0x35, 0x3b, 0x32, 0x35, 0x35, 0x6d, 0x4d, 
    0x1b, 0x5b, 0x30, 0x6d, 0x1b, 0x5b, 0x33, 0x38, 0x3b, 0x32, 0x3b, 0x32, 0x35, 0x35, 0x3b, 0x32, 
    0x35, 0x35, 0x3b, 0x32, 0x35, 0x35, 0x6d, 0x4d, 0x1b, 0x5b, 0x30, 0x6d, 0x1b, 0x5b, 0x33, 0x38, 
    0x3b, 0x32, 0x3b, 0x32, 0x35, 0x35, 0x3b, 0x32, 0x35, 0x35, 0x3b, 0x32, 0x35, 0x35, 0x6d, 0x4d, 
    0x1b, 0x5b, 0x30, 0x6d, 0x1b, 0x5b, 0x33, 0x38, 0x3b, 0x32, 0x3b, 0x32, 0x35, 0x35, 0x3b, 0x32, 
    0x35, 0x35, 0x3b, 0x32, 0x35, 0x35, 0x6d, 0x4d, 0x1b, 0x5b, 0x30, 0x6d, 0x1b, 0x5b, 0x33, 0x38, 
    0x3b, 0x32, 0x3b, 0x32, 0x35, 0x35, 0x3b, 0x32, 0x35, 0x35, 0x3b, 0x32, 0x35, 0x35, 0x6d, 0x4d, 
    0x1b, 0x5b, 0x30, 0x6d, 0x1b, 0x5b, 0x33, 0x38, 0x3b, 0x32, 0x3b, 0x32, 0x35, 0x35, 0x3b, 0x32, 
    0x35, 0x35, 0x3b, 0x32, 0x35, 0x35, 0x6d, 0x4d, 0x1b, 0x5b, 0x30, 0x6d, 0x1b, 0x5b, 0x33, 0x38, 
    0x3b, 0x32, 0x3b, 0x32, 0x35, 0x35, 0x3b, 0x32, 0x35, 0x35, 0x3b, 0x32, 0x35, 0x35, 0x6d, 0x4d, 
    0x1b, 0x5b, 0x30, 0x6d, 0x1b, 0x5b, 0x33, 0x38, 0x3b, 0x32, 0x3b, 0x32, 0x35, 0x35, 0x3b, 0x32, 
    0x35, 0x35, 0x3b, 0x32, 0x35, 0x35, 0x6d, 0x4d, 0x1b, 0x5b, 0x30, 0x6d, 0x1b, 0x5b, 0x33, 0x38, 
    0x3b, 0x32, 0x3b, 0x32, 0x35, 0x35, 0x3b, 0x32, 0x35, 0x35, 0x3b, 0x32, 0x35, 0x35, 0x6d, 0x4d, 
    0x1b, 0x5b, 0x30, 0x6d, 0x1b, 0x5b, 0x33, 0x38, 0x3b, 0x32, 0x3b, 0x32, 0x35, 0x35, 0x3b, 0x32, 
    0x35, 0x35, 0x3b, 0x32, 0x35, 0x35, 0x6d, 0x4d, 0x1b, 0x5b, 0x30, 0x6d, 0x1b, 0x5b, 0x33, 0x38, 
    0x3b, 0x32, 0x3b, 0x32, 0x35, 0x35, 0x3b, 0x32, 0x35, 0x35, 0x3b, 0x32, 0x35, 0x35, 0x6d, 0x4d, 
    0x1b, 0x5b, 0x30, 0x6d, 0x1b, 0x5b, 0x33, 0x38, 0x3b, 0x32, 0x3b, 0x32, 0x35, 0x35, 0x3b, 0x32, 
    0x35, 0x35, 0x3b, 0x32, 0x35, 0x35, 0x6d, 0x4d, 0x1b, 0x5b, 0x30, 0x6d, 0x1b, 0x5b, 0x33, 0x38, 
    0x3b, 0x32, 0x3b, 0x32, 0x35, 0x35, 0x3b, 0x32, 0x35, 0x35, 0x3b, 0x32, 0x35, 0x35, 0x6d, 0x4d, 
    0x1b, 0x5b, 0x30, 0x6d, 0x1b, 0x5b, 0x33, 0x38, 0x3b, 0x32, 0x3b, 0x32, 0x35, 0x35, 0x3b, 0x32, 
    0x35, 0x35, 0x3b, 0x32, 0x35, 0x35, 0x6d, 0x4d, 0x1b, 0x5b, 0x30, 0x6d, 0x1b, 0x5b, 0x33, 0x38, 
    0x3b, 0x32, 0x3b, 0x32, 0x35, 0x35, 0x3b, 0x32, 0x35, 0x35, 0x3b, 0x32, 0x35, 0x35, 0x6d, 0x4d, 
    0x1b, 0x5b, 0x30, 0x6d, 0x1b, 0x5b, 0x33, 0x38, 0x3b, 0x32, 0x3b, 0x32, 0x35, 0x35, 0x3b, 0x32, 
    0x35, 0x35, 0x3b, 0x32, 0x35, 0x35, 0x6d, 0x4d, 0x1b, 0x5b, 0x30, 0x6d, 0x1b, 0x5b, 0x33, 0x38, 
    0x3b, 0x32, 0x3b, 0x32, 0x35, 0x35, 0x3b, 0x32, 0x35, 0x35, 0x3b, 0x32, 0x35, 0x35, 0x6d, 0x4d, 
    0x1b, 0x5b, 0x30, 0x6d, 0x1b, 0x5b, 0x33, 0x38, 0x3b, 0x32, 0x3b, 0x30, 0x3b, 0x30, 0x3b, 0x30, 
    0x6d, 0x20, 0x1b, 0x5b, 0x30, 0x6d, 0x1b, 0x5b, 0x33, 0x38, 0x3b, 0x32, 0x3b, 0x30, 0x3b, 0x30, 
    0x3b, 0x30, 0x6d, 0x20, 0x1b, 0x5b, 0x30, 0x6d, 0x1b, 0x5b, 0x33, 0x38, 0x3b, 0x32, 0x3b, 0x30, 
    0x3b, 0x30, 0x3b, 0x30, 0x6d, 0x20, 0x1b, 0x5b, 0x30, 0x6d, 0x1b, 0x5b, 0x33, 0x38, 0x3b, 0x32, 
    0x3b, 0x30, 0x3b, 0x30, 0x3b, 0x30, 0x6d, 0x20, 0x1b, 0x5b, 0x30, 0x6d, 0x1b, 0x5b, 0x33, 0x38, 
    0x3b, 0x32, 0x3b, 0x31, 0x32, 0x38, 0x3b, 0x31, 0x32, 0x38, 0x3b, 0x31, 0x32, 0x38, 0x6d, 0x6c, 
    0x1b, 0x5b, 0x30, 0x6d, 0x1b, 0x5b, 0x33, 0x38, 0x3b, 0x32, 0x3b, 0x32, 0x35, 0x35, 0x3b, 0x32, 
    0x35, 0x35, 0x3b, 0x32, 0x35, 0x35, 0x6d, 0x4d, 0x1b, 0x5b, 0x30, 0x6d, 0x1b, 0x5b, 0x33, 0x38, 
    0x3b, 0x32, 0x3b, 0x32, 0x35, 0x35, 0x3b, 0x32, 0x35, 0x35, 0x3b, 0x32, 0x35, 0x35, 0x6d, 0x4d, 
    0x1b, 0x5b, 0x30, 0x6d, 0x1b, 0x5b, 0x33, 0x38, 0x3b, 0x32, 0x3b, 0x32, 0x35, 0x35, 0x3b, 0x32, 
    0x35, 0x35, 0x3b, 0x32, 0x35, 0x35, 0x6d, 0x4d, 0x1b, 0x5b, 0x30, 0x6d, 0x1b, 0x5b, 0x33, 0x38, 
    0x3b, 0x32, 0x3b, 0x32, 0x35, 0x35, 0x3b, 0x32, 0x35, 0x35, 0x3b, 0x32, 0x35, 0x35, 0x6d, 0x4d, 
    0x1b, 0x5b, 0x30, 0x6d, 0x1b, 0x5b, 0x33, 0x38, 0x3b, 0x32, 0x3b, 0x32, 0x35, 0x35, 0x3b, 0x32, 
    0x35, 0x35, 0x3b, 0x32, 0x35, 0x35, 0x6d, 0x4d, 0x1b, 0x5b, 0x30, 0x6d, 0x1b, 0x5b, 0x33, 0x38, 
    0x3b, 0x32, 0x3b, 0x32, 0x35, 0x35, 0x3b, 0x32, 0x35, 0x35, 0x3b, 0x32, 0x35, 0x35, 0x6d, 0x4d, 
    0x1b, 0x5b, 0x30, 0x6d, 0x1b, 0x5b, 0x33, 0x38, 0x3b, 0x32, 0x3b, 0x32, 0x35, 0x35, 0x3b, 0x32, 
    0x35, 0x35, 0x3b, 0x32, 0x35, 0x35, 0x6d, 0x4d, 0x1b, 0x5b, 0x30, 0x6d, 0x1b, 0x5b, 0x33, 0x38, 
    0x3b, 0x32, 0x3b, 0x32, 0x35, 0x35, 0x3b, 0x32, 0x35, 0x35, 0x3b, 0x32, 0x35, 0x35, 0x6d, 0x4d, 
    0x1b, 0x5b, 0x30, 0x6d, 0x1b, 0x5b, 0x33, 0x38, 0x3b, 0x32, 0x3b, 0x32, 0x35, 0x35, 0x3b, 0x32, 
    0x35, 0x35, 0x3b, 0x32, 0x35, 0x35, 0x6d, 0x4d, 0x1b, 0x5b, 0x30, 0x6d, 0x1b, 0x5b, 0x33, 0x38, 
    0x3b, 0x32, 0x3b, 0x32, 0x35, 0x35, 0x3b, 0x32, 0x35, 0x35, 0x3b, 0x32, 0x35, 0x35, 0x6d, 0x4d, 
    0x1b, 0x5b, 0x30, 0x6d, 0x1b, 0x5b, 0x33, 0x38, 0x3b, 0x32, 0x3b, 0x32, 0x35, 0x35, 0x3b, 0x32, 
    0x35, 0x35, 0x3b, 0x32, 0x35, 0x35, 0x6d, 0x4d, 0x1b, 0x5b, 0x30, 0x6d, 0x1b, 0x5b, 0x33, 0x38, 
    0x3b, 0x32, 0x3b, 0x32, 0x35, 0x35, 0x3b, 0x32, 0x35, 0x35, 0x3b, 0x32, 0x35, 0x35, 0x6d, 0x4d, 
    0x1b, 0x5b, 0x30, 0x6d, 0x1b, 0x5b, 0x33, 0x38, 0x3b, 0x32, 0x3b, 0x32, 0x35, 0x35, 0x3b, 0x32, 
    0x35, 0x35, 0x3b, 0x32, 0x35, 0x35, 0x6d, 0x4d, 0x1b, 0x5b, 0x30, 0x6d, 0x1b, 0x5b, 0x33, 0x38, 
    0x3b, 0x32, 0x3b, 0x32, 0x35, 0x35, 0x3b, 0x32, 0x35, 0x35, 0x3b, 0x32, 0x35, 0x35, 0x6d, 0x4d, 
    0x1b, 0x5b, 0x30, 0x6d, 0x1b, 0x5b, 0x33, 0x38, 0x3b, 0x32, 0x3b, 0x32, 0x35, 0x35, 0x3b, 0x32, 
    0x35, 0x35, 0x3b, 0x32, 0x35, 0x35, 0x6d, 0x4d, 0x1b, 0x5b, 0x30, 0x6d, 0x1b, 0x5b, 0x33, 0x38, 
    0x3b, 0x32, 0x3b, 0x32, 0x35, 0x35, 0x3b, 0x32, 0x35, 0x35, 0x3b, 0x32, 0x35, 0x35, 0x6d, 0x4d, 
    0x1b, 0x5b, 0x30, 0x6d, 0x1b, 0x5b, 0x33, 0x38, 0x3b, 0x32, 0x3b, 0x32, 0x35, 0x35, 0x3b, 0x32, 
    0x35, 0x35, 0x3b, 0x32, 0x35, 0x35, 0x6d, 0x4d, 0x1b, 0x5b, 0x30, 0x6d, 0x1b, 0x5b, 0x33, 0x38, 
    0x3b, 0x32, 0x3b, 0x32, 0x35, 0x35, 0x3b, 0x32, 0x35, 0x35, 0x3b, 0x32, 0x35, 0x35, 0x6d, 0x4d, 
    0x1b, 0x5b, 0x30, 0x6d, 0x1b, 0x5b, 0x33, 0x38, 0x3b, 0x32, 0x3b, 0x32, 0x35, 0x35, 0x3b, 0x32, 
    0x35, 0x35, 0x3b, 0x32, 0x35, 0x35, 0x6d, 0x4d, 0x1b, 0x5b, 0x30, 0x6d, 0x1b, 0x5b, 0x33, 0x38, 
    0x3b, 0x32, 0x3b, 0x32, 0x35, 0x35, 0x3b, 0x32, 0x35, 0x35, 0x3b, 0x32, 0x35, 0x35, 0x6d, 0x4d, 
    0x1b, 0x5b, 0x30, 0x6d, 0x1b, 0x5b, 0x33, 0x38, 0x3b, 0x32, 0x3b, 0x32, 0x35, 0x35, 0x3b, 0x32, 
    0x35, 0x35, 0x3b, 0x32, 0x35, 0x35, 0x6d, 0x4d, 0x1b, 0x5b, 0x30, 0x6d, 0x1b, 0x5b, 0x33, 0x38, 
    0x3b, 0x32, 0x3b, 0x32, 0x35, 0x35, 0x3b, 0x32, 0x35, 0x35, 0x3b, 0x32, 0x35, 0x35, 0x6d, 0x4d, 
    0x1b, 0x5b, 0x30, 0x6d, 0x1b, 0x5b, 0x33, 0x38, 0x3b, 0x32, 0x3b, 0x32, 0x35, 0x35, 0x3b, 0x32, 
    0x35, 0x35, 0x3b, 0x32, 0x35, 0x35, 0x6d, 0x4d, 0x1b, 0x5b, 0x30, 0x6d, 0x1b, 0x5b, 0x33, 0x38, 
    0x3b, 0x32, 0x3b, 0x32, 0x35, 0x35, 0x3b, 0x32, 0x35, 0x35, 0x3b, 0x32, 0x35, 0x35, 0x6d, 0x4d, 
    0x1b, 0x5b, 0x30, 0x6d, 0x1b, 0x5b, 0x33, 0x38, 0x3b, 0x32, 0x3b, 0x32, 0x35, 0x35, 0x3b, 0x32, 
    0x35, 0x35, 0x3b, 0x32, 0x35, 0x35, 0x6d, 0x4d, 0x1b, 0x5b, 0x30, 0x6d, 0x1b, 0x5b, 0x33, 0x38, 
    0x3b, 0x32, 0x3b, 0x32, 0x35, 0x35, 0x3b, 0x32, 0x35, 0x35, 0x3b, 0x32, 0x35, 0x35, 0x6d, 0x4d, 
    0x1b, 0x5b, 0x30, 0x6d, 0x1b, 0x5b, 0x33, 0x38, 0x3b, 0x32, 0x3b, 0x32, 0x35, 0x35, 0x3b, 0x32, 
    0x35, 0x35, 0x3b, 0x32, 0x35, 0x35, 0x6d, 0x4d, 0x1b, 0x5b, 0x30, 0x6d, 0x1b, 0x5b, 0x33, 0x38, 
    0x3b, 0x32, 0x3b, 0x32, 0x35, 0x35, 0x3b, 0x32, 0x35, 0x35, 0x3b, 0x32, 0x35, 0x35, 0x6d, 0x4d, 
    0x1b, 0x5b, 0x30, 0x6d, 0x1b, 0x5b, 0x33, 0x38, 0x3b, 0x32, 0x3b, 0x32, 0x35, 0x35, 0x3b, 0x32, 
    0x35, 0x35, 0x3b, 0x32, 0x35, 0x35, 0x6d, 0x4d, 0x1b, 0x5b, 0x30, 0x6d, 0x1b, 0x5b, 0x33, 0x38, 
    0x3b, 0x32, 0x3b, 0x32, 0x35, 0x35, 0x3b, 0x32, 0x35, 0x35, 0x3b, 0x32, 0x35, 0x35, 0x6d, 0x4d, 
    0x1b, 0x5b, 0x30, 0x6d, 0x1b, 0x5b, 0x33, 0x38, 0x3b, 0x32, 0x3b, 0x32, 0x35, 0x35, 0x3b, 0x32, 
    0x35, 0x35, 0x3b, 0x32, 0x35, 0x35, 0x6d, 0x4d, 0x1b, 0x5b, 0x30, 0x6d, 0x1b, 0x5b, 0x33, 0x38, 
    0x3b, 0x32, 0x3b, 0x32, 0x35, 0x35, 0x3b, 0x32, 0x35, 0x35, 0x3b, 0x32, 0x35, 0x35, 0x6d, 0x4d, 
    0x1b, 0x5b, 0x30, 0x6d, 0x1b, 0x5b, 0x33, 0x38, 0x3b, 0x32, 0x3b, 0x32, 0x35, 0x35, 0x3b, 0x32, 
    0x35, 0x35, 0x3b, 0x32, 0x35, 0x35, 0x6d, 0x4d, 0x1b, 0x5b, 0x30, 0x6d, 0x1b, 0x5b, 0x33, 0x38, 
    0x3b, 0x32, 0x3b, 0x32, 0x35, 0x35, 0x3b, 0x32, 0x35, 0x35, 0x3b, 0x32, 0x35, 0x35, 0x6d, 0x4d, 
    0x1b, 0x5b, 0x30, 0x6d, 0x1b, 0x5b, 0x33, 0x38, 0x3b, 0x32, 0x3b, 0x32, 0x35, 0x35, 0x3b, 0x32, 
    0x35, 0x35, 0x3b, 0x32, 0x35, 0x35, 0x6d, 0x4d, 0x1b, 0x5b, 0x30, 0x6d, 0x1b, 0x5b, 0x33, 0x38, 
    0x3b, 0x32, 0x3b, 0x32, 0x35, 0x35, 0x3b, 0x32, 0x35, 0x35, 0x3b, 0x32, 0x35, 0x35, 0x6d, 0x4d, 
    0x1b, 0x5b, 0x30, 0x6d, 0x1b, 0x5b, 0x33, 0x38, 0x3b, 0x32, 0x3b, 0x32, 0x35, 0x35, 0x3b, 0x32, 
    0x35, 0x35, 0x3b, 0x32, 0x35, 0x35, 0x6d, 0x4d, 0x1b, 0x5b, 0x30, 0x6d, 0x1b, 0x5b, 0x33, 0x38, 
    0x3b, 0x32, 0x3b, 0x32, 0x35, 0x35, 0x3b, 0x32, 0x35, 0x35, 0x3b, 0x32, 0x35, 0x35, 0x6d, 0x4d, 
    0x1b, 0x5b, 0x30, 0x6d, 0x1b, 0x5b, 0x33, 0x38, 0x3b, 0x32, 0x3b, 0x32, 0x35, 0x35, 0x3b, 0x32, 
    0x35, 0x35, 0x3b, 0x32, 0x35, 0x35, 0x6d, 0x4d, 0x1b, 0x5b, 0x30, 0x6d, 0x1b, 0x5b, 0x33, 0x38, 
    0x3b, 0x32, 0x3b, 0x32, 0x35, 0x35, 0x3b, 0x32, 0x35, 0x35, 0x3b, 0x32, 0x35, 0x35, 0x6d, 0x4d, 
    0x1b, 0x5b, 0x30, 0x6d, 0x1b, 0x5b, 0x33, 0x38, 0x3b, 0x32, 0x3b, 0x32, 0x35, 0x35, 0x3b, 0x32, 
    0x35, 0x35, 0x3b, 0x32, 0x35, 0x35, 0x6d, 0x4d, 0x1b, 0x5b, 0x30, 0x6d, 0x1b, 0x5b, 0x33, 0x38, 
    0x3b, 0x32, 0x3b, 0x32, 0x35, 0x35, 0x3b, 0x32, 0x35, 0x35, 0x3b, 0x32, 0x35, 0x35, 0x6d, 0x4d, 
    0x1b, 0x5b, 0x30, 0x6d, 0x1b, 0x5b, 0x33, 0x38, 0x3b, 0x32, 0x3b, 0x32, 0x35, 0x35, 0x3b, 0x32, 
    0x35, 0x35, 0x3b, 0x32, 0x35, 0x35, 0x6d, 0x4d, 0x1b, 0x5b, 0x30, 0x6d, 0x1b, 0x5b, 0x33, 0x38, 
    0x3b, 0x32, 0x3b, 0x32, 0x35, 0x35, 0x3b, 0x32, 0x35, 0x35, 0x3b, 0x32, 0x35, 0x35, 0x6d, 0x4d, 
    0x1b, 0x5b, 0x30, 0x6d, 0x1b, 0x5b, 0x33, 0x38, 0x3b, 0x32, 0x3b, 0x32, 0x35, 0x35, 0x3b, 0x32, 
    0x35, 0x35, 0x3b, 0x32, 0x35, 0x35, 0x6d, 0x4d, 0x1b, 0x5b, 0x30, 0x6d, 0x1b, 0x5b, 0x33, 0x38, 
    0x3b, 0x32, 0x3b, 0x32, 0x35, 0x35, 0x3b, 0x32, 0x35, 0x35, 0x3b, 0x32, 0x35, 0x35, 0x6d, 0x4d, 
    0x1b, 0x5b, 0x30, 0x6d, 0x1b, 0x5b, 0x33, 0x38, 0x3b, 0x32, 0x3b, 0x32, 0x35, 0x35, 0x3b, 0x32, 
    0x35, 0x35, 0x3b, 0x32, 0x35, 0x35, 0x6d, 0x4d, 0x1b, 0x5b, 0x30, 0x6d, 0x1b, 0x5b, 0x33, 0x38, 
    0x3b, 0x32, 0x3b, 0x32, 0x35, 0x35, 0x3b, 0x32, 0x35, 0x35, 0x3b, 0x32, 0x35, 0x35, 0x6d, 0x4d, 
    0x1b, 0x5b, 0x30, 0x6d, 0x1b, 0x5b, 0x33, 0x38, 0x3b, 0x32, 0x3b, 0x32, 0x35, 0x35, 0x3b, 0x32, 
    0x35, 0x35, 0x3b, 0x32, 0x35, 0x35, 0x6d, 0x4d, 0x1b, 0x5b, 0x30, 0x6d, 0x1b, 0x5b, 0x33, 0x38, 
    0x3b, 0x32, 0x3b, 0x32, 0x35, 0x35, 0x3b, 0x32, 0x35, 0x35, 0x3b, 0x32, 0x35, 0x35, 0x6d, 0x4d, 
    0x1b, 0x5b, 0x30, 0x6d, 0x1b, 0x5b, 0x33, 0x38, 0x3b, 0x32, 0x3b, 0x32, 0x35, 0x35, 0x3b, 0x32, 
    0x35, 0x35, 0x3b, 0x32, 0x35, 0x35, 0x6d, 0x4d, 0x1b, 0x5b, 0x30, 0x6d, 0x1b, 0x5b, 0x33, 0x38, 
    0x3b, 0x32, 0x3b, 0x32, 0x35, 0x35, 0x3b, 0x32, 0x35, 0x35, 0x3b, 0x32, 0x35, 0x35, 0x6d, 0x4d, 
    0x1b, 0x5b, 0x30, 0x6d, 0x1b, 0x5b, 0x33, 0x38, 0x3b, 0x32, 0x3b, 0x32, 0x35, 0x35, 0x3b, 0x32, 
    0x35, 0x35, 0x3b, 0x32, 0x35, 0x35, 0x6d, 0x4d, 0x1b, 0x5b, 0x30, 0x6d, 0x1b, 0x5b, 0x33, 0x38, 
    0x3b, 0x32, 0x3b, 0x32, 0x35, 0x35, 0x3b, 0x32, 0x35, 0x35, 0x3b, 0x32, 0x35, 0x35, 0x6d, 0x4d, 
    0x1b, 0x5b, 0x30, 0x6d, 0x1b, 0x5b, 0x33, 0x38, 0x3b, 0x32, 0x3b, 0x32, 0x35, 0x35, 0x3b, 0x32, 
    0x35, 0x35, 0x3b, 0x32, 0x35, 0x35, 0x6d, 0x4d, 0x1b, 0x5b, 0x30, 0x6d, 0x1b, 0x5b, 0x33, 0x38, 
    0x3b, 0x32, 0x3b, 0x32, 0x35, 0x35, 0x3b, 0x32, 0x35, 0x35, 0x3b, 0x32, 0x35, 0x35, 0x6d, 0x4d, 
    0x1b, 0x5b, 0x30, 0x6d, 0x1b, 0x5b, 0x33, 0x38, 0x3b, 0x32, 0x3b, 0x32, 0x35, 0x35, 0x3b, 0x32, 
    0x35, 0x35, 0x3b, 0x32, 0x35, 0x35, 0x6d, 0x4d, 0x1b, 0x5b, 0x30, 0x6d, 0x1b, 0x5b, 0x33, 0x38, 
    0x3b, 0x32, 0x3b, 0x32, 0x35, 0x35, 0x3b, 0x32, 0x35, 0x35, 0x3b, 0x32, 0x35, 0x35, 0x6d, 0x4d, 
    0x1b, 0x5b, 0x30, 0x6d, 0x1b, 0x5b, 0x33, 0x38, 0x3b, 0x32, 0x3b, 0x32, 0x35, 0x35, 0x3b, 0x32, 
    0x35, 0x35, 0x3b, 0x32, 0x35, 0x35, 0x6d, 0x4d, 0x1b, 0x5b, 0x30, 0x6d, 0x1b, 0x5b, 0x33, 0x38, 
    0x3b, 0x32, 0x3b, 0x32, 0x35, 0x35, 0x3b, 0x32, 0x35, 0x35, 0x3b, 0x32, 0x35, 0x35, 0x6d, 0x4d, 
    0x1b, 0x5b, 0x30, 0x6d, 0x1b, 0x5b, 0x33, 0x38, 0x3b, 0x32, 0x3b, 0x32, 0x35, 0x35, 0x3b, 0x32, 
    0x35, 0x35, 0x3b, 0x32, 0x35, 0x35, 0x6d, 0x4d, 0x1b, 0x5b, 0x30, 0x6d, 0x1b, 0x5b, 0x33, 0x38, 
    0x3b, 0x32, 0x3b, 0x32, 0x35, 0x35, 0x3b, 0x32, 0x35, 0x35, 0x3b, 0x32, 0x35, 0x35, 0x6d, 0x4d, 
    0x1b, 0x5b, 0x30, 0x6d, 0x1b, 0x5b, 0x33, 0x38, 0x3b, 0x32, 0x3b, 0x32, 0x35, 0x35, 0x3b, 0x32, 
    0x35, 0x35, 0x3b, 0x32, 0x35, 0x35, 0x6d, 0x4d, 0x1b, 0x5b, 0x30, 0x6d, 0x0a, 0x1b, 0x5b, 0x30, 
    0x6d, 0x1b, 0x5b, 0x33, 0x38, 0x3b, 0x32, 0x3b, 0x32, 0x35, 0x35, 0x3b, 0x32, 0x35, 0x35, 0x3b, 
    0x32, 0x35, 0x35, 0x6d, 0x4d, 0x1b, 0x5b, 0x30, 0x6d, 0x1b, 0x5b, 0x33, 0x38, 0x3b, 0x32, 0x3b, 
    0x32, 0x35, 0x35, 0x3b, 0x32, 0x35, 0x35, 0x3b, 0x32, 0x35, 0x35, 0x6d, 0x4d, 0x1b, 0x5b, 0x30, 
    0x6d, 0x1b, 0x5b, 0x33, 0x38, 0x3b, 0x32, 0x3b, 0x32, 0x35, 0x35, 0x3b, 0x32, 0x35, 0x35, 0x3b, 
    0x32, 0x35, 0x35, 0x6d, 0x4d, 0x1b, 0x5b, 0x30, 0x6d, 0x1b, 0x5b, 0x33, 0x38, 0x3b, 0x32, 0x3b, 
    0x32, 0x35, 0x35, 0x3b, 0x32, 0x35, 0x35, 0x3b, 0x32, 0x35, 0x35, 0x6d, 0x4d, 0x1b, 0x5b, 0x30, 
    0x6d, 0x1b, 0x5b, 0x33, 0x38, 0x3b, 0x32, 0x3b, 0x32, 0x35, 0x35, 0x3b, 0x32, 0x35, 0x35, 0x3b, 
    0x32, 0x35, 0x35, 0x6d, 0x4d, 0x1b, 0x5b, 0x30, 0x6d, 0x1b, 0x5b, 0x33, 0x38, 0x3b, 0x32, 0x3b, 
    0x32, 0x35, 0x35, 0x3b, 0x32, 0x35, 0x35, 0x3b, 0x32, 0x35, 0x35, 0x6d, 0x4d, 0x1b, 0x5b, 0x30, 
    0x6d, 0x1b, 0x5b, 0x33, 0x38, 0x3b, 0x32, 0x3b, 0x32, 0x35, 0x35, 0x3b, 0x32, 0x35, 0x35, 0x3b, 
    0x32, 0x35, 0x35, 0x6d, 0x4d, 0x1b, 0x5b, 0x30, 0x6d, 0x1b, 0x5b, 0x33, 0x38, 0x3b, 0x32, 0x3b, 
    0x32, 0x35, 0x35, 0x3b, 0x32, 0x35, 0x35, 0x3b, 0x32, 0x35, 0x35, 0x6d, 0x4d, 0x1b, 0x5b, 0x30, 
    0x6d, 0x1b, 0x5b, 0x33, 0x38, 0x3b, 0x32, 0x3b, 0x32, 0x35, 0x35, 0x3b, 0x32, 0x35, 0x35, 0x3b, 
    0x32, 0x35, 0x35, 0x6d, 0x4d, 0x1b, 0x5b, 0x30, 0x6d, 0x1b, 0x5b, 0x33, 0x38, 0x3b, 0x32, 0x3b, 
    0x32, 0x35, 0x35, 0x3b, 0x32, 0x35, 0x35, 0x3b, 0x32, 0x35, 0x35, 0x6d, 0x4d, 0x1b, 0x5b, 0x30, 
    0x6d, 0x1b, 0x5b, 0x33, 0x38, 0x3b, 0x32, 0x3b, 0x32, 0x35, 0x35, 0x3b, 0x32, 0x35, 0x35, 0x3b, 
    0x32, 0x35, 0x35, 0x6d, 0x4d, 0x1b, 0x5b, 0x30, 0x6d, 0x1b, 0x5b, 0x33, 0x38, 0x3b, 0x32, 0x3b, 
    0x32, 0x35, 0x35, 0x3b, 0x32, 0x35, 0x35, 0x3b, 0x32, 0x35, 0x35, 0x6d, 0x4d, 0x1b, 0x5b, 0x30, 
    0x6d, 0x1b, 0x5b, 0x33, 0x38, 0x3b, 0x32, 0x3b, 0x32, 0x35, 0x35, 0x3b, 0x32, 0x35, 0x35, 0x3b, 
    0x32, 0x35, 0x35, 0x6d, 0x4d, 0x1b, 0x5b, 0x30, 0x6d, 0x1b, 0x5b, 0x33, 0x38, 0x3b, 0x32, 0x3b, 
    0x32, 0x35, 0x35, 0x3b, 0x32, 0x35, 0x35, 0x3b, 0x32, 0x35, 0x35, 0x6d, 0x4d, 0x1b, 0x5b, 0x30, 
    0x6d, 0x1b, 0x5b, 0x33, 0x38, 0x3b, 0x32, 0x3b, 0x32, 0x35, 0x35, 0x3b, 0x32, 0x35, 0x35, 0x3b, 
    0x32, 0x35, 0x35, 0x6d, 0x4d, 0x1b, 0x5b, 0x30, 0x6d, 0x1b, 0x5b, 0x33, 0x38, 0x3b, 0x32, 0x3b, 
    0x32, 0x35, 0x35, 0x3b, 0x32, 0x35, 0x35, 0x3b, 0x32, 0x35, 0x35, 0x6d, 0x4d, 0x1b, 0x5b, 0x30, 
    0x6d, 0x1b, 0x5b, 0x33, 0x38, 0x3b, 0x32, 0x3b, 0x32, 0x35, 0x35, 0x3b, 0x32, 0x35, 0x35, 0x3b, 
    0x32, 0x35, 0x35, 0x6d, 0x4d, 0x1b, 0x5b, 0x30, 0x6d, 0x1b, 0x5b, 0x33, 0x38, 0x3b, 0x32, 0x3b, 
    0x32, 0x35, 0x35, 0x3b, 0x32, 0x35, 0x35, 0x3b, 0x32, 0x35, 0x35, 0x6d, 0x4d, 0x1b, 0x5b, 0x30, 
    0x6d, 0x1b, 0x5b, 0x33, 0x38, 0x3b, 0x32, 0x3b, 0x32, 0x35, 0x35, 0x3b, 0x32, 0x35, 0x35, 0x3b, 
    0x32, 0x35, 0x35, 0x6d, 0x4d, 0x1b, 0x5b, 0x30, 0x6d, 0x1b, 0x5b, 0x33, 0x38, 0x3b, 0x32, 0x3b, 
    0x32, 0x35, 0x35, 0x3b, 0x32, 0x35, 0x35, 0x3b, 0x32, 0x35, 0x35, 0x6d, 0x4d, 0x1b, 0x5b, 0x30, 
    0x6d, 0x1b, 0x5b, 0x33, 0x38, 0x3b, 0x32, 0x3b, 0x32, 0x35, 0x35, 0x3b, 0x32, 0x35, 0x35, 0x3b, 
    0x32, 0x35, 0x35, 0x6d, 0x4d, 0x1b, 0x5b, 0x30, 0x6d, 0x1b, 0x5b, 0x33, 0x38, 0x3b, 0x32, 0x3b, 
    0x32, 0x35, 0x35, 0x3b, 0x32, 0x35, 0x35, 0x3b, 0x32, 0x35, 0x35, 0x6d, 0x4d, 0x1b, 0x5b, 0x30, 
    0x6d, 0x1b, 0x5b, 0x33, 0x38, 0x3b, 0x32, 0x3b, 0x32, 0x35, 0x35, 0x3b, 0x32, 0x35, 0x35, 0x3b, 
    0x32, 0x35, 0x35, 0x6d, 0x4d, 0x1b, 0x5b, 0x30, 0x6d, 0x1b, 0x5b, 0x33, 0x38, 0x3b, 0x32, 0x3b, 
    0x32, 0x35, 0x35, 0x3b, 0x32, 0x35, 0x35, 0x3b, 0x32, 0x35, 0x35, 0x6d, 0x4d, 0x1b, 0x5b, 0x30, 
    0x6d, 0x1b, 0x5b, 0x33, 0x38, 0x3b, 0x32, 0x3b, 0x32, 0x35, 0x35, 0x3b, 0x32, 0x35, 0x35, 0x3b, 
    0x32, 0x35, 0x35, 0x6d, 0x4d, 0x1b, 0x5b, 0x30, 0x6d, 0x1b, 0x5b, 0x33, 0x38, 0x3b, 0x32, 0x3b, 
    0x32, 0x35, 0x35, 0x3b, 0x32, 0x35, 0x35, 0x3b, 0x32, 0x35, 0x35, 0x6d, 0x4d, 0x1b, 0x5b, 0x30, 
    0x6d, 0x1b, 0x5b, 0x33, 0x38, 0x3b, 0x32, 0x3b, 0x32, 0x35, 0x35, 0x3b, 0x32, 0x35, 0x35, 0x3b, 
    0x32, 0x35, 0x35, 0x6d, 0x4d, 0x1b, 0x5b, 0x30, 0x6d, 0x1b, 0x5b, 0x33, 0x38, 0x3b, 0x32, 0x3b, 
    0x32, 0x35, 0x35, 0x3b, 0x32, 0x35, 0x35, 0x3b, 0x32, 0x35, 0x35, 0x6d, 0x4d, 0x1b, 0x5b, 0x30, 
    0x6d, 0x1b, 0x5b, 0x33, 0x38, 0x3b, 0x32, 0x3b, 0x32, 0x35, 0x35, 0x3b, 0x32, 0x35, 0x35, 0x3b, 
    0x32, 0x35, 0x35, 0x6d, 0x4d, 0x1b, 0x5b, 0x30, 0x6d, 0x1b, 0x5b, 0x33, 0x38, 0x3b, 0x32, 0x3b, 
    0x31, 0x37, 0x39, 0x3b, 0x31, 0x37, 0x39, 0x3b, 0x31, 0x37, 0x39, 0x6d, 0x6b, 0x1b, 0x5b, 0x30, 
    0x6d, 0x1b, 0x5b, 0x33, 0x38, 0x3b, 0x32, 0x3b, 0x31, 0x30, 0x32, 0x3b, 0x31, 0x30, 0x32, 0x3b, 
    0x31, 0x30, 0x32, 0x6d, 0x3a, 0x1b, 0x5b, 0x30, 0x6d, 0x1b, 0x5b, 0x33, 0x38, 0x3b, 0x32, 0x3b, 
    0x31, 0x30, 0x32, 0x3b, 0x31, 0x30, 0x32, 0x3b, 0x31, 0x30, 0x32, 0x6d, 0x3a, 0x1b, 0x5b, 0x30, 
    0x6d, 0x1b, 0x5b, 0x33, 0x38, 0x3b, 0x32, 0x3b, 0x30, 0x3b, 0x30, 0x3b, 0x30, 0x6d, 0x20, 0x1b, 
    0x5b, 0x30, 0x6d, 0x1b, 0x5b, 0x33, 0x38, 0x3b, 0x32, 0x3b, 0x30, 0x3b, 0x30, 0x3b, 0x30, 0x6d, 
    0x20, 0x1b, 0x5b, 0x30, 0x6d, 0x1b, 0x5b, 0x33, 0x38, 0x3b, 0x32, 0x3b, 0x30, 0x3b, 0x30, 0x3b, 
    0x30, 0x6d, 0x20, 0x1b, 0x5b, 0x30, 0x6d, 0x1b, 0x5b, 0x33, 0x38, 0x3b, 0x32, 0x3b, 0x30, 0x3b, 
    0x30, 0x3b, 0x30, 0x6d, 0x20, 0x1b, 0x5b, 0x30, 0x6d, 0x1b, 0x5b, 0x33, 0x38, 0x3b, 0x32, 0x3b, 
    0x31, 0x32, 0x38, 0x3b, 0x31, 0x32, 0x38, 0x3b, 0x31, 0x32, 0x38, 0x6d, 0x6c, 0x1b, 0x5b, 0x30, 
    0x6d, 0x1b, 0x5b, 0x33, 0x38, 0x3b, 0x32, 0x3b, 0x32, 0x35, 0x35, 0x3b, 0x32, 0x35, 0x35, 0x3b, 
    0x32, 0x35, 0x35, 0x6d, 0x4d, 0x1b, 0x5b, 0x30, 0x6d, 0x1b, 0x5b, 0x33, 0x38, 0x3b, 0x32, 0x3b, 
    0x32, 0x35, 0x35, 0x3b, 0x32, 0x35, 0x35, 0x3b, 0x32, 0x35, 0x35, 0x6d, 0x4d, 0x1b, 0x5b, 0x30, 
    0x6d, 0x1b, 0x5b, 0x33, 0x38, 0x3b, 0x32, 0x3b, 0x32, 0x35, 0x35, 0x3b, 0x32, 0x35, 0x35, 0x3b, 
    0x32, 0x35, 0x35, 0x6d, 0x4d, 0x1b, 0x5b, 0x30, 0x6d, 0x1b, 0x5b, 0x33, 0x38, 0x3b, 0x32, 0x3b, 
    0x32, 0x35, 0x35, 0x3b, 0x32, 0x35, 0x35, 0x3b, 0x32, 0x35, 0x35, 0x6d, 0x4d, 0x1b, 0x5b, 0x30, 
    0x6d, 0x1b, 0x5b, 0x33, 0x38, 0x3b, 0x32, 0x3b, 0x32, 0x35, 0x35, 0x3b, 0x32, 0x35, 0x35, 0x3b, 
    0x32, 0x35, 0x35, 0x6d, 0x4d, 0x1b, 0x5b, 0x30, 0x6d, 0x1b, 0x5b, 0x33, 0x38, 0x3b, 0x32, 0x3b, 
    0x32, 0x35, 0x35, 0x3b, 0x32, 0x35, 0x35, 0x3b, 0x32, 0x35, 0x35, 0x6d, 0x4d, 0x1b, 0x5b, 0x30, 
    0x6d, 0x1b, 0x5b, 0x33, 0x38, 0x3b, 0x32, 0x3b, 0x32, 0x35, 0x35, 0x3b, 0x32, 0x35, 0x35, 0x3b, 
    0x32, 0x35, 0x35, 0x6d, 0x4d, 0x1b, 0x5b, 0x30, 0x6d, 0x1b, 0x5b, 0x33, 0x38, 0x3b, 0x32, 0x3b, 
    0x32, 0x35, 0x35, 0x3b, 0x32, 0x35, 0x35, 0x3b, 0x32, 0x35, 0x35, 0x6d, 0x4d, 0x1b, 0x5b, 0x30, 
    0x6d, 0x1b, 0x5b, 0x33, 0x38, 0x3b, 0x32, 0x3b, 0x32, 0x35, 0x35, 0x3b, 0x32, 0x35, 0x35, 0x3b, 
    0x32, 0x35, 0x35, 0x6d, 0x4d, 0x1b, 0x5b, 0x30, 0x6d, 0x1b, 0x5b, 0x33, 0x38, 0x3b, 0x32, 0x3b, 
    0x32, 0x35, 0x35, 0x3b, 0x32, 0x35, 0x35, 0x3b, 0x32, 0x35, 0x35, 0x6d, 0x4d, 0x1b, 0x5b, 0x30, 
    0x6d, 0x1b, 0x5b, 0x33, 0x38, 0x3b, 0x32, 0x3b, 0x32, 0x35, 0x35, 0x3b, 0x32, 0x35, 0x35, 0x3b, 
    0x32, 0x35, 0x35, 0x6d, 0x4d, 0x1b, 0x5b, 0x30, 0x6d, 0x1b, 0x5b, 0x33, 0x38, 0x3b, 0x32, 0x3b, 
    0x32, 0x35, 0x35, 0x3b, 0x32, 0x35, 0x35, 0x3b, 0x32, 0x35, 0x35, 0x6d, 0x4d, 0x1b, 0x5b, 0x30, 
    0x6d, 0x1b, 0x5b, 0x33, 0x38, 0x3b, 0x32, 0x3b, 0x32, 0x35, 0x35, 0x3b, 0x32, 0x35, 0x35, 0x3b, 
    0x32, 0x35, 0x35, 0x6d, 0x4d, 0x1b, 0x5b, 0x30, 0x6d, 0x1b, 0x5b, 0x33, 0x38, 0x3b, 0x32, 0x3b, 
    0x32, 0x35, 0x35, 0x3b, 0x32, 0x35, 0x35, 0x3b, 0x32, 0x35, 0x35, 0x6d, 0x4d, 0x1b, 0x5b, 0x30, 
    0x6d, 0x1b, 0x5b, 0x33, 0x38, 0x3b, 0x32, 0x3b, 0x32, 0x35, 0x35, 0x3b, 0x32, 0x35, 0x35, 0x3b, 
    0x32, 0x35, 0x35, 0x6d, 0x4d, 0x1b, 0x5b, 0x30, 0x6d, 0x1b, 0x5b, 0x33, 0x38, 0x3b, 0x32, 0x3b, 
    0x32, 0x35, 0x35, 0x3b, 0x32, 0x35, 0x35, 0x3b, 0x32, 0x35, 0x35, 0x6d, 0x4d, 0x1b, 0x5b, 0x30, 
    0x6d, 0x1b, 0x5b, 0x33, 0x38, 0x3b, 0x32, 0x3b, 0x32, 0x35, 0x35, 0x3b, 0x32, 0x35, 0x35, 0x3b, 
    0x32, 0x35, 0x35, 0x6d, 0x4d, 0x1b, 0x5b, 0x30, 0x6d, 0x1b, 0x5b, 0x33, 0x38, 0x3b, 0x32, 0x3b, 
    0x32, 0x35, 0x35, 0x3b, 0x32, 0x35, 0x35, 0x3b, 0x32, 0x35, 0x35, 0x6d, 0x4d, 0x1b, 0x5b, 0x30, 
    0x6d, 0x1b, 0x5b, 0x33, 0x38, 0x3b, 0x32, 0x3b, 0x32, 0x35, 0x35, 0x3b, 0x32, 0x35, 0x35, 0x3b, 
    0x32, 0x35, 0x35, 0x6d, 0x4d, 0x1b, 0x5b, 0x30, 0x6d, 0x1b, 0x5b, 0x33, 0x38, 0x3b, 0x32, 0x3b, 
    0x32, 0x35, 0x35, 0x3b, 0x32, 0x35, 0x35, 0x3b, 0x32, 0x35, 0x35, 0x6d, 0x4d, 0x1b, 0x5b, 0x30, 
    0x6d, 0x1b, 0x5b, 0x33, 0x38, 0x3b, 0x32, 0x3b, 0x32, 0x35, 0x35, 0x3b, 0x32, 0x35, 0x35, 0x3b, 
    0x32, 0x35, 0x35, 0x6d, 0x4d, 0x1b, 0x5b, 0x30, 0x6d, 0x1b, 0x5b, 0x33, 0x38, 0x3b, 0x32, 0x3b, 
    0x32, 0x35, 0x35, 0x3b, 0x32, 0x35, 0x35, 0x3b, 0x32, 0x35, 0x35, 0x6d, 0x4d, 0x1b, 0x5b, 0x30, 
    0x6d, 0x1b, 0x5b, 0x33, 0x38, 0x3b, 0x32, 0x3b, 0x32, 0x35, 0x35, 0x3b, 0x32, 0x35, 0x35, 0x3b, 
    0x32, 0x35, 0x35, 0x6d, 0x4d, 0x1b, 0x5b, 0x30, 0x6d, 0x1b, 0x5b, 0x33, 0x38, 0x3b, 0x32, 0x3b, 
    0x32, 0x35, 0x35, 0x3b, 0x32, 0x35, 0x35, 0x3b, 0x32, 0x35, 0x35, 0x6d, 0x4d, 0x1b, 0x5b, 0x30, 
    0x6d, 0x1b, 0x5b, 0x33, 0x38, 0x3b, 0x32, 0x3b, 0x32, 0x35, 0x35, 0x3b, 0x32, 0x35, 0x35, 0x3b, 
    0x32, 0x35, 0x35, 0x6d, 0x4d, 0x1b, 0x5b, 0x30, 0x6d, 0x1b, 0x5b, 0x33, 0x38, 0x3b, 0x32, 0x3b, 
    0x32, 0x35, 0x35, 0x3b, 0x32, 0x35, 0x35, 0x3b, 0x32, 0x35, 0x35, 0x6d, 0x4d, 0x1b, 0x5b, 0x30, 
    0x6d, 0x1b, 0x5b, 0x33, 0x38, 0x3b, 0x32, 0x3b, 0x32, 0x35, 0x35, 0x3b, 0x32, 0x35, 0x35, 0x3b, 
    0x32, 0x35, 0x35, 0x6d, 0x4d, 0x1b, 0x5b, 0x30, 0x6d, 0x1b, 0x5b, 0x33, 0x38, 0x3b, 0x32, 0x3b, 
    0x32, 0x35, 0x35, 0x3b, 0x32, 0x35, 0x35, 0x3b, 0x32, 0x35, 0x35, 0x6d, 0x4d, 0x1b, 0x5b, 0x30, 
    0x6d, 0x1b, 0x5b, 0x33, 0x38, 0x3b, 0x32, 0x3b, 0x32, 0x35, 0x35, 0x3b, 0x32, 0x35, 0x35, 0x3b, 
    0x32, 0x35, 0x35, 0x6d, 0x4d, 0x1b, 0x5b, 0x30, 0x6d, 0x1b, 0x5b, 0x33, 0x38, 0x3b, 0x32, 0x3b, 
    0x32, 0x35, 0x35, 0x3b, 0x32, 0x35, 0x35, 0x3b, 0x32, 0x35, 0x35, 0x6d, 0x4d, 0x1b, 0x5b, 0x30, 
    0x6d, 0x1b, 0x5b, 0x33, 0x38, 0x3b, 0x32, 0x3b, 0x32, 0x35, 0x35, 0x3b, 0x32, 0x35, 0x35, 0x3b, 
    0x32, 0x35, 0x35, 0x6d, 0x4d, 0x1b, 0x5b, 0x30, 0x6d, 0x1b, 0x5b, 0x33, 0x38, 0x3b, 0x32, 0x3b, 
    0x32, 0x35, 0x35, 0x3b, 0x32, 0x35, 0x35, 0x3b, 0x32, 0x35, 0x35, 0x6d, 0x4d, 0x1b, 0x5b, 0x30, 
    0x6d, 0x1b, 0x5b, 0x33, 0x38, 0x3b, 0x32, 0x3b, 0x32, 0x35, 0x35, 0x3b, 0x32, 0x35, 0x35, 0x3b, 
    0x32, 0x35, 0x35, 0x6d, 0x4d, 0x1b, 0x5b, 0x30, 0x6d, 0x1b, 0x5b, 0x33, 0x38, 0x3b, 0x32, 0x3b, 
    0x32, 0x35, 0x35, 0x3b, 0x32, 0x35, 0x35, 0x3b, 0x32, 0x35, 0x35, 0x6d, 0x4d, 0x1b, 0x5b, 0x30, 
    0x6d, 0x1b, 0x5b, 0x33, 0x38, 0x3b, 0x32, 0x3b, 0x32, 0x35, 0x35, 0x3b, 0x32, 0x35, 0x35, 0x3b, 
    0x32, 0x35, 0x35, 0x6d, 0x4d, 0x1b, 0x5b, 0x30, 0x6d, 0x1b, 0x5b, 0x33, 0x38, 0x3b, 0x32, 0x3b, 
    0x32, 0x35, 0x35, 0x3b, 0x32, 0x35, 0x35, 0x3b, 0x32, 0x35, 0x35, 0x6d, 0x4d, 0x1b, 0x5b, 0x30, 
    0x6d, 0x1b, 0x5b, 0x33, 0x38, 0x3b, 0x32, 0x3b, 0x32, 0x35, 0x35, 0x3b, 0x32, 0x35, 0x35, 0x3b, 
    0x32, 0x35, 0x35, 0x6d, 0x4d, 0x1b, 0x5b, 0x30, 0x6d, 0x1b, 0x5b, 0x33, 0x38, 0x3b, 0x32, 0x3b, 
    0x32, 0x35, 0x35, 0x3b, 0x32, 0x35, 0x35, 0x3b, 0x32, 0x35, 0x35, 0x6d, 0x4d, 0x1b, 0x5b, 0x30, 
    0x6d, 0x1b, 0x5b, 0x33, 0x38, 0x3b, 0x32, 0x3b, 0x32, 0x35, 0x35, 0x3b, 0x32, 0x35, 0x35, 0x3b, 
    0x32, 0x35, 0x35, 0x6d, 0x4d, 0x1b, 0x5b, 0x30, 0x6d, 0x1b, 0x5b, 0x33, 0x38, 0x3b, 0x32, 0x3b, 
    0x32, 0x35, 0x35, 0x3b, 0x32, 0x35, 0x35, 0x3b, 0x32, 0x35, 0x35, 0x6d, 0x4d, 0x1b, 0x5b, 0x30, 
    0x6d, 0x1b, 0x5b, 0x33, 0x38, 0x3b, 0x32, 0x3b, 0x32, 0x35, 0x35, 0x3b, 0x32, 0x35, 0x35, 0x3b, 
    0x32, 0x35, 0x35, 0x6d, 0x4d, 0x1b, 0x5b, 0x30, 0x6d, 0x1b, 0x5b, 0x33, 0x38, 0x3b, 0x32, 0x3b, 
    0x32, 0x35, 0x35, 0x3b, 0x32, 0x35, 0x35, 0x3b, 0x32, 0x35, 0x35, 0x6d, 0x4d, 0x1b, 0x5b, 0x30, 
    0x6d, 0x1b, 0x5b, 0x33, 0x38, 0x3b, 0x32, 0x3b, 0x32, 0x35, 0x35, 0x3b, 0x32, 0x35, 0x35, 0x3b, 
    0x32, 0x35, 0x35, 0x6d, 0x4d, 0x1b, 0x5b, 0x30, 0x6d, 0x1b, 0x5b, 0x33, 0x38, 0x3b, 0x32, 0x3b, 
    0x32, 0x35, 0x35, 0x3b, 0x32, 0x35, 0x35, 0x3b, 0x32, 0x35, 0x35, 0x6d, 0x4d, 0x1b, 0x5b, 0x30, 
    0x6d, 0x1b, 0x5b, 0x33, 0x38, 0x3b, 0x32, 0x3b, 0x32, 0x35, 0x35, 0x3b, 0x32, 0x35, 0x35, 0x3b, 
    0x32, 0x35, 0x35, 0x6d, 0x4d, 0x1b, 0x5b, 0x30, 0x6d, 0x1b, 0x5b, 0x33, 0x38, 0x3b, 0x32, 0x3b, 
    0x32, 0x35, 0x35, 0x3b, 0x32, 0x35, 0x35, 0x3b, 0x32, 0x35, 0x35, 0x6d, 0x4d, 0x1b, 0x5b, 0x30, 
    0x6d, 0x1b, 0x5b, 0x33, 0x38, 0x3b, 0x32, 0x3b, 0x32, 0x35, 0x35, 0x3b, 0x32, 0x35, 0x35, 0x3b, 
    0x32, 0x35, 0x35, 0x6d, 0x4d, 0x1b, 0x5b, 0x30, 0x6d, 0x1b, 0x5b, 0x33, 0x38, 0x3b, 0x32, 0x3b, 
    0x32, 0x35, 0x35, 0x3b, 0x32, 0x35, 0x35, 0x3b, 0x32, 0x35, 0x35, 0x6d, 0x4d, 0x1b, 0x5b, 0x30, 
    0x6d, 0x1b, 0x5b, 0x33, 0x38, 0x3b, 0x32, 0x3b, 0x32, 0x35, 0x35, 0x3b, 0x32, 0x35, 0x35, 0x3b, 
    0x32, 0x35, 0x35, 0x6d, 0x4d, 0x1b, 0x5b, 0x30, 0x6d, 0x1b, 0x5b, 0x33, 0x38, 0x3b, 0x32, 0x3b, 
    0x32, 0x35, 0x35, 0x3b, 0x32, 0x35, 0x35, 0x3b, 0x32, 0x35, 0x35, 0x6d, 0x4d, 0x1b, 0x5b, 0x30, 
    0x6d, 0x1b, 0x5b, 0x33, 0x38, 0x3b, 0x32, 0x3b, 0x32, 0x35, 0x35, 0x3b, 0x32, 0x35, 0x35, 0x3b, 
    0x32, 0x35, 0x35, 0x6d, 0x4d, 0x1b, 0x5b, 0x30, 0x6d, 0x1b, 0x5b, 0x33, 0x38, 0x3b, 0x32, 0x3b, 
    0x32, 0x35, 0x35, 0x3b, 0x32, 0x35, 0x35, 0x3b, 0x32, 0x35, 0x35, 0x6d, 0x4d, 0x1b, 0x5b, 0x30, 
    0x6d, 0x1b, 0x5b, 0x33, 0x38, 0x3b, 0x32, 0x3b, 0x32, 0x35, 0x35, 0x3b, 0x32, 0x35, 0x35, 0x3b, 
    0x32, 0x35, 0x35, 0x6d, 0x4d, 0x1b, 0x5b, 0x30, 0x6d, 0x1b, 0x5b, 0x33, 0x38, 0x3b, 0x32, 0x3b, 
    0x32, 0x35, 0x35, 0x3b, 0x32, 0x35, 0x35, 0x3b, 0x32, 0x35, 0x35, 0x6d, 0x4d, 0x1b, 0x5b, 0x30, 
    0x6d, 0x1b, 0x5b, 0x33, 0x38, 0x3b, 0x32, 0x3b, 0x32, 0x35, 0x35, 0x3b, 0x32, 0x35, 0x35, 0x3b, 
    0x32, 0x35, 0x35, 0x6d, 0x4d, 0x1b, 0x5b, 0x30, 0x6d, 0x1b, 0x5b, 0x33, 0x38, 0x3b, 0x32, 0x3b, 
    0x32, 0x35, 0x35, 0x3b, 0x32, 0x35, 0x35, 0x3b, 0x32, 0x35, 0x35, 0x6d, 0x4d, 0x1b, 0x5b, 0x30, 
    0x6d, 0x1b, 0x5b, 0x33, 0x38, 0x3b, 0x32, 0x3b, 0x32, 0x35, 0x35, 0x3b, 0x32, 0x35, 0x35, 0x3b, 
    0x32, 0x35, 0x35, 0x6d, 0x4d, 0x1b, 0x5b, 0x30, 0x6d, 0x1b, 0x5b, 0x33, 0x38, 0x3b, 0x32, 0x3b, 
    0x32, 0x35, 0x35, 0x3b, 0x32, 0x35, 0x35, 0x3b, 0x32, 0x35, 0x35, 0x6d, 0x4d, 0x1b, 0x5b, 0x30, 
    0x6d, 0x1b, 0x5b, 0x33, 0x38, 0x3b, 0x32, 0x3b, 0x32, 0x35, 0x35, 0x3b, 0x32, 0x35, 0x35, 0x3b, 
    0x32, 0x35, 0x35, 0x6d, 0x4d, 0x1b, 0x5b, 0x30, 0x6d, 0x1b, 0x5b, 0x33, 0x38, 0x3b, 0x32, 0x3b, 
    0x32, 0x35, 0x35, 0x3b, 0x32, 0x35, 0x35, 0x3b, 0x32, 0x35, 0x35, 0x6d, 0x4d, 0x1b, 0x5b, 0x30, 
    0x6d, 0x1b, 0x5b, 0x33, 0x38, 0x3b, 0x32, 0x3b, 0x32, 0x35, 0x35, 0x3b, 0x32, 0x35, 0x35, 0x3b, 
    0x32, 0x35, 0x35, 0x6d, 0x4d, 0x1b, 0x5b, 0x30, 0x6d, 0x1b, 0x5b, 0x33, 0x38, 0x3b, 0x32, 0x3b, 
    0x32, 0x35, 0x35, 0x3b, 0x32, 0x35, 0x35, 0x3b, 0x32, 0x35, 0x35, 0x6d, 0x4d, 0x1b, 0x5b, 0x30, 
    0x6d, 0x1b, 0x5b, 0x33, 0x38, 0x3b, 0x32, 0x3b, 0x32, 0x35, 0x35, 0x3b, 0x32, 0x35, 0x35, 0x3b, 
    0x32, 0x35, 0x35, 0x6d, 0x4d, 0x1b, 0x5b, 0x30, 0x6d, 0x0a, 0x1b, 0x5b, 0x30, 0x6d, 0x1b, 0x5b, 
    0x33, 0x38, 0x3b, 0x32, 0x3b, 0x32, 0x35, 0x35, 0x3b, 0x32, 0x35, 0x35, 0x3b, 0x32, 0x35, 0x35, 
    0x6d, 0x4d, 0x1b, 0x5b, 0x30, 0x6d, 0x1b, 0x5b, 0x33, 0x38, 0x3b, 0x32, 0x3b, 0x32, 0x35, 0x35, 
    0x3b, 0x32, 0x35, 0x35, 0x3b, 0x32, 0x35, 0x35, 0x6d, 0x4d, 0x1b, 0x5b, 0x30, 0x6d, 0x1b, 0x5b, 
    0x33, 0x38, 0x3b, 0x32, 0x3b, 0x32, 0x35, 0x35, 0x3b, 0x32, 0x35, 0x35, 0x3b, 0x32, 0x35, 0x35, 
    0x6d, 0x4d, 0x1b, 0x5b, 0x30, 0x6d, 0x1b, 0x5b, 0x33, 0x38, 0x3b, 0x32, 0x3b, 0x32, 0x35, 0x35, 
    0x3b, 0x32, 0x35, 0x35, 0x3b, 0x32, 0x35, 0x35, 0x6d, 0x4d, 0x1b, 0x5b, 0x30, 0x6d, 0x1b, 0x5b, 
    0x33, 0x38, 0x3b, 0x32, 0x3b, 0x32, 0x35, 0x35, 0x3b, 0x32, 0x35, 0x35, 0x3b, 0x32, 0x35, 0x35, 
    0x6d, 0x4d, 0x1b, 0x5b, 0x30, 0x6d, 0x1b, 0x5b, 0x33, 0x38, 0x3b, 0x32, 0x3b, 0x32, 0x35, 0x35, 
    0x3b, 0x32, 0x35, 0x35, 0x3b, 0x32, 0x35, 0x35, 0x6d, 0x4d, 0x1b, 0x5b, 0x30, 0x6d, 0x1b, 0x5b, 
    0x33, 0x38, 0x3b, 0x32, 0x3b, 0x32, 0x35, 0x35, 0x3b, 0x32, 0x35, 0x35, 0x3b, 0x32, 0x35, 0x35, 
    0x6d, 0x4d, 0x1b, 0x5b, 0x30, 0x6d, 0x1b, 0x5b, 0x33, 0x38, 0x3b, 0x32, 0x3b, 0x32, 0x35, 0x35, 
    0x3b, 0x32, 0x35, 0x35, 0x3b, 0x32, 0x35, 0x35, 0x6d, 0x4d, 0x1b, 0x5b, 0x30, 0x6d, 0x1b, 0x5b, 
    0x33, 0x38, 0x3b, 0x32, 0x3b, 0x32, 0x35, 0x35, 0x3b, 0x32, 0x35, 0x35, 0x3b, 0x32, 0x35, 0x35, 
    0x6d, 0x4d, 0x1b, 0x5b, 0x30, 0x6d, 0x1b, 0x5b, 0x33, 0x38, 0x3b, 0x32, 0x3b, 0x32, 0x35, 0x35, 
    0x3b, 0x32, 0x35, 0x35, 0x3b, 0x32, 0x35, 0x35, 0x6d, 0x4d, 0x1b, 0x5b, 0x30, 0x6d, 0x1b, 0x5b, 
    0x33, 0x38, 0x3b, 0x32, 0x3b, 0x32, 0x35, 0x35, 0x3b, 0x32, 0x35, 0x35, 0x3b, 0x32, 0x35, 0x35, 
    0x6d, 0x4d, 0x1b, 0x5b, 0x30, 0x6d, 0x1b, 0x5b, 0x33, 0x38, 0x3b, 0x32, 0x3b, 0x32, 0x35, 0x35, 
    0x3b, 0x32, 0x35, 0x35, 0x3b, 0x32, 0x35, 0x35, 0x6d, 0x4d, 0x1b, 0x5b, 0x30, 0x6d, 0x1b, 0x5b, 
    0x33, 0x38, 0x3b, 0x32, 0x3b, 0x32, 0x35, 0x35, 0x3b, 0x32, 0x35, 0x35, 0x3b, 0x32, 0x35, 0x35, 
    0x6d, 0x4d, 0x1b, 0x5b, 0x30, 0x6d, 0x1b, 0x5b, 0x33, 0x38, 0x3b, 0x32, 0x3b, 0x32, 0x35, 0x35, 
    0x3b, 0x32, 0x35, 0x35, 0x3b, 0x32, 0x35, 0x35, 0x6d, 0x4d, 0x1b, 0x5b, 0x30, 0x6d, 0x1b, 0x5b, 
    0x33, 0x38, 0x3b, 0x32, 0x3b, 0x32, 0x35, 0x35, 0x3b, 0x32, 0x35, 0x35, 0x3b, 0x32, 0x35, 0x35, 
    0x6d, 0x4d, 0x1b, 0x5b, 0x30, 0x6d, 0x1b, 0x5b, 0x33, 0x38, 0x3b, 0x32, 0x3b, 0x32, 0x35, 0x35, 
    0x3b, 0x32, 0x35, 0x35, 0x3b, 0x32, 0x35, 0x35, 0x6d, 0x4d, 0x1b, 0x5b, 0x30, 0x6d, 0x1b, 0x5b, 
    0x33, 0x38, 0x3b, 0x32, 0x3b, 0x32, 0x35, 0x35, 0x3b, 0x32, 0x35, 0x35, 0x3b, 0x32, 0x35, 0x35, 
    0x6d, 0x4d, 0x1b, 0x5b, 0x30, 0x6d, 0x1b, 0x5b, 0x33, 0x38, 0x3b, 0x32, 0x3b, 0x32, 0x35, 0x35, 
    0x3b, 0x32, 0x35, 0x35, 0x3b, 0x32, 0x35, 0x35, 0x6d, 0x4d, 0x1b, 0x5b, 0x30, 0x6d, 0x1b, 0x5b, 
    0x33, 0x38, 0x3b, 0x32, 0x3b, 0x32, 0x35, 0x35, 0x3b, 0x32, 0x35, 0x35, 0x3b, 0x32, 0x35, 0x35, 
    0x6d, 0x4d, 0x1b, 0x5b, 0x30, 0x6d, 0x1b, 0x5b, 0x33, 0x38, 0x3b, 0x32, 0x3b, 0x32, 0x35, 0x35, 
    0x3b, 0x32, 0x35, 0x35, 0x3b, 0x32, 0x35, 0x35, 0x6d, 0x4d, 0x1b, 0x5b, 0x30, 0x6d, 0x1b, 0x5b, 
    0x33, 0x38, 0x3b, 0x32, 0x3b, 0x32, 0x35, 0x35, 0x3b, 0x32, 0x35, 0x35, 0x3b, 0x32, 0x35, 0x35, 
    0x6d, 0x4d, 0x1b, 0x5b, 0x30, 0x6d, 0x1b, 0x5b, 0x33, 0x38, 0x3b, 0x32, 0x3b, 0x32, 0x35, 0x35, 
    0x3b, 0x32, 0x35, 0x35, 0x3b, 0x32, 0x35, 0x35, 0x6d, 0x4d, 0x1b, 0x5b, 0x30, 0x6d, 0x1b, 0x5b, 
    0x33, 0x38, 0x3b, 0x32, 0x3b, 0x32, 0x35, 0x35, 0x3b, 0x32, 0x35, 0x35, 0x3b, 0x32, 0x35, 0x35, 
    0x6d, 0x4d, 0x1b, 0x5b, 0x30, 0x6d, 0x1b, 0x5b, 0x33, 0x38, 0x3b, 0x32, 0x3b, 0x32, 0x35, 0x35, 
    0x3b, 0x32, 0x35, 0x35, 0x3b, 0x32, 0x35, 0x35, 0x6d, 0x4d, 0x1b, 0x5b, 0x30, 0x6d, 0x1b, 0x5b, 
    0x33, 0x38, 0x3b, 0x32, 0x3b, 0x32, 0x35, 0x35, 0x3b, 0x32, 0x35, 0x35, 0x3b, 0x32, 0x35, 0x35, 
    0x6d, 0x4d, 0x1b, 0x5b, 0x30, 0x6d, 0x1b, 0x5b, 0x33, 0x38, 0x3b, 0x32, 0x3b, 0x32, 0x35, 0x35, 
    0x3b, 0x32, 0x35, 0x35, 0x3b, 0x32, 0x35, 0x35, 0x6d, 0x4d, 0x1b, 0x5b, 0x30, 0x6d, 0x1b, 0x5b, 
    0x33, 0x38, 0x3b, 0x32, 0x3b, 0x32, 0x35, 0x35, 0x3b, 0x32, 0x35, 0x35, 0x3b, 0x32, 0x35, 0x35, 
    0x6d, 0x4d, 0x1b, 0x5b, 0x30, 0x6d, 0x1b, 0x5b, 0x33, 0x38, 0x3b, 0x32, 0x3b, 0x31, 0x39, 0x31, 
    0x3b, 0x31, 0x39, 0x31, 0x3b, 0x31, 0x39, 0x31, 0x6d, 0x30, 0x1b, 0x5b, 0x30, 0x6d, 0x1b, 0x5b, 
    0x33, 0x38, 0x3b, 0x32, 0x3b, 0x31, 0x32, 0x38, 0x3b, 0x31, 0x32, 0x38, 0x3b, 0x31, 0x32, 0x38, 
    0x6d, 0x6c, 0x1b, 0x5b, 0x30, 0x6d, 0x1b, 0x5b, 0x33, 0x38, 0x3b, 0x32, 0x3b, 0x36, 0x34, 0x3b, 
    0x36, 0x34, 0x3b, 0x36, 0x34, 0x6d, 0x27, 0x1b, 0x5b, 0x30, 0x6d, 0x1b, 0x5b, 0x33, 0x38, 0x3b, 
    0x32, 0x3b, 0x30, 0x3b, 0x30, 0x3b, 0x30, 0x6d, 0x20, 0x1b, 0x5b, 0x30, 0x6d, 0x1b, 0x5b, 0x33, 
    0x38, 0x3b, 0x32, 0x3b, 0x30, 0x3b, 0x30, 0x3b, 0x30, 0x6d, 0x20, 0x1b, 0x5b, 0x30, 0x6d, 0x1b, 
    0x5b, 0x33, 0x38, 0x3b, 0x32, 0x3b, 0x30, 0x3b, 0x30, 0x3b, 0x30, 0x6d, 0x20, 0x1b, 0x5b, 0x30, 
    0x6d, 0x1b, 0x5b, 0x33, 0x38, 0x3b, 0x32, 0x3b, 0x30, 0x3b, 0x30, 0x3b, 0x30, 0x6d, 0x20, 0x1b, 
    0x5b, 0x30, 0x6d, 0x1b, 0x5b, 0x33, 0x38, 0x3b, 0x32, 0x3b, 0x30, 0x3b, 0x30, 0x3b, 0x30, 0x6d, 
    0x20, 0x1b, 0x5b, 0x30, 0x6d, 0x1b, 0x5b, 0x33, 0x38, 0x3b, 0x32, 0x3b, 0x30, 0x3b, 0x30, 0x3b, 
    0x30, 0x6d, 0x20, 0x1b, 0x5b, 0x30, 0x6d, 0x1b, 0x5b, 0x33, 0x38, 0x3b, 0x32, 0x3b, 0x36, 0x34, 
    0x3b, 0x36, 0x34, 0x3b, 0x36, 0x34, 0x6d, 0x27, 0x1b, 0x5b, 0x30, 0x6d, 0x1b, 0x5b, 0x33, 0x38, 
    0x3b, 0x32, 0x3b, 0x31, 0x32, 0x38, 0x3b, 0x31, 0x32, 0x38, 0x3b, 0x31, 0x32, 0x38, 0x6d, 0x6c, 
    0x1b, 0x5b, 0x30, 0x6d, 0x1b, 0x5b, 0x33, 0x38, 0x3b, 0x32, 0x3b, 0x31, 0x32, 0x38, 0x3b, 0x31, 
    0x32, 0x38, 0x3b, 0x31, 0x32, 0x38, 0x6d, 0x6c, 0x1b, 0x5b, 0x30, 0x6d, 0x1b, 0x5b, 0x33, 0x38, 
    0x3b, 0x32, 0x3b, 0x32, 0x35, 0x35, 0x3b, 0x32, 0x35, 0x35, 0x3b, 0x32, 0x35, 0x35, 0x6d, 0x4d, 
    0x1b, 0x5b, 0x30, 0x6d, 0x1b, 0x5b, 0x33, 0x38, 0x3b, 0x32, 0x3b, 0x32, 0x35, 0x35, 0x3b, 0x32, 
    0x35, 0x35, 0x3b, 0x32, 0x35, 0x35, 0x6d, 0x4d, 0x1b, 0x5b, 0x30, 0x6d, 0x1b, 0x5b, 0x33, 0x38, 
    0x3b, 0x32, 0x3b, 0x32, 0x35, 0x35, 0x3b, 0x32, 0x35, 0x35, 0x3b, 0x32, 0x35, 0x35, 0x6d, 0x4d, 
    0x1b, 0x5b, 0x30, 0x6d, 0x1b, 0x5b, 0x33, 0x38, 0x3b, 0x32, 0x3b, 0x32, 0x35, 0x35, 0x3b, 0x32, 
    0x35, 0x35, 0x3b, 0x32, 0x35, 0x35, 0x6d, 0x4d, 0x1b, 0x5b, 0x30, 0x6d, 0x1b, 0x5b, 0x33, 0x38, 
    0x3b, 0x32, 0x3b, 0x32, 0x35, 0x35, 0x3b, 0x32, 0x35, 0x35, 0x3b, 0x32, 0x35, 0x35, 0x6d, 0x4d, 
    0x1b, 0x5b, 0x30, 0x6d, 0x1b, 0x5b, 0x33, 0x38, 0x3b, 0x32, 0x3b, 0x32, 0x35, 0x35, 0x3b, 0x32, 
    0x35, 0x35, 0x3b, 0x32, 0x35, 0x35, 0x6d, 0x4d, 0x1b, 0x5b, 0x30, 0x6d, 0x1b, 0x5b, 0x33, 0x38, 
    0x3b, 0x32, 0x3b, 0x32, 0x35, 0x35, 0x3b, 0x32, 0x35, 0x35, 0x3b, 0x32, 0x35, 0x35, 0x6d, 0x4d, 
    0x1b, 0x5b, 0x30, 0x6d, 0x1b, 0x5b, 0x33, 0x38, 0x3b, 0x32, 0x3b, 0x32, 0x35, 0x35, 0x3b, 0x32, 
    0x35, 0x35, 0x3b, 0x32, 0x35, 0x35, 0x6d, 0x4d, 0x1b, 0x5b, 0x30, 0x6d, 0x1b, 0x5b, 0x33, 0x38, 
    0x3b, 0x32, 0x3b, 0x32, 0x35, 0x35, 0x3b, 0x32, 0x35, 0x35, 0x3b, 0x32, 0x35, 0x35, 0x6d, 0x4d, 
    0x1b, 0x5b, 0x30, 0x6d, 0x1b, 0x5b, 0x33, 0x38, 0x3b, 0x32, 0x3b, 0x32, 0x35, 0x35, 0x3b, 0x32, 
    0x35, 0x35, 0x3b, 0x32, 0x35, 0x35, 0x6d, 0x4d, 0x1b, 0x5b, 0x30, 0x6d, 0x1b, 0x5b, 0x33, 0x38, 
    0x3b, 0x32, 0x3b, 0x32, 0x35, 0x35, 0x3b, 0x32, 0x35, 0x35, 0x3b, 0x32, 0x35, 0x35, 0x6d, 0x4d, 
    0x1b, 0x5b, 0x30, 0x6d, 0x1b, 0x5b, 0x33, 0x38, 0x3b, 0x32, 0x3b, 0x32, 0x35, 0x35, 0x3b, 0x32, 
    0x35, 0x35, 0x3b, 0x32, 0x35, 0x35, 0x6d, 0x4d, 0x1b, 0x5b, 0x30, 0x6d, 0x1b, 0x5b, 0x33, 0x38, 
    0x3b, 0x32, 0x3b, 0x32, 0x35, 0x35, 0x3b, 0x32, 0x35, 0x35, 0x3b, 0x32, 0x35, 0x35, 0x6d, 0x4d, 
    0x1b, 0x5b, 0x30, 0x6d, 0x1b, 0x5b, 0x33, 0x38, 0x3b, 0x32, 0x3b, 0x32, 0x35, 0x35, 0x3b, 0x32, 
    0x35, 0x35, 0x3b, 0x32, 0x35, 0x35, 0x6d, 0x4d, 0x1b, 0x5b, 0x30, 0x6d, 0x1b, 0x5b, 0x33, 0x38, 
    0x3b, 0x32, 0x3b, 0x32, 0x35, 0x35, 0x3b, 0x32, 0x35, 0x35, 0x3b, 0x32, 0x35, 0x35, 0x6d, 0x4d, 
    0x1b, 0x5b, 0x30, 0x6d, 0x1b, 0x5b, 0x33, 0x38, 0x3b, 0x32, 0x3b, 0x32, 0x35, 0x35, 0x3b, 0x32, 
    0x35, 0x35, 0x3b, 0x32, 0x35, 0x35, 0x6d, 0x4d, 0x1b, 0x5b, 0x30, 0x6d, 0x1b, 0x5b, 0x33, 0x38, 
    0x3b, 0x32, 0x3b, 0x32, 0x35, 0x35, 0x3b, 0x32, 0x35, 0x35, 0x3b, 0x32, 0x35, 0x35, 0x6d, 0x4d, 
    0x1b, 0x5b, 0x30, 0x6d, 0x1b, 0x5b, 0x33, 0x38, 0x3b, 0x32, 0x3b, 0x32, 0x35, 0x35, 0x3b, 0x32, 
    0x35, 0x35, 0x3b, 0x32, 0x35, 0x35, 0x6d, 0x4d, 0x1b, 0x5b, 0x30, 0x6d, 0x1b, 0x5b, 0x33, 0x38, 
    0x3b, 0x32, 0x3b, 0x32, 0x35, 0x35, 0x3b, 0x32, 0x35, 0x35, 0x3b, 0x32, 0x35, 0x35, 0x6d, 0x4d, 
    0x1b, 0x5b, 0x30, 0x6d, 0x1b, 0x5b, 0x33, 0x38, 0x3b, 0x32, 0x3b, 0x32, 0x35, 0x35, 0x3b, 0x32, 
    0x35, 0x35, 0x3b, 0x32, 0x35, 0x35, 0x6d, 0x4d, 0x1b, 0x5b, 0x30, 0x6d, 0x1b, 0x5b, 0x33, 0x38, 
    0x3b, 0x32, 0x3b, 0x32, 0x35, 0x35, 0x3b, 0x32, 0x35, 0x35, 0x3b, 0x32, 0x35, 0x35, 0x6d, 0x4d, 
    0x1b, 0x5b, 0x30, 0x6d, 0x1b, 0x5b, 0x33, 0x38, 0x3b, 0x32, 0x3b, 0x32, 0x35, 0x35, 0x3b, 0x32, 
    0x35, 0x35, 0x3b, 0x32, 0x35, 0x35, 0x6d, 0x4d, 0x1b, 0x5b, 0x30, 0x6d, 0x1b, 0x5b, 0x33, 0x38, 
    0x3b, 0x32, 0x3b, 0x32, 0x35, 0x35, 0x3b, 0x32, 0x35, 0x35, 0x3b, 0x32, 0x35, 0x35, 0x6d, 0x4d, 
    0x1b, 0x5b, 0x30, 0x6d, 0x1b, 0x5b, 0x33, 0x38, 0x3b, 0x32, 0x3b, 0x32, 0x35, 0x35, 0x3b, 0x32, 
    0x35, 0x35, 0x3b, 0x32, 0x35, 0x35, 0x6d, 0x4d, 0x1b, 0x5b, 0x30, 0x6d, 0x1b, 0x5b, 0x33, 0x38, 
    0x3b, 0x32, 0x3b, 0x32, 0x35, 0x35, 0x3b, 0x32, 0x35, 0x35, 0x3b, 0x32, 0x35, 0x35, 0x6d, 0x4d, 
    0x1b, 0x5b, 0x30, 0x6d, 0x1b, 0x5b, 0x33, 0x38, 0x3b, 0x32, 0x3b, 0x32, 0x35, 0x35, 0x3b, 0x32, 
    0x35, 0x35, 0x3b, 0x32, 0x35, 0x35, 0x6d, 0x4d, 0x1b, 0x5b, 0x30, 0x6d, 0x1b, 0x5b, 0x33, 0x38, 
    0x3b, 0x32, 0x3b, 0x32, 0x35, 0x35, 0x3b, 0x32, 0x35, 0x35, 0x3b, 0x32, 0x35, 0x35, 0x6d, 0x4d, 
    0x1b, 0x5b, 0x30, 0x6d, 0x1b, 0x5b, 0x33, 0x38, 0x3b, 0x32, 0x3b, 0x32, 0x35, 0x35, 0x3b, 0x32, 
    0x35, 0x35, 0x3b, 0x32, 0x35, 0x35, 0x6d, 0x4d, 0x1b, 0x5b, 0x30, 0x6d, 0x1b, 0x5b, 0x33, 0x38, 
    0x3b, 0x32, 0x3b, 0x32, 0x35, 0x35, 0x3b, 0x32, 0x35, 0x35, 0x3b, 0x32, 0x35, 0x35, 0x6d, 0x4d, 
    0x1b, 0x5b, 0x30, 0x6d, 0x1b, 0x5b, 0x33, 0x38, 0x3b, 0x32, 0x3b, 0x32, 0x35, 0x35, 0x3b, 0x32, 
    0x35, 0x35, 0x3b, 0x32, 0x35, 0x35, 0x6d, 0x4d, 0x1b, 0x5b, 0x30, 0x6d, 0x1b, 0x5b, 0x33, 0x38, 
    0x3b, 0x32, 0x3b, 0x32, 0x35, 0x35, 0x3b, 0x32, 0x35, 0x35, 0x3b, 0x32, 0x35, 0x35, 0x6d, 0x4d, 
    0x1b, 0x5b, 0x30, 0x6d, 0x1b, 0x5b, 0x33, 0x38, 0x3b, 0x32, 0x3b, 0x32, 0x35, 0x35, 0x3b, 0x32, 
    0x35, 0x35, 0x3b, 0x32, 0x35, 0x35, 0x6d, 0x4d, 0x1b, 0x5b, 0x30, 0x6d, 0x1b, 0x5b, 0x33, 0x38, 
    0x3b, 0x32, 0x3b, 0x32, 0x35, 0x35, 0x3b, 0x32, 0x35, 0x35, 0x3b, 0x32, 0x35, 0x35, 0x6d, 0x4d, 
    0x1b, 0x5b, 0x30, 0x6d, 0x1b, 0x5b, 0x33, 0x38, 0x3b, 0x32, 0x3b, 0x32, 0x35, 0x35, 0x3b, 0x32, 
    0x35, 0x35, 0x3b, 0x32, 0x35, 0x35, 0x6d, 0x4d, 0x1b, 0x5b, 0x30, 0x6d, 0x1b, 0x5b, 0x33, 0x38, 
    0x3b, 0x32, 0x3b, 0x32, 0x35, 0x35, 0x3b, 0x32, 0x35, 0x35, 0x3b, 0x32, 0x35, 0x35, 0x6d, 0x4d, 
    0x1b, 0x5b, 0x30, 0x6d, 0x1b, 0x5b, 0x33, 0x38, 0x3b, 0x32, 0x3b, 0x32, 0x35, 0x35, 0x3b, 0x32, 
    0x35, 0x35, 0x3b, 0x32, 0x35, 0x35, 0x6d, 0x4d, 0x1b, 0x5b, 0x30, 0x6d, 0x1b, 0x5b, 0x33, 0x38, 
    0x3b, 0x32, 0x3b, 0x32, 0x35, 0x35, 0x3b, 0x32, 0x35, 0x35, 0x3b, 0x32, 0x35, 0x35, 0x6d, 0x4d, 
    0x1b, 0x5b, 0x30, 0x6d, 0x1b, 0x5b, 0x33, 0x38, 0x3b, 0x32, 0x3b, 0x32, 0x35, 0x35, 0x3b, 0x32, 
    0x35, 0x35, 0x3b, 0x32, 0x35, 0x35, 0x6d, 0x4d, 0x1b, 0x5b, 0x30, 0x6d, 0x1b, 0x5b, 0x33, 0x38, 
    0x3b, 0x32, 0x3b, 0x32, 0x35, 0x35, 0x3b, 0x32, 0x35, 0x35, 0x3b, 0x32, 0x35, 0x35, 0x6d, 0x4d, 
    0x1b, 0x5b, 0x30, 0x6d, 0x1b, 0x5b, 0x33, 0x38, 0x3b, 0x32, 0x3b, 0x32, 0x35, 0x35, 0x3b, 0x32, 
    0x35, 0x35, 0x3b, 0x32, 0x35, 0x35, 0x6d, 0x4d, 0x1b, 0x5b, 0x30, 0x6d, 0x1b, 0x5b, 0x33, 0x38, 
    0x3b, 0x32, 0x3b, 0x32, 0x35, 0x35, 0x3b, 0x32, 0x35, 0x35, 0x3b, 0x32, 0x35, 0x35, 0x6d, 0x4d, 
    0x1b, 0x5b, 0x30, 0x6d, 0x1b, 0x5b, 0x33, 0x38, 0x3b, 0x32, 0x3b, 0x32, 0x35, 0x35, 0x3b, 0x32, 
    0x35, 0x35, 0x3b, 0x32, 0x35, 0x35, 0x6d, 0x4d, 0x1b, 0x5b, 0x30, 0x6d, 0x1b, 0x5b, 0x33, 0x38, 
    0x3b, 0x32, 0x3b, 0x32, 0x35, 0x35, 0x3b, 0x32, 0x35, 0x35, 0x3b, 0x32, 0x35, 0x35, 0x6d, 0x4d, 
    0x1b, 0x5b, 0x30, 0x6d, 0x1b, 0x5b, 0x33, 0x38, 0x3b, 0x32, 0x3b, 0x32, 0x35, 0x35, 0x3b, 0x32, 
    0x35, 0x35, 0x3b, 0x32, 0x35, 0x35, 0x6d, 0x4d, 0x1b, 0x5b, 0x30, 0x6d, 0x1b, 0x5b, 0x33, 0x38, 
    0x3b, 0x32, 0x3b, 0x32, 0x35, 0x35, 0x3b, 0x32, 0x35, 0x35, 0x3b, 0x32, 0x35, 0x35, 0x6d, 0x4d, 
    0x1b, 0x5b, 0x30, 0x6d, 0x1b, 0x5b, 0x33, 0x38, 0x3b, 0x32, 0x3b, 0x32, 0x35, 0x35, 0x3b, 0x32, 
    0x35, 0x35, 0x3b, 0x32, 0x35, 0x35, 0x6d, 0x4d, 0x1b, 0x5b, 0x30, 0x6d, 0x1b, 0x5b, 0x33, 0x38, 
    0x3b, 0x32, 0x3b, 0x32, 0x35, 0x35, 0x3b, 0x32, 0x35, 0x35, 0x3b, 0x32, 0x35, 0x35, 0x6d, 0x4d, 
    0x1b, 0x5b, 0x30, 0x6d, 0x1b, 0x5b, 0x33, 0x38, 0x3b, 0x32, 0x3b, 0x32, 0x35, 0x35, 0x3b, 0x32, 
    0x35, 0x35, 0x3b, 0x32, 0x35, 0x35, 0x6d, 0x4d, 0x1b, 0x5b, 0x30, 0x6d, 0x1b, 0x5b, 0x33, 0x38, 
    0x3b, 0x32, 0x3b, 0x32, 0x35, 0x35, 0x3b, 0x32, 0x35, 0x35, 0x3b, 0x32, 0x35, 0x35, 0x6d, 0x4d, 
    0x1b, 0x5b, 0x30, 0x6d, 0x1b, 0x5b, 0x33, 0x38, 0x3b, 0x32, 0x3b, 0x32, 0x35, 0x35, 0x3b, 0x32, 
    0x35, 0x35, 0x3b, 0x32, 0x35, 0x35, 0x6d, 0x4d, 0x1b, 0x5b, 0x30, 0x6d, 0x1b, 0x5b, 0x33, 0x38, 
    0x3b, 0x32, 0x3b, 0x32, 0x35, 0x35, 0x3b, 0x32, 0x35, 0x35, 0x3b, 0x32, 0x35, 0x35, 0x6d, 0x4d, 
    0x1b, 0x5b, 0x30, 0x6d, 0x1b, 0x5b, 0x33, 0x38, 0x3b, 0x32, 0x3b, 0x32, 0x35, 0x35, 0x3b, 0x32, 
    0x35, 0x35, 0x3b, 0x32, 0x35, 0x35, 0x6d, 0x4d, 0x1b, 0x5b, 0x30, 0x6d, 0x1b, 0x5b, 0x33, 0x38, 
    0x3b, 0x32, 0x3b, 0x32, 0x35, 0x35, 0x3b, 0x32, 0x35, 0x35, 0x3b, 0x32, 0x35, 0x35, 0x6d, 0x4d, 
    0x1b, 0x5b, 0x30, 0x6d, 0x1b, 0x5b, 0x33, 0x38, 0x3b, 0x32, 0x3b, 0x32, 0x35, 0x35, 0x3b, 0x32, 
    0x35, 0x35, 0x3b, 0x32, 0x35, 0x35, 0x6d, 0x4d, 0x1b, 0x5b, 0x30, 0x6d, 0x1b, 0x5b, 0x33, 0x38, 
    0x3b, 0x32, 0x3b, 0x32, 0x35, 0x35, 0x3b, 0x32, 0x35, 0x35, 0x3b, 0x32, 0x35, 0x35, 0x6d, 0x4d, 
    0x1b, 0x5b, 0x30, 0x6d, 0x1b, 0x5b, 0x33, 0x38, 0x3b, 0x32, 0x3b, 0x32, 0x35, 0x35, 0x3b, 0x32, 
    0x35, 0x35, 0x3b, 0x32, 0x35, 0x35, 0x6d, 0x4d, 0x1b, 0x5b, 0x30, 0x6d, 0x1b, 0x5b, 0x33, 0x38, 
    0x3b, 0x32, 0x3b, 0x32, 0x35, 0x35, 0x3b, 0x32, 0x35, 0x35, 0x3b, 0x32, 0x35, 0x35, 0x6d, 0x4d, 
    0x1b, 0x5b, 0x30, 0x6d, 0x1b, 0x5b, 0x33, 0x38, 0x3b, 0x32, 0x3b, 0x32, 0x35, 0x35, 0x3b, 0x32, 
    0x35, 0x35, 0x3b, 0x32, 0x35, 0x35, 0x6d, 0x4d, 0x1b, 0x5b, 0x30, 0x6d, 0x1b, 0x5b, 0x33, 0x38, 
    0x3b, 0x32, 0x3b, 0x32, 0x35, 0x35, 0x3b, 0x32, 0x35, 0x35, 0x3b, 0x32, 0x35, 0x35, 0x6d, 0x4d, 
    0x1b, 0x5b, 0x30, 0x6d, 0x1b, 0x5b, 0x33, 0x38, 0x3b, 0x32, 0x3b, 0x32, 0x35, 0x35, 0x3b, 0x32, 
    0x35, 0x35, 0x3b, 0x32, 0x35, 0x35, 0x6d, 0x4d, 0x1b, 0x5b, 0x30, 0x6d, 0x1b, 0x5b, 0x33, 0x38, 
    0x3b, 0x32, 0x3b, 0x32, 0x35, 0x35, 0x3b, 0x32, 0x35, 0x35, 0x3b, 0x32, 0x35, 0x35, 0x6d, 0x4d, 
    0x1b, 0x5b, 0x30, 0x6d, 0x0a, 0x1b, 0x5b, 0x30, 0x6d, 0x1b, 0x5b, 0x33, 0x38, 0x3b, 0x32, 0x3b, 
    0x32, 0x35, 0x35, 0x3b, 0x32, 0x35, 0x35, 0x3b, 0x32, 0x35, 0x35, 0x6d, 0x4d, 0x1b, 0x5b, 0x30, 
    0x6d, 0x1b, 0x5b, 0x33, 0x38, 0x3b, 0x32, 0x3b, 0x32, 0x35, 0x35, 0x3b, 0x32, 0x35, 0x35, 0x3b, 
    0x32, 0x35, 0x35, 0x6d, 0x4d, 0x1b, 0x5b, 0x30, 0x6d, 0x1b, 0x5b, 0x33, 0x38, 0x3b, 0x32, 0x3b, 
    0x32, 0x35, 0x35, 0x3b, 0x32, 0x35, 0x35, 0x3b, 0x32, 0x35, 0x35, 0x6d, 0x4d, 0x1b, 0x5b, 0x30, 
    0x6d, 0x1b, 0x5b, 0x33, 0x38, 0x3b, 0x32, 0x3b, 0x32, 0x35, 0x35, 0x3b, 0x32, 0x35, 0x35, 0x3b, 
    0x32, 0x35, 0x35, 0x6d, 0x4d, 0x1b, 0x5b, 0x30, 0x6d, 0x1b, 0x5b, 0x33, 0x38, 0x3b, 0x32, 0x3b, 
    0x32, 0x35, 0x35, 0x3b, 0x32, 0x35, 0x35, 0x3b, 0x32, 0x35, 0x35, 0x6d, 0x4d, 0x1b, 0x5b, 0x30, 
    0x6d, 0x1b, 0x5b, 0x33, 0x38, 0x3b, 0x32, 0x3b, 0x32, 0x35, 0x35, 0x3b, 0x32, 0x35, 0x35, 0x3b, 
    0x32, 0x35, 0x35, 0x6d, 0x4d, 0x1b, 0x5b, 0x30, 0x6d, 0x1b, 0x5b, 0x33, 0x38, 0x3b, 0x32, 0x3b, 
    0x32, 0x35, 0x35, 0x3b, 0x32, 0x35, 0x35, 0x3b, 0x32, 0x35, 0x35, 0x6d, 0x4d, 0x1b, 0x5b, 0x30, 
    0x6d, 0x1b, 0x5b, 0x33, 0x38, 0x3b, 0x32, 0x3b, 0x32, 0x35, 0x35, 0x3b, 0x32, 0x35, 0x35, 0x3b, 
    0x32, 0x35, 0x35, 0x6d, 0x4d, 0x1b, 0x5b, 0x30, 0x6d, 0x1b, 0x5b, 0x33, 0x38, 0x3b, 0x32, 0x3b, 
    0x32, 0x35, 0x35, 0x3b, 0x32, 0x35, 0x35, 0x3b, 0x32, 0x35, 0x35, 0x6d, 0x4d, 0x1b, 0x5b, 0x30, 
    0x6d, 0x1b, 0x5b, 0x33, 0x38, 0x3b, 0x32, 0x3b, 0x32, 0x35, 0x35, 0x3b, 0x32, 0x35, 0x35, 0x3b, 
    0x32, 0x35, 0x35, 0x6d, 0x4d, 0x1b, 0x5b, 0x30, 0x6d, 0x1b, 0x5b, 0x33, 0x38, 0x3b, 0x32, 0x3b, 
    0x32, 0x35, 0x35, 0x3b, 0x32, 0x35, 0x35, 0x3b, 0x32, 0x35, 0x35, 0x6d, 0x4d, 0x1b, 0x5b, 0x30, 
    0x6d, 0x1b, 0x5b, 0x33, 0x38, 0x3b, 0x32, 0x3b, 0x32, 0x35, 0x35, 0x3b, 0x32, 0x35, 0x35, 0x3b, 
    0x32, 0x35, 0x35, 0x6d, 0x4d, 0x1b, 0x5b, 0x30, 0x6d, 0x1b, 0x5b, 0x33, 0x38, 0x3b, 0x32, 0x3b, 
    0x32, 0x35, 0x35, 0x3b, 0x32, 0x35, 0x35, 0x3b, 0x32, 0x35, 0x35, 0x6d, 0x4d, 0x1b, 0x5b, 0x30, 
    0x6d, 0x1b, 0x5b, 0x33, 0x38, 0x3b, 0x32, 0x3b, 0x32, 0x35, 0x35, 0x3b, 0x32, 0x35, 0x35, 0x3b, 
    0x32, 0x35, 0x35, 0x6d, 0x4d, 0x1b, 0x5b, 0x30, 0x6d, 0x1b, 0x5b, 0x33, 0x38, 0x3b, 0x32, 0x3b, 
    0x32, 0x35, 0x35, 0x3b, 0x32, 0x35, 0x35, 0x3b, 0x32, 0x35, 0x35, 0x6d, 0x4d, 0x1b, 0x5b, 0x30, 
    0x6d, 0x1b, 0x5b, 0x33, 0x38, 0x3b, 0x32, 0x3b, 0x32, 0x35, 0x35, 0x3b, 0x32, 0x35, 0x35, 0x3b, 
    0x32, 0x35, 0x35, 0x6d, 0x4d, 0x1b, 0x5b, 0x30, 0x6d, 0x1b, 0x5b, 0x33, 0x38, 0x3b, 0x32, 0x3b, 
    0x32, 0x35, 0x35, 0x3b, 0x32, 0x35, 0x35, 0x3b, 0x32, 0x35, 0x35, 0x6d, 0x4d, 0x1b, 0x5b, 0x30, 
    0x6d, 0x1b, 0x5b, 0x33, 0x38, 0x3b, 0x32, 0x3b, 0x32, 0x35, 0x35, 0x3b, 0x32, 0x35, 0x35, 0x3b, 
    0x32, 0x35, 0x35, 0x6d, 0x4d, 0x1b, 0x5b, 0x30, 0x6d, 0x1b, 0x5b, 0x33, 0x38, 0x3b, 0x32, 0x3b, 
    0x32, 0x35, 0x35, 0x3b, 0x32, 0x35, 0x35, 0x3b, 0x32, 0x35, 0x35, 0x6d, 0x4d, 0x1b, 0x5b, 0x30, 
    0x6d, 0x1b, 0x5b, 0x33, 0x38, 0x3b, 0x32, 0x3b, 0x32, 0x35, 0x35, 0x3b, 0x32, 0x35, 0x35, 0x3b, 
    0x32, 0x35, 0x35, 0x6d, 0x4d, 0x1b, 0x5b, 0x30, 0x6d, 0x1b, 0x5b, 0x33, 0x38, 0x3b, 0x32, 0x3b, 
    0x32, 0x35, 0x35, 0x3b, 0x32, 0x35, 0x35, 0x3b, 0x32, 0x35, 0x35, 0x6d, 0x4d, 0x1b, 0x5b, 0x30, 
    0x6d, 0x1b, 0x5b, 0x33, 0x38, 0x3b, 0x32, 0x3b, 0x32, 0x35, 0x35, 0x3b, 0x32, 0x35, 0x35, 0x3b, 
    0x32, 0x35, 0x35, 0x6d, 0x4d, 0x1b, 0x5b, 0x30, 0x6d, 0x1b, 0x5b, 0x33, 0x38, 0x3b, 0x32, 0x3b, 
    0x32, 0x35, 0x35, 0x3b, 0x32, 0x35, 0x35, 0x3b, 0x32, 0x35, 0x35, 0x6d, 0x4d, 0x1b, 0x5b, 0x30, 
    0x6d, 0x1b, 0x5b, 0x33, 0x38, 0x3b, 0x32, 0x3b, 0x32, 0x35, 0x35, 0x3b, 0x32, 0x35, 0x35, 0x3b, 
    0x32, 0x35, 0x35, 0x6d, 0x4d, 0x1b, 0x5b, 0x30, 0x6d, 0x1b, 0x5b, 0x33, 0x38, 0x3b, 0x32, 0x3b, 
    0x32, 0x35, 0x35, 0x3b, 0x32, 0x35, 0x35, 0x3b, 0x32, 0x35, 0x35, 0x6d, 0x4d, 0x1b, 0x5b, 0x30, 
    0x6d, 0x1b, 0x5b, 0x33, 0x38, 0x3b, 0x32, 0x3b, 0x31, 0x35, 0x33, 0x3b, 0x31, 0x35, 0x33, 0x3b, 
    0x31, 0x35, 0x33, 0x6d, 0x64, 0x1b, 0x5b, 0x30, 0x6d, 0x1b, 0x5b, 0x33, 0x38, 0x3b, 0x32, 0x3b, 
    0x31, 0x35, 0x33, 0x3b, 0x31, 0x35, 0x33, 0x3b, 0x31, 0x35, 0x33, 0x6d, 0x64, 0x1b, 0x5b, 0x30, 
    0x6d, 0x1b, 0x5b, 0x33, 0x38, 0x3b, 0x32, 0x3b, 0x37, 0x37, 0x3b, 0x37, 0x37, 0x3b, 0x37, 0x37, 
    0x6d, 0x2c, 0x1b, 0x5b, 0x30, 0x6d, 0x1b, 0x5b, 0x33, 0x38, 0x3b, 0x32, 0x3b, 0x30, 0x3b, 0x30, 
    0x3b, 0x30, 0x6d, 0x20, 0x1b, 0x5b, 0x30, 0x6d, 0x1b, 0x5b, 0x33, 0x38, 0x3b, 0x32, 0x3b, 0x30, 
    0x3b, 0x30, 0x3b, 0x30, 0x6d, 0x20, 0x1b, 0x5b, 0x30, 0x6d, 0x1b, 0x5b, 0x33, 0x38, 0x3b, 0x32, 
    0x3b, 0x30, 0x3b, 0x30, 0x3b, 0x30, 0x6d, 0x20, 0x1b, 0x5b, 0x30, 0x6d, 0x1b, 0x5b, 0x33, 0x38, 
    0x3b, 0x32, 0x3b, 0x30, 0x3b, 0x30, 0x3b, 0x30, 0x6d, 0x20, 0x1b, 0x5b, 0x30, 0x6d, 0x1b, 0x5b, 
    0x33, 0x38, 0x3b, 0x32, 0x3b, 0x30, 0x3b, 0x30, 0x3b, 0x30, 0x6d, 0x20, 0x1b, 0x5b, 0x30, 0x6d, 
    0x1b, 0x5b, 0x33, 0x38, 0x3b, 0x32, 0x3b, 0x30, 0x3b, 0x30, 0x3b, 0x30, 0x6d, 0x20, 0x1b, 0x5b, 
    0x30, 0x6d, 0x1b, 0x5b, 0x33, 0x38, 0x3b, 0x32, 0x3b, 0x30, 0x3b, 0x30, 0x3b, 0x30, 0x6d, 0x20, 
    0x1b, 0x5b, 0x30, 0x6d, 0x1b, 0x5b, 0x33, 0x38, 0x3b, 0x32, 0x3b, 0x30, 0x3b, 0x30, 0x3b, 0x30, 
    0x6d, 0x20, 0x1b, 0x5b, 0x30, 0x6d, 0x1b, 0x5b, 0x33, 0x38, 0x3b, 0x32, 0x3b, 0x30, 0x3b, 0x30, 
    0x3b, 0x30, 0x6d, 0x20, 0x1b, 0x5b, 0x30, 0x6d, 0x1b, 0x5b, 0x33, 0x38, 0x3b, 0x32, 0x3b, 0x30, 
    0x3b, 0x30, 0x3b, 0x30, 0x6d, 0x20, 0x1b, 0x5b, 0x30, 0x6d, 0x1b, 0x5b, 0x33, 0x38, 0x3b, 0x32, 
    0x3b, 0x30, 0x3b, 0x30, 0x3b, 0x30, 0x6d, 0x20, 0x1b, 0x5b, 0x30, 0x6d, 0x1b, 0x5b, 0x33, 0x38, 
    0x3b, 0x32, 0x3b, 0x31, 0x35, 0x33, 0x3b, 0x31, 0x35, 0x33, 0x3b, 0x31, 0x35, 0x33, 0x6d, 0x64, 
    0x1b, 0x5b, 0x30, 0x6d, 0x1b, 0x5b, 0x33, 0x38, 0x3b, 0x32, 0x3b, 0x31, 0x35, 0x33, 0x3b, 0x31, 
    0x35, 0x33, 0x3b, 0x31, 0x35, 0x33, 0x6d, 0x64, 0x1b, 0x5b, 0x30, 0x6d, 0x1b, 0x5b, 0x33, 0x38, 
    0x3b, 0x32, 0x3b, 0x32, 0x35, 0x35, 0x3b, 0x32, 0x35, 0x35, 0x3b, 0x32, 0x35, 0x35, 0x6d, 0x4d, 
    0x1b, 0x5b, 0x30, 0x6d, 0x1b, 0x5b, 0x33, 0x38, 0x3b, 0x32, 0x3b, 0x32, 0x35, 0x35, 0x3b, 0x32, 
    0x35, 0x35, 0x3b, 0x32, 0x35, 0x35, 0x6d, 0x4d, 0x1b, 0x5b, 0x30, 0x6d, 0x1b, 0x5b, 0x33, 0x38, 
    0x3b, 0x32, 0x3b, 0x32, 0x35, 0x35, 0x3b, 0x32, 0x35, 0x35, 0x3b, 0x32, 0x35, 0x35, 0x6d, 0x4d, 
    0x1b, 0x5b, 0x30, 0x6d, 0x1b, 0x5b, 0x33, 0x38, 0x3b, 0x32, 0x3b, 0x32, 0x35, 0x35, 0x3b, 0x32, 
    0x35, 0x35, 0x3b, 0x32, 0x35, 0x35, 0x6d, 0x4d, 0x1b, 0x5b, 0x30, 0x6d, 0x1b, 0x5b, 0x33, 0x38, 
    0x3b, 0x32, 0x3b, 0x32, 0x35, 0x35, 0x3b, 0x32, 0x35, 0x35, 0x3b, 0x32, 0x35, 0x35, 0x6d, 0x4d, 
    0x1b, 0x5b, 0x30, 0x6d, 0x1b, 0x5b, 0x33, 0x38, 0x3b, 0x32, 0x3b, 0x32, 0x35, 0x35, 0x3b, 0x32, 
    0x35, 0x35, 0x3b, 0x32, 0x35, 0x35, 0x6d, 0x4d, 0x1b, 0x5b, 0x30, 0x6d, 0x1b, 0x5b, 0x33, 0x38, 
    0x3b, 0x32, 0x3b, 0x32, 0x35, 0x35, 0x3b, 0x32, 0x35, 0x35, 0x3b, 0x32, 0x35, 0x35, 0x6d, 0x4d, 
    0x1b, 0x5b, 0x30, 0x6d, 0x1b, 0x5b, 0x33, 0x38, 0x3b, 0x32, 0x3b, 0x32, 0x35, 0x35, 0x3b, 0x32, 
    0x35, 0x35, 0x3b, 0x32, 0x35, 0x35, 0x6d, 0x4d, 0x1b, 0x5b, 0x30, 0x6d, 0x1b, 0x5b, 0x33, 0x38, 
    0x3b, 0x32, 0x3b, 0x32, 0x35, 0x35, 0x3b, 0x32, 0x35, 0x35, 0x3b, 0x32, 0x35, 0x35, 0x6d, 0x4d, 
    0x1b, 0x5b, 0x30, 0x6d, 0x1b, 0x5b, 0x33, 0x38, 0x3b, 0x32, 0x3b, 0x32, 0x35, 0x35, 0x3b, 0x32, 
    0x35, 0x35, 0x3b, 0x32, 0x35, 0x35, 0x6d, 0x4d, 0x1b, 0x5b, 0x30, 0x6d, 0x1b, 0x5b, 0x33, 0x38, 
    0x3b, 0x32, 0x3b, 0x32, 0x35, 0x35, 0x3b, 0x32, 0x35, 0x35, 0x3b, 0x32, 0x35, 0x35, 0x6d, 0x4d, 
    0x1b, 0x5b, 0x30, 0x6d, 0x1b, 0x5b, 0x33, 0x38, 0x3b, 0x32, 0x3b, 0x32, 0x35, 0x35, 0x3b, 0x32, 
    0x35, 0x35, 0x3b, 0x32, 0x35, 0x35, 0x6d, 0x4d, 0x1b, 0x5b, 0x30, 0x6d, 0x1b, 0x5b, 0x33, 0x38, 
    0x3b, 0x32, 0x3b, 0x32, 0x35, 0x35, 0x3b, 0x32, 0x35, 0x35, 0x3b, 0x32, 0x35, 0x35, 0x6d, 0x4d, 
    0x1b, 0x5b, 0x30, 0x6d, 0x1b, 0x5b, 0x33, 0x38, 0x3b, 0x32, 0x3b, 0x32, 0x35, 0x35, 0x3b, 0x32, 
    0x35, 0x35, 0x3b, 0x32, 0x35, 0x35, 0x6d, 0x4d, 0x1b, 0x5b, 0x30, 0x6d, 0x1b, 0x5b, 0x33, 0x38, 
    0x3b, 0x32, 0x3b, 0x32, 0x35, 0x35, 0x3b, 0x32, 0x35, 0x35, 0x3b, 0x32, 0x35, 0x35, 0x6d, 0x4d, 
    0x1b, 0x5b, 0x30, 0x6d, 0x1b, 0x5b, 0x33, 0x38, 0x3b, 0x32, 0x3b, 0x32, 0x35, 0x35, 0x3b, 0x32, 
    0x35, 0x35, 0x3b, 0x32, 0x35, 0x35, 0x6d, 0x4d, 0x1b, 0x5b, 0x30, 0x6d, 0x1b, 0x5b, 0x33, 0x38, 
    0x3b, 0x32, 0x3b, 0x32, 0x35, 0x35, 0x3b, 0x32, 0x35, 0x35, 0x3b, 0x32, 0x35, 0x35, 0x6d, 0x4d, 
    0x1b, 0x5b, 0x30, 0x6d, 0x1b, 0x5b, 0x33, 0x38, 0x3b, 0x32, 0x3b, 0x32, 0x35, 0x35, 0x3b, 0x32, 
    0x35, 0x35, 0x3b, 0x32, 0x35, 0x35, 0x6d, 0x4d, 0x1b, 0x5b, 0x30, 0x6d, 0x1b, 0x5b, 0x33, 0x38, 
    0x3b, 0x32, 0x3b, 0x32, 0x35, 0x35, 0x3b, 0x32, 0x35, 0x35, 0x3b, 0x32, 0x35, 0x35, 0x6d, 0x4d, 
    0x1b, 0x5b, 0x30, 0x6d, 0x1b, 0x5b, 0x33, 0x38, 0x3b, 0x32, 0x3b, 0x32, 0x35, 0x35, 0x3b, 0x32, 
    0x35, 0x35, 0x3b, 0x32, 0x35, 0x35, 0x6d, 0x4d, 0x1b, 0x5b, 0x30, 0x6d, 0x1b, 0x5b, 0x33, 0x38, 
    0x3b, 0x32, 0x3b, 0x32, 0x35, 0x35, 0x3b, 0x32, 0x35, 0x35, 0x3b, 0x32, 0x35, 0x35, 0x6d, 0x4d, 
    0x1b, 0x5b, 0x30, 0x6d, 0x1b, 0x5b, 0x33, 0x38, 0x3b, 0x32, 0x3b, 0x32, 0x35, 0x35, 0x3b, 0x32, 
    0x35, 0x35, 0x3b, 0x32, 0x35, 0x35, 0x6d, 0x4d, 0x1b, 0x5b, 0x30, 0x6d, 0x1b, 0x5b, 0x33, 0x38, 
    0x3b, 0x32, 0x3b, 0x32, 0x35, 0x35, 0x3b, 0x32, 0x35, 0x35, 0x3b, 0x32, 0x35, 0x35, 0x6d, 0x4d, 
    0x1b, 0x5b, 0x30, 0x6d, 0x1b, 0x5b, 0x33, 0x38, 0x3b, 0x32, 0x3b, 0x32, 0x35, 0x35, 0x3b, 0x32, 
    0x35, 0x35, 0x3b, 0x32, 0x35, 0x35, 0x6d, 0x4d, 0x1b, 0x5b, 0x30, 0x6d, 0x1b, 0x5b, 0x33, 0x38, 
    0x3b, 0x32, 0x3b, 0x32, 0x35, 0x35, 0x3b, 0x32, 0x35, 0x35, 0x3b, 0x32, 0x35, 0x35, 0x6d, 0x4d, 
    0x1b, 0x5b, 0x30, 0x6d, 0x1b, 0x5b, 0x33, 0x38, 0x3b, 0x32, 0x3b, 0x32, 0x35, 0x35, 0x3b, 0x32, 
    0x35, 0x35, 0x3b, 0x32, 0x35, 0x35, 0x6d, 0x4d, 0x1b, 0x5b, 0x30, 0x6d, 0x1b, 0x5b, 0x33, 0x38, 
    0x3b, 0x32, 0x3b, 0x32, 0x35, 0x35, 0x3b, 0x32, 0x35, 0x35, 0x3b, 0x32, 0x35, 0x35, 0x6d, 0x4d, 
    0x1b, 0x5b, 0x30, 0x6d, 0x1b, 0x5b, 0x33, 0x38, 0x3b, 0x32, 0x3b, 0x32, 0x35, 0x35, 0x3b, 0x32, 
    0x35, 0x35, 0x3b, 0x32, 0x35, 0x35, 0x6d, 0x4d, 0x1b, 0x5b, 0x30, 0x6d, 0x1b, 0x5b, 0x33, 0x38, 
    0x3b, 0x32, 0x3b, 0x32, 0x35, 0x35, 0x3b, 0x32, 0x35, 0x35, 0x3b, 0x32, 0x35, 0x35, 0x6d, 0x4d, 
    0x1b, 0x5b, 0x30, 0x6d, 0x1b, 0x5b, 0x33, 0x38, 0x3b, 0x32, 0x3b, 0x32, 0x35, 0x35, 0x3b, 0x32, 
    0x35, 0x35, 0x3b, 0x32, 0x35, 0x35, 0x6d, 0x4d, 0x1b, 0x5b, 0x30, 0x6d, 0x1b, 0x5b, 0x33, 0x38, 
    0x3b, 0x32, 0x3b, 0x32, 0x35, 0x35, 0x3b, 0x32, 0x35, 0x35, 0x3b, 0x32, 0x35, 0x35, 0x6d, 0x4d, 
    0x1b, 0x5b, 0x30, 0x6d, 0x1b, 0x5b, 0x33, 0x38, 0x3b, 0x32, 0x3b, 0x32, 0x35, 0x35, 0x3b, 0x32, 
    0x35, 0x35, 0x3b, 0x32, 0x35, 0x35, 0x6d, 0x4d, 0x1b, 0x5b, 0x30, 0x6d, 0x1b, 0x5b, 0x33, 0x38, 
    0x3b, 0x32, 0x3b, 0x32, 0x35, 0x35, 0x3b, 0x32, 0x35, 0x35, 0x3b, 0x32, 0x35, 0x35, 0x6d, 0x4d, 
    0x1b, 0x5b, 0x30, 0x6d, 0x1b, 0x5b, 0x33, 0x38, 0x3b, 0x32, 0x3b, 0x32, 0x35, 0x35, 0x3b, 0x32, 
    0x35, 0x35, 0x3b, 0x32, 0x35, 0x35, 0x6d, 0x4d, 0x1b, 0x5b, 0x30, 0x6d, 0x1b, 0x5b, 0x33, 0x38, 
    0x3b, 0x32, 0x3b, 0x32, 0x35, 0x35, 0x3b, 0x32, 0x35, 0x35, 0x3b, 0x32, 0x35, 0x35, 0x6d, 0x4d, 
    0x1b, 0x5b, 0x30, 0x6d, 0x1b, 0x5b, 0x33, 0x38, 0x3b, 0x32, 0x3b, 0x32, 0x35, 0x35, 0x3b, 0x32, 
    0x35, 0x35, 0x3b, 0x32, 0x35, 0x35, 0x6d, 0x4d, 0x1b, 0x5b, 0x30, 0x6d, 0x1b, 0x5b, 0x33, 0x38, 
    0x3b, 0x32, 0x3b, 0x32, 0x35, 0x35, 0x3b, 0x32, 0x35, 0x35, 0x3b, 0x32, 0x35, 0x35, 0x6d, 0x4d, 
    0x1b, 0x5b, 0x30, 0x6d, 0x1b, 0x5b, 0x33, 0x38, 0x3b, 0x32, 0x3b, 0x32, 0x35, 0x35, 0x3b, 0x32, 
    0x35, 0x35, 0x3b, 0x32, 0x35, 0x35, 0x6d, 0x4d, 0x1b, 0x5b, 0x30, 0x6d, 0x1b, 0x5b, 0x33, 0x38, 
    0x3b, 0x32, 0x3b, 0x32, 0x35, 0x35, 0x3b, 0x32, 0x35, 0x35, 0x3b, 0x32, 0x35, 0x35, 0x6d, 0x4d, 
    0x1b, 0x5b, 0x30, 0x6d, 0x1b, 0x5b, 0x33, 0x38, 0x3b, 0x32, 0x3b, 0x32, 0x35, 0x35, 0x3b, 0x32, 
    0x35, 0x35, 0x3b, 0x32, 0x35, 0x35, 0x6d, 0x4d, 0x1b, 0x5b, 0x30, 0x6d, 0x1b, 0x5b, 0x33, 0x38, 
    0x3b, 0x32, 0x3b, 0x32, 0x35, 0x35, 0x3b, 0x32, 0x35, 0x35, 0x3b, 0x32, 0x35, 0x35, 0x6d, 0x4d, 
    0x1b, 0x5b, 0x30, 0x6d, 0x1b, 0x5b, 0x33, 0x38, 0x3b, 0x32, 0x3b, 0x32, 0x35, 0x35, 0x3b, 0x32, 
    0x35, 0x35, 0x3b, 0x32, 0x35, 0x35, 0x6d, 0x4d, 0x1b, 0x5b, 0x30, 0x6d, 0x1b, 0x5b, 0x33, 0x38, 
    0x3b, 0x32, 0x3b, 0x32, 0x35, 0x35, 0x3b, 0x32, 0x35, 0x35, 0x3b, 0x32, 0x35, 0x35, 0x6d, 0x4d, 
    0x1b, 0x5b, 0x30, 0x6d, 0x1b, 0x5b, 0x33, 0x38, 0x3b, 0x32, 0x3b, 0x32, 0x35, 0x35, 0x3b, 0x32, 
    0x35, 0x35, 0x3b, 0x32, 0x35, 0x35, 0x6d, 0x4d, 0x1b, 0x5b, 0x30, 0x6d, 0x1b, 0x5b, 0x33, 0x38, 
    0x3b, 0x32, 0x3b, 0x32, 0x35, 0x35, 0x3b, 0x32, 0x35, 0x35, 0x3b, 0x32, 0x35, 0x35, 0x6d, 0x4d, 
    0x1b, 0x5b, 0x30, 0x6d, 0x1b, 0x5b, 0x33, 0x38, 0x3b, 0x32, 0x3b, 0x32, 0x35, 0x35, 0x3b, 0x32, 
    0x35, 0x35, 0x3b, 0x32, 0x35, 0x35, 0x6d, 0x4d, 0x1b, 0x5b, 0x30, 0x6d, 0x1b, 0x5b, 0x33, 0x38, 
    0x3b, 0x32, 0x3b, 0x32, 0x35, 0x35, 0x3b, 0x32, 0x35, 0x35, 0x3b, 0x32, 0x35, 0x35, 0x6d, 0x4d, 
    0x1b, 0x5b, 0x30, 0x6d, 0x1b, 0x5b, 0x33, 0x38, 0x3b, 0x32, 0x3b, 0x32, 0x35, 0x35, 0x3b, 0x32, 
    0x35, 0x35, 0x3b, 0x32, 0x35, 0x35, 0x6d, 0x4d, 0x1b, 0x5b, 0x30, 0x6d, 0x1b, 0x5b, 0x33, 0x38, 
    0x3b, 0x32, 0x3b, 0x32, 0x35, 0x35, 0x3b, 0x32, 0x35, 0x35, 0x3b, 0x32, 0x35, 0x35, 0x6d, 0x4d, 
    0x1b, 0x5b, 0x30, 0x6d, 0x1b, 0x5b, 0x33, 0x38, 0x3b, 0x32, 0x3b, 0x32, 0x35, 0x35, 0x3b, 0x32, 
    0x35, 0x35, 0x3b, 0x32, 0x35, 0x35, 0x6d, 0x4d, 0x1b, 0x5b, 0x30, 0x6d, 0x1b, 0x5b, 0x33, 0x38, 
    0x3b, 0x32, 0x3b, 0x32, 0x35, 0x35, 0x3b, 0x32, 0x35, 0x35, 0x3b, 0x32, 0x35, 0x35, 0x6d, 0x4d, 
    0x1b, 0x5b, 0x30, 0x6d, 0x1b, 0x5b, 0x33, 0x38, 0x3b, 0x32, 0x3b, 0x32, 0x35, 0x35, 0x3b, 0x32, 
    0x35, 0x35, 0x3b, 0x32, 0x35, 0x35, 0x6d, 0x4d, 0x1b, 0x5b, 0x30, 0x6d, 0x1b, 0x5b, 0x33, 0x38, 
    0x3b, 0x32, 0x3b, 0x32, 0x35, 0x35, 0x3b, 0x32, 0x35, 0x35, 0x3b, 0x32, 0x35, 0x35, 0x6d, 0x4d, 
    0x1b, 0x5b, 0x30, 0x6d, 0x1b, 0x5b, 0x33, 0x38, 0x3b, 0x32, 0x3b, 0x32, 0x35, 0x35, 0x3b, 0x32, 
    0x35, 0x35, 0x3b, 0x32, 0x35, 0x35, 0x6d, 0x4d, 0x1b, 0x5b, 0x30, 0x6d, 0x1b, 0x5b, 0x33, 0x38, 
    0x3b, 0x32, 0x3b, 0x32, 0x35, 0x35, 0x3b, 0x32, 0x35, 0x35, 0x3b, 0x32, 0x35, 0x35, 0x6d, 0x4d, 
    0x1b, 0x5b, 0x30, 0x6d, 0x1b, 0x5b, 0x33, 0x38, 0x3b, 0x32, 0x3b, 0x32, 0x35, 0x35, 0x3b, 0x32, 
    0x35, 0x35, 0x3b, 0x32, 0x35, 0x35, 0x6d, 0x4d, 0x1b, 0x5b, 0x30, 0x6d, 0x1b, 0x5b, 0x33, 0x38, 
    0x3b, 0x32, 0x3b, 0x32, 0x35, 0x35, 0x3b, 0x32, 0x35, 0x35, 0x3b, 0x32, 0x35, 0x35, 0x6d, 0x4d, 
    0x1b, 0x5b, 0x30, 0x6d, 0x1b, 0x5b, 0x33, 0x38, 0x3b, 0x32, 0x3b, 0x32, 0x35, 0x35, 0x3b, 0x32, 
    0x35, 0x35, 0x3b, 0x32, 0x35, 0x35, 0x6d, 0x4d, 0x1b, 0x5b, 0x30, 0x6d, 0x1b, 0x5b, 0x33, 0x38, 
    0x3b, 0x32, 0x3b, 0x32, 0x35, 0x35, 0x3b, 0x32, 0x35, 0x35, 0x3b, 0x32, 0x35, 0x35, 0x6d, 0x4d, 
    0x1b, 0x5b, 0x30, 0x6d, 0x0a, 0x1b, 0x5b, 0x30, 0x6d, 0x1b, 0x5b, 0x33, 0x38, 0x3b, 0x32, 0x3b, 
    0x32, 0x35, 0x35, 0x3b, 0x32, 0x35, 0x35, 0x3b, 0x32, 0x35, 0x35, 0x6d, 0x4d, 0x1b, 0x5b, 0x30, 
    0x6d, 0x1b, 0x5b, 0x33, 0x38, 0x3b, 0x32, 0x3b, 0x32, 0x35, 0x35, 0x3b, 0x32, 0x35, 0x35, 0x3b, 
    0x32, 0x35, 0x35, 0x6d, 0x4d, 0x1b, 0x5b, 0x30, 0x6d, 0x1b, 0x5b, 0x33, 0x38, 0x3b, 0x32, 0x3b, 
    0x32, 0x35, 0x35, 0x3b, 0x32, 0x35, 0x35, 0x3b, 0x32, 0x35, 0x35, 0x6d, 0x4d, 0x1b, 0x5b, 0x30, 
    0x6d, 0x1b, 0x5b, 0x33, 0x38, 0x3b, 0x32, 0x3b, 0x32, 0x35, 0x35, 0x3b, 0x32, 0x35, 0x35, 0x3b, 
    0x32, 0x35, 0x35, 0x6d, 0x4d, 0x1b, 0x5b, 0x30, 0x6d, 0x1b, 0x5b, 0x33, 0x38, 0x3b, 0x32, 0x3b, 
    0x32, 0x35, 0x35, 0x3b, 0x32, 0x35, 0x35, 0x3b, 0x32, 0x35, 0x35, 0x6d, 0x4d, 0x1b, 0x5b, 0x30, 
    0x6d, 0x1b, 0x5b, 0x33, 0x38, 0x3b, 0x32, 0x3b, 0x32, 0x35, 0x35, 0x3b, 0x32, 0x35, 0x35, 0x3b, 
    0x32, 0x35, 0x35, 0x6d, 0x4d, 0x1b, 0x5b, 0x30, 0x6d, 0x1b, 0x5b, 0x33, 0x38, 0x3b, 0x32, 0x3b, 
    0x32, 0x35, 0x35, 0x3b, 0x32, 0x35, 0x35, 0x3b, 0x32, 0x35, 0x35, 0x6d, 0x4d, 0x1b, 0x5b, 0x30, 
    0x6d, 0x1b, 0x5b, 0x33, 0x38, 0x3b, 0x32, 0x3b, 0x32, 0x35, 0x35, 0x3b, 0x32, 0x35, 0x35, 0x3b, 
    0x32, 0x35, 0x35, 0x6d, 0x4d, 0x1b, 0x5b, 0x30, 0x6d, 0x1b, 0x5b, 0x33, 0x38, 0x3b, 0x32, 0x3b, 
    0x32, 0x35, 0x35, 0x3b, 0x32, 0x35, 0x35, 0x3b, 0x32, 0x35, 0x35, 0x6d, 0x4d, 0x1b, 0x5b, 0x30, 
    0x6d, 0x1b, 0x5b, 0x33, 0x38, 0x3b, 0x32, 0x3b, 0x32, 0x35, 0x35, 0x3b, 0x32, 0x35, 0x35, 0x3b, 
    0x32, 0x35, 0x35, 0x6d, 0x4d, 0x1b, 0x5b, 0x30, 0x6d, 0x1b, 0x5b, 0x33, 0x38, 0x3b, 0x32, 0x3b, 
    0x32, 0x35, 0x35, 0x3b, 0x32, 0x35, 0x35, 0x3b, 0x32, 0x35, 0x35, 0x6d, 0x4d, 0x1b, 0x5b, 0x30, 
    0x6d, 0x1b, 0x5b, 0x33, 0x38, 0x3b, 0x32, 0x3b, 0x32, 0x35, 0x35, 0x3b, 0x32, 0x35, 0x35, 0x3b, 
    0x32, 0x35, 0x35, 0x6d, 0x4d, 0x1b, 0x5b, 0x30, 0x6d, 0x1b, 0x5b, 0x33, 0x38, 0x3b, 0x32, 0x3b, 
    0x32, 0x35, 0x35, 0x3b, 0x32, 0x35, 0x35, 0x3b, 0x32, 0x35, 0x35, 0x6d, 0x4d, 0x1b, 0x5b, 0x30, 
    0x6d, 0x1b, 0x5b, 0x33, 0x38, 0x3b, 0x32, 0x3b, 0x32, 0x35, 0x35, 0x3b, 0x32, 0x35, 0x35, 0x3b, 
    0x32, 0x35, 0x35, 0x6d, 0x4d, 0x1b, 0x5b, 0x30, 0x6d, 0x1b, 0x5b, 0x33, 0x38, 0x3b, 0x32, 0x3b, 
    0x32, 0x35, 0x35, 0x3b, 0x32, 0x35, 0x35, 0x3b, 0x32, 0x35, 0x35, 0x6d, 0x4d, 0x1b, 0x5b, 0x30, 
    0x6d, 0x1b, 0x5b, 0x33, 0x38, 0x3b, 0x32, 0x3b, 0x32, 0x35, 0x35, 0x3b, 0x32, 0x35, 0x35, 0x3b, 
    0x32, 0x35, 0x35, 0x6d, 0x4d, 0x1b, 0x5b, 0x30, 0x6d, 0x1b, 0x5b, 0x33, 0x38, 0x3b, 0x32, 0x3b, 
    0x32, 0x35, 0x35, 0x3b, 0x32, 0x35, 0x35, 0x3b, 0x32, 0x35, 0x35, 0x6d, 0x4d, 0x1b, 0x5b, 0x30, 
    0x6d, 0x1b, 0x5b, 0x33, 0x38, 0x3b, 0x32, 0x3b, 0x32, 0x35, 0x35, 0x3b, 0x32, 0x35, 0x35, 0x3b, 
    0x32, 0x35, 0x35, 0x6d, 0x4d, 0x1b, 0x5b, 0x30, 0x6d, 0x1b, 0x5b, 0x33, 0x38, 0x3b, 0x32, 0x3b, 
    0x32, 0x35, 0x35, 0x3b, 0x32, 0x35, 0x35, 0x3b, 0x32, 0x35, 0x35, 0x6d, 0x4d, 0x1b, 0x5b, 0x30, 
    0x6d, 0x1b, 0x5b, 0x33, 0x38, 0x3b, 0x32, 0x3b, 0x32, 0x35, 0x35, 0x3b, 0x32, 0x35, 0x35, 0x3b, 
    0x32, 0x35, 0x35, 0x6d, 0x4d, 0x1b, 0x5b, 0x30, 0x6d, 0x1b, 0x5b, 0x33, 0x38, 0x3b, 0x32, 0x3b, 
    0x32, 0x35, 0x35, 0x3b, 0x32, 0x35, 0x35, 0x3b, 0x32, 0x35, 0x35, 0x6d, 0x4d, 0x1b, 0x5b, 0x30, 
    0x6d, 0x1b, 0x5b, 0x33, 0x38, 0x3b, 0x32, 0x3b, 0x32, 0x35, 0x35, 0x3b, 0x32, 0x35, 0x35, 0x3b, 
    0x32, 0x35, 0x35, 0x6d, 0x4d, 0x1b, 0x5b, 0x30, 0x6d, 0x1b, 0x5b, 0x33, 0x38, 0x3b, 0x32, 0x3b, 
    0x32, 0x35, 0x35, 0x3b, 0x32, 0x35, 0x35, 0x3b, 0x32, 0x35, 0x35, 0x6d, 0x4d, 0x1b, 0x5b, 0x30, 
    0x6d, 0x1b, 0x5b, 0x33, 0x38, 0x3b, 0x32, 0x3b, 0x31, 0x39, 0x31, 0x3b, 0x31, 0x39, 0x31, 0x3b, 
    0x31, 0x39, 0x31, 0x6d, 0x30, 0x1b, 0x5b, 0x30, 0x6d, 0x1b, 0x5b, 0x33, 0x38, 0x3b, 0x32, 0x3b, 
    0x31, 0x39, 0x31, 0x3b, 0x31, 0x39, 0x31, 0x3b, 0x31, 0x39, 0x31, 0x6d, 0x30, 0x1b, 0x5b, 0x30, 
    0x6d, 0x1b, 0x5b, 0x33, 0x38, 0x3b, 0x32, 0x3b, 0x30, 0x3b, 0x30, 0x3b, 0x30, 0x6d, 0x20, 0x1b, 
    0x5b, 0x30, 0x6d, 0x1b, 0x5b, 0x33, 0x38, 0x3b, 0x32, 0x3b, 0x30, 0x3b, 0x30, 0x3b, 0x30, 0x6d, 
    0x20, 0x1b, 0x5b, 0x30, 0x6d, 0x1b, 0x5b, 0x33, 0x38, 0x3b, 0x32, 0x3b, 0x30, 0x3b, 0x30, 0x3b, 
    0x30, 0x6d, 0x20, 0x1b, 0x5b, 0x30, 0x6d, 0x1b, 0x5b, 0x33, 0x38, 0x3b, 0x32, 0x3b, 0x30, 0x3b, 
    0x30, 0x3b, 0x30, 0x6d, 0x20, 0x1b, 0x5b, 0x30, 0x6d, 0x1b, 0x5b, 0x33, 0x38, 0x3b, 0x32, 0x3b, 
    0x30, 0x3b, 0x30, 0x3b, 0x30, 0x6d, 0x20, 0x1b, 0x5b, 0x30, 0x6d, 0x1b, 0x5b, 0x33, 0x38, 0x3b, 
    0x32, 0x3b, 0x30, 0x3b, 0x30, 0x3b, 0x30, 0x6d, 0x20, 0x1b, 0x5b, 0x30, 0x6d, 0x1b, 0x5b, 0x33, 
    0x38, 0x3b, 0x32, 0x3b, 0x30, 0x3b, 0x30, 0x3b, 0x30, 0x6d, 0x20, 0x1b, 0x5b, 0x30, 0x6d, 0x1b, 
    0x5b, 0x33, 0x38, 0x3b, 0x32, 0x3b, 0x30, 0x3b, 0x30, 0x3b, 0x30, 0x6d, 0x20, 0x1b, 0x5b, 0x30, 
    0x6d, 0x1b, 0x5b, 0x33, 0x38, 0x3b, 0x32, 0x3b, 0x30, 0x3b, 0x30, 0x3b, 0x30, 0x6d, 0x20, 0x1b, 
    0x5b, 0x30, 0x6d, 0x1b, 0x5b, 0x33, 0x38, 0x3b, 0x32, 0x3b, 0x30, 0x3b, 0x30, 0x3b, 0x30, 0x6d, 
    0x20, 0x1b, 0x5b, 0x30, 0x6d, 0x1b, 0x5b, 0x33, 0x38, 0x3b, 0x32, 0x3b, 0x30, 0x3b, 0x30, 0x3b, 
    0x30, 0x6d, 0x20, 0x1b, 0x5b, 0x30, 0x6d, 0x1b, 0x5b, 0x33, 0x38, 0x3b, 0x32, 0x3b, 0x30, 0x3b, 
    0x30, 0x3b, 0x30, 0x6d, 0x20, 0x1b, 0x5b, 0x30, 0x6d, 0x1b, 0x5b, 0x33, 0x38, 0x3b, 0x32, 0x3b, 
    0x30, 0x3b, 0x30, 0x3b, 0x30, 0x6d, 0x20, 0x1b, 0x5b, 0x30, 0x6d, 0x1b, 0x5b, 0x33, 0x38, 0x3b, 
    0x32, 0x3b, 0x30, 0x3b, 0x30, 0x3b, 0x30, 0x6d, 0x20, 0x1b, 0x5b, 0x30, 0x6d, 0x1b, 0x5b, 0x33, 
    0x38, 0x3b, 0x32, 0x3b, 0x30, 0x3b, 0x30, 0x3b, 0x30, 0x6d, 0x20, 0x1b, 0x5b, 0x30, 0x6d, 0x1b, 
    0x5b, 0x33, 0x38, 0x3b, 0x32, 0x3b, 0x30, 0x3b, 0x30, 0x3b, 0x30, 0x6d, 0x20, 0x1b, 0x5b, 0x30, 
    0x6d, 0x1b, 0x5b, 0x33, 0x38, 0x3b, 0x32, 0x3b, 0x32, 0x35, 0x35, 0x3b, 0x32, 0x35, 0x35, 0x3b, 
    0x32, 0x35, 0x35, 0x6d, 0x4d, 0x1b, 0x5b, 0x30, 0x6d, 0x1b, 0x5b, 0x33, 0x38, 0x3b, 0x32, 0x3b, 
    0x32, 0x35, 0x35, 0x3b, 0x32, 0x35, 0x35, 0x3b, 0x32, 0x35, 0x35, 0x6d, 0x4d, 0x1b, 0x5b, 0x30, 
    0x6d, 0x1b, 0x5b, 0x33, 0x38, 0x3b, 0x32, 0x3b, 0x32, 0x35, 0x35, 0x3b, 0x32, 0x35, 0x35, 0x3b, 
    0x32, 0x35, 0x35, 0x6d, 0x4d, 0x1b, 0x5b, 0x30, 0x6d, 0x1b, 0x5b, 0x33, 0x38, 0x3b, 0x32, 0x3b, 
    0x32, 0x35, 0x35, 0x3b, 0x32, 0x35, 0x35, 0x3b, 0x32, 0x35, 0x35, 0x6d, 0x4d, 0x1b, 0x5b, 0x30, 
    0x6d, 0x1b, 0x5b, 0x33, 0x38, 0x3b, 0x32, 0x3b, 0x32, 0x35, 0x35, 0x3b, 0x32, 0x35, 0x35, 0x3b, 
    0x32, 0x35, 0x35, 0x6d, 0x4d, 0x1b, 0x5b, 0x30, 0x6d, 0x1b, 0x5b, 0x33, 0x38, 0x3b, 0x32, 0x3b, 
    0x32, 0x35, 0x35, 0x3b, 0x32, 0x35, 0x35, 0x3b, 0x32, 0x35, 0x35, 0x6d, 0x4d, 0x1b, 0x5b, 0x30, 
    0x6d, 0x1b, 0x5b, 0x33, 0x38, 0x3b, 0x32, 0x3b, 0x32, 0x35, 0x35, 0x3b, 0x32, 0x35, 0x35, 0x3b, 
    0x32, 0x35, 0x35, 0x6d, 0x4d, 0x1b, 0x5b, 0x30, 0x6d, 0x1b, 0x5b, 0x33, 0x38, 0x3b, 0x32, 0x3b, 
    0x32, 0x35, 0x35, 0x3b, 0x32, 0x35, 0x35, 0x3b, 0x32, 0x35, 0x35, 0x6d, 0x4d, 0x1b, 0x5b, 0x30, 
    0x6d, 0x1b, 0x5b, 0x33, 0x38, 0x3b, 0x32, 0x3b, 0x32, 0x35, 0x35, 0x3b, 0x32, 0x35, 0x35, 0x3b, 
    0x32, 0x35, 0x35, 0x6d, 0x4d, 0x1b, 0x5b, 0x30, 0x6d, 0x1b, 0x5b, 0x33, 0x38, 0x3b, 0x32, 0x3b, 
    0x32, 0x35, 0x35, 0x3b, 0x32, 0x35, 0x35, 0x3b, 0x32, 0x35, 0x35, 0x6d, 0x4d, 0x1b, 0x5b, 0x30, 
    0x6d, 0x1b, 0x5b, 0x33, 0x38, 0x3b, 0x32, 0x3b, 0x32, 0x35, 0x35, 0x3b, 0x32, 0x35, 0x35, 0x3b, 
    0x32, 0x35, 0x35, 0x6d, 0x4d, 0x1b, 0x5b, 0x30, 0x6d, 0x1b, 0x5b, 0x33, 0x38, 0x3b, 0x32, 0x3b, 
    0x32, 0x35, 0x35, 0x3b, 0x32, 0x35, 0x35, 0x3b, 0x32, 0x35, 0x35, 0x6d, 0x4d, 0x1b, 0x5b, 0x30, 
    0x6d, 0x1b, 0x5b, 0x33, 0x38, 0x3b, 0x32, 0x3b, 0x32, 0x35, 0x35, 0x3b, 0x32, 0x35, 0x35, 0x3b, 
    0x32, 0x35, 0x35, 0x6d, 0x4d, 0x1b, 0x5b, 0x30, 0x6d, 0x1b, 0x5b, 0x33, 0x38, 0x3b, 0x32, 0x3b, 
    0x32, 0x35, 0x35, 0x3b, 0x32, 0x35, 0x35, 0x3b, 0x32, 0x35, 0x35, 0x6d, 0x4d, 0x1b, 0x5b, 0x30, 
    0x6d, 0x1b, 0x5b, 0x33, 0x38, 0x3b, 0x32, 0x3b, 0x32, 0x35, 0x35, 0x3b, 0x32, 0x35, 0x35, 0x3b, 
    0x32, 0x35, 0x35, 0x6d, 0x4d, 0x1b, 0x5b, 0x30, 0x6d, 0x1b, 0x5b, 0x33, 0x38, 0x3b, 0x32, 0x3b, 
    0x32, 0x35, 0x35, 0x3b, 0x32, 0x35, 0x35, 0x3b, 0x32, 0x35, 0x35, 0x6d, 0x4d, 0x1b, 0x5b, 0x30, 
    0x6d, 0x1b, 0x5b, 0x33, 0x38, 0x3b, 0x32, 0x3b, 0x32, 0x35, 0x35, 0x3b, 0x32, 0x35, 0x35, 0x3b, 
    0x32, 0x35, 0x35, 0x6d, 0x4d, 0x1b, 0x5b, 0x30, 0x6d, 0x1b, 0x5b, 0x33, 0x38, 0x3b, 0x32, 0x3b, 
    0x32, 0x35, 0x35, 0x3b, 0x32, 0x35, 0x35, 0x3b, 0x32, 0x35, 0x35, 0x6d, 0x4d, 0x1b, 0x5b, 0x30, 
    0x6d, 0x1b, 0x5b, 0x33, 0x38, 0x3b, 0x32, 0x3b, 0x32, 0x35, 0x35, 0x3b, 0x32, 0x35, 0x35, 0x3b, 
    0x32, 0x35, 0x35, 0x6d, 0x4d, 0x1b, 0x5b, 0x30, 0x6d, 0x1b, 0x5b, 0x33, 0x38, 0x3b, 0x32, 0x3b, 
    0x32, 0x35, 0x35, 0x3b, 0x32, 0x35, 0x35, 0x3b, 0x32, 0x35, 0x35, 0x6d, 0x4d, 0x1b, 0x5b, 0x30, 
    0x6d, 0x1b, 0x5b, 0x33, 0x38, 0x3b, 0x32, 0x3b, 0x32, 0x35, 0x35, 0x3b, 0x32, 0x35, 0x35, 0x3b, 
    0x32, 0x35, 0x35, 0x6d, 0x4d, 0x1b, 0x5b, 0x30, 0x6d, 0x1b, 0x5b, 0x33, 0x38, 0x3b, 0x32, 0x3b, 
    0x32, 0x35, 0x35, 0x3b, 0x32, 0x35, 0x35, 0x3b, 0x32, 0x35, 0x35, 0x6d, 0x4d, 0x1b, 0x5b, 0x30, 
    0x6d, 0x1b, 0x5b, 0x33, 0x38, 0x3b, 0x32, 0x3b, 0x32, 0x35, 0x35, 0x3b, 0x32, 0x35, 0x35, 0x3b, 
    0x32, 0x35, 0x35, 0x6d, 0x4d, 0x1b, 0x5b, 0x30, 0x6d, 0x1b, 0x5b, 0x33, 0x38, 0x3b, 0x32, 0x3b, 
    0x32, 0x35, 0x35, 0x3b, 0x32, 0x35, 0x35, 0x3b, 0x32, 0x35, 0x35, 0x6d, 0x4d, 0x1b, 0x5b, 0x30, 
    0x6d, 0x1b, 0x5b, 0x33, 0x38, 0x3b, 0x32, 0x3b, 0x32, 0x35, 0x35, 0x3b, 0x32, 0x35, 0x35, 0x3b, 
    0x32, 0x35, 0x35, 0x6d, 0x4d, 0x1b, 0x5b, 0x30, 0x6d, 0x1b, 0x5b, 0x33, 0x38, 0x3b, 0x32, 0x3b, 
    0x32, 0x35, 0x35, 0x3b, 0x32, 0x35, 0x35, 0x3b, 0x32, 0x35, 0x35, 0x6d, 0x4d, 0x1b, 0x5b, 0x30, 
    0x6d, 0x1b, 0x5b, 0x33, 0x38, 0x3b, 0x32, 0x3b, 0x32, 0x35, 0x35, 0x3b, 0x32, 0x35, 0x35, 0x3b, 
    0x32, 0x35, 0x35, 0x6d, 0x4d, 0x1b, 0x5b, 0x30, 0x6d, 0x1b, 0x5b, 0x33, 0x38, 0x3b, 0x32, 0x3b, 
    0x32, 0x35, 0x35, 0x3b, 0x32, 0x35, 0x35, 0x3b, 0x32, 0x35, 0x35, 0x6d, 0x4d, 0x1b, 0x5b, 0x30, 
    0x6d, 0x1b, 0x5b, 0x33, 0x38, 0x3b, 0x32, 0x3b, 0x32, 0x35, 0x35, 0x3b, 0x32, 0x35, 0x35, 0x3b, 
    0x32, 0x35, 0x35, 0x6d, 0x4d, 0x1b, 0x5b, 0x30, 0x6d, 0x1b, 0x5b, 0x33, 0x38, 0x3b, 0x32, 0x3b, 
    0x32, 0x35, 0x35, 0x3b, 0x32, 0x35, 0x35, 0x3b, 0x32, 0x35, 0x35, 0x6d, 0x4d, 0x1b, 0x5b, 0x30, 
    0x6d, 0x1b, 0x5b, 0x33, 0x38, 0x3b, 0x32, 0x3b, 0x32, 0x35, 0x35, 0x3b, 0x32, 0x35, 0x35, 0x3b, 
    0x32, 0x35, 0x35, 0x6d, 0x4d, 0x1b, 0x5b, 0x30, 0x6d, 0x1b, 0x5b, 0x33, 0x38, 0x3b, 0x32, 0x3b, 
    0x32, 0x35, 0x35, 0x3b, 0x32, 0x35, 0x35, 0x3b, 0x32, 0x35, 0x35, 0x6d, 0x4d, 0x1b, 0x5b, 0x30, 
    0x6d, 0x1b, 0x5b, 0x33, 0x38, 0x3b, 0x32, 0x3b, 0x32, 0x35, 0x35, 0x3b, 0x32, 0x35, 0x35, 0x3b, 
    0x32, 0x35, 0x35, 0x6d, 0x4d, 0x1b, 0x5b, 0x30, 0x6d, 0x1b, 0x5b, 0x33, 0x38, 0x3b, 0x32, 0x3b, 
    0x32, 0x35, 0x35, 0x3b, 0x32, 0x35, 0x35, 0x3b, 0x32, 0x35, 0x35, 0x6d, 0x4d, 0x1b, 0x5b, 0x30, 
    0x6d, 0x1b, 0x5b, 0x33, 0x38, 0x3b, 0x32, 0x3b, 0x32, 0x35, 0x35, 0x3b, 0x32, 0x35, 0x35, 0x3b, 
    0x32, 0x35, 0x35, 0x6d, 0x4d, 0x1b, 0x5b, 0x30, 0x6d, 0x1b, 0x5b, 0x33, 0x38, 0x3b, 0x32, 0x3b, 
    0x32, 0x35, 0x35, 0x3b, 0x32, 0x35, 0x35, 0x3b, 0x32, 0x35, 0x35, 0x6d, 0x4d, 0x1b, 0x5b, 0x30, 
    0x6d, 0x1b, 0x5b, 0x33, 0x38, 0x3b, 0x32, 0x3b, 0x32, 0x35, 0x35, 0x3b, 0x32, 0x35, 0x35, 0x3b, 
    0x32, 0x35, 0x35, 0x6d, 0x4d, 0x1b, 0x5b, 0x30, 0x6d, 0x1b, 0x5b, 0x33, 0x38, 0x3b, 0x32, 0x3b, 
    0x32, 0x35, 0x35, 0x3b, 0x32, 0x35, 0x35, 0x3b, 0x32, 0x35, 0x35, 0x6d, 0x4d, 0x1b, 0x5b, 0x30, 
    0x6d, 0x1b, 0x5b, 0x33, 0x38, 0x3b, 0x32, 0x3b, 0x32, 0x35, 0x35, 0x3b, 0x32, 0x35, 0x35, 0x3b, 
    0x32, 0x35, 0x35, 0x6d, 0x4d, 0x1b, 0x5b, 0x30, 0x6d, 0x1b, 0x5b, 0x33, 0x38, 0x3b, 0x32, 0x3b, 
    0x32, 0x35, 0x35, 0x3b, 0x32, 0x35, 0x35, 0x3b, 0x32, 0x35, 0x35, 0x6d, 0x4d, 0x1b, 0x5b, 0x30, 
    0x6d, 0x1b, 0x5b, 0x33, 0x38, 0x3b, 0x32, 0x3b, 0x32, 0x35, 0x35, 0x3b, 0x32, 0x35, 0x35, 0x3b, 
    0x32, 0x35, 0x35, 0x6d, 0x4d, 0x1b, 0x5b, 0x30, 0x6d, 0x1b, 0x5b, 0x33, 0x38, 0x3b, 0x32, 0x3b, 
    0x32, 0x35, 0x35, 0x3b, 0x32, 0x35, 0x35, 0x3b, 0x32, 0x35, 0x35, 0x6d, 0x4d, 0x1b, 0x5b, 0x30, 
    0x6d, 0x1b, 0x5b, 0x33, 0x38, 0x3b, 0x32, 0x3b, 0x32, 0x35, 0x35, 0x3b, 0x32, 0x35, 0x35, 0x3b, 
    0x32, 0x35, 0x35, 0x6d, 0x4d, 0x1b, 0x5b, 0x30, 0x6d, 0x1b, 0x5b, 0x33, 0x38, 0x3b, 0x32, 0x3b, 
    0x32, 0x35, 0x35, 0x3b, 0x32, 0x35, 0x35, 0x3b, 0x32, 0x35, 0x35, 0x6d, 0x4d, 0x1b, 0x5b, 0x30, 
    0x6d, 0x1b, 0x5b, 0x33, 0x38, 0x3b, 0x32, 0x3b, 0x32, 0x35, 0x35, 0x3b, 0x32, 0x35, 0x35, 0x3b, 
    0x32, 0x35, 0x35, 0x6d, 0x4d, 0x1b, 0x5b, 0x30, 0x6d, 0x1b, 0x5b, 0x33, 0x38, 0x3b, 0x32, 0x3b, 
    0x32, 0x35, 0x35, 0x3b, 0x32, 0x35, 0x35, 0x3b, 0x32, 0x35, 0x35, 0x6d, 0x4d, 0x1b, 0x5b, 0x30, 
    0x6d, 0x1b, 0x5b, 0x33, 0x38, 0x3b, 0x32, 0x3b, 0x32, 0x35, 0x35, 0x3b, 0x32, 0x35, 0x35, 0x3b, 
    0x32, 0x35, 0x35, 0x6d, 0x4d, 0x1b, 0x5b, 0x30, 0x6d, 0x1b, 0x5b, 0x33, 0x38, 0x3b, 0x32, 0x3b, 
    0x32, 0x35, 0x35, 0x3b, 0x32, 0x35, 0x35, 0x3b, 0x32, 0x35, 0x35, 0x6d, 0x4d, 0x1b, 0x5b, 0x30, 
    0x6d, 0x1b, 0x5b, 0x33, 0x38, 0x3b, 0x32, 0x3b, 0x32, 0x35, 0x35, 0x3b, 0x32, 0x35, 0x35, 0x3b, 
    0x32, 0x35, 0x35, 0x6d, 0x4d, 0x1b, 0x5b, 0x30, 0x6d, 0x1b, 0x5b, 0x33, 0x38, 0x3b, 0x32, 0x3b, 
    0x32, 0x35, 0x35, 0x3b, 0x32, 0x35, 0x35, 0x3b, 0x32, 0x35, 0x35, 0x6d, 0x4d, 0x1b, 0x5b, 0x30, 
    0x6d, 0x1b, 0x5b, 0x33, 0x38, 0x3b, 0x32, 0x3b, 0x32, 0x35, 0x35, 0x3b, 0x32, 0x35, 0x35, 0x3b, 
    0x32, 0x35, 0x35, 0x6d, 0x4d, 0x1b, 0x5b, 0x30, 0x6d, 0x1b, 0x5b, 0x33, 0x38, 0x3b, 0x32, 0x3b, 
    0x32, 0x35, 0x35, 0x3b, 0x32, 0x35, 0x35, 0x3b, 0x32, 0x35, 0x35, 0x6d, 0x4d, 0x1b, 0x5b, 0x30, 
    0x6d, 0x1b, 0x5b, 0x33, 0x38, 0x3b, 0x32, 0x3b, 0x32, 0x35, 0x35, 0x3b, 0x32, 0x35, 0x35, 0x3b, 
    0x32, 0x35, 0x35, 0x6d, 0x4d, 0x1b, 0x5b, 0x30, 0x6d, 0x1b, 0x5b, 0x33, 0x38, 0x3b, 0x32, 0x3b, 
    0x32, 0x35, 0x35, 0x3b, 0x32, 0x35, 0x35, 0x3b, 0x32, 0x35, 0x35, 0x6d, 0x4d, 0x1b, 0x5b, 0x30, 
    0x6d, 0x1b, 0x5b, 0x33, 0x38, 0x3b, 0x32, 0x3b, 0x32, 0x35, 0x35, 0x3b, 0x32, 0x35, 0x35, 0x3b, 
    0x32, 0x35, 0x35, 0x6d, 0x4d, 0x1b, 0x5b, 0x30, 0x6d, 0x1b, 0x5b, 0x33, 0x38, 0x3b, 0x32, 0x3b, 
    0x32, 0x35, 0x35, 0x3b, 0x32, 0x35, 0x35, 0x3b, 0x32, 0x35, 0x35, 0x6d, 0x4d, 0x1b, 0x5b, 0x30, 
    0x6d, 0x1b, 0x5b, 0x33, 0x38, 0x3b, 0x32, 0x3b, 0x32, 0x35, 0x35, 0x3b, 0x32, 0x35, 0x35, 0x3b, 
    0x32, 0x35, 0x35, 0x6d, 0x4d, 0x1b, 0x5b, 0x30, 0x6d, 0x1b, 0x5b, 0x33, 0x38, 0x3b, 0x32, 0x3b, 
    0x32, 0x35, 0x35, 0x3b, 0x32, 0x35, 0x35, 0x3b, 0x32, 0x35, 0x35, 0x6d, 0x4d, 0x1b, 0x5b, 0x30, 
    0x6d, 0x1b, 0x5b, 0x33, 0x38, 0x3b, 0x32, 0x3b, 0x32, 0x35, 0x35, 0x3b, 0x32, 0x35, 0x35, 0x3b, 
    0x32, 0x35, 0x35, 0x6d, 0x4d, 0x1b, 0x5b, 0x30, 0x6d, 0x0a, 0x1b, 0x5b, 0x30, 0x6d, 0x1b, 0x5b, 
    0x33, 0x38, 0x3b, 0x32, 0x3b, 0x32, 0x35, 0x35, 0x3b, 0x32, 0x35, 0x35, 0x3b, 0x32, 0x35, 0x35, 
    0x6d, 0x4d, 0x1b, 0x5b, 0x30, 0x6d, 0x1b, 0x5b, 0x33, 0x38, 0x3b, 0x32, 0x3b, 0x32, 0x35, 0x35, 
    0x3b, 0x32, 0x35, 0x35, 0x3b, 0x32, 0x35, 0x35, 0x6d, 0x4d, 0x1b, 0x5b, 0x30, 0x6d, 0x1b, 0x5b, 
    0x33, 0x38, 0x3b, 0x32, 0x3b, 0x32, 0x35, 0x35, 0x3b, 0x32, 0x35, 0x35, 0x3b, 0x32, 0x35, 0x35, 
    0x6d, 0x4d, 0x1b, 0x5b, 0x30, 0x6d, 0x1b, 0x5b, 0x33, 0x38, 0x3b, 0x32, 0x3b, 0x32, 0x35, 0x35, 
    0x3b, 0x32, 0x35, 0x35, 0x3b, 0x32, 0x35, 0x35, 0x6d, 0x4d, 0x1b, 0x5b, 0x30, 0x6d, 0x1b, 0x5b, 
    0x33, 0x38, 0x3b, 0x32, 0x3b, 0x32, 0x35, 0x35, 0x3b, 0x32, 0x35, 0x35, 0x3b, 0x32, 0x35, 0x35, 
    0x6d, 0x4d, 0x1b, 0x5b, 0x30, 0x6d, 0x1b, 0x5b, 0x33, 0x38, 0x3b, 0x32, 0x3b, 0x32, 0x35, 0x35, 
    0x3b, 0x32, 0x35, 0x35, 0x3b, 0x32, 0x35, 0x35, 0x6d, 0x4d, 0x1b, 0x5b, 0x30, 0x6d, 0x1b, 0x5b, 
    0x33, 0x38, 0x3b, 0x32, 0x3b, 0x32, 0x35, 0x35, 0x3b, 0x32, 0x35, 0x35, 0x3b, 0x32, 0x35, 0x35, 
    0x6d, 0x4d, 0x1b, 0x5b, 0x30, 0x6d, 0x1b, 0x5b, 0x33, 0x38, 0x3b, 0x32, 0x3b, 0x32, 0x35, 0x35, 
    0x3b, 0x32, 0x35, 0x35, 0x3b, 0x32, 0x35, 0x35, 0x6d, 0x4d, 0x1b, 0x5b, 0x30, 0x6d, 0x1b, 0x5b, 
    0x33, 0x38, 0x3b, 0x32, 0x3b, 0x32, 0x35, 0x35, 0x3b, 0x32, 0x35, 0x35, 0x3b, 0x32, 0x35, 0x35, 
    0x6d, 0x4d, 0x1b, 0x5b, 0x30, 0x6d, 0x1b, 0x5b, 0x33, 0x38, 0x3b, 0x32, 0x3b, 0x32, 0x35, 0x35, 
    0x3b, 0x32, 0x35, 0x35, 0x3b, 0x32, 0x35, 0x35, 0x6d, 0x4d, 0x1b, 0x5b, 0x30, 0x6d, 0x1b, 0x5b, 
    0x33, 0x38, 0x3b, 0x32, 0x3b, 0x32, 0x35, 0x35, 0x3b, 0x32, 0x35, 0x35, 0x3b, 0x32, 0x35, 0x35, 
    0x6d, 0x4d, 0x1b, 0x5b, 0x30, 0x6d, 0x1b, 0x5b, 0x33, 0x38, 0x3b, 0x32, 0x3b, 0x32, 0x35, 0x35, 
    0x3b, 0x32, 0x35, 0x35, 0x3b, 0x32, 0x35, 0x35, 0x6d, 0x4d, 0x1b, 0x5b, 0x30, 0x6d, 0x1b, 0x5b, 
    0x33, 0x38, 0x3b, 0x32, 0x3b, 0x32, 0x35, 0x35, 0x3b, 0x32, 0x35, 0x35, 0x3b, 0x32, 0x35, 0x35, 
    0x6d, 0x4d, 0x1b, 0x5b, 0x30, 0x6d, 0x1b, 0x5b, 0x33, 0x38, 0x3b, 0x32, 0x3b, 0x32, 0x35, 0x35, 
    0x3b, 0x32, 0x35, 0x35, 0x3b, 0x32, 0x35, 0x35, 0x6d, 0x4d, 0x1b, 0x5b, 0x30, 0x6d, 0x1b, 0x5b, 
    0x33, 0x38, 0x3b, 0x32, 0x3b, 0x32, 0x35, 0x35, 0x3b, 0x32, 0x35, 0x35, 0x3b, 0x32, 0x35, 0x35, 
    0x6d, 0x4d, 0x1b, 0x5b, 0x30, 0x6d, 0x1b, 0x5b, 0x33, 0x38, 0x3b, 0x32, 0x3b, 0x32, 0x35, 0x35, 
    0x3b, 0x32, 0x35, 0x35, 0x3b, 0x32, 0x35, 0x35, 0x6d, 0x4d, 0x1b, 0x5b, 0x30, 0x6d, 0x1b, 0x5b, 
    0x33, 0x38, 0x3b, 0x32, 0x3b, 0x32, 0x35, 0x35, 0x3b, 0x32, 0x35, 0x35, 0x3b, 0x32, 0x35, 0x35, 
    0x6d, 0x4d, 0x1b, 0x5b, 0x30, 0x6d, 0x1b, 0x5b, 0x33, 0x38, 0x3b, 0x32, 0x3b, 0x32, 0x35, 0x35, 
    0x3b, 0x32, 0x35, 0x35, 0x3b, 0x32, 0x35, 0x35, 0x6d, 0x4d, 0x1b, 0x5b, 0x30, 0x6d, 0x1b, 0x5b, 
    0x33, 0x38, 0x3b, 0x32, 0x3b, 0x32, 0x35, 0x35, 0x3b, 0x32, 0x35, 0x35, 0x3b, 0x32, 0x35, 0x35, 
    0x6d, 0x4d, 0x1b, 0x5b, 0x30, 0x6d, 0x1b, 0x5b, 0x33, 0x38, 0x3b, 0x32, 0x3b, 0x32, 0x35, 0x35, 
    0x3b, 0x32, 0x35, 0x35, 0x3b, 0x32, 0x35, 0x35, 0x6d, 0x4d, 0x1b, 0x5b, 0x30, 0x6d, 0x1b, 0x5b, 
    0x33, 0x38, 0x3b, 0x32, 0x3b, 0x32, 0x35, 0x35, 0x3b, 0x32, 0x35, 0x35, 0x3b, 0x32, 0x35, 0x35, 
    0x6d, 0x4d, 0x1b, 0x5b, 0x30, 0x6d, 0x1b, 0x5b, 0x33, 0x38, 0x3b, 0x32, 0x3b, 0x32, 0x35, 0x35, 
    0x3b, 0x32, 0x35, 0x35, 0x3b, 0x32, 0x35, 0x35, 0x6d, 0x4d, 0x1b, 0x5b, 0x30, 0x6d, 0x1b, 0x5b, 
    0x33, 0x38, 0x3b, 0x32, 0x3b, 0x32, 0x35, 0x35, 0x3b, 0x32, 0x35, 0x35, 0x3b, 0x32, 0x35, 0x35, 
    0x6d, 0x4d, 0x1b, 0x5b, 0x30, 0x6d, 0x1b, 0x5b, 0x33, 0x38, 0x3b, 0x32, 0x3b, 0x30, 0x3b, 0x30, 
    0x3b, 0x30, 0x6d, 0x20, 0x1b, 0x5b, 0x30, 0x6d, 0x1b, 0x5b, 0x33, 0x38, 0x3b, 0x32, 0x3b, 0x30, 
    0x3b, 0x30, 0x3b, 0x30, 0x6d, 0x20, 0x1b, 0x5b, 0x30, 0x6d, 0x1b, 0x5b, 0x33, 0x38, 0x3b, 0x32, 
    0x3b, 0x30, 0x3b, 0x30, 0x3b, 0x30, 0x6d, 0x20, 0x1b, 0x5b, 0x30, 0x6d, 0x1b, 0x5b, 0x33, 0x38, 
    0x3b, 0x32, 0x3b, 0x30, 0x3b, 0x30, 0x3b, 0x30, 0x6d, 0x20, 0x1b, 0x5b, 0x30, 0x6d, 0x1b, 0x5b, 
    0x33, 0x38, 0x3b, 0x32, 0x3b, 0x30, 0x3b, 0x30, 0x3b, 0x30, 0x6d, 0x20, 0x1b, 0x5b, 0x30, 0x6d, 
    0x1b, 0x5b, 0x33, 0x38, 0x3b, 0x32, 0x3b, 0x30, 0x3b, 0x30, 0x3b, 0x30, 0x6d, 0x20, 0x1b, 0x5b, 
    0x30, 0x6d, 0x1b, 0x5b, 0x33, 0x38, 0x3b, 0x32, 0x3b, 0x30, 0x3b, 0x30, 0x3b, 0x30, 0x6d, 0x20, 
    0x1b, 0x5b, 0x30, 0x6d, 0x1b, 0x5b, 0x33, 0x38, 0x3b, 0x32, 0x3b, 0x30, 0x3b, 0x30, 0x3b, 0x30, 
    0x6d, 0x20, 0x1b, 0x5b, 0x30, 0x6d, 0x1b, 0x5b, 0x33, 0x38, 0x3b, 0x32, 0x3b, 0x30, 0x3b, 0x30, 
    0x3b, 0x30, 0x6d, 0x20, 0x1b, 0x5b, 0x30, 0x6d, 0x1b, 0x5b, 0x33, 0x38, 0x3b, 0x32, 0x3b, 0x30, 
    0x3b, 0x30, 0x3b, 0x30, 0x6d, 0x20, 0x1b, 0x5b, 0x30, 0x6d, 0x1b, 0x5b, 0x33, 0x38, 0x3b, 0x32, 
    0x3b, 0x30, 0x3b, 0x30, 0x3b, 0x30, 0x6d, 0x20, 0x1b, 0x5b, 0x30, 0x6d, 0x1b, 0x5b, 0x33, 0x38, 
    0x3b, 0x32, 0x3b, 0x30, 0x3b, 0x30, 0x3b, 0x30, 0x6d, 0x20, 0x1b, 0x5b, 0x30, 0x6d, 0x1b, 0x5b, 
    0x33, 0x38, 0x3b, 0x32, 0x3b, 0x30, 0x3b, 0x30, 0x3b, 0x30, 0x6d, 0x20, 0x1b, 0x5b, 0x30, 0x6d, 
    0x1b, 0x5b, 0x33, 0x38, 0x3b, 0x32, 0x3b, 0x30, 0x3b, 0x30, 0x3b, 0x30, 0x6d, 0x20, 0x1b, 0x5b, 
    0x30, 0x6d, 0x1b, 0x5b, 0x33, 0x38, 0x3b, 0x32, 0x3b, 0x30, 0x3b, 0x30, 0x3b, 0x30, 0x6d, 0x20, 
    0x1b, 0x5b, 0x30, 0x6d, 0x1b, 0x5b, 0x33, 0x38, 0x3b, 0x32, 0x3b, 0x30, 0x3b, 0x30, 0x3b, 0x30, 
    0x6d, 0x20, 0x1b, 0x5b, 0x30, 0x6d, 0x1b, 0x5b, 0x33, 0x38, 0x3b, 0x32, 0x3b, 0x30, 0x3b, 0x30, 
    0x3b, 0x30, 0x6d, 0x20, 0x1b, 0x5b, 0x30, 0x6d, 0x1b, 0x5b, 0x33, 0x38, 0x3b, 0x32, 0x3b, 0x30, 
    0x3b, 0x30, 0x3b, 0x30, 0x6d, 0x20, 0x1b, 0x5b, 0x30, 0x6d, 0x1b, 0x5b, 0x33, 0x38, 0x3b, 0x32, 
    0x3b, 0x32, 0x35, 0x35, 0x3b, 0x32, 0x35, 0x35, 0x3b, 0x32, 0x35, 0x35, 0x6d, 0x4d, 0x1b, 0x5b, 
    0x30, 0x6d, 0x1b, 0x5b, 0x33, 0x38, 0x3b, 0x32, 0x3b, 0x32, 0x35, 0x35, 0x3b, 0x32, 0x35, 0x35, 
    0x3b, 0x32, 0x35, 0x35, 0x6d, 0x4d, 0x1b, 0x5b, 0x30, 0x6d, 0x1b, 0x5b, 0x33, 0x38, 0x3b, 0x32, 
    0x3b, 0x32, 0x35, 0x35, 0x3b, 0x32, 0x35, 0x35, 0x3b, 0x32, 0x35, 0x35, 0x6d, 0x4d, 0x1b, 0x5b, 
    0x30, 0x6d, 0x1b, 0x5b, 0x33, 0x38, 0x3b, 0x32, 0x3b, 0x32, 0x35, 0x35, 0x3b, 0x32, 0x35, 0x35, 
    0x3b, 0x32, 0x35, 0x35, 0x6d, 0x4d, 0x1b, 0x5b, 0x30, 0x6d, 0x1b, 0x5b, 0x33, 0x38, 0x3b, 0x32, 
    0x3b, 0x32, 0x35, 0x35, 0x3b, 0x32, 0x35, 0x35, 0x3b, 0x32, 0x35, 0x35, 0x6d, 0x4d, 0x1b, 0x5b, 
    0x30, 0x6d, 0x1b, 0x5b, 0x33, 0x38, 0x3b, 0x32, 0x3b, 0x32, 0x35, 0x35, 0x3b, 0x32, 0x35, 0x35, 
    0x3b, 0x32, 0x35, 0x35, 0x6d, 0x4d, 0x1b, 0x5b, 0x30, 0x6d, 0x1b, 0x5b, 0x33, 0x38, 0x3b, 0x32, 
    0x3b, 0x32, 0x35, 0x35, 0x3b, 0x32, 0x35, 0x35, 0x3b, 0x32, 0x35, 0x35, 0x6d, 0x4d, 0x1b, 0x5b, 
    0x30, 0x6d, 0x1b, 0x5b, 0x33, 0x38, 0x3b, 0x32, 0x3b, 0x32, 0x35, 0x35, 0x3b, 0x32, 0x35, 0x35, 
    0x3b, 0x32, 0x35, 0x35, 0x6d, 0x4d, 0x1b, 0x5b, 0x30, 0x6d, 0x1b, 0x5b, 0x33, 0x38, 0x3b, 0x32, 
    0x3b, 0x32, 0x35, 0x35, 0x3b, 0x32, 0x35, 0x35, 0x3b, 0x32, 0x35, 0x35, 0x6d, 0x4d, 0x1b, 0x5b, 
    0x30, 0x6d, 0x1b, 0x5b, 0x33, 0x38, 0x3b, 0x32, 0x3b, 0x32, 0x35, 0x35, 0x3b, 0x32, 0x35, 0x35, 
    0x3b, 0x32, 0x35, 0x35, 0x6d, 0x4d, 0x1b, 0x5b, 0x30, 0x6d, 0x1b, 0x5b, 0x33, 0x38, 0x3b, 0x32, 
    0x3b, 0x32, 0x35, 0x35, 0x3b, 0x32, 0x35, 0x35, 0x3b, 0x32, 0x35, 0x35, 0x6d, 0x4d, 0x1b, 0x5b, 
    0x30, 0x6d, 0x1b, 0x5b, 0x33, 0x38, 0x3b, 0x32, 0x3b, 0x32, 0x35, 0x35, 0x3b, 0x32, 0x35, 0x35, 
    0x3b, 0x32, 0x35, 0x35, 0x6d, 0x4d, 0x1b, 0x5b, 0x30, 0x6d, 0x1b, 0x5b, 0x33, 0x38, 0x3b, 0x32, 
    0x3b, 0x32, 0x35, 0x35, 0x3b, 0x32, 0x35, 0x35, 0x3b, 0x32, 0x35, 0x35, 0x6d, 0x4d, 0x1b, 0x5b, 
    0x30, 0x6d, 0x1b, 0x5b, 0x33, 0x38, 0x3b, 0x32, 0x3b, 0x32, 0x35, 0x35, 0x3b, 0x32, 0x35, 0x35, 
    0x3b, 0x32, 0x35, 0x35, 0x6d, 0x4d, 0x1b, 0x5b, 0x30, 0x6d, 0x1b, 0x5b, 0x33, 0x38, 0x3b, 0x32, 
    0x3b, 0x32, 0x35, 0x35, 0x3b, 0x32, 0x35, 0x35, 0x3b, 0x32, 0x35, 0x35, 0x6d, 0x4d, 0x1b, 0x5b, 
    0x30, 0x6d, 0x1b, 0x5b, 0x33, 0x38, 0x3b, 0x32, 0x3b, 0x32, 0x35, 0x35, 0x3b, 0x32, 0x35, 0x35, 
    0x3b, 0x32, 0x35, 0x35, 0x6d, 0x4d, 0x1b, 0x5b, 0x30, 0x6d, 0x1b, 0x5b, 0x33, 0x38, 0x3b, 0x32, 
    0x3b, 0x32, 0x35, 0x35, 0x3b, 0x32, 0x35, 0x35, 0x3b, 0x32, 0x35, 0x35, 0x6d, 0x4d, 0x1b, 0x5b, 
    0x30, 0x6d, 0x1b, 0x5b, 0x33, 0x38, 0x3b, 0x32, 0x3b, 0x32, 0x35, 0x35, 0x3b, 0x32, 0x35, 0x35, 
    0x3b, 0x32, 0x35, 0x35, 0x6d, 0x4d, 0x1b, 0x5b, 0x30, 0x6d, 0x1b, 0x5b, 0x33, 0x38, 0x3b, 0x32, 
    0x3b, 0x32, 0x35, 0x35, 0x3b, 0x32, 0x35, 0x35, 0x3b, 0x32, 0x35, 0x35, 0x6d, 0x4d, 0x1b, 0x5b, 
    0x30, 0x6d, 0x1b, 0x5b, 0x33, 0x38, 0x3b, 0x32, 0x3b, 0x32, 0x35, 0x35, 0x3b, 0x32, 0x35, 0x35, 
    0x3b, 0x32, 0x35, 0x35, 0x6d, 0x4d, 0x1b, 0x5b, 0x30, 0x6d, 0x1b, 0x5b, 0x33, 0x38, 0x3b, 0x32, 
    0x3b, 0x32, 0x35, 0x35, 0x3b, 0x32, 0x35, 0x35, 0x3b, 0x32, 0x35, 0x35, 0x6d, 0x4d, 0x1b, 0x5b, 
    0x30, 0x6d, 0x1b, 0x5b, 0x33, 0x38, 0x3b, 0x32, 0x3b, 0x32, 0x35, 0x35, 0x3b, 0x32, 0x35, 0x35, 
    0x3b, 0x32, 0x35, 0x35, 0x6d, 0x4d, 0x1b, 0x5b, 0x30, 0x6d, 0x1b, 0x5b, 0x33, 0x38, 0x3b, 0x32, 
    0x3b, 0x32, 0x35, 0x35, 0x3b, 0x32, 0x35, 0x35, 0x3b, 0x32, 0x35, 0x35, 0x6d, 0x4d, 0x1b, 0x5b, 
    0x30, 0x6d, 0x1b, 0x5b, 0x33, 0x38, 0x3b, 0x32, 0x3b, 0x32, 0x35, 0x35, 0x3b, 0x32, 0x35, 0x35, 
    0x3b, 0x32, 0x35, 0x35, 0x6d, 0x4d, 0x1b, 0x5b, 0x30, 0x6d, 0x1b, 0x5b, 0x33, 0x38, 0x3b, 0x32, 
    0x3b, 0x32, 0x35, 0x35, 0x3b, 0x32, 0x35, 0x35, 0x3b, 0x32, 0x35, 0x35, 0x6d, 0x4d, 0x1b, 0x5b, 
    0x30, 0x6d, 0x1b, 0x5b, 0x33, 0x38, 0x3b, 0x32, 0x3b, 0x32, 0x35, 0x35, 0x3b, 0x32, 0x35, 0x35, 
    0x3b, 0x32, 0x35, 0x35, 0x6d, 0x4d, 0x1b, 0x5b, 0x30, 0x6d, 0x1b, 0x5b, 0x33, 0x38, 0x3b, 0x32, 
    0x3b, 0x32, 0x35, 0x35, 0x3b, 0x32, 0x35, 0x35, 0x3b, 0x32, 0x35, 0x35, 0x6d, 0x4d, 0x1b, 0x5b, 
    0x30, 0x6d, 0x1b, 0x5b, 0x33, 0x38, 0x3b, 0x32, 0x3b, 0x32, 0x35, 0x35, 0x3b, 0x32, 0x35, 0x35, 
    0x3b, 0x32, 0x35, 0x35, 0x6d, 0x4d, 0x1b, 0x5b, 0x30, 0x6d, 0x1b, 0x5b, 0x33, 0x38, 0x3b, 0x32, 
    0x3b, 0x32, 0x35, 0x35, 0x3b, 0x32, 0x35, 0x35, 0x3b, 0x32, 0x35, 0x35, 0x6d, 0x4d, 0x1b, 0x5b, 
    0x30, 0x6d, 0x1b, 0x5b, 0x33, 0x38, 0x3b, 0x32, 0x3b, 0x32, 0x35, 0x35, 0x3b, 0x32, 0x35, 0x35, 
    0x3b, 0x32, 0x35, 0x35, 0x6d, 0x4d, 0x1b, 0x5b, 0x30, 0x6d, 0x1b, 0x5b, 0x33, 0x38, 0x3b, 0x32, 
    0x3b, 0x32, 0x35, 0x35, 0x3b, 0x32, 0x35, 0x35, 0x3b, 0x32, 0x35, 0x35, 0x6d, 0x4d, 0x1b, 0x5b, 
    0x30, 0x6d, 0x1b, 0x5b, 0x33, 0x38, 0x3b, 0x32, 0x3b, 0x32, 0x35, 0x35, 0x3b, 0x32, 0x35, 0x35, 
    0x3b, 0x32, 0x35, 0x35, 0x6d, 0x4d, 0x1b, 0x5b, 0x30, 0x6d, 0x1b, 0x5b, 0x33, 0x38, 0x3b, 0x32, 
    0x3b, 0x32, 0x35, 0x35, 0x3b, 0x32, 0x35, 0x35, 0x3b, 0x32, 0x35, 0x35, 0x6d, 0x4d, 0x1b, 0x5b, 
    0x30, 0x6d, 0x1b, 0x5b, 0x33, 0x38, 0x3b, 0x32, 0x3b, 0x32, 0x35, 0x35, 0x3b, 0x32, 0x35, 0x35, 
    0x3b, 0x32, 0x35, 0x35, 0x6d, 0x4d, 0x1b, 0x5b, 0x30, 0x6d, 0x1b, 0x5b, 0x33, 0x38, 0x3b, 0x32, 
    0x3b, 0x32, 0x35, 0x35, 0x3b, 0x32, 0x35, 0x35, 0x3b, 0x32, 0x35, 0x35, 0x6d, 0x4d, 0x1b, 0x5b, 
    0x30, 0x6d, 0x1b, 0x5b, 0x33, 0x38, 0x3b, 0x32, 0x3b, 0x32, 0x35, 0x35, 0x3b, 0x32, 0x35, 0x35, 
    0x3b, 0x32, 0x35, 0x35, 0x6d, 0x4d, 0x1b, 0x5b, 0x30, 0x6d, 0x1b, 0x5b, 0x33, 0x38, 0x3b, 0x32, 
    0x3b, 0x32, 0x33, 0x30, 0x3b, 0x32, 0x33, 0x30, 0x3b, 0x32, 0x33, 0x30, 0x6d, 0x4e, 0x1b, 0x5b, 
    0x30, 0x6d, 0x1b, 0x5b, 0x33, 0x38, 0x3b, 0x32, 0x3b, 0x32, 0x30, 0x34, 0x3b, 0x32, 0x30, 0x34, 
    0x3b, 0x32, 0x30, 0x34, 0x6d, 0x4b, 0x1b, 0x5b, 0x30, 0x6d, 0x1b, 0x5b, 0x33, 0x38, 0x3b, 0x32, 
    0x3b, 0x32, 0x30, 0x34, 0x3b, 0x32, 0x30, 0x34, 0x3b, 0x32, 0x30, 0x34, 0x6d, 0x4b, 0x1b, 0x5b, 
    0x30, 0x6d, 0x1b, 0x5b, 0x33, 0x38, 0x3b, 0x32, 0x3b, 0x32, 0x30, 0x34, 0x3b, 0x32, 0x30, 0x34, 
    0x3b, 0x32, 0x30, 0x34, 0x6d, 0x4b, 0x1b, 0x5b, 0x30, 0x6d, 0x1b, 0x5b, 0x33, 0x38, 0x3b, 0x32, 
    0x3b, 0x32, 0x30, 0x34, 0x3b, 0x32, 0x30, 0x34, 0x3b, 0x32, 0x30, 0x34, 0x6d, 0x4b, 0x1b, 0x5b, 
    0x30, 0x6d, 0x1b, 0x5b, 0x33, 0x38, 0x3b, 0x32, 0x3b, 0x32, 0x35, 0x35, 0x3b, 0x32, 0x35, 0x35, 
    0x3b, 0x32, 0x35, 0x35, 0x6d, 0x4d, 0x1b, 0x5b, 0x30, 0x6d, 0x1b, 0x5b, 0x33, 0x38, 0x3b, 0x32, 
    0x3b, 0x32, 0x35, 0x35, 0x3b, 0x32, 0x35, 0x35, 0x3b, 0x32, 0x35, 0x35, 0x6d, 0x4d, 0x1b, 0x5b, 
    0x30, 0x6d, 0x1b, 0x5b, 0x33, 0x38, 0x3b, 0x32, 0x3b, 0x32, 0x35, 0x35, 0x3b, 0x32, 0x35, 0x35, 
    0x3b, 0x32, 0x35, 0x35, 0x6d, 0x4d, 0x1b, 0x5b, 0x30, 0x6d, 0x1b, 0x5b, 0x33, 0x38, 0x3b, 0x32, 
    0x3b, 0x32, 0x35, 0x35, 0x3b, 0x32, 0x35, 0x35, 0x3b, 0x32, 0x35, 0x35, 0x6d, 0x4d, 0x1b, 0x5b, 
    0x30, 0x6d, 0x1b, 0x5b, 0x33, 0x38, 0x3b, 0x32, 0x3b, 0x32, 0x35, 0x35, 0x3b, 0x32, 0x35, 0x35, 
    0x3b, 0x32, 0x35, 0x35, 0x6d, 0x4d, 0x1b, 0x5b, 0x30, 0x6d, 0x1b, 0x5b, 0x33, 0x38, 0x3b, 0x32, 
    0x3b, 0x32, 0x35, 0x35, 0x3b, 0x32, 0x35, 0x35, 0x3b, 0x32, 0x35, 0x35, 0x6d, 0x4d, 0x1b, 0x5b, 
    0x30, 0x6d, 0x1b, 0x5b, 0x33, 0x38, 0x3b, 0x32, 0x3b, 0x32, 0x35, 0x35, 0x3b, 0x32, 0x35, 0x35, 
    0x3b, 0x32, 0x35, 0x35, 0x6d, 0x4d, 0x1b, 0x5b, 0x30, 0x6d, 0x1b, 0x5b, 0x33, 0x38, 0x3b, 0x32, 
    0x3b, 0x32, 0x35, 0x35, 0x3b, 0x32, 0x35, 0x35, 0x3b, 0x32, 0x35, 0x35, 0x6d, 0x4d, 0x1b, 0x5b, 
    0x30, 0x6d, 0x1b, 0x5b, 0x33, 0x38, 0x3b, 0x32, 0x3b, 0x32, 0x35, 0x35, 0x3b, 0x32, 0x35, 0x35, 
    0x3b, 0x32, 0x35, 0x35, 0x6d, 0x4d, 0x1b, 0x5b, 0x30, 0x6d, 0x1b, 0x5b, 0x33, 0x38, 0x3b, 0x32, 
    0x3b, 0x32, 0x35, 0x35, 0x3b, 0x32, 0x35, 0x35, 0x3b, 0x32, 0x35, 0x35, 0x6d, 0x4d, 0x1b, 0x5b, 
    0x30, 0x6d, 0x1b, 0x5b, 0x33, 0x38, 0x3b, 0x32, 0x3b, 0x32, 0x35, 0x35, 0x3b, 0x32, 0x35, 0x35, 
    0x3b, 0x32, 0x35, 0x35, 0x6d, 0x4d, 0x1b, 0x5b, 0x30, 0x6d, 0x1b, 0x5b, 0x33, 0x38, 0x3b, 0x32, 
    0x3b, 0x32, 0x35, 0x35, 0x3b, 0x32, 0x35, 0x35, 0x3b, 0x32, 0x35, 0x35, 0x6d, 0x4d, 0x1b, 0x5b, 
    0x30, 0x6d, 0x1b, 0x5b, 0x33, 0x38, 0x3b, 0x32, 0x3b, 0x32, 0x35, 0x35, 0x3b, 0x32, 0x35, 0x35, 
    0x3b, 0x32, 0x35, 0x35, 0x6d, 0x4d, 0x1b, 0x5b, 0x30, 0x6d, 0x1b, 0x5b, 0x33, 0x38, 0x3b, 0x32, 
    0x3b, 0x32, 0x35, 0x35, 0x3b, 0x32, 0x35, 0x35, 0x3b, 0x32, 0x35, 0x35, 0x6d, 0x4d, 0x1b, 0x5b, 
    0x30, 0x6d, 0x1b, 0x5b, 0x33, 0x38, 0x3b, 0x32, 0x3b, 0x32, 0x35, 0x35, 0x3b, 0x32, 0x35, 0x35, 
    0x3b, 0x32, 0x35, 0x35, 0x6d, 0x4d, 0x1b, 0x5b, 0x30, 0x6d, 0x1b, 0x5b, 0x33, 0x38, 0x3b, 0x32, 
    0x3b, 0x32, 0x35, 0x35, 0x3b, 0x32, 0x35, 0x35, 0x3b, 0x32, 0x35, 0x35, 0x6d, 0x4d, 0x1b, 0x5b, 
    0x30, 0x6d, 0x1b, 0x5b, 0x33, 0x38, 0x3b, 0x32, 0x3b, 0x32, 0x35, 0x35, 0x3b, 0x32, 0x35, 0x35, 
    0x3b, 0x32, 0x35, 0x35, 0x6d, 0x4d, 0x1b, 0x5b, 0x30, 0x6d, 0x1b, 0x5b, 0x33, 0x38, 0x3b, 0x32, 
    0x3b, 0x32, 0x35, 0x35, 0x3b, 0x32, 0x35, 0x35, 0x3b, 0x32, 0x35, 0x35, 0x6d, 0x4d, 0x1b, 0x5b, 
    0x30, 0x6d, 0x0a, 0x1b, 0x5b, 0x30, 0x6d, 0x1b, 0x5b, 0x33, 0x38, 0x3b, 0x32, 0x3b, 0x32, 0x35, 
    0x35, 0x3b, 0x32, 0x35, 0x35, 0x3b, 0x32, 0x35, 0x35, 0x6d, 0x4d, 0x1b, 0x5b, 0x30, 0x6d, 0x1b, 
    0x5b, 0x33, 0x38, 0x3b, 0x32, 0x3b, 0x32, 0x35, 0x35, 0x3b, 0x32, 0x35, 0x35, 0x3b, 0x32, 0x35, 
    0x35, 0x6d, 0x4d, 0x1b, 0x5b, 0x30, 0x6d, 0x1b, 0x5b, 0x33, 0x38, 0x3b, 0x32, 0x3b, 0x32, 0x35, 
    0x35, 0x3b, 0x32, 0x35, 0x35, 0x3b, 0x32, 0x35, 0x35, 0x6d, 0x4d, 0x1b, 0x5b, 0x30, 0x6d, 0x1b, 
    0x5b, 0x33, 0x38, 0x3b, 0x32, 0x3b, 0x32, 0x35, 0x35, 0x3b, 0x32, 0x35, 0x35, 0x3b, 0x32, 0x35, 
    0x35, 0x6d, 0x4d, 0x1b, 0x5b, 0x30, 0x6d, 0x1b, 0x5b, 0x33, 0x38, 0x3b, 0x32, 0x3b, 0x32, 0x35, 
    0x35, 0x3b, 0x32, 0x35, 0x35, 0x3b, 0x32, 0x35, 0x35, 0x6d, 0x4d, 0x1b, 0x5b, 0x30, 0x6d, 0x1b, 
    0x5b, 0x33, 0x38, 0x3b, 0x32, 0x3b, 0x32, 0x35, 0x35, 0x3b, 0x32, 0x35, 0x35, 0x3b, 0x32, 0x35, 
    0x35, 0x6d, 0x4d, 0x1b, 0x5b, 0x30, 0x6d, 0x1b, 0x5b, 0x33, 0x38, 0x3b, 0x32, 0x3b, 0x32, 0x35, 
    0x35, 0x3b, 0x32, 0x35, 0x35, 0x3b, 0x32, 0x35, 0x35, 0x6d, 0x4d, 0x1b, 0x5b, 0x30, 0x6d, 0x1b, 
    0x5b, 0x33, 0x38, 0x3b, 0x32, 0x3b, 0x32, 0x35, 0x35, 0x3b, 0x32, 0x35, 0x35, 0x3b, 0x32, 0x35, 
    0x35, 0x6d, 0x4d, 0x1b, 0x5b, 0x30, 0x6d, 0x1b, 0x5b, 0x33, 0x38, 0x3b, 0x32, 0x3b, 0x32, 0x35, 
    0x35, 0x3b, 0x32, 0x35, 0x35, 0x3b, 0x32, 0x35, 0x35, 0x6d, 0x4d, 0x1b, 0x5b, 0x30, 0x6d, 0x1b, 
    0x5b, 0x33, 0x38, 0x3b, 0x32, 0x3b, 0x32, 0x35, 0x35, 0x3b, 0x32, 0x35, 0x35, 0x3b, 0x32, 0x35, 
    0x35, 0x6d, 0x4d, 0x1b, 0x5b, 0x30, 0x6d, 0x1b, 0x5b, 0x33, 0x38, 0x3b, 0x32, 0x3b, 0x32, 0x35, 
    0x35, 0x3b, 0x32, 0x35, 0x35, 0x3b, 0x32, 0x35, 0x35, 0x6d, 0x4d, 0x1b, 0x5b, 0x30, 0x6d, 0x1b, 
    0x5b, 0x33, 0x38, 0x3b, 0x32, 0x3b, 0x32, 0x35, 0x35, 0x3b, 0x32, 0x35, 0x35, 0x3b, 0x32, 0x35, 
    0x35, 0x6d, 0x4d, 0x1b, 0x5b, 0x30, 0x6d, 0x1b, 0x5b, 0x33, 0x38, 0x3b, 0x32, 0x3b, 0x32, 0x35, 
    0x35, 0x3b, 0x32, 0x35, 0x35, 0x3b, 0x32, 0x35, 0x35, 0x6d, 0x4d, 0x1b, 0x5b, 0x30, 0x6d, 0x1b, 
    0x5b, 0x33, 0x38, 0x3b, 0x32, 0x3b, 0x32, 0x35, 0x35, 0x3b, 0x32, 0x35, 0x35, 0x3b, 0x32, 0x35, 
    0x35, 0x6d, 0x4d, 0x1b, 0x5b, 0x30, 0x6d, 0x1b, 0x5b, 0x33, 0x38, 0x3b, 0x32, 0x3b, 0x32, 0x35, 
    0x35, 0x3b, 0x32, 0x35, 0x35, 0x3b, 0x32, 0x35, 0x35, 0x6d, 0x4d, 0x1b, 0x5b, 0x30, 0x6d, 0x1b, 
    0x5b, 0x33, 0x38, 0x3b, 0x32, 0x3b, 0x32, 0x35, 0x35, 0x3b, 0x32, 0x35, 0x35, 0x3b, 0x32, 0x35, 
    0x35, 0x6d, 0x4d, 0x1b, 0x5b, 0x30, 0x6d, 0x1b, 0x5b, 0x33, 0x38, 0x3b, 0x32, 0x3b, 0x32, 0x35, 
    0x35, 0x3b, 0x32, 0x35, 0x35, 0x3b, 0x32, 0x35, 0x35, 0x6d, 0x4d, 0x1b, 0x5b, 0x30, 0x6d, 0x1b, 
    0x5b, 0x33, 0x38, 0x3b, 0x32, 0x3b, 0x32, 0x35, 0x35, 0x3b, 0x32, 0x35, 0x35, 0x3b, 0x32, 0x35, 
    0x35, 0x6d, 0x4d, 0x1b, 0x5b, 0x30, 0x6d, 0x1b, 0x5b, 0x33, 0x38, 0x3b, 0x32, 0x3b, 0x32, 0x35, 
    0x35, 0x3b, 0x32, 0x35, 0x35, 0x3b, 0x32, 0x35, 0x35, 0x6d, 0x4d, 0x1b, 0x5b, 0x30, 0x6d, 0x1b, 
    0x5b, 0x33, 0x38, 0x3b, 0x32, 0x3b, 0x32, 0x35, 0x35, 0x3b, 0x32, 0x35, 0x35, 0x3b, 0x32, 0x35, 
    0x35, 0x6d, 0x4d, 0x1b, 0x5b, 0x30, 0x6d, 0x1b, 0x5b, 0x33, 0x38, 0x3b, 0x32, 0x3b, 0x32, 0x35, 
    0x35, 0x3b, 0x32, 0x35, 0x35, 0x3b, 0x32, 0x35, 0x35, 0x6d, 0x4d, 0x1b, 0x5b, 0x30, 0x6d, 0x1b, 
    0x5b, 0x33, 0x38, 0x3b, 0x32, 0x3b, 0x32, 0x35, 0x35, 0x3b, 0x32, 0x35, 0x35, 0x3b, 0x32, 0x35, 
    0x35, 0x6d, 0x4d, 0x1b, 0x5b, 0x30, 0x6d, 0x1b, 0x5b, 0x33, 0x38, 0x3b, 0x32, 0x3b, 0x32, 0x35, 
    0x35, 0x3b, 0x32, 0x35, 0x35, 0x3b, 0x32, 0x35, 0x35, 0x6d, 0x4d, 0x1b, 0x5b, 0x30, 0x6d, 0x1b, 
    0x5b, 0x33, 0x38, 0x3b, 0x32, 0x3b, 0x30, 0x3b, 0x30, 0x3b, 0x30, 0x6d, 0x20, 0x1b, 0x5b, 0x30, 
    0x6d, 0x1b, 0x5b, 0x33, 0x38, 0x3b, 0x32, 0x3b, 0x30, 0x3b, 0x30, 0x3b, 0x30, 0x6d, 0x20, 0x1b, 
    0x5b, 0x30, 0x6d, 0x1b, 0x5b, 0x33, 0x38, 0x3b, 0x32, 0x3b, 0x30, 0x3b, 0x30, 0x3b, 0x30, 0x6d, 
    0x20, 0x1b, 0x5b, 0x30, 0x6d, 0x1b, 0x5b, 0x33, 0x38, 0x3b, 0x32, 0x3b, 0x30, 0x3b, 0x30, 0x3b, 
    0x30, 0x6d, 0x20, 0x1b, 0x5b, 0x30, 0x6d, 0x1b, 0x5b, 0x33, 0x38, 0x3b, 0x32, 0x3b, 0x30, 0x3b, 
    0x30, 0x3b, 0x30, 0x6d, 0x20, 0x1b, 0x5b, 0x30, 0x6d, 0x1b, 0x5b, 0x33, 0x38, 0x3b, 0x32, 0x3b, 
    0x30, 0x3b, 0x30, 0x3b, 0x30, 0x6d, 0x20, 0x1b, 0x5b, 0x30, 0x6d, 0x1b, 0x5b, 0x33, 0x38, 0x3b, 
    0x32, 0x3b, 0x30, 0x3b, 0x30, 0x3b, 0x30, 0x6d, 0x20, 0x1b, 0x5b, 0x30, 0x6d, 0x1b, 0x5b, 0x33, 
    0x38, 0x3b, 0x32, 0x3b, 0x30, 0x3b, 0x30, 0x3b, 0x30, 0x6d, 0x20, 0x1b, 0x5b, 0x30, 0x6d, 0x1b, 
    0x5b, 0x33, 0x38, 0x3b, 0x32, 0x3b, 0x30, 0x3b, 0x30, 0x3b, 0x30, 0x6d, 0x20, 0x1b, 0x5b, 0x30, 
    0x6d, 0x1b, 0x5b, 0x33, 0x38, 0x3b, 0x32, 0x3b, 0x30, 0x3b, 0x30, 0x3b, 0x30, 0x6d, 0x20, 0x1b, 
    0x5b, 0x30, 0x6d, 0x1b, 0x5b, 0x33, 0x38, 0x3b, 0x32, 0x3b, 0x30, 0x3b, 0x30, 0x3b, 0x30, 0x6d, 
    0x20, 0x1b, 0x5b, 0x30, 0x6d, 0x1b, 0x5b, 0x33, 0x38, 0x3b, 0x32, 0x3b, 0x30, 0x3b, 0x30, 0x3b, 
    0x30, 0x6d, 0x20, 0x1b, 0x5b, 0x30, 0x6d, 0x1b, 0x5b, 0x33, 0x38, 0x3b, 0x32, 0x3b, 0x30, 0x3b, 
    0x30, 0x3b, 0x30, 0x6d, 0x20, 0x1b, 0x5b, 0x30, 0x6d, 0x1b, 0x5b, 0x33, 0x38, 0x3b, 0x32, 0x3b, 
    0x30, 0x3b, 0x30, 0x3b, 0x30, 0x6d, 0x20, 0x1b, 0x5b, 0x30, 0x6d, 0x1b, 0x5b, 0x33, 0x38, 0x3b, 
    0x32, 0x3b, 0x30, 0x3b, 0x30, 0x3b, 0x30, 0x6d, 0x20, 0x1b, 0x5b, 0x30, 0x6d, 0x1b, 0x5b, 0x33, 
    0x38, 0x3b, 0x32, 0x3b, 0x30, 0x3b, 0x30, 0x3b, 0x30, 0x6d, 0x20, 0x1b, 0x5b, 0x30, 0x6d, 0x1b, 
    0x5b, 0x33, 0x38, 0x3b, 0x32, 0x3b, 0x30, 0x3b, 0x30, 0x3b, 0x30, 0x6d, 0x20, 0x1b, 0x5b, 0x30, 
    0x6d, 0x1b, 0x5b, 0x33, 0x38, 0x3b, 0x32, 0x3b, 0x30, 0x3b, 0x30, 0x3b, 0x30, 0x6d, 0x20, 0x1b, 
    0x5b, 0x30, 0x6d, 0x1b, 0x5b, 0x33, 0x38, 0x3b, 0x32, 0x3b, 0x32, 0x35, 0x35, 0x3b, 0x32, 0x35, 
    0x35, 0x3b, 0x32, 0x35, 0x35, 0x6d, 0x4d, 0x1b, 0x5b, 0x30, 0x6d, 0x1b, 0x5b, 0x33, 0x38, 0x3b, 
    0x32, 0x3b, 0x32, 0x35, 0x35, 0x3b, 0x32, 0x35, 0x35, 0x3b, 0x32, 0x35, 0x35, 0x6d, 0x4d, 0x1b, 
    0x5b, 0x30, 0x6d, 0x1b, 0x5b, 0x33, 0x38, 0x3b, 0x32, 0x3b, 0x32, 0x35, 0x35, 0x3b, 0x32, 0x35, 
    0x35, 0x3b, 0x32, 0x35, 0x35, 0x6d, 0x4d, 0x1b, 0x5b, 0x30, 0x6d, 0x1b, 0x5b, 0x33, 0x38, 0x3b, 
    0x32, 0x3b, 0x32, 0x35, 0x35, 0x3b, 0x32, 0x35, 0x35, 0x3b, 0x32, 0x35, 0x35, 0x6d, 0x4d, 0x1b, 
    0x5b, 0x30, 0x6d, 0x1b, 0x5b, 0x33, 0x38, 0x3b, 0x32, 0x3b, 0x32, 0x35, 0x35, 0x3b, 0x32, 0x35, 
    0x35, 0x3b, 0x32, 0x35, 0x35, 0x6d, 0x4d, 0x1b, 0x5b, 0x30, 0x6d, 0x1b, 0x5b, 0x33, 0x38, 0x3b, 
    0x32, 0x3b, 0x32, 0x35, 0x35, 0x3b, 0x32, 0x35, 0x35, 0x3b, 0x32, 0x35, 0x35, 0x6d, 0x4d, 0x1b, 
    0x5b, 0x30, 0x6d, 0x1b, 0x5b, 0x33, 0x38, 0x3b, 0x32, 0x3b, 0x32, 0x35, 0x35, 0x3b, 0x32, 0x35, 
    0x35, 0x3b, 0x32, 0x35, 0x35, 0x6d, 0x4d, 0x1b, 0x5b, 0x30, 0x6d, 0x1b, 0x5b, 0x33, 0x38, 0x3b, 
    0x32, 0x3b, 0x32, 0x35, 0x35, 0x3b, 0x32, 0x35, 0x35, 0x3b, 0x32, 0x35, 0x35, 0x6d, 0x4d, 0x1b, 
    0x5b, 0x30, 0x6d, 0x1b, 0x5b, 0x33, 0x38, 0x3b, 0x32, 0x3b, 0x32, 0x35, 0x35, 0x3b, 0x32, 0x35, 
    0x35, 0x3b, 0x32, 0x35, 0x35, 0x6d, 0x4d, 0x1b, 0x5b, 0x30, 0x6d, 0x1b, 0x5b, 0x33, 0x38, 0x3b, 
    0x32, 0x3b, 0x32, 0x35, 0x35, 0x3b, 0x32, 0x35, 0x35, 0x3b, 0x32, 0x35, 0x35, 0x6d, 0x4d, 0x1b, 
    0x5b, 0x30, 0x6d, 0x1b, 0x5b, 0x33, 0x38, 0x3b, 0x32, 0x3b, 0x32, 0x35, 0x35, 0x3b, 0x32, 0x35, 
    0x35, 0x3b, 0x32, 0x35, 0x35, 0x6d, 0x4d, 0x1b, 0x5b, 0x30, 0x6d, 0x1b, 0x5b, 0x33, 0x38, 0x3b, 
    0x32, 0x3b, 0x32, 0x35, 0x35, 0x3b, 0x32, 0x35, 0x35, 0x3b, 0x32, 0x35, 0x35, 0x6d, 0x4d, 0x1b, 
    0x5b, 0x30, 0x6d, 0x1b, 0x5b, 0x33, 0x38, 0x3b, 0x32, 0x3b, 0x32, 0x35, 0x35, 0x3b, 0x32, 0x35, 
    0x35, 0x3b, 0x32, 0x35, 0x35, 0x6d, 0x4d, 0x1b, 0x5b, 0x30, 0x6d, 0x1b, 0x5b, 0x33, 0x38, 0x3b, 
    0x32, 0x3b, 0x32, 0x35, 0x35, 0x3b, 0x32, 0x35, 0x35, 0x3b, 0x32, 0x35, 0x35, 0x6d, 0x4d, 0x1b, 
    0x5b, 0x30, 0x6d, 0x1b, 0x5b, 0x33, 0x38, 0x3b, 0x32, 0x3b, 0x32, 0x35, 0x35, 0x3b, 0x32, 0x35, 
    0x35, 0x3b, 0x32, 0x35, 0x35, 0x6d, 0x4d, 0x1b, 0x5b, 0x30, 0x6d, 0x1b, 0x5b, 0x33, 0x38, 0x3b, 
    0x32, 0x3b, 0x32, 0x35, 0x35, 0x3b, 0x32, 0x35, 0x35, 0x3b, 0x32, 0x35, 0x35, 0x6d, 0x4d, 0x1b, 
    0x5b, 0x30, 0x6d, 0x1b, 0x5b, 0x33, 0x38, 0x3b, 0x32, 0x3b, 0x32, 0x35, 0x35, 0x3b, 0x32, 0x35, 
    0x35, 0x3b, 0x32, 0x35, 0x35, 0x6d, 0x4d, 0x1b, 0x5b, 0x30, 0x6d, 0x1b, 0x5b, 0x33, 0x38, 0x3b, 
    0x32, 0x3b, 0x32, 0x35, 0x35, 0x3b, 0x32, 0x35, 0x35, 0x3b, 0x32, 0x35, 0x35, 0x6d, 0x4d, 0x1b, 
    0x5b, 0x30, 0x6d, 0x1b, 0x5b, 0x33, 0x38, 0x3b, 0x32, 0x3b, 0x32, 0x35, 0x35, 0x3b, 0x32, 0x35, 
    0x35, 0x3b, 0x32, 0x35, 0x35, 0x6d, 0x4d, 0x1b, 0x5b, 0x30, 0x6d, 0x1b, 0x5b, 0x33, 0x38, 0x3b, 
    0x32, 0x3b, 0x32, 0x35, 0x35, 0x3b, 0x32, 0x35, 0x35, 0x3b, 0x32, 0x35, 0x35, 0x6d, 0x4d, 0x1b, 
    0x5b, 0x30, 0x6d, 0x1b, 0x5b, 0x33, 0x38, 0x3b, 0x32, 0x3b, 0x32, 0x35, 0x35, 0x3b, 0x32, 0x35, 
    0x35, 0x3b, 0x32, 0x35, 0x35, 0x6d, 0x4d, 0x1b, 0x5b, 0x30, 0x6d, 0x1b, 0x5b, 0x33, 0x38, 0x3b, 
    0x32, 0x3b, 0x32, 0x35, 0x35, 0x3b, 0x32, 0x35, 0x35, 0x3b, 0x32, 0x35, 0x35, 0x6d, 0x4d, 0x1b, 
    0x5b, 0x30, 0x6d, 0x1b, 0x5b, 0x33, 0x38, 0x3b, 0x32, 0x3b, 0x32, 0x35, 0x35, 0x3b, 0x32, 0x35, 
    0x35, 0x3b, 0x32, 0x35, 0x35, 0x6d, 0x4d, 0x1b, 0x5b, 0x30, 0x6d, 0x1b, 0x5b, 0x33, 0x38, 0x3b, 
    0x32, 0x3b, 0x32, 0x35, 0x35, 0x3b, 0x32, 0x35, 0x35, 0x3b, 0x32, 0x35, 0x35, 0x6d, 0x4d, 0x1b, 
    0x5b, 0x30, 0x6d, 0x1b, 0x5b, 0x33, 0x38, 0x3b, 0x32, 0x3b, 0x32, 0x35, 0x35, 0x3b, 0x32, 0x35, 
    0x35, 0x3b, 0x32, 0x35, 0x35, 0x6d, 0x4d, 0x1b, 0x5b, 0x30, 0x6d, 0x1b, 0x5b, 0x33, 0x38, 0x3b, 
    0x32, 0x3b, 0x32, 0x35, 0x35, 0x3b, 0x32, 0x35, 0x35, 0x3b, 0x32, 0x35, 0x35, 0x6d, 0x4d, 0x1b, 
    0x5b, 0x30, 0x6d, 0x1b, 0x5b, 0x33, 0x38, 0x3b, 0x32, 0x3b, 0x32, 0x35, 0x35, 0x3b, 0x32, 0x35, 
    0x35, 0x3b, 0x32, 0x35, 0x35, 0x6d, 0x4d, 0x1b, 0x5b, 0x30, 0x6d, 0x1b, 0x5b, 0x33, 0x38, 0x3b, 
    0x32, 0x3b, 0x32, 0x35, 0x35, 0x3b, 0x32, 0x35, 0x35, 0x3b, 0x32, 0x35, 0x35, 0x6d, 0x4d, 0x1b, 
    0x5b, 0x30, 0x6d, 0x1b, 0x5b, 0x33, 0x38, 0x3b, 0x32, 0x3b, 0x32, 0x35, 0x35, 0x3b, 0x32, 0x35, 
    0x35, 0x3b, 0x32, 0x35, 0x35, 0x6d, 0x4d, 0x1b, 0x5b, 0x30, 0x6d, 0x1b, 0x5b, 0x33, 0x38, 0x3b, 
    0x32, 0x3b, 0x32, 0x35, 0x35, 0x3b, 0x32, 0x35, 0x35, 0x3b, 0x32, 0x35, 0x35, 0x6d, 0x4d, 0x1b, 
    0x5b, 0x30, 0x6d, 0x1b, 0x5b, 0x33, 0x38, 0x3b, 0x32, 0x3b, 0x32, 0x35, 0x35, 0x3b, 0x32, 0x35, 
    0x35, 0x3b, 0x32, 0x35, 0x35, 0x6d, 0x4d, 0x1b, 0x5b, 0x30, 0x6d, 0x1b, 0x5b, 0x33, 0x38, 0x3b, 
    0x32, 0x3b, 0x32, 0x35, 0x35, 0x3b, 0x32, 0x35, 0x35, 0x3b, 0x32, 0x35, 0x35, 0x6d, 0x4d, 0x1b, 
    0x5b, 0x30, 0x6d, 0x1b, 0x5b, 0x33, 0x38, 0x3b, 0x32, 0x3b, 0x32, 0x35, 0x35, 0x3b, 0x32, 0x35, 
    0x35, 0x3b, 0x32, 0x35, 0x35, 0x6d, 0x4d, 0x1b, 0x5b, 0x30, 0x6d, 0x1b, 0x5b, 0x33, 0x38, 0x3b, 
    0x32, 0x3b, 0x32, 0x35, 0x35, 0x3b, 0x32, 0x35, 0x35, 0x3b, 0x32, 0x35, 0x35, 0x6d, 0x4d, 0x1b, 
    0x5b, 0x30, 0x6d, 0x1b, 0x5b, 0x33, 0x38, 0x3b, 0x32, 0x3b, 0x32, 0x35, 0x35, 0x3b, 0x32, 0x35, 
    0x35, 0x3b, 0x32, 0x35, 0x35, 0x6d, 0x4d, 0x1b, 0x5b, 0x30, 0x6d, 0x1b, 0x5b, 0x33, 0x38, 0x3b, 
    0x32, 0x3b, 0x32, 0x35, 0x35, 0x3b, 0x32, 0x35, 0x35, 0x3b, 0x32, 0x35, 0x35, 0x6d, 0x4d, 0x1b, 
    0x5b, 0x30, 0x6d, 0x1b, 0x5b, 0x33, 0x38, 0x3b, 0x32, 0x3b, 0x31, 0x32, 0x38, 0x3b, 0x31, 0x32, 
    0x38, 0x3b, 0x31, 0x32, 0x38, 0x6d, 0x6c, 0x1b, 0x5b, 0x30, 0x6d, 0x1b, 0x5b, 0x33, 0x38, 0x3b, 
    0x32, 0x3b, 0x30, 0x3b, 0x30, 0x3b, 0x30, 0x6d, 0x20, 0x1b, 0x5b, 0x30, 0x6d, 0x1b, 0x5b, 0x33, 
    0x38, 0x3b, 0x32, 0x3b, 0x30, 0x3b, 0x30, 0x3b, 0x30, 0x6d, 0x20, 0x1b, 0x5b, 0x30, 0x6d, 0x1b, 
    0x5b, 0x33, 0x38, 0x3b, 0x32, 0x3b, 0x30, 0x3b, 0x30, 0x3b, 0x30, 0x6d, 0x20, 0x1b, 0x5b, 0x30, 
    0x6d, 0x1b, 0x5b, 0x33, 0x38, 0x3b, 0x32, 0x3b, 0x30, 0x3b, 0x30, 0x3b, 0x30, 0x6d, 0x20, 0x1b, 
    0x5b, 0x30, 0x6d, 0x1b, 0x5b, 0x33, 0x38, 0x3b, 0x32, 0x3b, 0x32, 0x35, 0x35, 0x3b, 0x32, 0x35, 
    0x35, 0x3b, 0x32, 0x35, 0x35, 0x6d, 0x4d, 0x1b, 0x5b, 0x30, 0x6d, 0x1b, 0x5b, 0x33, 0x38, 0x3b, 
    0x32, 0x3b, 0x32, 0x35, 0x35, 0x3b, 0x32, 0x35, 0x35, 0x3b, 0x32, 0x35, 0x35, 0x6d, 0x4d, 0x1b, 
    0x5b, 0x30, 0x6d, 0x1b, 0x5b, 0x33, 0x38, 0x3b, 0x32, 0x3b, 0x32, 0x35, 0x35, 0x3b, 0x32, 0x35, 
    0x35, 0x3b, 0x32, 0x35, 0x35, 0x6d, 0x4d, 0x1b, 0x5b, 0x30, 0x6d, 0x1b, 0x5b, 0x33, 0x38, 0x3b, 
    0x32, 0x3b, 0x32, 0x35, 0x35, 0x3b, 0x32, 0x35, 0x35, 0x3b, 0x32, 0x35, 0x35, 0x6d, 0x4d, 0x1b, 
    0x5b, 0x30, 0x6d, 0x1b, 0x5b, 0x33, 0x38, 0x3b, 0x32, 0x3b, 0x32, 0x35, 0x35, 0x3b, 0x32, 0x35, 
    0x35, 0x3b, 0x32, 0x35, 0x35, 0x6d, 0x4d, 0x1b, 0x5b, 0x30, 0x6d, 0x1b, 0x5b, 0x33, 0x38, 0x3b, 
    0x32, 0x3b, 0x32, 0x35, 0x35, 0x3b, 0x32, 0x35, 0x35, 0x3b, 0x32, 0x35, 0x35, 0x6d, 0x4d, 0x1b, 
    0x5b, 0x30, 0x6d, 0x1b, 0x5b, 0x33, 0x38, 0x3b, 0x32, 0x3b, 0x32, 0x35, 0x35, 0x3b, 0x32, 0x35, 
    0x35, 0x3b, 0x32, 0x35, 0x35, 0x6d, 0x4d, 0x1b, 0x5b, 0x30, 0x6d, 0x1b, 0x5b, 0x33, 0x38, 0x3b, 
    0x32, 0x3b, 0x32, 0x35, 0x35, 0x3b, 0x32, 0x35, 0x35, 0x3b, 0x32, 0x35, 0x35, 0x6d, 0x4d, 0x1b, 
    0x5b, 0x30, 0x6d, 0x1b, 0x5b, 0x33, 0x38, 0x3b, 0x32, 0x3b, 0x32, 0x35, 0x35, 0x3b, 0x32, 0x35, 
    0x35, 0x3b, 0x32, 0x35, 0x35, 0x6d, 0x4d, 0x1b, 0x5b, 0x30, 0x6d, 0x1b, 0x5b, 0x33, 0x38, 0x3b, 
    0x32, 0x3b, 0x32, 0x35, 0x35, 0x3b, 0x32, 0x35, 0x35, 0x3b, 0x32, 0x35, 0x35, 0x6d, 0x4d, 0x1b, 
    0x5b, 0x30, 0x6d, 0x1b, 0x5b, 0x33, 0x38, 0x3b, 0x32, 0x3b, 0x32, 0x35, 0x35, 0x3b, 0x32, 0x35, 
    0x35, 0x3b, 0x32, 0x35, 0x35, 0x6d, 0x4d, 0x1b, 0x5b, 0x30, 0x6d, 0x1b, 0x5b, 0x33, 0x38, 0x3b, 
    0x32, 0x3b, 0x32, 0x35, 0x35, 0x3b, 0x32, 0x35, 0x35, 0x3b, 0x32, 0x35, 0x35, 0x6d, 0x4d, 0x1b, 
    0x5b, 0x30, 0x6d, 0x1b, 0x5b, 0x33, 0x38, 0x3b, 0x32, 0x3b, 0x32, 0x35, 0x35, 0x3b, 0x32, 0x35, 
    0x35, 0x3b, 0x32, 0x35, 0x35, 0x6d, 0x4d, 0x1b, 0x5b, 0x30, 0x6d, 0x1b, 0x5b, 0x33, 0x38, 0x3b, 
    0x32, 0x3b, 0x32, 0x35, 0x35, 0x3b, 0x32, 0x35, 0x35, 0x3b, 0x32, 0x35, 0x35, 0x6d, 0x4d, 0x1b, 
    0x5b, 0x30, 0x6d, 0x1b, 0x5b, 0x33, 0x38, 0x3b, 0x32, 0x3b, 0x32, 0x35, 0x35, 0x3b, 0x32, 0x35, 
    0x35, 0x3b, 0x32, 0x35, 0x35, 0x6d, 0x4d, 0x1b, 0x5b, 0x30, 0x6d, 0x1b, 0x5b, 0x33, 0x38, 0x3b, 
    0x32, 0x3b, 0x32, 0x35, 0x35, 0x3b, 0x32, 0x35, 0x35, 0x3b, 0x32, 0x35, 0x35, 0x6d, 0x4d, 0x1b, 
    0x5b, 0x30, 0x6d, 0x1b, 0x5b, 0x33, 0x38, 0x3b, 0x32, 0x3b, 0x32, 0x35, 0x35, 0x3b, 0x32, 0x35, 
    0x35, 0x3b, 0x32, 0x35, 0x35, 0x6d, 0x4d, 0x1b, 0x5b, 0x30, 0x6d, 0x1b, 0x5b, 0x33, 0x38, 0x3b, 
    0x32, 0x3b, 0x32, 0x35, 0x35, 0x3b, 0x32, 0x35, 0x35, 0x3b, 0x32, 0x35, 0x35, 0x6d, 0x4d, 0x1b, 
    0x5b, 0x30, 0x6d, 0x0a, 0x1b, 0x5b, 0x30, 0x6d, 0x1b, 0x5b, 0x33, 0x38, 0x3b, 0x32, 0x3b, 0x32, 
    0x35, 0x35, 0x3b, 0x32, 0x35, 0x35, 0x3b, 0x32, 0x35, 0x35, 0x6d, 0x4d, 0x1b, 0x5b, 0x30, 0x6d, 
    0x1b, 0x5b, 0x33, 0x38, 0x3b, 0x32, 0x3b, 0x32, 0x35, 0x35, 0x3b, 0x32, 0x35, 0x35, 0x3b, 0x32, 
    0x35, 0x35, 0x6d, 0x4d, 0x1b, 0x5b, 0x30, 0x6d, 0x1b, 0x5b, 0x33, 0x38, 0x3b, 0x32, 0x3b, 0x32, 
    0x35, 0x35, 0x3b, 0x32, 0x35, 0x35, 0x3b, 0x32, 0x35, 0x35, 0x6d, 0x4d, 0x1b, 0x5b, 0x30, 0x6d, 
    0x1b, 0x5b, 0x33, 0x38, 0x3b, 0x32, 0x3b, 0x32, 0x35, 0x35, 0x3b, 0x32, 0x35, 0x35, 0x3b, 0x32, 
    0x35, 0x35, 0x6d, 0x4d, 0x1b, 0x5b, 0x30, 0x6d, 0x1b, 0x5b, 0x33, 0x38, 0x3b, 0x32, 0x3b, 0x32, 
    0x35, 0x35, 0x3b, 0x32, 0x35, 0x35, 0x3b, 0x32, 0x35, 0x35, 0x6d, 0x4d, 0x1b, 0x5b, 0x30, 0x6d, 
    0x1b, 0x5b, 0x33, 0x38, 0x3b, 0x32, 0x3b, 0x32, 0x35, 0x35, 0x3b, 0x32, 0x35, 0x35, 0x3b, 0x32, 
    0x35, 0x35, 0x6d, 0x4d, 0x1b, 0x5b, 0x30, 0x6d, 0x1b, 0x5b, 0x33, 0x38, 0x3b, 0x32, 0x3b, 0x32, 
    0x35, 0x35, 0x3b, 0x32, 0x35, 0x35, 0x3b, 0x32, 0x35, 0x35, 0x6d, 0x4d, 0x1b, 0x5b, 0x30, 0x6d, 
    0x1b, 0x5b, 0x33, 0x38, 0x3b, 0x32, 0x3b, 0x32, 0x35, 0x35, 0x3b, 0x32, 0x35, 0x35, 0x3b, 0x32, 
    0x35, 0x35, 0x6d, 0x4d, 0x1b, 0x5b, 0x30, 0x6d, 0x1b, 0x5b, 0x33, 0x38, 0x3b, 0x32, 0x3b, 0x32, 
    0x35, 0x35, 0x3b, 0x32, 0x35, 0x35, 0x3b, 0x32, 0x35, 0x35, 0x6d, 0x4d, 0x1b, 0x5b, 0x30, 0x6d, 
    0x1b, 0x5b, 0x33, 0x38, 0x3b, 0x32, 0x3b, 0x32, 0x35, 0x35, 0x3b, 0x32, 0x35, 0x35, 0x3b, 0x32, 
    0x35, 0x35, 0x6d, 0x4d, 0x1b, 0x5b, 0x30, 0x6d, 0x1b, 0x5b, 0x33, 0x38, 0x3b, 0x32, 0x3b, 0x32, 
    0x35, 0x35, 0x3b, 0x32, 0x35, 0x35, 0x3b, 0x32, 0x35, 0x35, 0x6d, 0x4d, 0x1b, 0x5b, 0x30, 0x6d, 
    0x1b, 0x5b, 0x33, 0x38, 0x3b, 0x32, 0x3b, 0x32, 0x35, 0x35, 0x3b, 0x32, 0x35, 0x35, 0x3b, 0x32, 
    0x35, 0x35, 0x6d, 0x4d, 0x1b, 0x5b, 0x30, 0x6d, 0x1b, 0x5b, 0x33, 0x38, 0x3b, 0x32, 0x3b, 0x32, 
    0x35, 0x35, 0x3b, 0x32, 0x35, 0x35, 0x3b, 0x32, 0x35, 0x35, 0x6d, 0x4d, 0x1b, 0x5b, 0x30, 0x6d, 
    0x1b, 0x5b, 0x33, 0x38, 0x3b, 0x32, 0x3b, 0x32, 0x35, 0x35, 0x3b, 0x32, 0x35, 0x35, 0x3b, 0x32, 
    0x35, 0x35, 0x6d, 0x4d, 0x1b, 0x5b, 0x30, 0x6d, 0x1b, 0x5b, 0x33, 0x38, 0x3b, 0x32, 0x3b, 0x32, 
    0x35, 0x35, 0x3b, 0x32, 0x35, 0x35, 0x3b, 0x32, 0x35, 0x35, 0x6d, 0x4d, 0x1b, 0x5b, 0x30, 0x6d, 
    0x1b, 0x5b, 0x33, 0x38, 0x3b, 0x32, 0x3b, 0x32, 0x35, 0x35, 0x3b, 0x32, 0x35, 0x35, 0x3b, 0x32, 
    0x35, 0x35, 0x6d, 0x4d, 0x1b, 0x5b, 0x30, 0x6d, 0x1b, 0x5b, 0x33, 0x38, 0x3b, 0x32, 0x3b, 0x32, 
    0x35, 0x35, 0x3b, 0x32, 0x35, 0x35, 0x3b, 0x32, 0x35, 0x35, 0x6d, 0x4d, 0x1b, 0x5b, 0x30, 0x6d, 
    0x1b, 0x5b, 0x33, 0x38, 0x3b, 0x32, 0x3b, 0x32, 0x35, 0x35, 0x3b, 0x32, 0x35, 0x35, 0x3b, 0x32, 
    0x35, 0x35, 0x6d, 0x4d, 0x1b, 0x5b, 0x30, 0x6d, 0x1b, 0x5b, 0x33, 0x38, 0x3b, 0x32, 0x3b, 0x32, 
    0x35, 0x35, 0x3b, 0x32, 0x35, 0x35, 0x3b, 0x32, 0x35, 0x35, 0x6d, 0x4d, 0x1b, 0x5b, 0x30, 0x6d, 
    0x1b, 0x5b, 0x33, 0x38, 0x3b, 0x32, 0x3b, 0x32, 0x35, 0x35, 0x3b, 0x32, 0x35, 0x35, 0x3b, 0x32, 
    0x35, 0x35, 0x6d, 0x4d, 0x1b, 0x5b, 0x30, 0x6d, 0x1b, 0x5b, 0x33, 0x38, 0x3b, 0x32, 0x3b, 0x31, 
    0x35, 0x33, 0x3b, 0x31, 0x35, 0x33, 0x3b, 0x31, 0x35, 0x33, 0x6d, 0x64, 0x1b, 0x5b, 0x30, 0x6d, 
    0x1b, 0x5b, 0x33, 0x38, 0x3b, 0x32, 0x3b, 0x35, 0x31, 0x3b, 0x35, 0x31, 0x3b, 0x35, 0x31, 0x6d, 
    0x2e, 0x1b, 0x5b, 0x30, 0x6d, 0x1b, 0x5b, 0x33, 0x38, 0x3b, 0x32, 0x3b, 0x35, 0x31, 0x3b, 0x35, 
    0x31, 0x3b, 0x35, 0x31, 0x6d, 0x2e, 0x1b, 0x5b, 0x30, 0x6d, 0x1b, 0x5b, 0x33, 0x38, 0x3b, 0x32, 
    0x3b, 0x30, 0x3b, 0x30, 0x3b, 0x30, 0x6d, 0x20, 0x1b, 0x5b, 0x30, 0x6d, 0x1b, 0x5b, 0x33, 0x38, 
    0x3b, 0x32, 0x3b, 0x30, 0x3b, 0x30, 0x3b, 0x30, 0x6d, 0x20, 0x1b, 0x5b, 0x30, 0x6d, 0x1b, 0x5b, 
    0x33, 0x38, 0x3b, 0x32, 0x3b, 0x30, 0x3b, 0x30, 0x3b, 0x30, 0x6d, 0x20, 0x1b, 0x5b, 0x30, 0x6d, 
    0x1b, 0x5b, 0x33, 0x38, 0x3b, 0x32, 0x3b, 0x30, 0x3b, 0x30, 0x3b, 0x30, 0x6d, 0x20, 0x1b, 0x5b, 
    0x30, 0x6d, 0x1b, 0x5b, 0x33, 0x38, 0x3b, 0x32, 0x3b, 0x30, 0x3b, 0x30, 0x3b, 0x30, 0x6d, 0x20, 
    0x1b, 0x5b, 0x30, 0x6d, 0x1b, 0x5b, 0x33, 0x38, 0x3b, 0x32, 0x3b, 0x30, 0x3b, 0x30, 0x3b, 0x30, 
    0x6d, 0x20, 0x1b, 0x5b, 0x30, 0x6d, 0x1b, 0x5b, 0x33, 0x38, 0x3b, 0x32, 0x3b, 0x30, 0x3b, 0x30, 
    0x3b, 0x30, 0x6d, 0x20, 0x1b, 0x5b, 0x30, 0x6d, 0x1b, 0x5b, 0x33, 0x38, 0x3b, 0x32, 0x3b, 0x30, 
    0x3b, 0x30, 0x3b, 0x30, 0x6d, 0x20, 0x1b, 0x5b, 0x30, 0x6d, 0x1b, 0x5b, 0x33, 0x38, 0x3b, 0x32, 
    0x3b, 0x30, 0x3b, 0x30, 0x3b, 0x30, 0x6d, 0x20, 0x1b, 0x5b, 0x30, 0x6d, 0x1b, 0x5b, 0x33, 0x38, 
    0x3b, 0x32, 0x3b, 0x30, 0x3b, 0x30, 0x3b, 0x30, 0x6d, 0x20, 0x1b, 0x5b, 0x30, 0x6d, 0x1b, 0x5b, 
    0x33, 0x38, 0x3b, 0x32, 0x3b, 0x30, 0x3b, 0x30, 0x3b, 0x30, 0x6d, 0x20, 0x1b, 0x5b, 0x30, 0x6d, 
    0x1b, 0x5b, 0x33, 0x38, 0x3b, 0x32, 0x3b, 0x30, 0x3b, 0x30, 0x3b, 0x30, 0x6d, 0x20, 0x1b, 0x5b, 
    0x30, 0x6d, 0x1b, 0x5b, 0x33, 0x38, 0x3b, 0x32, 0x3b, 0x30, 0x3b, 0x30, 0x3b, 0x30, 0x6d, 0x20, 
    0x1b, 0x5b, 0x30, 0x6d, 0x1b, 0x5b, 0x33, 0x38, 0x3b, 0x32, 0x3b, 0x30, 0x3b, 0x30, 0x3b, 0x30, 
    0x6d, 0x20, 0x1b, 0x5b, 0x30, 0x6d, 0x1b, 0x5b, 0x33, 0x38, 0x3b, 0x32, 0x3b, 0x30, 0x3b, 0x30, 
    0x3b, 0x30, 0x6d, 0x20, 0x1b, 0x5b, 0x30, 0x6d, 0x1b, 0x5b, 0x33, 0x38, 0x3b, 0x32, 0x3b, 0x30, 
    0x3b, 0x30, 0x3b, 0x30, 0x6d, 0x20, 0x1b, 0x5b, 0x30, 0x6d, 0x1b, 0x5b, 0x33, 0x38, 0x3b, 0x32, 
    0x3b, 0x30, 0x3b, 0x30, 0x3b, 0x30, 0x6d, 0x20, 0x1b, 0x5b, 0x30, 0x6d, 0x1b, 0x5b, 0x33, 0x38, 
    0x3b, 0x32, 0x3b, 0x30, 0x3b, 0x30, 0x3b, 0x30, 0x6d, 0x20, 0x1b, 0x5b, 0x30, 0x6d, 0x1b, 0x5b, 
    0x33, 0x38, 0x3b, 0x32, 0x3b, 0x35, 0x31, 0x3b, 0x35, 0x31, 0x3b, 0x35, 0x31, 0x6d, 0x2e, 0x1b, 
    0x5b, 0x30, 0x6d, 0x1b, 0x5b, 0x33, 0x38, 0x3b, 0x32, 0x3b, 0x35, 0x31, 0x3b, 0x35, 0x31, 0x3b, 
    0x35, 0x31, 0x6d, 0x2e, 0x1b, 0x5b, 0x30, 0x6d, 0x1b, 0x5b, 0x33, 0x38, 0x3b, 0x32, 0x3b, 0x31, 
    0x35, 0x33, 0x3b, 0x31, 0x35, 0x33, 0x3b, 0x31, 0x35, 0x33, 0x6d, 0x64, 0x1b, 0x5b, 0x30, 0x6d, 
    0x1b, 0x5b, 0x33, 0x38, 0x3b, 0x32, 0x3b, 0x32, 0x35, 0x35, 0x3b, 0x32, 0x35, 0x35, 0x3b, 0x32, 
    0x35, 0x35, 0x6d, 0x4d, 0x1b, 0x5b, 0x30, 0x6d, 0x1b, 0x5b, 0x33, 0x38, 0x3b, 0x32, 0x3b, 0x32, 
    0x35, 0x35, 0x3b, 0x32, 0x35, 0x35, 0x3b, 0x32, 0x35, 0x35, 0x6d, 0x4d, 0x1b, 0x5b, 0x30, 0x6d, 
    0x1b, 0x5b, 0x33, 0x38, 0x3b, 0x32, 0x3b, 0x32, 0x35, 0x35, 0x3b, 0x32, 0x35, 0x35, 0x3b, 0x32, 
    0x35, 0x35, 0x6d, 0x4d, 0x1b, 0x5b, 0x30, 0x6d, 0x1b, 0x5b, 0x33, 0x38, 0x3b, 0x32, 0x3b, 0x32, 
    0x35, 0x35, 0x3b, 0x32, 0x35, 0x35, 0x3b, 0x32, 0x35, 0x35, 0x6d, 0x4d, 0x1b, 0x5b, 0x30, 0x6d, 
    0x1b, 0x5b, 0x33, 0x38, 0x3b, 0x32, 0x3b, 0x32, 0x35, 0x35, 0x3b, 0x32, 0x35, 0x35, 0x3b, 0x32, 
    0x35, 0x35, 0x6d, 0x4d, 0x1b, 0x5b, 0x30, 0x6d, 0x1b, 0x5b, 0x33, 0x38, 0x3b, 0x32, 0x3b, 0x32, 
    0x35, 0x35, 0x3b, 0x32, 0x35, 0x35, 0x3b, 0x32, 0x35, 0x35, 0x6d, 0x4d, 0x1b, 0x5b, 0x30, 0x6d, 
    0x1b, 0x5b, 0x33, 0x38, 0x3b, 0x32, 0x3b, 0x32, 0x35, 0x35, 0x3b, 0x32, 0x35, 0x35, 0x3b, 0x32, 
    0x35, 0x35, 0x6d, 0x4d, 0x1b, 0x5b, 0x30, 0x6d, 0x1b, 0x5b, 0x33, 0x38, 0x3b, 0x32, 0x3b, 0x32, 
    0x35, 0x35, 0x3b, 0x32, 0x35, 0x35, 0x3b, 0x32, 0x35, 0x35, 0x6d, 0x4d, 0x1b, 0x5b, 0x30, 0x6d, 
    0x1b, 0x5b, 0x33, 0x38, 0x3b, 0x32, 0x3b, 0x32, 0x35, 0x35, 0x3b, 0x32, 0x35, 0x35, 0x3b, 0x32, 
    0x35, 0x35, 0x6d, 0x4d, 0x1b, 0x5b, 0x30, 0x6d, 0x1b, 0x5b, 0x33, 0x38, 0x3b, 0x32, 0x3b, 0x32, 
    0x35, 0x35, 0x3b, 0x32, 0x35, 0x35, 0x3b, 0x32, 0x35, 0x35, 0x6d, 0x4d, 0x1b, 0x5b, 0x30, 0x6d, 
    0x1b, 0x5b, 0x33, 0x38, 0x3b, 0x32, 0x3b, 0x32, 0x35, 0x35, 0x3b, 0x32, 0x35, 0x35, 0x3b, 0x32, 
    0x35, 0x35, 0x6d, 0x4d, 0x1b, 0x5b, 0x30, 0x6d, 0x1b, 0x5b, 0x33, 0x38, 0x3b, 0x32, 0x3b, 0x32, 
    0x35, 0x35, 0x3b, 0x32, 0x35, 0x35, 0x3b, 0x32, 0x35, 0x35, 0x6d, 0x4d, 0x1b, 0x5b, 0x30, 0x6d, 
    0x1b, 0x5b, 0x33, 0x38, 0x3b, 0x32, 0x3b, 0x32, 0x35, 0x35, 0x3b, 0x32, 0x35, 0x35, 0x3b, 0x32, 
    0x35, 0x35, 0x6d, 0x4d, 0x1b, 0x5b, 0x30, 0x6d, 0x1b, 0x5b, 0x33, 0x38, 0x3b, 0x32, 0x3b, 0x32, 
    0x35, 0x35, 0x3b, 0x32, 0x35, 0x35, 0x3b, 0x32, 0x35, 0x35, 0x6d, 0x4d, 0x1b, 0x5b, 0x30, 0x6d, 
    0x1b, 0x5b, 0x33, 0x38, 0x3b, 0x32, 0x3b, 0x32, 0x35, 0x35, 0x3b, 0x32, 0x35, 0x35, 0x3b, 0x32, 
    0x35, 0x35, 0x6d, 0x4d, 0x1b, 0x5b, 0x30, 0x6d, 0x1b, 0x5b, 0x33, 0x38, 0x3b, 0x32, 0x3b, 0x32, 
    0x35, 0x35, 0x3b, 0x32, 0x35, 0x35, 0x3b, 0x32, 0x35, 0x35, 0x6d, 0x4d, 0x1b, 0x5b, 0x30, 0x6d, 
    0x1b, 0x5b, 0x33, 0x38, 0x3b, 0x32, 0x3b, 0x32, 0x35, 0x35, 0x3b, 0x32, 0x35, 0x35, 0x3b, 0x32, 
    0x35, 0x35, 0x6d, 0x4d, 0x1b, 0x5b, 0x30, 0x6d, 0x1b, 0x5b, 0x33, 0x38, 0x3b, 0x32, 0x3b, 0x32, 
    0x35, 0x35, 0x3b, 0x32, 0x35, 0x35, 0x3b, 0x32, 0x35, 0x35, 0x6d, 0x4d, 0x1b, 0x5b, 0x30, 0x6d, 
    0x1b, 0x5b, 0x33, 0x38, 0x3b, 0x32, 0x3b, 0x32, 0x35, 0x35, 0x3b, 0x32, 0x35, 0x35, 0x3b, 0x32, 
    0x35, 0x35, 0x6d, 0x4d, 0x1b, 0x5b, 0x30, 0x6d, 0x1b, 0x5b, 0x33, 0x38, 0x3b, 0x32, 0x3b, 0x32, 
    0x35, 0x35, 0x3b, 0x32, 0x35, 0x35, 0x3b, 0x32, 0x35, 0x35, 0x6d, 0x4d, 0x1b, 0x5b, 0x30, 0x6d, 
    0x1b, 0x5b, 0x33, 0x38, 0x3b, 0x32, 0x3b, 0x32, 0x35, 0x35, 0x3b, 0x32, 0x35, 0x35, 0x3b, 0x32, 
    0x35, 0x35, 0x6d, 0x4d, 0x1b, 0x5b, 0x30, 0x6d, 0x1b, 0x5b, 0x33, 0x38, 0x3b, 0x32, 0x3b, 0x32, 
    0x35, 0x35, 0x3b, 0x32, 0x35, 0x35, 0x3b, 0x32, 0x35, 0x35, 0x6d, 0x4d, 0x1b, 0x5b, 0x30, 0x6d, 
    0x1b, 0x5b, 0x33, 0x38, 0x3b, 0x32, 0x3b, 0x32, 0x35, 0x35, 0x3b, 0x32, 0x35, 0x35, 0x3b, 0x32, 
    0x35, 0x35, 0x6d, 0x4d, 0x1b, 0x5b, 0x30, 0x6d, 0x1b, 0x5b, 0x33, 0x38, 0x3b, 0x32, 0x3b, 0x32, 
    0x35, 0x35, 0x3b, 0x32, 0x35, 0x35, 0x3b, 0x32, 0x35, 0x35, 0x6d, 0x4d, 0x1b, 0x5b, 0x30, 0x6d, 
    0x1b, 0x5b, 0x33, 0x38, 0x3b, 0x32, 0x3b, 0x32, 0x35, 0x35, 0x3b, 0x32, 0x35, 0x35, 0x3b, 0x32, 
    0x35, 0x35, 0x6d, 0x4d, 0x1b, 0x5b, 0x30, 0x6d, 0x1b, 0x5b, 0x33, 0x38, 0x3b, 0x32, 0x3b, 0x32, 
    0x35, 0x35, 0x3b, 0x32, 0x35, 0x35, 0x3b, 0x32, 0x35, 0x35, 0x6d, 0x4d, 0x1b, 0x5b, 0x30, 0x6d, 
    0x1b, 0x5b, 0x33, 0x38, 0x3b, 0x32, 0x3b, 0x32, 0x35, 0x35, 0x3b, 0x32, 0x35, 0x35, 0x3b, 0x32, 
    0x35, 0x35, 0x6d, 0x4d, 0x1b, 0x5b, 0x30, 0x6d, 0x1b, 0x5b, 0x33, 0x38, 0x3b, 0x32, 0x3b, 0x35, 
    0x31, 0x3b, 0x35, 0x31, 0x3b, 0x35, 0x31, 0x6d, 0x2e, 0x1b, 0x5b, 0x30, 0x6d, 0x1b, 0x5b, 0x33, 
    0x38, 0x3b, 0x32, 0x3b, 0x35, 0x31, 0x3b, 0x35, 0x31, 0x3b, 0x35, 0x31, 0x6d, 0x2e, 0x1b, 0x5b, 
    0x30, 0x6d, 0x1b, 0x5b, 0x33, 0x38, 0x3b, 0x32, 0x3b, 0x35, 0x31, 0x3b, 0x35, 0x31, 0x3b, 0x35, 
    0x31, 0x6d, 0x2e, 0x1b, 0x5b, 0x30, 0x6d, 0x1b, 0x5b, 0x33, 0x38, 0x3b, 0x32, 0x3b, 0x35, 0x31, 
    0x3b, 0x35, 0x31, 0x3b, 0x35, 0x31, 0x6d, 0x2e, 0x1b, 0x5b, 0x30, 0x6d, 0x1b, 0x5b, 0x33, 0x38, 
    0x3b, 0x32, 0x3b, 0x35, 0x31, 0x3b, 0x35, 0x31, 0x3b, 0x35, 0x31, 0x6d, 0x2e, 0x1b, 0x5b, 0x30, 
    0x6d, 0x1b, 0x5b, 0x33, 0x38, 0x3b, 0x32, 0x3b, 0x35, 0x31, 0x3b, 0x35, 0x31, 0x3b, 0x35, 0x31, 
    0x6d, 0x2e, 0x1b, 0x5b, 0x30, 0x6d, 0x1b, 0x5b, 0x33, 0x38, 0x3b, 0x32, 0x3b, 0x32, 0x36, 0x3b, 
    0x32, 0x36, 0x3b, 0x32, 0x36, 0x6d, 0x20, 0x1b, 0x5b, 0x30, 0x6d, 0x1b, 0x5b, 0x33, 0x38, 0x3b, 
    0x32, 0x3b, 0x30, 0x3b, 0x30, 0x3b, 0x30, 0x6d, 0x20, 0x1b, 0x5b, 0x30, 0x6d, 0x1b, 0x5b, 0x33, 
    0x38, 0x3b, 0x32, 0x3b, 0x30, 0x3b, 0x30, 0x3b, 0x30, 0x6d, 0x20, 0x1b, 0x5b, 0x30, 0x6d, 0x1b, 
    0x5b, 0x33, 0x38, 0x3b, 0x32, 0x3b, 0x30, 0x3b, 0x30, 0x3b, 0x30, 0x6d, 0x20, 0x1b, 0x5b, 0x30, 
    0x6d, 0x1b, 0x5b, 0x33, 0x38, 0x3b, 0x32, 0x3b, 0x30, 0x3b, 0x30, 0x3b, 0x30, 0x6d, 0x20, 0x1b, 
    0x5b, 0x30, 0x6d, 0x1b, 0x5b, 0x33, 0x38, 0x3b, 0x32, 0x3b, 0x32, 0x35, 0x35, 0x3b, 0x32, 0x35, 
    0x35, 0x3b, 0x32, 0x35, 0x35, 0x6d, 0x4d, 0x1b, 0x5b, 0x30, 0x6d, 0x1b, 0x5b, 0x33, 0x38, 0x3b, 
    0x32, 0x3b, 0x32, 0x35, 0x35, 0x3b, 0x32, 0x35, 0x35, 0x3b, 0x32, 0x35, 0x35, 0x6d, 0x4d, 0x1b, 
    0x5b, 0x30, 0x6d, 0x1b, 0x5b, 0x33, 0x38, 0x3b, 0x32, 0x3b, 0x32, 0x35, 0x35, 0x3b, 0x32, 0x35, 
    0x35, 0x3b, 0x32, 0x35, 0x35, 0x6d, 0x4d, 0x1b, 0x5b, 0x30, 0x6d, 0x1b, 0x5b, 0x33, 0x38, 0x3b, 
    0x32, 0x3b, 0x32, 0x35, 0x35, 0x3b, 0x32, 0x35, 0x35, 0x3b, 0x32, 0x35, 0x35, 0x6d, 0x4d, 0x1b, 
    0x5b, 0x30, 0x6d, 0x1b, 0x5b, 0x33, 0x38, 0x3b, 0x32, 0x3b, 0x32, 0x35, 0x35, 0x3b, 0x32, 0x35, 
    0x35, 0x3b, 0x32, 0x35, 0x35, 0x6d, 0x4d, 0x1b, 0x5b, 0x30, 0x6d, 0x1b, 0x5b, 0x33, 0x38, 0x3b, 
    0x32, 0x3b, 0x32, 0x35, 0x35, 0x3b, 0x32, 0x35, 0x35, 0x3b, 0x32, 0x35, 0x35, 0x6d, 0x4d, 0x1b, 
    0x5b, 0x30, 0x6d, 0x1b, 0x5b, 0x33, 0x38, 0x3b, 0x32, 0x3b, 0x32, 0x35, 0x35, 0x3b, 0x32, 0x35, 
    0x35, 0x3b, 0x32, 0x35, 0x35, 0x6d, 0x4d, 0x1b, 0x5b, 0x30, 0x6d, 0x1b, 0x5b, 0x33, 0x38, 0x3b, 
    0x32, 0x3b, 0x32, 0x35, 0x35, 0x3b, 0x32, 0x35, 0x35, 0x3b, 0x32, 0x35, 0x35, 0x6d, 0x4d, 0x1b, 
    0x5b, 0x30, 0x6d, 0x1b, 0x5b, 0x33, 0x38, 0x3b, 0x32, 0x3b, 0x32, 0x35, 0x35, 0x3b, 0x32, 0x35, 
    0x35, 0x3b, 0x32, 0x35, 0x35, 0x6d, 0x4d, 0x1b, 0x5b, 0x30, 0x6d, 0x1b, 0x5b, 0x33, 0x38, 0x3b, 
    0x32, 0x3b, 0x32, 0x35, 0x35, 0x3b, 0x32, 0x35, 0x35, 0x3b, 0x32, 0x35, 0x35, 0x6d, 0x4d, 0x1b, 
    0x5b, 0x30, 0x6d, 0x1b, 0x5b, 0x33, 0x38, 0x3b, 0x32, 0x3b, 0x32, 0x35, 0x35, 0x3b, 0x32, 0x35, 
    0x35, 0x3b, 0x32, 0x35, 0x35, 0x6d, 0x4d, 0x1b, 0x5b, 0x30, 0x6d, 0x1b, 0x5b, 0x33, 0x38, 0x3b, 
    0x32, 0x3b, 0x32, 0x35, 0x35, 0x3b, 0x32, 0x35, 0x35, 0x3b, 0x32, 0x35, 0x35, 0x6d, 0x4d, 0x1b, 
    0x5b, 0x30, 0x6d, 0x1b, 0x5b, 0x33, 0x38, 0x3b, 0x32, 0x3b, 0x32, 0x35, 0x35, 0x3b, 0x32, 0x35, 
    0x35, 0x3b, 0x32, 0x35, 0x35, 0x6d, 0x4d, 0x1b, 0x5b, 0x30, 0x6d, 0x1b, 0x5b, 0x33, 0x38, 0x3b, 
    0x32, 0x3b, 0x32, 0x35, 0x35, 0x3b, 0x32, 0x35, 0x35, 0x3b, 0x32, 0x35, 0x35, 0x6d, 0x4d, 0x1b, 
    0x5b, 0x30, 0x6d, 0x1b, 0x5b, 0x33, 0x38, 0x3b, 0x32, 0x3b, 0x32, 0x35, 0x35, 0x3b, 0x32, 0x35, 
    0x35, 0x3b, 0x32, 0x35, 0x35, 0x6d, 0x4d, 0x1b, 0x5b, 0x30, 0x6d, 0x1b, 0x5b, 0x33, 0x38, 0x3b, 
    0x32, 0x3b, 0x32, 0x35, 0x35, 0x3b, 0x32, 0x35, 0x35, 0x3b, 0x32, 0x35, 0x35, 0x6d, 0x4d, 0x1b, 
    0x5b, 0x30, 0x6d, 0x1b, 0x5b, 0x33, 0x38, 0x3b, 0x32, 0x3b, 0x32, 0x35, 0x35, 0x3b, 0x32, 0x35, 
    0x35, 0x3b, 0x32, 0x35, 0x35, 0x6d, 0x4d, 0x1b, 0x5b, 0x30, 0x6d, 0x1b, 0x5b, 0x33, 0x38, 0x3b, 
    0x32, 0x3b, 0x32, 0x35, 0x35, 0x3b, 0x32, 0x35, 0x35, 0x3b, 0x32, 0x35, 0x35, 0x6d, 0x4d, 0x1b, 
    0x5b, 0x30, 0x6d, 0x0a, 0x1b, 0x5b, 0x30, 0x6d, 0x1b, 0x5b, 0x33, 0x38, 0x3b, 0x32, 0x3b, 0x32, 
    0x35, 0x35, 0x3b, 0x32, 0x35, 0x35, 0x3b, 0x32, 0x35, 0x35, 0x6d, 0x4d, 0x1b, 0x5b, 0x30, 0x6d, 
    0x1b, 0x5b, 0x33, 0x38, 0x3b, 0x32, 0x3b, 0x32, 0x35, 0x35, 0x3b, 0x32, 0x35, 0x35, 0x3b, 0x32, 
    0x35, 0x35, 0x6d, 0x4d, 0x1b, 0x5b, 0x30, 0x6d, 0x1b, 0x5b, 0x33, 0x38, 0x3b, 0x32, 0x3b, 0x32, 
    0x35, 0x35, 0x3b, 0x32, 0x35, 0x35, 0x3b, 0x32, 0x35, 0x35, 0x6d, 0x4d, 0x1b, 0x5b, 0x30, 0x6d, 
    0x1b, 0x5b, 0x33, 0x38, 0x3b, 0x32, 0x3b, 0x32, 0x35, 0x35, 0x3b, 0x32, 0x35, 0x35, 0x3b, 0x32, 
    0x35, 0x35, 0x6d, 0x4d, 0x1b, 0x5b, 0x30, 0x6d, 0x1b, 0x5b, 0x33, 0x38, 0x3b, 0x32, 0x3b, 0x32, 
    0x35, 0x35, 0x3b, 0x32, 0x35, 0x35, 0x3b, 0x32, 0x35, 0x35, 0x6d, 0x4d, 0x1b, 0x5b, 0x30, 0x6d, 
    0x1b, 0x5b, 0x33, 0x38, 0x3b, 0x32, 0x3b, 0x32, 0x35, 0x35, 0x3b, 0x32, 0x35, 0x35, 0x3b, 0x32, 
    0x35, 0x35, 0x6d, 0x4d, 0x1b, 0x5b, 0x30, 0x6d, 0x1b, 0x5b, 0x33, 0x38, 0x3b, 0x32, 0x3b, 0x32, 
    0x35, 0x35, 0x3b, 0x32, 0x35, 0x35, 0x3b, 0x32, 0x35, 0x35, 0x6d, 0x4d, 0x1b, 0x5b, 0x30, 0x6d, 
    0x1b, 0x5b, 0x33, 0x38, 0x3b, 0x32, 0x3b, 0x32, 0x35, 0x35, 0x3b, 0x32, 0x35, 0x35, 0x3b, 0x32, 
    0x35, 0x35, 0x6d, 0x4d, 0x1b, 0x5b, 0x30, 0x6d, 0x1b, 0x5b, 0x33, 0x38, 0x3b, 0x32, 0x3b, 0x32, 
    0x35, 0x35, 0x3b, 0x32, 0x35, 0x35, 0x3b, 0x32, 0x35, 0x35, 0x6d, 0x4d, 0x1b, 0x5b, 0x30, 0x6d, 
    0x1b, 0x5b, 0x33, 0x38, 0x3b, 0x32, 0x3b, 0x32, 0x35, 0x35, 0x3b, 0x32, 0x35, 0x35, 0x3b, 0x32, 
    0x35, 0x35, 0x6d, 0x4d, 0x1b, 0x5b, 0x30, 0x6d, 0x1b, 0x5b, 0x33, 0x38, 0x3b, 0x32, 0x3b, 0x32, 
    0x35, 0x35, 0x3b, 0x32, 0x35, 0x35, 0x3b, 0x32, 0x35, 0x35, 0x6d, 0x4d, 0x1b, 0x5b, 0x30, 0x6d, 
    0x1b, 0x5b, 0x33, 0x38, 0x3b, 0x32, 0x3b, 0x32, 0x35, 0x35, 0x3b, 0x32, 0x35, 0x35, 0x3b, 0x32, 
    0x35, 0x35, 0x6d, 0x4d, 0x1b, 0x5b, 0x30, 0x6d, 0x1b, 0x5b, 0x33, 0x38, 0x3b, 0x32, 0x3b, 0x32, 
    0x35, 0x35, 0x3b, 0x32, 0x35, 0x35, 0x3b, 0x32, 0x35, 0x35, 0x6d, 0x4d, 0x1b, 0x5b, 0x30, 0x6d, 
    0x1b, 0x5b, 0x33, 0x38, 0x3b, 0x32, 0x3b, 0x32, 0x35, 0x35, 0x3b, 0x32, 0x35, 0x35, 0x3b, 0x32, 
    0x35, 0x35, 0x6d, 0x4d, 0x1b, 0x5b, 0x30, 0x6d, 0x1b, 0x5b, 0x33, 0x38, 0x3b, 0x32, 0x3b, 0x32, 
    0x35, 0x35, 0x3b, 0x32, 0x35, 0x35, 0x3b, 0x32, 0x35, 0x35, 0x6d, 0x4d, 0x1b, 0x5b, 0x30, 0x6d, 
    0x1b, 0x5b, 0x33, 0x38, 0x3b, 0x32, 0x3b, 0x32, 0x35, 0x35, 0x3b, 0x32, 0x35, 0x35, 0x3b, 0x32, 
    0x35, 0x35, 0x6d, 0x4d, 0x1b, 0x5b, 0x30, 0x6d, 0x1b, 0x5b, 0x33, 0x38, 0x3b, 0x32, 0x3b, 0x32, 
    0x35, 0x35, 0x3b, 0x32, 0x35, 0x35, 0x3b, 0x32, 0x35, 0x35, 0x6d, 0x4d, 0x1b, 0x5b, 0x30, 0x6d, 
    0x1b, 0x5b, 0x33, 0x38, 0x3b, 0x32, 0x3b, 0x32, 0x35, 0x35, 0x3b, 0x32, 0x35, 0x35, 0x3b, 0x32, 
    0x35, 0x35, 0x6d, 0x4d, 0x1b, 0x5b, 0x30, 0x6d, 0x1b, 0x5b, 0x33, 0x38, 0x3b, 0x32, 0x3b, 0x32, 
    0x35, 0x35, 0x3b, 0x32, 0x35, 0x35, 0x3b, 0x32, 0x35, 0x35, 0x6d, 0x4d, 0x1b, 0x5b, 0x30, 0x6d, 
    0x1b, 0x5b, 0x33, 0x38, 0x3b, 0x32, 0x3b, 0x32, 0x35, 0x35, 0x3b, 0x32, 0x35, 0x35, 0x3b, 0x32, 
    0x35, 0x35, 0x6d, 0x4d, 0x1b, 0x5b, 0x30, 0x6d, 0x1b, 0x5b, 0x33, 0x38, 0x3b, 0x32, 0x3b, 0x31, 
    0x32, 0x38, 0x3b, 0x31, 0x32, 0x38, 0x3b, 0x31, 0x32, 0x38, 0x6d, 0x6c, 0x1b, 0x5b, 0x30, 0x6d, 
    0x1b, 0x5b, 0x33, 0x38, 0x3b, 0x32, 0x3b, 0x30, 0x3b, 0x30, 0x3b, 0x30, 0x6d, 0x20, 0x1b, 0x5b, 
    0x30, 0x6d, 0x1b, 0x5b, 0x33, 0x38, 0x3b, 0x32, 0x3b, 0x30, 0x3b, 0x30, 0x3b, 0x30, 0x6d, 0x20, 
    0x1b, 0x5b, 0x30, 0x6d, 0x1b, 0x5b, 0x33, 0x38, 0x3b, 0x32, 0x3b, 0x30, 0x3b, 0x30, 0x3b, 0x30, 
    0x6d, 0x20, 0x1b, 0x5b, 0x30, 0x6d, 0x1b, 0x5b, 0x33, 0x38, 0x3b, 0x32, 0x3b, 0x30, 0x3b, 0x30, 
    0x3b, 0x30, 0x6d, 0x20, 0x1b, 0x5b, 0x30, 0x6d, 0x1b, 0x5b, 0x33, 0x38, 0x3b, 0x32, 0x3b, 0x30, 
    0x3b, 0x30, 0x3b, 0x30, 0x6d, 0x20, 0x1b, 0x5b, 0x30, 0x6d, 0x1b, 0x5b, 0x33, 0x38, 0x3b, 0x32, 
    0x3b, 0x30, 0x3b, 0x30, 0x3b, 0x30, 0x6d, 0x20, 0x1b, 0x5b, 0x30, 0x6d, 0x1b, 0x5b, 0x33, 0x38, 
    0x3b, 0x32, 0x3b, 0x30, 0x3b, 0x30, 0x3b, 0x30, 0x6d, 0x20, 0x1b, 0x5b, 0x30, 0x6d, 0x1b, 0x5b, 
    0x33, 0x38, 0x3b, 0x32, 0x3b, 0x30, 0x3b, 0x30, 0x3b, 0x30, 0x6d, 0x20, 0x1b, 0x5b, 0x30, 0x6d, 
    0x1b, 0x5b, 0x33, 0x38, 0x3b, 0x32, 0x3b, 0x30, 0x3b, 0x30, 0x3b, 0x30, 0x6d, 0x20, 0x1b, 0x5b, 
    0x30, 0x6d, 0x1b, 0x5b, 0x33, 0x38, 0x3b, 0x32, 0x3b, 0x30, 0x3b, 0x30, 0x3b, 0x30, 0x6d, 0x20, 
    0x1b, 0x5b, 0x30, 0x6d, 0x1b, 0x5b, 0x33, 0x38, 0x3b, 0x32, 0x3b, 0x30, 0x3b, 0x30, 0x3b, 0x30, 
    0x6d, 0x20, 0x1b, 0x5b, 0x30, 0x6d, 0x1b, 0x5b, 0x33, 0x38, 0x3b, 0x32, 0x3b, 0x31, 0x39, 0x31, 
    0x3b, 0x31, 0x39, 0x31, 0x3b, 0x31, 0x39, 0x31, 0x6d, 0x30, 0x1b, 0x5b, 0x30, 0x6d, 0x1b, 0x5b, 
    0x33, 0x38, 0x3b, 0x32, 0x3b, 0x31, 0x39, 0x31, 0x3b, 0x31, 0x39, 0x31, 0x3b, 0x31, 0x39, 0x31, 
    0x6d, 0x30, 0x1b, 0x5b, 0x30, 0x6d, 0x1b, 0x5b, 0x33, 0x38, 0x3b, 0x32, 0x3b, 0x30, 0x3b, 0x30, 
    0x3b, 0x30, 0x6d, 0x20, 0x1b, 0x5b, 0x30, 0x6d, 0x1b, 0x5b, 0x33, 0x38, 0x3b, 0x32, 0x3b, 0x30, 
    0x3b, 0x30, 0x3b, 0x30, 0x6d, 0x20, 0x1b, 0x5b, 0x30, 0x6d, 0x1b, 0x5b, 0x33, 0x38, 0x3b, 0x32, 
    0x3b, 0x30, 0x3b, 0x30, 0x3b, 0x30, 0x6d, 0x20, 0x1b, 0x5b, 0x30, 0x6d, 0x1b, 0x5b, 0x33, 0x38, 
    0x3b, 0x32, 0x3b, 0x30, 0x3b, 0x30, 0x3b, 0x30, 0x6d, 0x20, 0x1b, 0x5b, 0x30, 0x6d, 0x1b, 0x5b, 
    0x33, 0x38, 0x3b, 0x32, 0x3b, 0x30, 0x3b, 0x30, 0x3b, 0x30, 0x6d, 0x20, 0x1b, 0x5b, 0x30, 0x6d, 
    0x1b, 0x5b, 0x33, 0x38, 0x3b, 0x32, 0x3b, 0x30, 0x3b, 0x30, 0x3b, 0x30, 0x6d, 0x20, 0x1b, 0x5b, 
    0x30, 0x6d, 0x1b, 0x5b, 0x33, 0x38, 0x3b, 0x32, 0x3b, 0x30, 0x3b, 0x30, 0x3b, 0x30, 0x6d, 0x20, 
    0x1b, 0x5b, 0x30, 0x6d, 0x1b, 0x5b, 0x33, 0x38, 0x3b, 0x32, 0x3b, 0x30, 0x3b, 0x30, 0x3b, 0x30, 
    0x6d, 0x20, 0x1b, 0x5b, 0x30, 0x6d, 0x1b, 0x5b, 0x33, 0x38, 0x3b, 0x32, 0x3b, 0x30, 0x3b, 0x30, 
    0x3b, 0x30, 0x6d, 0x20, 0x1b, 0x5b, 0x30, 0x6d, 0x1b, 0x5b, 0x33, 0x38, 0x3b, 0x32, 0x3b, 0x31, 
    0x32, 0x38, 0x3b, 0x31, 0x32, 0x38, 0x3b, 0x31, 0x32, 0x38, 0x6d, 0x6c, 0x1b, 0x5b, 0x30, 0x6d, 
    0x1b, 0x5b, 0x33, 0x38, 0x3b, 0x32, 0x3b, 0x32, 0x35, 0x35, 0x3b, 0x32, 0x35, 0x35, 0x3b, 0x32, 
    0x35, 0x35, 0x6d, 0x4d, 0x1b, 0x5b, 0x30, 0x6d, 0x1b, 0x5b, 0x33, 0x38, 0x3b, 0x32, 0x3b, 0x32, 
    0x35, 0x35, 0x3b, 0x32, 0x35, 0x35, 0x3b, 0x32, 0x35, 0x35, 0x6d, 0x4d, 0x1b, 0x5b, 0x30, 0x6d, 
    0x1b, 0x5b, 0x33, 0x38, 0x3b, 0x32, 0x3b, 0x32, 0x35, 0x35, 0x3b, 0x32, 0x35, 0x35, 0x3b, 0x32, 
    0x35, 0x35, 0x6d, 0x4d, 0x1b, 0x5b, 0x30, 0x6d, 0x1b, 0x5b, 0x33, 0x38, 0x3b, 0x32, 0x3b, 0x32, 
    0x35, 0x35, 0x3b, 0x32, 0x35, 0x35, 0x3b, 0x32, 0x35, 0x35, 0x6d, 0x4d, 0x1b, 0x5b, 0x30, 0x6d, 
    0x1b, 0x5b, 0x33, 0x38, 0x3b, 0x32, 0x3b, 0x32, 0x35, 0x35, 0x3b, 0x32, 0x35, 0x35, 0x3b, 0x32, 
    0x35, 0x35, 0x6d, 0x4d, 0x1b, 0x5b, 0x30, 0x6d, 0x1b, 0x5b, 0x33, 0x38, 0x3b, 0x32, 0x3b, 0x32, 
    0x35, 0x35, 0x3b, 0x32, 0x35, 0x35, 0x3b, 0x32, 0x35, 0x35, 0x6d, 0x4d, 0x1b, 0x5b, 0x30, 0x6d, 
    0x1b, 0x5b, 0x33, 0x38, 0x3b, 0x32, 0x3b, 0x32, 0x35, 0x35, 0x3b, 0x32, 0x35, 0x35, 0x3b, 0x32, 
    0x35, 0x35, 0x6d, 0x4d, 0x1b, 0x5b, 0x30, 0x6d, 0x1b, 0x5b, 0x33, 0x38, 0x3b, 0x32, 0x3b, 0x32, 
    0x35, 0x35, 0x3b, 0x32, 0x35, 0x35, 0x3b, 0x32, 0x35, 0x35, 0x6d, 0x4d, 0x1b, 0x5b, 0x30, 0x6d, 
    0x1b, 0x5b, 0x33, 0x38, 0x3b, 0x32, 0x3b, 0x32, 0x35, 0x35, 0x3b, 0x32, 0x35, 0x35, 0x3b, 0x32, 
    0x35, 0x35, 0x6d, 0x4d, 0x1b, 0x5b, 0x30, 0x6d, 0x1b, 0x5b, 0x33, 0x38, 0x3b, 0x32, 0x3b, 0x32, 
    0x35, 0x35, 0x3b, 0x32, 0x35, 0x35, 0x3b, 0x32, 0x35, 0x35, 0x6d, 0x4d, 0x1b, 0x5b, 0x30, 0x6d, 
    0x1b, 0x5b, 0x33, 0x38, 0x3b, 0x32, 0x3b, 0x32, 0x35, 0x35, 0x3b, 0x32, 0x35, 0x35, 0x3b, 0x32, 
    0x35, 0x35, 0x6d, 0x4d, 0x1b, 0x5b, 0x30, 0x6d, 0x1b, 0x5b, 0x33, 0x38, 0x3b, 0x32, 0x3b, 0x32, 
    0x35, 0x35, 0x3b, 0x32, 0x35, 0x35, 0x3b, 0x32, 0x35, 0x35, 0x6d, 0x4d, 0x1b, 0x5b, 0x30, 0x6d, 
    0x1b, 0x5b, 0x33, 0x38, 0x3b, 0x32, 0x3b, 0x32, 0x35, 0x35, 0x3b, 0x32, 0x35, 0x35, 0x3b, 0x32, 
    0x35, 0x35, 0x6d, 0x4d, 0x1b, 0x5b, 0x30, 0x6d, 0x1b, 0x5b, 0x33, 0x38, 0x3b, 0x32, 0x3b, 0x32, 
    0x35, 0x35, 0x3b, 0x32, 0x35, 0x35, 0x3b, 0x32, 0x35, 0x35, 0x6d, 0x4d, 0x1b, 0x5b, 0x30, 0x6d, 
    0x1b, 0x5b, 0x33, 0x38, 0x3b, 0x32, 0x3b, 0x32, 0x35, 0x35, 0x3b, 0x32, 0x35, 0x35, 0x3b, 0x32, 
    0x35, 0x35, 0x6d, 0x4d, 0x1b, 0x5b, 0x30, 0x6d, 0x1b, 0x5b, 0x33, 0x38, 0x3b, 0x32, 0x3b, 0x32, 
    0x35, 0x35, 0x3b, 0x32, 0x35, 0x35, 0x3b, 0x32, 0x35, 0x35, 0x6d, 0x4d, 0x1b, 0x5b, 0x30, 0x6d, 
    0x1b, 0x5b, 0x33, 0x38, 0x3b, 0x32, 0x3b, 0x32, 0x35, 0x35, 0x3b, 0x32, 0x35, 0x35, 0x3b, 0x32, 
    0x35, 0x35, 0x6d, 0x4d, 0x1b, 0x5b, 0x30, 0x6d, 0x1b, 0x5b, 0x33, 0x38, 0x3b, 0x32, 0x3b, 0x31, 
    0x35, 0x39, 0x3b, 0x31, 0x35, 0x39, 0x3b, 0x31, 0x35, 0x39, 0x6d, 0x78, 0x1b, 0x5b, 0x30, 0x6d, 
    0x1b, 0x5b, 0x33, 0x38, 0x3b, 0x32, 0x3b, 0x36, 0x34, 0x3b, 0x36, 0x34, 0x3b, 0x36, 0x34, 0x6d, 
    0x27, 0x1b, 0x5b, 0x30, 0x6d, 0x1b, 0x5b, 0x33, 0x38, 0x3b, 0x32, 0x3b, 0x36, 0x34, 0x3b, 0x36, 
    0x34, 0x3b, 0x36, 0x34, 0x6d, 0x27, 0x1b, 0x5b, 0x30, 0x6d, 0x1b, 0x5b, 0x33, 0x38, 0x3b, 0x32, 
    0x3b, 0x36, 0x34, 0x3b, 0x36, 0x34, 0x3b, 0x36, 0x34, 0x6d, 0x27, 0x1b, 0x5b, 0x30, 0x6d, 0x1b, 
    0x5b, 0x33, 0x38, 0x3b, 0x32, 0x3b, 0x36, 0x34, 0x3b, 0x36, 0x34, 0x3b, 0x36, 0x34, 0x6d, 0x27, 
    0x1b, 0x5b, 0x30, 0x6d, 0x1b, 0x5b, 0x33, 0x38, 0x3b, 0x32, 0x3b, 0x36, 0x34, 0x3b, 0x36, 0x34, 
    0x3b, 0x36, 0x34, 0x6d, 0x27, 0x1b, 0x5b, 0x30, 0x6d, 0x1b, 0x5b, 0x33, 0x38, 0x3b, 0x32, 0x3b, 
    0x36, 0x34, 0x3b, 0x36, 0x34, 0x3b, 0x36, 0x34, 0x6d, 0x27, 0x1b, 0x5b, 0x30, 0x6d, 0x1b, 0x5b, 
    0x33, 0x38, 0x3b, 0x32, 0x3b, 0x36, 0x34, 0x3b, 0x36, 0x34, 0x3b, 0x36, 0x34, 0x6d, 0x27, 0x1b, 
    0x5b, 0x30, 0x6d, 0x1b, 0x5b, 0x33, 0x38, 0x3b, 0x32, 0x3b, 0x36, 0x34, 0x3b, 0x36, 0x34, 0x3b, 
    0x36, 0x34, 0x6d, 0x27, 0x1b, 0x5b, 0x30, 0x6d, 0x1b, 0x5b, 0x33, 0x38, 0x3b, 0x32, 0x3b, 0x36, 
    0x34, 0x3b, 0x36, 0x34, 0x3b, 0x36, 0x34, 0x6d, 0x27, 0x1b, 0x5b, 0x30, 0x6d, 0x1b, 0x5b, 0x33, 
    0x38, 0x3b, 0x32, 0x3b, 0x30, 0x3b, 0x30, 0x3b, 0x30, 0x6d, 0x20, 0x1b, 0x5b, 0x30, 0x6d, 0x1b, 
    0x5b, 0x33, 0x38, 0x3b, 0x32, 0x3b, 0x30, 0x3b, 0x30, 0x3b, 0x30, 0x6d, 0x20, 0x1b, 0x5b, 0x30, 
    0x6d, 0x1b, 0x5b, 0x33, 0x38, 0x3b, 0x32, 0x3b, 0x30, 0x3b, 0x30, 0x3b, 0x30, 0x6d, 0x20, 0x1b, 
    0x5b, 0x30, 0x6d, 0x1b, 0x5b, 0x33, 0x38, 0x3b, 0x32, 0x3b, 0x30, 0x3b, 0x30, 0x3b, 0x30, 0x6d, 
    0x20, 0x1b, 0x5b, 0x30, 0x6d, 0x1b, 0x5b, 0x33, 0x38, 0x3b, 0x32, 0x3b, 0x30, 0x3b, 0x30, 0x3b, 
    0x30, 0x6d, 0x20, 0x1b, 0x5b, 0x30, 0x6d, 0x1b, 0x5b, 0x33, 0x38, 0x3b, 0x32, 0x3b, 0x30, 0x3b, 
    0x30, 0x3b, 0x30, 0x6d, 0x20, 0x1b, 0x5b, 0x30, 0x6d, 0x1b, 0x5b, 0x33, 0x38, 0x3b, 0x32, 0x3b, 
    0x30, 0x3b, 0x30, 0x3b, 0x30, 0x6d, 0x20, 0x1b, 0x5b, 0x30, 0x6d, 0x1b, 0x5b, 0x33, 0x38, 0x3b, 
    0x32, 0x3b, 0x30, 0x3b, 0x30, 0x3b, 0x30, 0x6d, 0x20, 0x1b, 0x5b, 0x30, 0x6d, 0x1b, 0x5b, 0x33, 
    0x38, 0x3b, 0x32, 0x3b, 0x30, 0x3b, 0x30, 0x3b, 0x30, 0x6d, 0x20, 0x1b, 0x5b, 0x30, 0x6d, 0x1b, 
    0x5b, 0x33, 0x38, 0x3b, 0x32, 0x3b, 0x30, 0x3b, 0x30, 0x3b, 0x30, 0x6d, 0x20, 0x1b, 0x5b, 0x30, 
    0x6d, 0x1b, 0x5b, 0x33, 0x38, 0x3b, 0x32, 0x3b, 0x30, 0x3b, 0x30, 0x3b, 0x30, 0x6d, 0x20, 0x1b, 
    0x5b, 0x30, 0x6d, 0x1b, 0x5b, 0x33, 0x38, 0x3b, 0x32, 0x3b, 0x32, 0x35, 0x35, 0x3b, 0x32, 0x35, 
    0x35, 0x3b, 0x32, 0x35, 0x35, 0x6d, 0x4d, 0x1b, 0x5b, 0x30, 0x6d, 0x1b, 0x5b, 0x33, 0x38, 0x3b, 
    0x32, 0x3b, 0x32, 0x35, 0x35, 0x3b, 0x32, 0x35, 0x35, 0x3b, 0x32, 0x35, 0x35, 0x6d, 0x4d, 0x1b, 
    0x5b, 0x30, 0x6d, 0x1b, 0x5b, 0x33, 0x38, 0x3b, 0x32, 0x3b, 0x32, 0x35, 0x35, 0x3b, 0x32, 0x35, 
    0x35, 0x3b, 0x32, 0x35, 0x35, 0x6d, 0x4d, 0x1b, 0x5b, 0x30, 0x6d, 0x1b, 0x5b, 0x33, 0x38, 0x3b, 
    0x32, 0x3b, 0x32, 0x35, 0x35, 0x3b, 0x32, 0x35, 0x35, 0x3b, 0x32, 0x35, 0x35, 0x6d, 0x4d, 0x1b, 
    0x5b, 0x30, 0x6d, 0x1b, 0x5b, 0x33, 0x38, 0x3b, 0x32, 0x3b, 0x32, 0x35, 0x35, 0x3b, 0x32, 0x35, 
    0x35, 0x3b, 0x32, 0x35, 0x35, 0x6d, 0x4d, 0x1b, 0x5b, 0x30, 0x6d, 0x1b, 0x5b, 0x33, 0x38, 0x3b, 
    0x32, 0x3b, 0x32, 0x35, 0x35, 0x3b, 0x32, 0x35, 0x35, 0x3b, 0x32, 0x35, 0x35, 0x6d, 0x4d, 0x1b, 
    0x5b, 0x30, 0x6d, 0x1b, 0x5b, 0x33, 0x38, 0x3b, 0x32, 0x3b, 0x32, 0x35, 0x35, 0x3b, 0x32, 0x35, 
    0x35, 0x3b, 0x32, 0x35, 0x35, 0x6d, 0x4d, 0x1b, 0x5b, 0x30, 0x6d, 0x1b, 0x5b, 0x33, 0x38, 0x3b, 
    0x32, 0x3b, 0x32, 0x35, 0x35, 0x3b, 0x32, 0x35, 0x35, 0x3b, 0x32, 0x35, 0x35, 0x6d, 0x4d, 0x1b, 
    0x5b, 0x30, 0x6d, 0x1b, 0x5b, 0x33, 0x38, 0x3b, 0x32, 0x3b, 0x32, 0x35, 0x35, 0x3b, 0x32, 0x35, 
    0x35, 0x3b, 0x32, 0x35, 0x35, 0x6d, 0x4d, 0x1b, 0x5b, 0x30, 0x6d, 0x1b, 0x5b, 0x33, 0x38, 0x3b, 
    0x32, 0x3b, 0x32, 0x35, 0x35, 0x3b, 0x32, 0x35, 0x35, 0x3b, 0x32, 0x35, 0x35, 0x6d, 0x4d, 0x1b, 
    0x5b, 0x30, 0x6d, 0x1b, 0x5b, 0x33, 0x38, 0x3b, 0x32, 0x3b, 0x32, 0x35, 0x35, 0x3b, 0x32, 0x35, 
    0x35, 0x3b, 0x32, 0x35, 0x35, 0x6d, 0x4d, 0x1b, 0x5b, 0x30, 0x6d, 0x1b, 0x5b, 0x33, 0x38, 0x3b, 
    0x32, 0x3b, 0x32, 0x35, 0x35, 0x3b, 0x32, 0x35, 0x35, 0x3b, 0x32, 0x35, 0x35, 0x6d, 0x4d, 0x1b, 
    0x5b, 0x30, 0x6d, 0x1b, 0x5b, 0x33, 0x38, 0x3b, 0x32, 0x3b, 0x32, 0x35, 0x35, 0x3b, 0x32, 0x35, 
    0x35, 0x3b, 0x32, 0x35, 0x35, 0x6d, 0x4d, 0x1b, 0x5b, 0x30, 0x6d, 0x1b, 0x5b, 0x33, 0x38, 0x3b, 
    0x32, 0x3b, 0x32, 0x35, 0x35, 0x3b, 0x32, 0x35, 0x35, 0x3b, 0x32, 0x35, 0x35, 0x6d, 0x4d, 0x1b, 
    0x5b, 0x30, 0x6d, 0x1b, 0x5b, 0x33, 0x38, 0x3b, 0x32, 0x3b, 0x32, 0x35, 0x35, 0x3b, 0x32, 0x35, 
    0x35, 0x3b, 0x32, 0x35, 0x35, 0x6d, 0x4d, 0x1b, 0x5b, 0x30, 0x6d, 0x1b, 0x5b, 0x33, 0x38, 0x3b, 
    0x32, 0x3b, 0x32, 0x35, 0x35, 0x3b, 0x32, 0x35, 0x35, 0x3b, 0x32, 0x35, 0x35, 0x6d, 0x4d, 0x1b, 
    0x5b, 0x30, 0x6d, 0x1b, 0x5b, 0x33, 0x38, 0x3b, 0x32, 0x3b, 0x32, 0x35, 0x35, 0x3b, 0x32, 0x35, 
    0x35, 0x3b, 0x32, 0x35, 0x35, 0x6d, 0x4d, 0x1b, 0x5b, 0x30, 0x6d, 0x1b, 0x5b, 0x33, 0x38, 0x3b, 
    0x32, 0x3b, 0x32, 0x35, 0x35, 0x3b, 0x32, 0x35, 0x35, 0x3b, 0x32, 0x35, 0x35, 0x6d, 0x4d, 0x1b, 
    0x5b, 0x30, 0x6d, 0x0a, 0x1b, 0x5b, 0x30, 0x6d, 0x1b, 0x5b, 0x33, 0x38, 0x3b, 0x32, 0x3b, 0x32, 
    0x35, 0x35, 0x3b, 0x32, 0x35, 0x35, 0x3b, 0x32, 0x35, 0x35, 0x6d, 0x4d, 0x1b, 0x5b, 0x30, 0x6d, 
    0x1b, 0x5b, 0x33, 0x38, 0x3b, 0x32, 0x3b, 0x32, 0x35, 0x35, 0x3b, 0x32, 0x35, 0x35, 0x3b, 0x32, 
    0x35, 0x35, 0x6d, 0x4d, 0x1b, 0x5b, 0x30, 0x6d, 0x1b, 0x5b, 0x33, 0x38, 0x3b, 0x32, 0x3b, 0x32, 
    0x35, 0x35, 0x3b, 0x32, 0x35, 0x35, 0x3b, 0x32, 0x35, 0x35, 0x6d, 0x4d, 0x1b, 0x5b, 0x30, 0x6d, 
    0x1b, 0x5b, 0x33, 0x38, 0x3b, 0x32, 0x3b, 0x32, 0x35, 0x35, 0x3b, 0x32, 0x35, 0x35, 0x3b, 0x32, 
    0x35, 0x35, 0x6d, 0x4d, 0x1b, 0x5b, 0x30, 0x6d, 0x1b, 0x5b, 0x33, 0x38, 0x3b, 0x32, 0x3b, 0x32, 
    0x35, 0x35, 0x3b, 0x32, 0x35, 0x35, 0x3b, 0x32, 0x35, 0x35, 0x6d, 0x4d, 0x1b, 0x5b, 0x30, 0x6d, 
    0x1b, 0x5b, 0x33, 0x38, 0x3b, 0x32, 0x3b, 0x32, 0x35, 0x35, 0x3b, 0x32, 0x35, 0x35, 0x3b, 0x32, 
    0x35, 0x35, 0x6d, 0x4d, 0x1b, 0x5b, 0x30, 0x6d, 0x1b, 0x5b, 0x33, 0x38, 0x3b, 0x32, 0x3b, 0x32, 
    0x35, 0x35, 0x3b, 0x32, 0x35, 0x35, 0x3b, 0x32, 0x35, 0x35, 0x6d, 0x4d, 0x1b, 0x5b, 0x30, 0x6d, 
    0x1b, 0x5b, 0x33, 0x38, 0x3b, 0x32, 0x3b, 0x32, 0x35, 0x35, 0x3b, 0x32, 0x35, 0x35, 0x3b, 0x32, 
    0x35, 0x35, 0x6d, 0x4d, 0x1b, 0x5b, 0x30, 0x6d, 0x1b, 0x5b, 0x33, 0x38, 0x3b, 0x32, 0x3b, 0x32, 
    0x35, 0x35, 0x3b, 0x32, 0x35, 0x35, 0x3b, 0x32, 0x35, 0x35, 0x6d, 0x4d, 0x1b, 0x5b, 0x30, 0x6d, 
    0x1b, 0x5b, 0x33, 0x38, 0x3b, 0x32, 0x3b, 0x32, 0x35, 0x35, 0x3b, 0x32, 0x35, 0x35, 0x3b, 0x32, 
    0x35, 0x35, 0x6d, 0x4d, 0x1b, 0x5b, 0x30, 0x6d, 0x1b, 0x5b, 0x33, 0x38, 0x3b, 0x32, 0x3b, 0x32, 
    0x35, 0x35, 0x3b, 0x32, 0x35, 0x35, 0x3b, 0x32, 0x35, 0x35, 0x6d, 0x4d, 0x1b, 0x5b, 0x30, 0x6d, 
    0x1b, 0x5b, 0x33, 0x38, 0x3b, 0x32, 0x3b, 0x32, 0x35, 0x35, 0x3b, 0x32, 0x35, 0x35, 0x3b, 0x32, 
    0x35, 0x35, 0x6d, 0x4d, 0x1b, 0x5b, 0x30, 0x6d, 0x1b, 0x5b, 0x33, 0x38, 0x3b, 0x32, 0x3b, 0x32, 
    0x35, 0x35, 0x3b, 0x32, 0x35, 0x35, 0x3b, 0x32, 0x35, 0x35, 0x6d, 0x4d, 0x1b, 0x5b, 0x30, 0x6d, 
    0x1b, 0x5b, 0x33, 0x38, 0x3b, 0x32, 0x3b, 0x32, 0x35, 0x35, 0x3b, 0x32, 0x35, 0x35, 0x3b, 0x32, 
    0x35, 0x35, 0x6d, 0x4d, 0x1b, 0x5b, 0x30, 0x6d, 0x1b, 0x5b, 0x33, 0x38, 0x3b, 0x32, 0x3b, 0x32, 
    0x35, 0x35, 0x3b, 0x32, 0x35, 0x35, 0x3b, 0x32, 0x35, 0x35, 0x6d, 0x4d, 0x1b, 0x5b, 0x30, 0x6d, 
    0x1b, 0x5b, 0x33, 0x38, 0x3b, 0x32, 0x3b, 0x32, 0x35, 0x35, 0x3b, 0x32, 0x35, 0x35, 0x3b, 0x32, 
    0x35, 0x35, 0x6d, 0x4d, 0x1b, 0x5b, 0x30, 0x6d, 0x1b, 0x5b, 0x33, 0x38, 0x3b, 0x32, 0x3b, 0x32, 
    0x35, 0x35, 0x3b, 0x32, 0x35, 0x35, 0x3b, 0x32, 0x35, 0x35, 0x6d, 0x4d, 0x1b, 0x5b, 0x30, 0x6d, 
    0x1b, 0x5b, 0x33, 0x38, 0x3b, 0x32, 0x3b, 0x32, 0x35, 0x35, 0x3b, 0x32, 0x35, 0x35, 0x3b, 0x32, 
    0x35, 0x35, 0x6d, 0x4d, 0x1b, 0x5b, 0x30, 0x6d, 0x1b, 0x5b, 0x33, 0x38, 0x3b, 0x32, 0x3b, 0x31, 
    0x30, 0x32, 0x3b, 0x31, 0x30, 0x32, 0x3b, 0x31, 0x30, 0x32, 0x6d, 0x3a, 0x1b, 0x5b, 0x30, 0x6d, 
    0x1b, 0x5b, 0x33, 0x38, 0x3b, 0x32, 0x3b, 0x31, 0x30, 0x32, 0x3b, 0x31, 0x30, 0x32, 0x3b, 0x31, 
    0x30, 0x32, 0x6d, 0x3a, 0x1b, 0x5b, 0x30, 0x6d, 0x1b, 0x5b, 0x33, 0x38, 0x3b, 0x32, 0x3b, 0x35, 
    0x31, 0x3b, 0x35, 0x31, 0x3b, 0x35, 0x31, 0x6d, 0x2e, 0x1b, 0x5b, 0x30, 0x6d, 0x1b, 0x5b, 0x33, 
    0x38, 0x3b, 0x32, 0x3b, 0x30, 0x3b, 0x30, 0x3b, 0x30, 0x6d, 0x20, 0x1b, 0x5b, 0x30, 0x6d, 0x1b, 
    0x5b, 0x33, 0x38, 0x3b, 0x32, 0x3b, 0x30, 0x3b, 0x30, 0x3b, 0x30, 0x6d, 0x20, 0x1b, 0x5b, 0x30, 
    0x6d, 0x1b, 0x5b, 0x33, 0x38, 0x3b, 0x32, 0x3b, 0x30, 0x3b, 0x30, 0x3b, 0x30, 0x6d, 0x20, 0x1b, 
    0x5b, 0x30, 0x6d, 0x1b, 0x5b, 0x33, 0x38, 0x3b, 0x32, 0x3b, 0x30, 0x3b, 0x30, 0x3b, 0x30, 0x6d, 
    0x20, 0x1b, 0x5b, 0x30, 0x6d, 0x1b, 0x5b, 0x33, 0x38, 0x3b, 0x32, 0x3b, 0x30, 0x3b, 0x30, 0x3b, 
    0x30, 0x6d, 0x20, 0x1b, 0x5b, 0x30, 0x6d, 0x1b, 0x5b, 0x33, 0x38, 0x3b, 0x32, 0x3b, 0x30, 0x3b, 
    0x30, 0x3b, 0x30, 0x6d, 0x20, 0x1b, 0x5b, 0x30, 0x6d, 0x1b, 0x5b, 0x33, 0x38, 0x3b, 0x32, 0x3b, 
    0x30, 0x3b, 0x30, 0x3b, 0x30, 0x6d, 0x20, 0x1b, 0x5b, 0x30, 0x6d, 0x1b, 0x5b, 0x33, 0x38, 0x3b, 
    0x32, 0x3b, 0x30, 0x3b, 0x30, 0x3b, 0x30, 0x6d, 0x20, 0x1b, 0x5b, 0x30, 0x6d, 0x1b, 0x5b, 0x33, 
    0x38, 0x3b, 0x32, 0x3b, 0x30, 0x3b, 0x30, 0x3b, 0x30, 0x6d, 0x20, 0x1b, 0x5b, 0x30, 0x6d, 0x1b, 
    0x5b, 0x33, 0x38, 0x3b, 0x32, 0x3b, 0x30, 0x3b, 0x30, 0x3b, 0x30, 0x6d, 0x20, 0x1b, 0x5b, 0x30, 
    0x6d, 0x1b, 0x5b, 0x33, 0x38, 0x3b, 0x32, 0x3b, 0x30, 0x3b, 0x30, 0x3b, 0x30, 0x6d, 0x20, 0x1b, 
    0x5b, 0x30, 0x6d, 0x1b, 0x5b, 0x33, 0x38, 0x3b, 0x32, 0x3b, 0x32, 0x35, 0x35, 0x3b, 0x32, 0x35, 
    0x35, 0x3b, 0x32, 0x35, 0x35, 0x6d, 0x4d, 0x1b, 0x5b, 0x30, 0x6d, 0x1b, 0x5b, 0x33, 0x38, 0x3b, 
    0x32, 0x3b, 0x32, 0x35, 0x35, 0x3b, 0x32, 0x35, 0x35, 0x3b, 0x32, 0x35, 0x35, 0x6d, 0x4d, 0x1b, 
    0x5b, 0x30, 0x6d, 0x1b, 0x5b, 0x33, 0x38, 0x3b, 0x32, 0x3b, 0x30, 0x3b, 0x30, 0x3b, 0x30, 0x6d, 
    0x20, 0x1b, 0x5b, 0x30, 0x6d, 0x1b, 0x5b, 0x33, 0x38, 0x3b, 0x32, 0x3b, 0x30, 0x3b, 0x30, 0x3b, 
    0x30, 0x6d, 0x20, 0x1b, 0x5b, 0x30, 0x6d, 0x1b, 0x5b, 0x33, 0x38, 0x3b, 0x32, 0x3b, 0x30, 0x3b, 
    0x30, 0x3b, 0x30, 0x6d, 0x20, 0x1b, 0x5b, 0x30, 0x6d, 0x1b, 0x5b, 0x33, 0x38, 0x3b, 0x32, 0x3b, 
    0x30, 0x3b, 0x30, 0x3b, 0x30, 0x6d, 0x20, 0x1b, 0x5b, 0x30, 0x6d, 0x1b, 0x5b, 0x33, 0x38, 0x3b, 
    0x32, 0x3b, 0x30, 0x3b, 0x30, 0x3b, 0x30, 0x6d, 0x20, 0x1b, 0x5b, 0x30, 0x6d, 0x1b, 0x5b, 0x33, 
    0x38, 0x3b, 0x32, 0x3b, 0x30, 0x3b, 0x30, 0x3b, 0x30, 0x6d, 0x20, 0x1b, 0x5b, 0x30, 0x6d, 0x1b, 
    0x5b, 0x33, 0x38, 0x3b, 0x32, 0x3b, 0x30, 0x3b, 0x30, 0x3b, 0x30, 0x6d, 0x20, 0x1b, 0x5b, 0x30, 
    0x6d, 0x1b, 0x5b, 0x33, 0x38, 0x3b, 0x32, 0x3b, 0x30, 0x3b, 0x30, 0x3b, 0x30, 0x6d, 0x20, 0x1b, 
    0x5b, 0x30, 0x6d, 0x1b, 0x5b, 0x33, 0x38, 0x3b, 0x32, 0x3b, 0x30, 0x3b, 0x30, 0x3b, 0x30, 0x6d, 
    0x20, 0x1b, 0x5b, 0x30, 0x6d, 0x1b, 0x5b, 0x33, 0x38, 0x3b, 0x32, 0x3b, 0x31, 0x32, 0x38, 0x3b, 
    0x31, 0x32, 0x38, 0x3b, 0x31, 0x32, 0x38, 0x6d, 0x6c, 0x1b, 0x5b, 0x30, 0x6d, 0x1b, 0x5b, 0x33, 
    0x38, 0x3b, 0x32, 0x3b, 0x32, 0x35, 0x35, 0x3b, 0x32, 0x35, 0x35, 0x3b, 0x32, 0x35, 0x35, 0x6d, 
    0x4d, 0x1b, 0x5b, 0x30, 0x6d, 0x1b, 0x5b, 0x33, 0x38, 0x3b, 0x32, 0x3b, 0x32, 0x35, 0x35, 0x3b, 
    0x32, 0x35, 0x35, 0x3b, 0x32, 0x35, 0x35, 0x6d, 0x4d, 0x1b, 0x5b, 0x30, 0x6d, 0x1b, 0x5b, 0x33, 
    0x38, 0x3b, 0x32, 0x3b, 0x32, 0x35, 0x35, 0x3b, 0x32, 0x35, 0x35, 0x3b, 0x32, 0x35, 0x35, 0x6d, 
    0x4d, 0x1b, 0x5b, 0x30, 0x6d, 0x1b, 0x5b, 0x33, 0x38, 0x3b, 0x32, 0x3b, 0x32, 0x35, 0x35, 0x3b, 
    0x32, 0x35, 0x35, 0x3b, 0x32, 0x35, 0x35, 0x6d, 0x4d, 0x1b, 0x5b, 0x30, 0x6d, 0x1b, 0x5b, 0x33, 
    0x38, 0x3b, 0x32, 0x3b, 0x32, 0x35, 0x35, 0x3b, 0x32, 0x35, 0x35, 0x3b, 0x32, 0x35, 0x35, 0x6d, 
    0x4d, 0x1b, 0x5b, 0x30, 0x6d, 0x1b, 0x5b, 0x33, 0x38, 0x3b, 0x32, 0x3b, 0x32, 0x35, 0x35, 0x3b, 
    0x32, 0x35, 0x35, 0x3b, 0x32, 0x35, 0x35, 0x6d, 0x4d, 0x1b, 0x5b, 0x30, 0x6d, 0x1b, 0x5b, 0x33, 
    0x38, 0x3b, 0x32, 0x3b, 0x32, 0x35, 0x35, 0x3b, 0x32, 0x35, 0x35, 0x3b, 0x32, 0x35, 0x35, 0x6d, 
    0x4d, 0x1b, 0x5b, 0x30, 0x6d, 0x1b, 0x5b, 0x33, 0x38, 0x3b, 0x32, 0x3b, 0x32, 0x35, 0x35, 0x3b, 
    0x32, 0x35, 0x35, 0x3b, 0x32, 0x35, 0x35, 0x6d, 0x4d, 0x1b, 0x5b, 0x30, 0x6d, 0x1b, 0x5b, 0x33, 
    0x38, 0x3b, 0x32, 0x3b, 0x32, 0x35, 0x35, 0x3b, 0x32, 0x35, 0x35, 0x3b, 0x32, 0x35, 0x35, 0x6d, 
    0x4d, 0x1b, 0x5b, 0x30, 0x6d, 0x1b, 0x5b, 0x33, 0x38, 0x3b, 0x32, 0x3b, 0x32, 0x35, 0x35, 0x3b, 
    0x32, 0x35, 0x35, 0x3b, 0x32, 0x35, 0x35, 0x6d, 0x4d, 0x1b, 0x5b, 0x30, 0x6d, 0x1b, 0x5b, 0x33, 
    0x38, 0x3b, 0x32, 0x3b, 0x32, 0x35, 0x35, 0x3b, 0x32, 0x35, 0x35, 0x3b, 0x32, 0x35, 0x35, 0x6d, 
    0x4d, 0x1b, 0x5b, 0x30, 0x6d, 0x1b, 0x5b, 0x33, 0x38, 0x3b, 0x32, 0x3b, 0x31, 0x30, 0x32, 0x3b, 
    0x31, 0x30, 0x32, 0x3b, 0x31, 0x30, 0x32, 0x6d, 0x3a, 0x1b, 0x5b, 0x30, 0x6d, 0x1b, 0x5b, 0x33, 
    0x38, 0x3b, 0x32, 0x3b, 0x31, 0x30, 0x32, 0x3b, 0x31, 0x30, 0x32, 0x3b, 0x31, 0x30, 0x32, 0x6d, 
    0x3a, 0x1b, 0x5b, 0x30, 0x6d, 0x1b, 0x5b, 0x33, 0x38, 0x3b, 0x32, 0x3b, 0x31, 0x30, 0x32, 0x3b, 
    0x31, 0x30, 0x32, 0x3b, 0x31, 0x30, 0x32, 0x6d, 0x3a, 0x1b, 0x5b, 0x30, 0x6d, 0x1b, 0x5b, 0x33, 
    0x38, 0x3b, 0x32, 0x3b, 0x31, 0x30, 0x32, 0x3b, 0x31, 0x30, 0x32, 0x3b, 0x31, 0x30, 0x32, 0x6d, 
    0x3a, 0x1b, 0x5b, 0x30, 0x6d, 0x1b, 0x5b, 0x33, 0x38, 0x3b, 0x32, 0x3b, 0x31, 0x30, 0x32, 0x3b, 
    0x31, 0x30, 0x32, 0x3b, 0x31, 0x30, 0x32, 0x6d, 0x3a, 0x1b, 0x5b, 0x30, 0x6d, 0x1b, 0x5b, 0x33, 
    0x38, 0x3b, 0x32, 0x3b, 0x31, 0x30, 0x32, 0x3b, 0x31, 0x30, 0x32, 0x3b, 0x31, 0x30, 0x32, 0x6d, 
    0x3a, 0x1b, 0x5b, 0x30, 0x6d, 0x1b, 0x5b, 0x33, 0x38, 0x3b, 0x32, 0x3b, 0x35, 0x31, 0x3b, 0x35, 
    0x31, 0x3b, 0x35, 0x31, 0x6d, 0x2e, 0x1b, 0x5b, 0x30, 0x6d, 0x1b, 0x5b, 0x33, 0x38, 0x3b, 0x32, 
    0x3b, 0x30, 0x3b, 0x30, 0x3b, 0x30, 0x6d, 0x20, 0x1b, 0x5b, 0x30, 0x6d, 0x1b, 0x5b, 0x33, 0x38, 
    0x3b, 0x32, 0x3b, 0x30, 0x3b, 0x30, 0x3b, 0x30, 0x6d, 0x20, 0x1b, 0x5b, 0x30, 0x6d, 0x1b, 0x5b, 
    0x33, 0x38, 0x3b, 0x32, 0x3b, 0x30, 0x3b, 0x30, 0x3b, 0x30, 0x6d, 0x20, 0x1b, 0x5b, 0x30, 0x6d, 
    0x1b, 0x5b, 0x33, 0x38, 0x3b, 0x32, 0x3b, 0x30, 0x3b, 0x30, 0x3b, 0x30, 0x6d, 0x20, 0x1b, 0x5b, 
    0x30, 0x6d, 0x1b, 0x5b, 0x33, 0x38, 0x3b, 0x32, 0x3b, 0x30, 0x3b, 0x30, 0x3b, 0x30, 0x6d, 0x20, 
    0x1b, 0x5b, 0x30, 0x6d, 0x1b, 0x5b, 0x33, 0x38, 0x3b, 0x32, 0x3b, 0x30, 0x3b, 0x30, 0x3b, 0x30, 
    0x6d, 0x20, 0x1b, 0x5b, 0x30, 0x6d, 0x1b, 0x5b, 0x33, 0x38, 0x3b, 0x32, 0x3b, 0x30, 0x3b, 0x30, 
    0x3b, 0x30, 0x6d, 0x20, 0x1b, 0x5b, 0x30, 0x6d, 0x1b, 0x5b, 0x33, 0x38, 0x3b, 0x32, 0x3b, 0x30, 
    0x3b, 0x30, 0x3b, 0x30, 0x6d, 0x20, 0x1b, 0x5b, 0x30, 0x6d, 0x1b, 0x5b, 0x33, 0x38, 0x3b, 0x32, 
    0x3b, 0x30, 0x3b, 0x30, 0x3b, 0x30, 0x6d, 0x20, 0x1b, 0x5b, 0x30, 0x6d, 0x1b, 0x5b, 0x33, 0x38, 
    0x3b, 0x32, 0x3b, 0x30, 0x3b, 0x30, 0x3b, 0x30, 0x6d, 0x20, 0x1b, 0x5b, 0x30, 0x6d, 0x1b, 0x5b, 
    0x33, 0x38, 0x3b, 0x32, 0x3b, 0x30, 0x3b, 0x30, 0x3b, 0x30, 0x6d, 0x20, 0x1b, 0x5b, 0x30, 0x6d, 
    0x1b, 0x5b, 0x33, 0x38, 0x3b, 0x32, 0x3b, 0x30, 0x3b, 0x30, 0x3b, 0x30, 0x6d, 0x20, 0x1b, 0x5b, 
    0x30, 0x6d, 0x1b, 0x5b, 0x33, 0x38, 0x3b, 0x32, 0x3b, 0x30, 0x3b, 0x30, 0x3b, 0x30, 0x6d, 0x20, 
    0x1b, 0x5b, 0x30, 0x6d, 0x1b, 0x5b, 0x33, 0x38, 0x3b, 0x32, 0x3b, 0x30, 0x3b, 0x30, 0x3b, 0x30, 
    0x6d, 0x20, 0x1b, 0x5b, 0x30, 0x6d, 0x1b, 0x5b, 0x33, 0x38, 0x3b, 0x32, 0x3b, 0x30, 0x3b, 0x30, 
    0x3b, 0x30, 0x6d, 0x20, 0x1b, 0x5b, 0x30, 0x6d, 0x1b, 0x5b, 0x33, 0x38, 0x3b, 0x32, 0x3b, 0x30, 
    0x3b, 0x30, 0x3b, 0x30, 0x6d, 0x20, 0x1b, 0x5b, 0x30, 0x6d, 0x1b, 0x5b, 0x33, 0x38, 0x3b, 0x32, 
    0x3b, 0x30, 0x3b, 0x30, 0x3b, 0x30, 0x6d, 0x20, 0x1b, 0x5b, 0x30, 0x6d, 0x1b, 0x5b, 0x33, 0x38, 
    0x3b, 0x32, 0x3b, 0x30, 0x3b, 0x30, 0x3b, 0x30, 0x6d, 0x20, 0x1b, 0x5b, 0x30, 0x6d, 0x1b, 0x5b, 
    0x33, 0x38, 0x3b, 0x32, 0x3b, 0x30, 0x3b, 0x30, 0x3b, 0x30, 0x6d, 0x20, 0x1b, 0x5b, 0x30, 0x6d, 
    0x1b, 0x5b, 0x33, 0x38, 0x3b, 0x32, 0x3b, 0x30, 0x3b, 0x30, 0x3b, 0x30, 0x6d, 0x20, 0x1b, 0x5b, 
    0x30, 0x6d, 0x1b, 0x5b, 0x33, 0x38, 0x3b, 0x32, 0x3b, 0x32, 0x35, 0x35, 0x3b, 0x32, 0x35, 0x35, 
    0x3b, 0x32, 0x35, 0x35, 0x6d, 0x4d, 0x1b, 0x5b, 0x30, 0x6d, 0x1b, 0x5b, 0x33, 0x38, 0x3b, 0x32, 
    0x3b, 0x32, 0x35, 0x35, 0x3b, 0x32, 0x35, 0x35, 0x3b, 0x32, 0x35, 0x35, 0x6d, 0x4d, 0x1b, 0x5b, 
    0x30, 0x6d, 0x1b, 0x5b, 0x33, 0x38, 0x3b, 0x32, 0x3b, 0x32, 0x35, 0x35, 0x3b, 0x32, 0x35, 0x35, 
    0x3b, 0x32, 0x35, 0x35, 0x6d, 0x4d, 0x1b, 0x5b, 0x30, 0x6d, 0x1b, 0x5b, 0x33, 0x38, 0x3b, 0x32, 
    0x3b, 0x32, 0x35, 0x35, 0x3b, 0x32, 0x35, 0x35, 0x3b, 0x32, 0x35, 0x35, 0x6d, 0x4d, 0x1b, 0x5b, 
    0x30, 0x6d, 0x1b, 0x5b, 0x33, 0x38, 0x3b, 0x32, 0x3b, 0x32, 0x35, 0x35, 0x3b, 0x32, 0x35, 0x35, 
    0x3b, 0x32, 0x35, 0x35, 0x6d, 0x4d, 0x1b, 0x5b, 0x30, 0x6d, 0x1b, 0x5b, 0x33, 0x38, 0x3b, 0x32, 
    0x3b, 0x32, 0x35, 0x35, 0x3b, 0x32, 0x35, 0x35, 0x3b, 0x32, 0x35, 0x35, 0x6d, 0x4d, 0x1b, 0x5b, 
    0x30, 0x6d, 0x1b, 0x5b, 0x33, 0x38, 0x3b, 0x32, 0x3b, 0x32, 0x35, 0x35, 0x3b, 0x32, 0x35, 0x35, 
    0x3b, 0x32, 0x35, 0x35, 0x6d, 0x4d, 0x1b, 0x5b, 0x30, 0x6d, 0x1b, 0x5b, 0x33, 0x38, 0x3b, 0x32, 
    0x3b, 0x32, 0x35, 0x35, 0x3b, 0x32, 0x35, 0x35, 0x3b, 0x32, 0x35, 0x35, 0x6d, 0x4d, 0x1b, 0x5b, 
    0x30, 0x6d, 0x1b, 0x5b, 0x33, 0x38, 0x3b, 0x32, 0x3b, 0x32, 0x35, 0x35, 0x3b, 0x32, 0x35, 0x35, 
    0x3b, 0x32, 0x35, 0x35, 0x6d, 0x4d, 0x1b, 0x5b, 0x30, 0x6d, 0x1b, 0x5b, 0x33, 0x38, 0x3b, 0x32, 
    0x3b, 0x32, 0x35, 0x35, 0x3b, 0x32, 0x35, 0x35, 0x3b, 0x32, 0x35, 0x35, 0x6d, 0x4d, 0x1b, 0x5b, 
    0x30, 0x6d, 0x1b, 0x5b, 0x33, 0x38, 0x3b, 0x32, 0x3b, 0x32, 0x35, 0x35, 0x3b, 0x32, 0x35, 0x35, 
    0x3b, 0x32, 0x35, 0x35, 0x6d, 0x4d, 0x1b, 0x5b, 0x30, 0x6d, 0x1b, 0x5b, 0x33, 0x38, 0x3b, 0x32, 
    0x3b, 0x32, 0x35, 0x35, 0x3b, 0x32, 0x35, 0x35, 0x3b, 0x32, 0x35, 0x35, 0x6d, 0x4d, 0x1b, 0x5b, 
    0x30, 0x6d, 0x1b, 0x5b, 0x33, 0x38, 0x3b, 0x32, 0x3b, 0x32, 0x35, 0x35, 0x3b, 0x32, 0x35, 0x35, 
    0x3b, 0x32, 0x35, 0x35, 0x6d, 0x4d, 0x1b, 0x5b, 0x30, 0x6d, 0x1b, 0x5b, 0x33, 0x38, 0x3b, 0x32, 
    0x3b, 0x32, 0x35, 0x35, 0x3b, 0x32, 0x35, 0x35, 0x3b, 0x32, 0x35, 0x35, 0x6d, 0x4d, 0x1b, 0x5b, 
    0x30, 0x6d, 0x1b, 0x5b, 0x33, 0x38, 0x3b, 0x32, 0x3b, 0x32, 0x35, 0x35, 0x3b, 0x32, 0x35, 0x35, 
    0x3b, 0x32, 0x35, 0x35, 0x6d, 0x4d, 0x1b, 0x5b, 0x30, 0x6d, 0x1b, 0x5b, 0x33, 0x38, 0x3b, 0x32, 
    0x3b, 0x32, 0x35, 0x35, 0x3b, 0x32, 0x35, 0x35, 0x3b, 0x32, 0x35, 0x35, 0x6d, 0x4d, 0x1b, 0x5b, 
    0x30, 0x6d, 0x1b, 0x5b, 0x33, 0x38, 0x3b, 0x32, 0x3b, 0x32, 0x35, 0x35, 0x3b, 0x32, 0x35, 0x35, 
    0x3b, 0x32, 0x35, 0x35, 0x6d, 0x4d, 0x1b, 0x5b, 0x30, 0x6d, 0x1b, 0x5b, 0x33, 0x38, 0x3b, 0x32, 
    0x3b, 0x32, 0x35, 0x35, 0x3b, 0x32, 0x35, 0x35, 0x3b, 0x32, 0x35, 0x35, 0x6d, 0x4d, 0x1b, 0x5b, 
    0x30, 0x6d, 0x0a, 0x1b, 0x5b, 0x30, 0x6d, 0x1b, 0x5b, 0x33, 0x38, 0x3b, 0x32, 0x3b, 0x32, 0x35, 
    0x35, 0x3b, 0x32, 0x35, 0x35, 0x3b, 0x32, 0x35, 0x35, 0x6d, 0x4d, 0x1b, 0x5b, 0x30, 0x6d, 0x1b, 
    0x5b, 0x33, 0x38, 0x3b, 0x32, 0x3b, 0x32, 0x35, 0x35, 0x3b, 0x32, 0x35, 0x35, 0x3b, 0x32, 0x35, 
    0x35, 0x6d, 0x4d, 0x1b, 0x5b, 0x30, 0x6d, 0x1b, 0x5b, 0x33, 0x38, 0x3b, 0x32, 0x3b, 0x32, 0x35, 
    0x35, 0x3b, 0x32, 0x35, 0x35, 0x3b, 0x32, 0x35, 0x35, 0x6d, 0x4d, 0x1b, 0x5b, 0x30, 0x6d, 0x1b, 
    0x5b, 0x33, 0x38, 0x3b, 0x32, 0x3b, 0x32, 0x35, 0x35, 0x3b, 0x32, 0x35, 0x35, 0x3b, 0x32, 0x35, 
    0x35, 0x6d, 0x4d, 0x1b, 0x5b, 0x30, 0x6d, 0x1b, 0x5b, 0x33, 0x38, 0x3b, 0x32, 0x3b, 0x32, 0x35, 
    0x35, 0x3b, 0x32, 0x35, 0x35, 0x3b, 0x32, 0x35, 0x35, 0x6d, 0x4d, 0x1b, 0x5b, 0x30, 0x6d, 0x1b, 
    0x5b, 0x33, 0x38, 0x3b, 0x32, 0x3b, 0x32, 0x35, 0x35, 0x3b, 0x32, 0x35, 0x35, 0x3b, 0x32, 0x35, 
    0x35, 0x6d, 0x4d, 0x1b, 0x5b, 0x30, 0x6d, 0x1b, 0x5b, 0x33, 0x38, 0x3b, 0x32, 0x3b, 0x32, 0x35, 
    0x35, 0x3b, 0x32, 0x35, 0x35, 0x3b, 0x32, 0x35, 0x35, 0x6d, 0x4d, 0x1b, 0x5b, 0x30, 0x6d, 0x1b, 
    0x5b, 0x33, 0x38, 0x3b, 0x32, 0x3b, 0x32, 0x35, 0x35, 0x3b, 0x32, 0x35, 0x35, 0x3b, 0x32, 0x35, 
    0x35, 0x6d, 0x4d, 0x1b, 0x5b, 0x30, 0x6d, 0x1b, 0x5b, 0x33, 0x38, 0x3b, 0x32, 0x3b, 0x32, 0x35, 
    0x35, 0x3b, 0x32, 0x35, 0x35, 0x3b, 0x32, 0x35, 0x35, 0x6d, 0x4d, 0x1b, 0x5b, 0x30, 0x6d, 0x1b, 
    0x5b, 0x33, 0x38, 0x3b, 0x32, 0x3b, 0x32, 0x35, 0x35, 0x3b, 0x32, 0x35, 0x35, 0x3b, 0x32, 0x35, 
    0x35, 0x6d, 0x4d, 0x1b, 0x5b, 0x30, 0x6d, 0x1b, 0x5b, 0x33, 0x38, 0x3b, 0x32, 0x3b, 0x32, 0x35, 
    0x35, 0x3b, 0x32, 0x35, 0x35, 0x3b, 0x32, 0x35, 0x35, 0x6d, 0x4d, 0x1b, 0x5b, 0x30, 0x6d, 0x1b, 
    0x5b, 0x33, 0x38, 0x3b, 0x32, 0x3b, 0x32, 0x35, 0x35, 0x3b, 0x32, 0x35, 0x35, 0x3b, 0x32, 0x35, 
    0x35, 0x6d, 0x4d, 0x1b, 0x5b, 0x30, 0x6d, 0x1b, 0x5b, 0x33, 0x38, 0x3b, 0x32, 0x3b, 0x32, 0x35, 
    0x35, 0x3b, 0x32, 0x35, 0x35, 0x3b, 0x32, 0x35, 0x35, 0x6d, 0x4d, 0x1b, 0x5b, 0x30, 0x6d, 0x1b, 
    0x5b, 0x33, 0x38, 0x3b, 0x32, 0x3b, 0x32, 0x35, 0x35, 0x3b, 0x32, 0x35, 0x35, 0x3b, 0x32, 0x35, 
    0x35, 0x6d, 0x4d, 0x1b, 0x5b, 0x30, 0x6d, 0x1b, 0x5b, 0x33, 0x38, 0x3b, 0x32, 0x3b, 0x32, 0x35, 
    0x35, 0x3b, 0x32, 0x35, 0x35, 0x3b, 0x32, 0x35, 0x35, 0x6d, 0x4d, 0x1b, 0x5b, 0x30, 0x6d, 0x1b, 
    0x5b, 0x33, 0x38, 0x3b, 0x32, 0x3b, 0x32, 0x35, 0x35, 0x3b, 0x32, 0x35, 0x35, 0x3b, 0x32, 0x35, 
    0x35, 0x6d, 0x4d, 0x1b, 0x5b, 0x30, 0x6d, 0x1b, 0x5b, 0x33, 0x38, 0x3b, 0x32, 0x3b, 0x32, 0x35, 
    0x35, 0x3b, 0x32, 0x35, 0x35, 0x3b, 0x32, 0x35, 0x35, 0x6d, 0x4d, 0x1b, 0x5b, 0x30, 0x6d, 0x1b, 
    0x5b, 0x33, 0x38, 0x3b, 0x32, 0x3b, 0x32, 0x35, 0x35, 0x3b, 0x32, 0x35, 0x35, 0x3b, 0x32, 0x35, 
    0x35, 0x6d, 0x4d, 0x1b, 0x5b, 0x30, 0x6d, 0x1b, 0x5b, 0x33, 0x38, 0x3b, 0x32, 0x3b, 0x30, 0x3b, 
    0x30, 0x3b, 0x30, 0x6d, 0x20, 0x1b, 0x5b, 0x30, 0x6d, 0x1b, 0x5b, 0x33, 0x38, 0x3b, 0x32, 0x3b, 
    0x30, 0x3b, 0x30, 0x3b, 0x30, 0x6d, 0x20, 0x1b, 0x5b, 0x30, 0x6d, 0x1b, 0x5b, 0x33, 0x38, 0x3b, 
    0x32, 0x3b, 0x30, 0x3b, 0x30, 0x3b, 0x30, 0x6d, 0x20, 0x1b, 0x5b, 0x30, 0x6d, 0x1b, 0x5b, 0x33, 
    0x38, 0x3b, 0x32, 0x3b, 0x30, 0x3b, 0x30, 0x3b, 0x30, 0x6d, 0x20, 0x1b, 0x5b, 0x30, 0x6d, 0x1b, 
    0x5b, 0x33, 0x38, 0x3b, 0x32, 0x3b, 0x30, 0x3b, 0x30, 0x3b, 0x30, 0x6d, 0x20, 0x1b, 0x5b, 0x30, 
    0x6d, 0x1b, 0x5b, 0x33, 0x38, 0x3b, 0x32, 0x3b, 0x30, 0x3b, 0x30, 0x3b, 0x30, 0x6d, 0x20, 0x1b, 
    0x5b, 0x30, 0x6d, 0x1b, 0x5b, 0x33, 0x38, 0x3b, 0x32, 0x3b, 0x30, 0x3b, 0x30, 0x3b, 0x30, 0x6d, 
    0x20, 0x1b, 0x5b, 0x30, 0x6d, 0x1b, 0x5b, 0x33, 0x38, 0x3b, 0x32, 0x3b, 0x30, 0x3b, 0x30, 0x3b, 
    0x30, 0x6d, 0x20, 0x1b, 0x5b, 0x30, 0x6d, 0x1b, 0x5b, 0x33, 0x38, 0x3b, 0x32, 0x3b, 0x30, 0x3b, 
    0x30, 0x3b, 0x30, 0x6d, 0x20, 0x1b, 0x5b, 0x30, 0x6d, 0x1b, 0x5b, 0x33, 0x38, 0x3b, 0x32, 0x3b, 
    0x36, 0x34, 0x3b, 0x36, 0x34, 0x3b, 0x36, 0x34, 0x6d, 0x27, 0x1b, 0x5b, 0x30, 0x6d, 0x1b, 0x5b, 
    0x33, 0x38, 0x3b, 0x32, 0x3b, 0x31, 0x32, 0x38, 0x3b, 0x31, 0x32, 0x38, 0x3b, 0x31, 0x32, 0x38, 
    0x6d, 0x6c, 0x1b, 0x5b, 0x30, 0x6d, 0x1b, 0x5b, 0x33, 0x38, 0x3b, 0x32, 0x3b, 0x31, 0x32, 0x38, 
    0x3b, 0x31, 0x32, 0x38, 0x3b, 0x31, 0x32, 0x38, 0x6d, 0x6c, 0x1b, 0x5b, 0x30, 0x6d, 0x1b, 0x5b, 
    0x33, 0x38, 0x3b, 0x32, 0x3b, 0x31, 0x32, 0x38, 0x3b, 0x31, 0x32, 0x38, 0x3b, 0x31, 0x32, 0x38, 
    0x6d, 0x6c, 0x1b, 0x5b, 0x30, 0x6d, 0x1b, 0x5b, 0x33, 0x38, 0x3b, 0x32, 0x3b, 0x31, 0x32, 0x38, 
    0x3b, 0x31, 0x32, 0x38, 0x3b, 0x31, 0x32, 0x38, 0x6d, 0x6c, 0x1b, 0x5b, 0x30, 0x6d, 0x1b, 0x5b, 
    0x33, 0x38, 0x3b, 0x32, 0x3b, 0x32, 0x35, 0x35, 0x3b, 0x32, 0x35, 0x35, 0x3b, 0x32, 0x35, 0x35, 
    0x6d, 0x4d, 0x1b, 0x5b, 0x30, 0x6d, 0x1b, 0x5b, 0x33, 0x38, 0x3b, 0x32, 0x3b, 0x32, 0x35, 0x35, 
    0x3b, 0x32, 0x35, 0x35, 0x3b, 0x32, 0x35, 0x35, 0x6d, 0x4d, 0x1b, 0x5b, 0x30, 0x6d, 0x1b, 0x5b, 
    0x33, 0x38, 0x3b, 0x32, 0x3b, 0x31, 0x32, 0x38, 0x3b, 0x31, 0x32, 0x38, 0x3b, 0x31, 0x32, 0x38, 
    0x6d, 0x6c, 0x1b, 0x5b, 0x30, 0x6d, 0x1b, 0x5b, 0x33, 0x38, 0x3b, 0x32, 0x3b, 0x31, 0x32, 0x38, 
    0x3b, 0x31, 0x32, 0x38, 0x3b, 0x31, 0x32, 0x38, 0x6d, 0x6c, 0x1b, 0x5b, 0x30, 0x6d, 0x1b, 0x5b, 
    0x33, 0x38, 0x3b, 0x32, 0x3b, 0x31, 0x32, 0x38, 0x3b, 0x31, 0x32, 0x38, 0x3b, 0x31, 0x32, 0x38, 
    0x6d, 0x6c, 0x1b, 0x5b, 0x30, 0x6d, 0x1b, 0x5b, 0x33, 0x38, 0x3b, 0x32, 0x3b, 0x31, 0x32, 0x38, 
    0x3b, 0x31, 0x32, 0x38, 0x3b, 0x31, 0x32, 0x38, 0x6d, 0x6c, 0x1b, 0x5b, 0x30, 0x6d, 0x1b, 0x5b, 
    0x33, 0x38, 0x3b, 0x32, 0x3b, 0x31, 0x32, 0x38, 0x3b, 0x31, 0x32, 0x38, 0x3b, 0x31, 0x32, 0x38, 
    0x6d, 0x6c, 0x1b, 0x5b, 0x30, 0x6d, 0x1b, 0x5b, 0x33, 0x38, 0x3b, 0x32, 0x3b, 0x31, 0x32, 0x38, 
    0x3b, 0x31, 0x32, 0x38, 0x3b, 0x31, 0x32, 0x38, 0x6d, 0x6c, 0x1b, 0x5b, 0x30, 0x6d, 0x1b, 0x5b, 
    0x33, 0x38, 0x3b, 0x32, 0x3b, 0x31, 0x32, 0x38, 0x3b, 0x31, 0x32, 0x38, 0x3b, 0x31, 0x32, 0x38, 
    0x6d, 0x6c, 0x1b, 0x5b, 0x30, 0x6d, 0x1b, 0x5b, 0x33, 0x38, 0x3b, 0x32, 0x3b, 0x31, 0x32, 0x38, 
    0x3b, 0x31, 0x32, 0x38, 0x3b, 0x31, 0x32, 0x38, 0x6d, 0x6c, 0x1b, 0x5b, 0x30, 0x6d, 0x1b, 0x5b, 
    0x33, 0x38, 0x3b, 0x32, 0x3b, 0x31, 0x32, 0x38, 0x3b, 0x31, 0x32, 0x38, 0x3b, 0x31, 0x32, 0x38, 
    0x6d, 0x6c, 0x1b, 0x5b, 0x30, 0x6d, 0x1b, 0x5b, 0x33, 0x38, 0x3b, 0x32, 0x3b, 0x31, 0x32, 0x38, 
    0x3b, 0x31, 0x32, 0x38, 0x3b, 0x31, 0x32, 0x38, 0x6d, 0x6c, 0x1b, 0x5b, 0x30, 0x6d, 0x1b, 0x5b, 
    0x33, 0x38, 0x3b, 0x32, 0x3b, 0x31, 0x32, 0x38, 0x3b, 0x31, 0x32, 0x38, 0x3b, 0x31, 0x32, 0x38, 
    0x6d, 0x6c, 0x1b, 0x5b, 0x30, 0x6d, 0x1b, 0x5b, 0x33, 0x38, 0x3b, 0x32, 0x3b, 0x31, 0x32, 0x38, 
    0x3b, 0x31, 0x32, 0x38, 0x3b, 0x31, 0x32, 0x38, 0x6d, 0x6c, 0x1b, 0x5b, 0x30, 0x6d, 0x1b, 0x5b, 
    0x33, 0x38, 0x3b, 0x32, 0x3b, 0x31, 0x32, 0x38, 0x3b, 0x31, 0x32, 0x38, 0x3b, 0x31, 0x32, 0x38, 
    0x6d, 0x6c, 0x1b, 0x5b, 0x30, 0x6d, 0x1b, 0x5b, 0x33, 0x38, 0x3b, 0x32, 0x3b, 0x31, 0x32, 0x38, 
    0x3b, 0x31, 0x32, 0x38, 0x3b, 0x31, 0x32, 0x38, 0x6d, 0x6c, 0x1b, 0x5b, 0x30, 0x6d, 0x1b, 0x5b, 
    0x33, 0x38, 0x3b, 0x32, 0x3b, 0x31, 0x32, 0x38, 0x3b, 0x31, 0x32, 0x38, 0x3b, 0x31, 0x32, 0x38, 
    0x6d, 0x6c, 0x1b, 0x5b, 0x30, 0x6d, 0x1b, 0x5b, 0x33, 0x38, 0x3b, 0x32, 0x3b, 0x31, 0x32, 0x38, 
    0x3b, 0x31, 0x32, 0x38, 0x3b, 0x31, 0x32, 0x38, 0x6d, 0x6c, 0x1b, 0x5b, 0x30, 0x6d, 0x1b, 0x5b, 
    0x33, 0x38, 0x3b, 0x32, 0x3b, 0x31, 0x32, 0x38, 0x3b, 0x31, 0x32, 0x38, 0x3b, 0x31, 0x32, 0x38, 
    0x6d, 0x6c, 0x1b, 0x5b, 0x30, 0x6d, 0x1b, 0x5b, 0x33, 0x38, 0x3b, 0x32, 0x3b, 0x31, 0x32, 0x38, 
    0x3b, 0x31, 0x32, 0x38, 0x3b, 0x31, 0x32, 0x38, 0x6d, 0x6c, 0x1b, 0x5b, 0x30, 0x6d, 0x1b, 0x5b, 
    0x33, 0x38, 0x3b, 0x32, 0x3b, 0x31, 0x32, 0x38, 0x3b, 0x31, 0x32, 0x38, 0x3b, 0x31, 0x32, 0x38, 
    0x6d, 0x6c, 0x1b, 0x5b, 0x30, 0x6d, 0x1b, 0x5b, 0x33, 0x38, 0x3b, 0x32, 0x3b, 0x31, 0x32, 0x38, 
    0x3b, 0x31, 0x32, 0x38, 0x3b, 0x31, 0x32, 0x38, 0x6d, 0x6c, 0x1b, 0x5b, 0x30, 0x6d, 0x1b, 0x5b, 
    0x33, 0x38, 0x3b, 0x32, 0x3b, 0x31, 0x32, 0x38, 0x3b, 0x31, 0x32, 0x38, 0x3b, 0x31, 0x32, 0x38, 
    0x6d, 0x6c, 0x1b, 0x5b, 0x30, 0x6d, 0x1b, 0x5b, 0x33, 0x38, 0x3b, 0x32, 0x3b, 0x31, 0x32, 0x38, 
    0x3b, 0x31, 0x32, 0x38, 0x3b, 0x31, 0x32, 0x38, 0x6d, 0x6c, 0x1b, 0x5b, 0x30, 0x6d, 0x1b, 0x5b, 
    0x33, 0x38, 0x3b, 0x32, 0x3b, 0x31, 0x32, 0x38, 0x3b, 0x31, 0x32, 0x38, 0x3b, 0x31, 0x32, 0x38, 
    0x6d, 0x6c, 0x1b, 0x5b, 0x30, 0x6d, 0x1b, 0x5b, 0x33, 0x38, 0x3b, 0x32, 0x3b, 0x31, 0x32, 0x38, 
    0x3b, 0x31, 0x32, 0x38, 0x3b, 0x31, 0x32, 0x38, 0x6d, 0x6c, 0x1b, 0x5b, 0x30, 0x6d, 0x1b, 0x5b, 
    0x33, 0x38, 0x3b, 0x32, 0x3b, 0x31, 0x32, 0x38, 0x3b, 0x31, 0x32, 0x38, 0x3b, 0x31, 0x32, 0x38, 
    0x6d, 0x6c, 0x1b, 0x5b, 0x30, 0x6d, 0x1b, 0x5b, 0x33, 0x38, 0x3b, 0x32, 0x3b, 0x31, 0x32, 0x38, 
    0x3b, 0x31, 0x32, 0x38, 0x3b, 0x31, 0x32, 0x38, 0x6d, 0x6c, 0x1b, 0x5b, 0x30, 0x6d, 0x1b, 0x5b, 
    0x33, 0x38, 0x3b, 0x32, 0x3b, 0x31, 0x32, 0x38, 0x3b, 0x31, 0x32, 0x38, 0x3b, 0x31, 0x32, 0x38, 
    0x6d, 0x6c, 0x1b, 0x5b, 0x30, 0x6d, 0x1b, 0x5b, 0x33, 0x38, 0x3b, 0x32, 0x3b, 0x31, 0x32, 0x38, 
    0x3b, 0x31, 0x32, 0x38, 0x3b, 0x31, 0x32, 0x38, 0x6d, 0x6c, 0x1b, 0x5b, 0x30, 0x6d, 0x1b, 0x5b, 
    0x33, 0x38, 0x3b, 0x32, 0x3b, 0x31, 0x32, 0x38, 0x3b, 0x31, 0x32, 0x38, 0x3b, 0x31, 0x32, 0x38, 
    0x6d, 0x6c, 0x1b, 0x5b, 0x30, 0x6d, 0x1b, 0x5b, 0x33, 0x38, 0x3b, 0x32, 0x3b, 0x31, 0x32, 0x38, 
    0x3b, 0x31, 0x32, 0x38, 0x3b, 0x31, 0x32, 0x38, 0x6d, 0x6c, 0x1b, 0x5b, 0x30, 0x6d, 0x1b, 0x5b, 
    0x33, 0x38, 0x3b, 0x32, 0x3b, 0x30, 0x3b, 0x30, 0x3b, 0x30, 0x6d, 0x20, 0x1b, 0x5b, 0x30, 0x6d, 
    0x1b, 0x5b, 0x33, 0x38, 0x3b, 0x32, 0x3b, 0x30, 0x3b, 0x30, 0x3b, 0x30, 0x6d, 0x20, 0x1b, 0x5b, 
    0x30, 0x6d, 0x1b, 0x5b, 0x33, 0x38, 0x3b, 0x32, 0x3b, 0x30, 0x3b, 0x30, 0x3b, 0x30, 0x6d, 0x20, 
    0x1b, 0x5b, 0x30, 0x6d, 0x1b, 0x5b, 0x33, 0x38, 0x3b, 0x32, 0x3b, 0x30, 0x3b, 0x30, 0x3b, 0x30, 
    0x6d, 0x20, 0x1b, 0x5b, 0x30, 0x6d, 0x1b, 0x5b, 0x33, 0x38, 0x3b, 0x32, 0x3b, 0x30, 0x3b, 0x30, 
    0x3b, 0x30, 0x6d, 0x20, 0x1b, 0x5b, 0x30, 0x6d, 0x1b, 0x5b, 0x33, 0x38, 0x3b, 0x32, 0x3b, 0x30, 
    0x3b, 0x30, 0x3b, 0x30, 0x6d, 0x20, 0x1b, 0x5b, 0x30, 0x6d, 0x1b, 0x5b, 0x33, 0x38, 0x3b, 0x32, 
    0x3b, 0x30, 0x3b, 0x30, 0x3b, 0x30, 0x6d, 0x20, 0x1b, 0x5b, 0x30, 0x6d, 0x1b, 0x5b, 0x33, 0x38, 
    0x3b, 0x32, 0x3b, 0x30, 0x3b, 0x30, 0x3b, 0x30, 0x6d, 0x20, 0x1b, 0x5b, 0x30, 0x6d, 0x1b, 0x5b, 
    0x33, 0x38, 0x3b, 0x32, 0x3b, 0x30, 0x3b, 0x30, 0x3b, 0x30, 0x6d, 0x20, 0x1b, 0x5b, 0x30, 0x6d, 
    0x1b, 0x5b, 0x33, 0x38, 0x3b, 0x32, 0x3b, 0x30, 0x3b, 0x30, 0x3b, 0x30, 0x6d, 0x20, 0x1b, 0x5b, 
    0x30, 0x6d, 0x1b, 0x5b, 0x33, 0x38, 0x3b, 0x32, 0x3b, 0x30, 0x3b, 0x30, 0x3b, 0x30, 0x6d, 0x20, 
    0x1b, 0x5b, 0x30, 0x6d, 0x1b, 0x5b, 0x33, 0x38, 0x3b, 0x32, 0x3b, 0x30, 0x3b, 0x30, 0x3b, 0x30, 
    0x6d, 0x20, 0x1b, 0x5b, 0x30, 0x6d, 0x1b, 0x5b, 0x33, 0x38, 0x3b, 0x32, 0x3b, 0x30, 0x3b, 0x30, 
    0x3b, 0x30, 0x6d, 0x20, 0x1b, 0x5b, 0x30, 0x6d, 0x1b, 0x5b, 0x33, 0x38, 0x3b, 0x32, 0x3b, 0x30, 
    0x3b, 0x30, 0x3b, 0x30, 0x6d, 0x20, 0x1b, 0x5b, 0x30, 0x6d, 0x1b, 0x5b, 0x33, 0x38, 0x3b, 0x32, 
    0x3b, 0x30, 0x3b, 0x30, 0x3b, 0x30, 0x6d, 0x20, 0x1b, 0x5b, 0x30, 0x6d, 0x1b, 0x5b, 0x33, 0x38, 
    0x3b, 0x32, 0x3b, 0x30, 0x3b, 0x30, 0x3b, 0x30, 0x6d, 0x20, 0x1b, 0x5b, 0x30, 0x6d, 0x1b, 0x5b, 
    0x33, 0x38, 0x3b, 0x32, 0x3b, 0x30, 0x3b, 0x30, 0x3b, 0x30, 0x6d, 0x20, 0x1b, 0x5b, 0x30, 0x6d, 
    0x1b, 0x5b, 0x33, 0x38, 0x3b, 0x32, 0x3b, 0x30, 0x3b, 0x30, 0x3b, 0x30, 0x6d, 0x20, 0x1b, 0x5b, 
    0x30, 0x6d, 0x1b, 0x5b, 0x33, 0x38, 0x3b, 0x32, 0x3b, 0x32, 0x35, 0x35, 0x3b, 0x32, 0x35, 0x35, 
    0x3b, 0x32, 0x35, 0x35, 0x6d, 0x4d, 0x1b, 0x5b, 0x30, 0x6d, 0x1b, 0x5b, 0x33, 0x38, 0x3b, 0x32, 
    0x3b, 0x32, 0x35, 0x35, 0x3b, 0x32, 0x35, 0x35, 0x3b, 0x32, 0x35, 0x35, 0x6d, 0x4d, 0x1b, 0x5b, 
    0x30, 0x6d, 0x1b, 0x5b, 0x33, 0x38, 0x3b, 0x32, 0x3b, 0x32, 0x35, 0x35, 0x3b, 0x32, 0x35, 0x35, 
    0x3b, 0x32, 0x35, 0x35, 0x6d, 0x4d, 0x1b, 0x5b, 0x30, 0x6d, 0x1b, 0x5b, 0x33, 0x38, 0x3b, 0x32, 
    0x3b, 0x32, 0x35, 0x35, 0x3b, 0x32, 0x35, 0x35, 0x3b, 0x32, 0x35, 0x35, 0x6d, 0x4d, 0x1b, 0x5b, 
    0x30, 0x6d, 0x1b, 0x5b, 0x33, 0x38, 0x3b, 0x32, 0x3b, 0x32, 0x35, 0x35, 0x3b, 0x32, 0x35, 0x35, 
    0x3b, 0x32, 0x35, 0x35, 0x6d, 0x4d, 0x1b, 0x5b, 0x30, 0x6d, 0x1b, 0x5b, 0x33, 0x38, 0x3b, 0x32, 
    0x3b, 0x32, 0x35, 0x35, 0x3b, 0x32, 0x35, 0x35, 0x3b, 0x32, 0x35, 0x35, 0x6d, 0x4d, 0x1b, 0x5b, 
    0x30, 0x6d, 0x1b, 0x5b, 0x33, 0x38, 0x3b, 0x32, 0x3b, 0x32, 0x35, 0x35, 0x3b, 0x32, 0x35, 0x35, 
    0x3b, 0x32, 0x35, 0x35, 0x6d, 0x4d, 0x1b, 0x5b, 0x30, 0x6d, 0x1b, 0x5b, 0x33, 0x38, 0x3b, 0x32, 
    0x3b, 0x32, 0x35, 0x35, 0x3b, 0x32, 0x35, 0x35, 0x3b, 0x32, 0x35, 0x35, 0x6d, 0x4d, 0x1b, 0x5b, 
    0x30, 0x6d, 0x1b, 0x5b, 0x33, 0x38, 0x3b, 0x32, 0x3b, 0x32, 0x35, 0x35, 0x3b, 0x32, 0x35, 0x35, 
    0x3b, 0x32, 0x35, 0x35, 0x6d, 0x4d, 0x1b, 0x5b, 0x30, 0x6d, 0x1b, 0x5b, 0x33, 0x38, 0x3b, 0x32, 
    0x3b, 0x32, 0x35, 0x35, 0x3b, 0x32, 0x35, 0x35, 0x3b, 0x32, 0x35, 0x35, 0x6d, 0x4d, 0x1b, 0x5b, 
    0x30, 0x6d, 0x1b, 0x5b, 0x33, 0x38, 0x3b, 0x32, 0x3b, 0x32, 0x35, 0x35, 0x3b, 0x32, 0x35, 0x35, 
    0x3b, 0x32, 0x35, 0x35, 0x6d, 0x4d, 0x1b, 0x5b, 0x30, 0x6d, 0x1b, 0x5b, 0x33, 0x38, 0x3b, 0x32, 
    0x3b, 0x32, 0x35, 0x35, 0x3b, 0x32, 0x35, 0x35, 0x3b, 0x32, 0x35, 0x35, 0x6d, 0x4d, 0x1b, 0x5b, 
    0x30, 0x6d, 0x1b, 0x5b, 0x33, 0x38, 0x3b, 0x32, 0x3b, 0x32, 0x35, 0x35, 0x3b, 0x32, 0x35, 0x35, 
    0x3b, 0x32, 0x35, 0x35, 0x6d, 0x4d, 0x1b, 0x5b, 0x30, 0x6d, 0x1b, 0x5b, 0x33, 0x38, 0x3b, 0x32, 
    0x3b, 0x32, 0x35, 0x35, 0x3b, 0x32, 0x35, 0x35, 0x3b, 0x32, 0x35, 0x35, 0x6d, 0x4d, 0x1b, 0x5b, 
    0x30, 0x6d, 0x1b, 0x5b, 0x33, 0x38, 0x3b, 0x32, 0x3b, 0x32, 0x35, 0x35, 0x3b, 0x32, 0x35, 0x35, 
    0x3b, 0x32, 0x35, 0x35, 0x6d, 0x4d, 0x1b, 0x5b, 0x30, 0x6d, 0x1b, 0x5b, 0x33, 0x38, 0x3b, 0x32, 
    0x3b, 0x32, 0x35, 0x35, 0x3b, 0x32, 0x35, 0x35, 0x3b, 0x32, 0x35, 0x35, 0x6d, 0x4d, 0x1b, 0x5b, 
    0x30, 0x6d, 0x1b, 0x5b, 0x33, 0x38, 0x3b, 0x32, 0x3b, 0x32, 0x35, 0x35, 0x3b, 0x32, 0x35, 0x35, 
    0x3b, 0x32, 0x35, 0x35, 0x6d, 0x4d, 0x1b, 0x5b, 0x30, 0x6d, 0x1b, 0x5b, 0x33, 0x38, 0x3b, 0x32, 
    0x3b, 0x32, 0x35, 0x35, 0x3b, 0x32, 0x35, 0x35, 0x3b, 0x32, 0x35, 0x35, 0x6d, 0x4d, 0x1b, 0x5b, 
    0x30, 0x6d, 0x0a, 0x1b, 0x5b, 0x30, 0x6d, 0x1b, 0x5b, 0x33, 0x38, 0x3b, 0x32, 0x3b, 0x32, 0x35, 
    0x35, 0x3b, 0x32, 0x35, 0x35, 0x3b, 0x32, 0x35, 0x35, 0x6d, 0x4d, 0x1b, 0x5b, 0x30, 0x6d, 0x1b, 
    0x5b, 0x33, 0x38, 0x3b, 0x32, 0x3b, 0x32, 0x35, 0x35, 0x3b, 0x32, 0x35, 0x35, 0x3b, 0x32, 0x35, 
    0x35, 0x6d, 0x4d, 0x1b, 0x5b, 0x30, 0x6d, 0x1b, 0x5b, 0x33, 0x38, 0x3b, 0x32, 0x3b, 0x32, 0x35, 
    0x35, 0x3b, 0x32, 0x35, 0x35, 0x3b, 0x32, 0x35, 0x35, 0x6d, 0x4d, 0x1b, 0x5b, 0x30, 0x6d, 0x1b, 
    0x5b, 0x33, 0x38, 0x3b, 0x32, 0x3b, 0x32, 0x35, 0x35, 0x3b, 0x32, 0x35, 0x35, 0x3b, 0x32, 0x35, 
    0x35, 0x6d, 0x4d, 0x1b, 0x5b, 0x30, 0x6d, 0x1b, 0x5b, 0x33, 0x38, 0x3b, 0x32, 0x3b, 0x32, 0x35, 
    0x35, 0x3b, 0x32, 0x35, 0x35, 0x3b, 0x32, 0x35, 0x35, 0x6d, 0x4d, 0x1b, 0x5b, 0x30, 0x6d, 0x1b, 
    0x5b, 0x33, 0x38, 0x3b, 0x32, 0x3b, 0x32, 0x35, 0x35, 0x3b, 0x32, 0x35, 0x35, 0x3b, 0x32, 0x35, 
    0x35, 0x6d, 0x4d, 0x1b, 0x5b, 0x30, 0x6d, 0x1b, 0x5b, 0x33, 0x38, 0x3b, 0x32, 0x3b, 0x32, 0x35, 
    0x35, 0x3b, 0x32, 0x35, 0x35, 0x3b, 0x32, 0x35, 0x35, 0x6d, 0x4d, 0x1b, 0x5b, 0x30, 0x6d, 0x1b, 
    0x5b, 0x33, 0x38, 0x3b, 0x32, 0x3b, 0x32, 0x35, 0x35, 0x3b, 0x32, 0x35, 0x35, 0x3b, 0x32, 0x35, 
    0x35, 0x6d, 0x4d, 0x1b, 0x5b, 0x30, 0x6d, 0x1b, 0x5b, 0x33, 0x38, 0x3b, 0x32, 0x3b, 0x32, 0x35, 
    0x35, 0x3b, 0x32, 0x35, 0x35, 0x3b, 0x32, 0x35, 0x35, 0x6d, 0x4d, 0x1b, 0x5b, 0x30, 0x6d, 0x1b, 
    0x5b, 0x33, 0x38, 0x3b, 0x32, 0x3b, 0x32, 0x35, 0x35, 0x3b, 0x32, 0x35, 0x35, 0x3b, 0x32, 0x35, 
    0x35, 0x6d, 0x4d, 0x1b, 0x5b, 0x30, 0x6d, 0x1b, 0x5b, 0x33, 0x38, 0x3b, 0x32, 0x3b, 0x32, 0x35, 
    0x35, 0x3b, 0x32, 0x35, 0x35, 0x3b, 0x32, 0x35, 0x35, 0x6d, 0x4d, 0x1b, 0x5b, 0x30, 0x6d, 0x1b, 
    0x5b, 0x33, 0x38, 0x3b, 0x32, 0x3b, 0x32, 0x35, 0x35, 0x3b, 0x32, 0x35, 0x35, 0x3b, 0x32, 0x35, 
    0x35, 0x6d, 0x4d, 0x1b, 0x5b, 0x30, 0x6d, 0x1b, 0x5b, 0x33, 0x38, 0x3b, 0x32, 0x3b, 0x32, 0x35, 
    0x35, 0x3b, 0x32, 0x35, 0x35, 0x3b, 0x32, 0x35, 0x35, 0x6d, 0x4d, 0x1b, 0x5b, 0x30, 0x6d, 0x1b, 
    0x5b, 0x33, 0x38, 0x3b, 0x32, 0x3b, 0x32, 0x35, 0x35, 0x3b, 0x32, 0x35, 0x35, 0x3b, 0x32, 0x35, 
    0x35, 0x6d, 0x4d, 0x1b, 0x5b, 0x30, 0x6d, 0x1b, 0x5b, 0x33, 0x38, 0x3b, 0x32, 0x3b, 0x32, 0x35, 
    0x35, 0x3b, 0x32, 0x35, 0x35, 0x3b, 0x32, 0x35, 0x35, 0x6d, 0x4d, 0x1b, 0x5b, 0x30, 0x6d, 0x1b, 
    0x5b, 0x33, 0x38, 0x3b, 0x32, 0x3b, 0x32, 0x35, 0x35, 0x3b, 0x32, 0x35, 0x35, 0x3b, 0x32, 0x35, 
    0x35, 0x6d, 0x4d, 0x1b, 0x5b, 0x30, 0x6d, 0x1b, 0x5b, 0x33, 0x38, 0x3b, 0x32, 0x3b, 0x32, 0x35, 
    0x35, 0x3b, 0x32, 0x35, 0x35, 0x3b, 0x32, 0x35, 0x35, 0x6d, 0x4d, 0x1b, 0x5b, 0x30, 0x6d, 0x1b, 
    0x5b, 0x33, 0x38, 0x3b, 0x32, 0x3b, 0x32, 0x35, 0x35, 0x3b, 0x32, 0x35, 0x35, 0x3b, 0x32, 0x35, 
    0x35, 0x6d, 0x4d, 0x1b, 0x5b, 0x30, 0x6d, 0x1b, 0x5b, 0x33, 0x38, 0x3b, 0x32, 0x3b, 0x30, 0x3b, 
    0x30, 0x3b, 0x30, 0x6d, 0x20, 0x1b, 0x5b, 0x30, 0x6d, 0x1b, 0x5b, 0x33, 0x38, 0x3b, 0x32, 0x3b, 
    0x30, 0x3b, 0x30, 0x3b, 0x30, 0x6d, 0x20, 0x1b, 0x5b, 0x30, 0x6d, 0x1b, 0x5b, 0x33, 0x38, 0x3b, 
    0x32, 0x3b, 0x30, 0x3b, 0x30, 0x3b, 0x30, 0x6d, 0x20, 0x1b, 0x5b, 0x30, 0x6d, 0x1b, 0x5b, 0x33, 
    0x38, 0x3b, 0x32, 0x3b, 0x30, 0x3b, 0x30, 0x3b, 0x30, 0x6d, 0x20, 0x1b, 0x5b, 0x30, 0x6d, 0x1b, 
    0x5b, 0x33, 0x38, 0x3b, 0x32, 0x3b, 0x30, 0x3b, 0x30, 0x3b, 0x30, 0x6d, 0x20, 0x1b, 0x5b, 0x30, 
    0x6d, 0x1b, 0x5b, 0x33, 0x38, 0x3b, 0x32, 0x3b, 0x31, 0x30, 0x32, 0x3b, 0x31, 0x30, 0x32, 0x3b, 
    0x31, 0x30, 0x32, 0x6d, 0x3a, 0x1b, 0x5b, 0x30, 0x6d, 0x1b, 0x5b, 0x33, 0x38, 0x3b, 0x32, 0x3b, 
    0x31, 0x30, 0x32, 0x3b, 0x31, 0x30, 0x32, 0x3b, 0x31, 0x30, 0x32, 0x6d, 0x3a, 0x1b, 0x5b, 0x30, 
    0x6d, 0x1b, 0x5b, 0x33, 0x38, 0x3b, 0x32, 0x3b, 0x31, 0x30, 0x32, 0x3b, 0x31, 0x30, 0x32, 0x3b, 
    0x31, 0x30, 0x32, 0x6d, 0x3a, 0x1b, 0x5b, 0x30, 0x6d, 0x1b, 0x5b, 0x33, 0x38, 0x3b, 0x32, 0x3b, 
    0x31, 0x30, 0x32, 0x3b, 0x31, 0x30, 0x32, 0x3b, 0x31, 0x30, 0x32, 0x6d, 0x3a, 0x1b, 0x5b, 0x30, 
    0x6d, 0x1b, 0x5b, 0x33, 0x38, 0x3b, 0x32, 0x3b, 0x31, 0x37, 0x39, 0x3b, 0x31, 0x37, 0x39, 0x3b, 
    0x31, 0x37, 0x39, 0x6d, 0x6b, 0x1b, 0x5b, 0x30, 0x6d, 0x1b, 0x5b, 0x33, 0x38, 0x3b, 0x32, 0x3b, 
    0x32, 0x35, 0x35, 0x3b, 0x32, 0x35, 0x35, 0x3b, 0x32, 0x35, 0x35, 0x6d, 0x4d, 0x1b, 0x5b, 0x30, 
    0x6d, 0x1b, 0x5b, 0x33, 0x38, 0x3b, 0x32, 0x3b, 0x32, 0x35, 0x35, 0x3b, 0x32, 0x35, 0x35, 0x3b, 
    0x32, 0x35, 0x35, 0x6d, 0x4d, 0x1b, 0x5b, 0x30, 0x6d, 0x1b, 0x5b, 0x33, 0x38, 0x3b, 0x32, 0x3b, 
    0x32, 0x35, 0x35, 0x3b, 0x32, 0x35, 0x35, 0x3b, 0x32, 0x35, 0x35, 0x6d, 0x4d, 0x1b, 0x5b, 0x30, 
    0x6d, 0x1b, 0x5b, 0x33, 0x38, 0x3b, 0x32, 0x3b, 0x32, 0x35, 0x35, 0x3b, 0x32, 0x35, 0x35, 0x3b, 
    0x32, 0x35, 0x35, 0x6d, 0x4d, 0x1b, 0x5b, 0x30, 0x6d, 0x1b, 0x5b, 0x33, 0x38, 0x3b, 0x32, 0x3b, 
    0x32, 0x35, 0x35, 0x3b, 0x32, 0x35, 0x35, 0x3b, 0x32, 0x35, 0x35, 0x6d, 0x4d, 0x1b, 0x5b, 0x30, 
    0x6d, 0x1b, 0x5b, 0x33, 0x38, 0x3b, 0x32, 0x3b, 0x32, 0x35, 0x35, 0x3b, 0x32, 0x35, 0x35, 0x3b, 
    0x32, 0x35, 0x35, 0x6d, 0x4d, 0x1b, 0x5b, 0x30, 0x6d, 0x1b, 0x5b, 0x33, 0x38, 0x3b, 0x32, 0x3b, 
    0x32, 0x35, 0x35, 0x3b, 0x32, 0x35, 0x35, 0x3b, 0x32, 0x35, 0x35, 0x6d, 0x4d, 0x1b, 0x5b, 0x30, 
    0x6d, 0x1b, 0x5b, 0x33, 0x38, 0x3b, 0x32, 0x3b, 0x32, 0x35, 0x35, 0x3b, 0x32, 0x35, 0x35, 0x3b, 
    0x32, 0x35, 0x35, 0x6d, 0x4d, 0x1b, 0x5b, 0x30, 0x6d, 0x1b, 0x5b, 0x33, 0x38, 0x3b, 0x32, 0x3b, 
    0x32, 0x35, 0x35, 0x3b, 0x32, 0x35, 0x35, 0x3b, 0x32, 0x35, 0x35, 0x6d, 0x4d, 0x1b, 0x5b, 0x30, 
    0x6d, 0x1b, 0x5b, 0x33, 0x38, 0x3b, 0x32, 0x3b, 0x32, 0x35, 0x35, 0x3b, 0x32, 0x35, 0x35, 0x3b, 
    0x32, 0x35, 0x35, 0x6d, 0x4d, 0x1b, 0x5b, 0x30, 0x6d, 0x1b, 0x5b, 0x33, 0x38, 0x3b, 0x32, 0x3b, 
    0x32, 0x35, 0x35, 0x3b, 0x32, 0x35, 0x35, 0x3b, 0x32, 0x35, 0x35, 0x6d, 0x4d, 0x1b, 0x5b, 0x30, 
    0x6d, 0x1b, 0x5b, 0x33, 0x38, 0x3b, 0x32, 0x3b, 0x32, 0x35, 0x35, 0x3b, 0x32, 0x35, 0x35, 0x3b, 
    0x32, 0x35, 0x35, 0x6d, 0x4d, 0x1b, 0x5b, 0x30, 0x6d, 0x1b, 0x5b, 0x33, 0x38, 0x3b, 0x32, 0x3b, 
    0x32, 0x35, 0x35, 0x3b, 0x32, 0x35, 0x35, 0x3b, 0x32, 0x35, 0x35, 0x6d, 0x4d, 0x1b, 0x5b, 0x30, 
    0x6d, 0x1b, 0x5b, 0x33, 0x38, 0x3b, 0x32, 0x3b, 0x32, 0x35, 0x35, 0x3b, 0x32, 0x35, 0x35, 0x3b, 
    0x32, 0x35, 0x35, 0x6d, 0x4d, 0x1b, 0x5b, 0x30, 0x6d, 0x1b, 0x5b, 0x33, 0x38, 0x3b, 0x32, 0x3b, 
    0x32, 0x35, 0x35, 0x3b, 0x32, 0x35, 0x35, 0x3b, 0x32, 0x35, 0x35, 0x6d, 0x4d, 0x1b, 0x5b, 0x30, 
    0x6d, 0x1b, 0x5b, 0x33, 0x38, 0x3b, 0x32, 0x3b, 0x31, 0x37, 0x39, 0x3b, 0x31, 0x37, 0x39, 0x3b, 
    0x31, 0x37, 0x39, 0x6d, 0x6b, 0x1b, 0x5b, 0x30, 0x6d, 0x1b, 0x5b, 0x33, 0x38, 0x3b, 0x32, 0x3b, 
    0x31, 0x30, 0x32, 0x3b, 0x31, 0x30, 0x32, 0x3b, 0x31, 0x30, 0x32, 0x6d, 0x3a, 0x1b, 0x5b, 0x30, 
    0x6d, 0x1b, 0x5b, 0x33, 0x38, 0x3b, 0x32, 0x3b, 0x31, 0x30, 0x32, 0x3b, 0x31, 0x30, 0x32, 0x3b, 
    0x31, 0x30, 0x32, 0x6d, 0x3a, 0x1b, 0x5b, 0x30, 0x6d, 0x1b, 0x5b, 0x33, 0x38, 0x3b, 0x32, 0x3b, 
    0x31, 0x30, 0x32, 0x3b, 0x31, 0x30, 0x32, 0x3b, 0x31, 0x30, 0x32, 0x6d, 0x3a, 0x1b, 0x5b, 0x30, 
    0x6d, 0x1b, 0x5b, 0x33, 0x38, 0x3b, 0x32, 0x3b, 0x31, 0x30, 0x32, 0x3b, 0x31, 0x30, 0x32, 0x3b, 
    0x31, 0x30, 0x32, 0x6d, 0x3a, 0x1b, 0x5b, 0x30, 0x6d, 0x1b, 0x5b, 0x33, 0x38, 0x3b, 0x32, 0x3b, 
    0x31, 0x30, 0x32, 0x3b, 0x31, 0x30, 0x32, 0x3b, 0x31, 0x30, 0x32, 0x6d, 0x3a, 0x1b, 0x5b, 0x30, 
    0x6d, 0x1b, 0x5b, 0x33, 0x38, 0x3b, 0x32, 0x3b, 0x31, 0x30, 0x32, 0x3b, 0x31, 0x30, 0x32, 0x3b, 
    0x31, 0x30, 0x32, 0x6d, 0x3a, 0x1b, 0x5b, 0x30, 0x6d, 0x1b, 0x5b, 0x33, 0x38, 0x3b, 0x32, 0x3b, 
    0x31, 0x30, 0x32, 0x3b, 0x31, 0x30, 0x32, 0x3b, 0x31, 0x30, 0x32, 0x6d, 0x3a, 0x1b, 0x5b, 0x30, 
    0x6d, 0x1b, 0x5b, 0x33, 0x38, 0x3b, 0x32, 0x3b, 0x31, 0x30, 0x32, 0x3b, 0x31, 0x30, 0x32, 0x3b, 
    0x31, 0x30, 0x32, 0x6d, 0x3a, 0x1b, 0x5b, 0x30, 0x6d, 0x1b, 0x5b, 0x33, 0x38, 0x3b, 0x32, 0x3b, 
    0x31, 0x30, 0x32, 0x3b, 0x31, 0x30, 0x32, 0x3b, 0x31, 0x30, 0x32, 0x6d, 0x3a, 0x1b, 0x5b, 0x30, 
    0x6d, 0x1b, 0x5b, 0x33, 0x38, 0x3b, 0x32, 0x3b, 0x31, 0x30, 0x32, 0x3b, 0x31, 0x30, 0x32, 0x3b, 
    0x31, 0x30, 0x32, 0x6d, 0x3a, 0x1b, 0x5b, 0x30, 0x6d, 0x1b, 0x5b, 0x33, 0x38, 0x3b, 0x32, 0x3b, 
    0x31, 0x30, 0x32, 0x3b, 0x31, 0x30, 0x32, 0x3b, 0x31, 0x30, 0x32, 0x6d, 0x3a, 0x1b, 0x5b, 0x30, 
    0x6d, 0x1b, 0x5b, 0x33, 0x38, 0x3b, 0x32, 0x3b, 0x32, 0x35, 0x35, 0x3b, 0x32, 0x35, 0x35, 0x3b, 
    0x32, 0x35, 0x35, 0x6d, 0x4d, 0x1b, 0x5b, 0x30, 0x6d, 0x1b, 0x5b, 0x33, 0x38, 0x3b, 0x32, 0x3b, 
    0x32, 0x35, 0x35, 0x3b, 0x32, 0x35, 0x35, 0x3b, 0x32, 0x35, 0x35, 0x6d, 0x4d, 0x1b, 0x5b, 0x30, 
    0x6d, 0x1b, 0x5b, 0x33, 0x38, 0x3b, 0x32, 0x3b, 0x32, 0x35, 0x35, 0x3b, 0x32, 0x35, 0x35, 0x3b, 
    0x32, 0x35, 0x35, 0x6d, 0x4d, 0x1b, 0x5b, 0x30, 0x6d, 0x1b, 0x5b, 0x33, 0x38, 0x3b, 0x32, 0x3b, 
    0x32, 0x35, 0x35, 0x3b, 0x32, 0x35, 0x35, 0x3b, 0x32, 0x35, 0x35, 0x6d, 0x4d, 0x1b, 0x5b, 0x30, 
    0x6d, 0x1b, 0x5b, 0x33, 0x38, 0x3b, 0x32, 0x3b, 0x32, 0x35, 0x35, 0x3b, 0x32, 0x35, 0x35, 0x3b, 
    0x32, 0x35, 0x35, 0x6d, 0x4d, 0x1b, 0x5b, 0x30, 0x6d, 0x1b, 0x5b, 0x33, 0x38, 0x3b, 0x32, 0x3b, 
    0x32, 0x35, 0x35, 0x3b, 0x32, 0x35, 0x35, 0x3b, 0x32, 0x35, 0x35, 0x6d, 0x4d, 0x1b, 0x5b, 0x30, 
    0x6d, 0x1b, 0x5b, 0x33, 0x38, 0x3b, 0x32, 0x3b, 0x32, 0x35, 0x35, 0x3b, 0x32, 0x35, 0x35, 0x3b, 
    0x32, 0x35, 0x35, 0x6d, 0x4d, 0x1b, 0x5b, 0x30, 0x6d, 0x1b, 0x5b, 0x33, 0x38, 0x3b, 0x32, 0x3b, 
    0x32, 0x35, 0x35, 0x3b, 0x32, 0x35, 0x35, 0x3b, 0x32, 0x35, 0x35, 0x6d, 0x4d, 0x1b, 0x5b, 0x30, 
    0x6d, 0x1b, 0x5b, 0x33, 0x38, 0x3b, 0x32, 0x3b, 0x32, 0x35, 0x35, 0x3b, 0x32, 0x35, 0x35, 0x3b, 
    0x32, 0x35, 0x35, 0x6d, 0x4d, 0x1b, 0x5b, 0x30, 0x6d, 0x1b, 0x5b, 0x33, 0x38, 0x3b, 0x32, 0x3b, 
    0x31, 0x30, 0x32, 0x3b, 0x31, 0x30, 0x32, 0x3b, 0x31, 0x30, 0x32, 0x6d, 0x3a, 0x1b, 0x5b, 0x30, 
    0x6d, 0x1b, 0x5b, 0x33, 0x38, 0x3b, 0x32, 0x3b, 0x31, 0x30, 0x32, 0x3b, 0x31, 0x30, 0x32, 0x3b, 
    0x31, 0x30, 0x32, 0x6d, 0x3a, 0x1b, 0x5b, 0x30, 0x6d, 0x1b, 0x5b, 0x33, 0x38, 0x3b, 0x32, 0x3b, 
    0x31, 0x30, 0x32, 0x3b, 0x31, 0x30, 0x32, 0x3b, 0x31, 0x30, 0x32, 0x6d, 0x3a, 0x1b, 0x5b, 0x30, 
    0x6d, 0x1b, 0x5b, 0x33, 0x38, 0x3b, 0x32, 0x3b, 0x31, 0x30, 0x32, 0x3b, 0x31, 0x30, 0x32, 0x3b, 
    0x31, 0x30, 0x32, 0x6d, 0x3a, 0x1b, 0x5b, 0x30, 0x6d, 0x1b, 0x5b, 0x33, 0x38, 0x3b, 0x32, 0x3b, 
    0x35, 0x31, 0x3b, 0x35, 0x31, 0x3b, 0x35, 0x31, 0x6d, 0x2e, 0x1b, 0x5b, 0x30, 0x6d, 0x1b, 0x5b, 
    0x33, 0x38, 0x3b, 0x32, 0x3b, 0x30, 0x3b, 0x30, 0x3b, 0x30, 0x6d, 0x20, 0x1b, 0x5b, 0x30, 0x6d, 
    0x1b, 0x5b, 0x33, 0x38, 0x3b, 0x32, 0x3b, 0x30, 0x3b, 0x30, 0x3b, 0x30, 0x6d, 0x20, 0x1b, 0x5b, 
    0x30, 0x6d, 0x1b, 0x5b, 0x33, 0x38, 0x3b, 0x32, 0x3b, 0x30, 0x3b, 0x30, 0x3b, 0x30, 0x6d, 0x20, 
    0x1b, 0x5b, 0x30, 0x6d, 0x1b, 0x5b, 0x33, 0x38, 0x3b, 0x32, 0x3b, 0x30, 0x3b, 0x30, 0x3b, 0x30, 
    0x6d, 0x20, 0x1b, 0x5b, 0x30, 0x6d, 0x1b, 0x5b, 0x33, 0x38, 0x3b, 0x32, 0x3b, 0x30, 0x3b, 0x30, 
    0x3b, 0x30, 0x6d, 0x20, 0x1b, 0x5b, 0x30, 0x6d, 0x1b, 0x5b, 0x33, 0x38, 0x3b, 0x32, 0x3b, 0x30, 
    0x3b, 0x30, 0x3b, 0x30, 0x6d, 0x20, 0x1b, 0x5b, 0x30, 0x6d, 0x1b, 0x5b, 0x33, 0x38, 0x3b, 0x32, 
    0x3b, 0x30, 0x3b, 0x30, 0x3b, 0x30, 0x6d, 0x20, 0x1b, 0x5b, 0x30, 0x6d, 0x1b, 0x5b, 0x33, 0x38, 
    0x3b, 0x32, 0x3b, 0x30, 0x3b, 0x30, 0x3b, 0x30, 0x6d, 0x20, 0x1b, 0x5b, 0x30, 0x6d, 0x1b, 0x5b, 
    0x33, 0x38, 0x3b, 0x32, 0x3b, 0x30, 0x3b, 0x30, 0x3b, 0x30, 0x6d, 0x20, 0x1b, 0x5b, 0x30, 0x6d, 
    0x1b, 0x5b, 0x33, 0x38, 0x3b, 0x32, 0x3b, 0x30, 0x3b, 0x30, 0x3b, 0x30, 0x6d, 0x20, 0x1b, 0x5b, 
    0x30, 0x6d, 0x1b, 0x5b, 0x33, 0x38, 0x3b, 0x32, 0x3b, 0x30, 0x3b, 0x30, 0x3b, 0x30, 0x6d, 0x20, 
    0x1b, 0x5b, 0x30, 0x6d, 0x1b, 0x5b, 0x33, 0x38, 0x3b, 0x32, 0x3b, 0x30, 0x3b, 0x30, 0x3b, 0x30, 
    0x6d, 0x20, 0x1b, 0x5b, 0x30, 0x6d, 0x1b, 0x5b, 0x33, 0x38, 0x3b, 0x32, 0x3b, 0x30, 0x3b, 0x30, 
    0x3b, 0x30, 0x6d, 0x20, 0x1b, 0x5b, 0x30, 0x6d, 0x1b, 0x5b, 0x33, 0x38, 0x3b, 0x32, 0x3b, 0x32, 
    0x35, 0x35, 0x3b, 0x32, 0x35, 0x35, 0x3b, 0x32, 0x35, 0x35, 0x6d, 0x4d, 0x1b, 0x5b, 0x30, 0x6d, 
    0x1b, 0x5b, 0x33, 0x38, 0x3b, 0x32, 0x3b, 0x32, 0x35, 0x35, 0x3b, 0x32, 0x35, 0x35, 0x3b, 0x32, 
    0x35, 0x35, 0x6d, 0x4d, 0x1b, 0x5b, 0x30, 0x6d, 0x1b, 0x5b, 0x33, 0x38, 0x3b, 0x32, 0x3b, 0x32, 
    0x35, 0x35, 0x3b, 0x32, 0x35, 0x35, 0x3b, 0x32, 0x35, 0x35, 0x6d, 0x4d, 0x1b, 0x5b, 0x30, 0x6d, 
    0x1b, 0x5b, 0x33, 0x38, 0x3b, 0x32, 0x3b, 0x32, 0x35, 0x35, 0x3b, 0x32, 0x35, 0x35, 0x3b, 0x32, 
    0x35, 0x35, 0x6d, 0x4d, 0x1b, 0x5b, 0x30, 0x6d, 0x1b, 0x5b, 0x33, 0x38, 0x3b, 0x32, 0x3b, 0x32, 
    0x35, 0x35, 0x3b, 0x32, 0x35, 0x35, 0x3b, 0x32, 0x35, 0x35, 0x6d, 0x4d, 0x1b, 0x5b, 0x30, 0x6d, 
    0x1b, 0x5b, 0x33, 0x38, 0x3b, 0x32, 0x3b, 0x32, 0x35, 0x35, 0x3b, 0x32, 0x35, 0x35, 0x3b, 0x32, 
    0x35, 0x35, 0x6d, 0x4d, 0x1b, 0x5b, 0x30, 0x6d, 0x1b, 0x5b, 0x33, 0x38, 0x3b, 0x32, 0x3b, 0x32, 
    0x35, 0x35, 0x3b, 0x32, 0x35, 0x35, 0x3b, 0x32, 0x35, 0x35, 0x6d, 0x4d, 0x1b, 0x5b, 0x30, 0x6d, 
    0x1b, 0x5b, 0x33, 0x38, 0x3b, 0x32, 0x3b, 0x32, 0x35, 0x35, 0x3b, 0x32, 0x35, 0x35, 0x3b, 0x32, 
    0x35, 0x35, 0x6d, 0x4d, 0x1b, 0x5b, 0x30, 0x6d, 0x1b, 0x5b, 0x33, 0x38, 0x3b, 0x32, 0x3b, 0x32, 
    0x35, 0x35, 0x3b, 0x32, 0x35, 0x35, 0x3b, 0x32, 0x35, 0x35, 0x6d, 0x4d, 0x1b, 0x5b, 0x30, 0x6d, 
    0x1b, 0x5b, 0x33, 0x38, 0x3b, 0x32, 0x3b, 0x32, 0x35, 0x35, 0x3b, 0x32, 0x35, 0x35, 0x3b, 0x32, 
    0x35, 0x35, 0x6d, 0x4d, 0x1b, 0x5b, 0x30, 0x6d, 0x1b, 0x5b, 0x33, 0x38, 0x3b, 0x32, 0x3b, 0x32, 
    0x35, 0x35, 0x3b, 0x32, 0x35, 0x35, 0x3b, 0x32, 0x35, 0x35, 0x6d, 0x4d, 0x1b, 0x5b, 0x30, 0x6d, 
    0x1b, 0x5b, 0x33, 0x38, 0x3b, 0x32, 0x3b, 0x32, 0x35, 0x35, 0x3b, 0x32, 0x35, 0x35, 0x3b, 0x32, 
    0x35, 0x35, 0x6d, 0x4d, 0x1b, 0x5b, 0x30, 0x6d, 0x1b, 0x5b, 0x33, 0x38, 0x3b, 0x32, 0x3b, 0x32, 
    0x35, 0x35, 0x3b, 0x32, 0x35, 0x35, 0x3b, 0x32, 0x35, 0x35, 0x6d, 0x4d, 0x1b, 0x5b, 0x30, 0x6d, 
    0x1b, 0x5b, 0x33, 0x38, 0x3b, 0x32, 0x3b, 0x32, 0x35, 0x35, 0x3b, 0x32, 0x35, 0x35, 0x3b, 0x32, 
    0x35, 0x35, 0x6d, 0x4d, 0x1b, 0x5b, 0x30, 0x6d, 0x1b, 0x5b, 0x33, 0x38, 0x3b, 0x32, 0x3b, 0x32, 
    0x35, 0x35, 0x3b, 0x32, 0x35, 0x35, 0x3b, 0x32, 0x35, 0x35, 0x6d, 0x4d, 0x1b, 0x5b, 0x30, 0x6d, 
    0x1b, 0x5b, 0x33, 0x38, 0x3b, 0x32, 0x3b, 0x32, 0x35, 0x35, 0x3b, 0x32, 0x35, 0x35, 0x3b, 0x32, 
    0x35, 0x35, 0x6d, 0x4d, 0x1b, 0x5b, 0x30, 0x6d, 0x1b, 0x5b, 0x33, 0x38, 0x3b, 0x32, 0x3b, 0x32, 
    0x35, 0x35, 0x3b, 0x32, 0x35, 0x35, 0x3b, 0x32, 0x35, 0x35, 0x6d, 0x4d, 0x1b, 0x5b, 0x30, 0x6d, 
    0x1b, 0x5b, 0x33, 0x38, 0x3b, 0x32, 0x3b, 0x32, 0x35, 0x35, 0x3b, 0x32, 0x35, 0x35, 0x3b, 0x32, 
    0x35, 0x35, 0x6d, 0x4d, 0x1b, 0x5b, 0x30, 0x6d, 0x0a, 0x1b, 0x5b, 0x30, 0x6d, 0x1b, 0x5b, 0x33, 
    0x38, 0x3b, 0x32, 0x3b, 0x32, 0x35, 0x35, 0x3b, 0x32, 0x35, 0x35, 0x3b, 0x32, 0x35, 0x35, 0x6d, 
    0x4d, 0x1b, 0x5b, 0x30, 0x6d, 0x1b, 0x5b, 0x33, 0x38, 0x3b, 0x32, 0x3b, 0x32, 0x35, 0x35, 0x3b, 
    0x32, 0x35, 0x35, 0x3b, 0x32, 0x35, 0x35, 0x6d, 0x4d, 0x1b, 0x5b, 0x30, 0x6d, 0x1b, 0x5b, 0x33, 
    0x38, 0x3b, 0x32, 0x3b, 0x32, 0x35, 0x35, 0x3b, 0x32, 0x35, 0x35, 0x3b, 0x32, 0x35, 0x35, 0x6d, 
    0x4d, 0x1b, 0x5b, 0x30, 0x6d, 0x1b, 0x5b, 0x33, 0x38, 0x3b, 0x32, 0x3b, 0x32, 0x35, 0x35, 0x3b, 
    0x32, 0x35, 0x35, 0x3b, 0x32, 0x35, 0x35, 0x6d, 0x4d, 0x1b, 0x5b, 0x30, 0x6d, 0x1b, 0x5b, 0x33, 
    0x38, 0x3b, 0x32, 0x3b, 0x32, 0x35, 0x35, 0x3b, 0x32, 0x35, 0x35, 0x3b, 0x32, 0x35, 0x35, 0x6d, 
    0x4d, 0x1b, 0x5b, 0x30, 0x6d, 0x1b, 0x5b, 0x33, 0x38, 0x3b, 0x32, 0x3b, 0x32, 0x35, 0x35, 0x3b, 
    0x32, 0x35, 0x35, 0x3b, 0x32, 0x35, 0x35, 0x6d, 0x4d, 0x1b, 0x5b, 0x30, 0x6d, 0x1b, 0x5b, 0x33, 
    0x38, 0x3b, 0x32, 0x3b, 0x32, 0x35, 0x35, 0x3b, 0x32, 0x35, 0x35, 0x3b, 0x32, 0x35, 0x35, 0x6d, 
    0x4d, 0x1b, 0x5b, 0x30, 0x6d, 0x1b, 0x5b, 0x33, 0x38, 0x3b, 0x32, 0x3b, 0x32, 0x35, 0x35, 0x3b, 
    0x32, 0x35, 0x35, 0x3b, 0x32, 0x35, 0x35, 0x6d, 0x4d, 0x1b, 0x5b, 0x30, 0x6d, 0x1b, 0x5b, 0x33, 
    0x38, 0x3b, 0x32, 0x3b, 0x32, 0x35, 0x35, 0x3b, 0x32, 0x35, 0x35, 0x3b, 0x32, 0x35, 0x35, 0x6d, 
    0x4d, 0x1b, 0x5b, 0x30, 0x6d, 0x1b, 0x5b, 0x33, 0x38, 0x3b, 0x32, 0x3b, 0x32, 0x35, 0x35, 0x3b, 
    0x32, 0x35, 0x35, 0x3b, 0x32, 0x35, 0x35, 0x6d, 0x4d, 0x1b, 0x5b, 0x30, 0x6d, 0x1b, 0x5b, 0x33, 
    0x38, 0x3b, 0x32, 0x3b, 0x32, 0x35, 0x35, 0x3b, 0x32, 0x35, 0x35, 0x3b, 0x32, 0x35, 0x35, 0x6d, 
    0x4d, 0x1b, 0x5b, 0x30, 0x6d, 0x1b, 0x5b, 0x33, 0x38, 0x3b, 0x32, 0x3b, 0x32, 0x35, 0x35, 0x3b, 
    0x32, 0x35, 0x35, 0x3b, 0x32, 0x35, 0x35, 0x6d, 0x4d, 0x1b, 0x5b, 0x30, 0x6d, 0x1b, 0x5b, 0x33, 
    0x38, 0x3b, 0x32, 0x3b, 0x32, 0x35, 0x35, 0x3b, 0x32, 0x35, 0x35, 0x3b, 0x32, 0x35, 0x35, 0x6d, 
    0x4d, 0x1b, 0x5b, 0x30, 0x6d, 0x1b, 0x5b, 0x33, 0x38, 0x3b, 0x32, 0x3b, 0x32, 0x35, 0x35, 0x3b, 
    0x32, 0x35, 0x35, 0x3b, 0x32, 0x35, 0x35, 0x6d, 0x4d, 0x1b, 0x5b, 0x30, 0x6d, 0x1b, 0x5b, 0x33, 
    0x38, 0x3b, 0x32, 0x3b, 0x32, 0x35, 0x35, 0x3b, 0x32, 0x35, 0x35, 0x3b, 0x32, 0x35, 0x35, 0x6d, 
    0x4d, 0x1b, 0x5b, 0x30, 0x6d, 0x1b, 0x5b, 0x33, 0x38, 0x3b, 0x32, 0x3b, 0x32, 0x35, 0x35, 0x3b, 
    0x32, 0x35, 0x35, 0x3b, 0x32, 0x35, 0x35, 0x6d, 0x4d, 0x1b, 0x5b, 0x30, 0x6d, 0x1b, 0x5b, 0x33, 
    0x38, 0x3b, 0x32, 0x3b, 0x31, 0x39, 0x31, 0x3b, 0x31, 0x39, 0x31, 0x3b, 0x31, 0x39, 0x31, 0x6d, 
    0x30, 0x1b, 0x5b, 0x30, 0x6d, 0x1b, 0x5b, 0x33, 0x38, 0x3b, 0x32, 0x3b, 0x31, 0x39, 0x31, 0x3b, 
    0x31, 0x39, 0x31, 0x3b, 0x31, 0x39, 0x31, 0x6d, 0x30, 0x1b, 0x5b, 0x30, 0x6d, 0x1b, 0x5b, 0x33, 
    0x38, 0x3b, 0x32, 0x3b, 0x30, 0x3b, 0x30, 0x3b, 0x30, 0x6d, 0x20, 0x1b, 0x5b, 0x30, 0x6d, 0x1b, 
    0x5b, 0x33, 0x38, 0x3b, 0x32, 0x3b, 0x30, 0x3b, 0x30, 0x3b, 0x30, 0x6d, 0x20, 0x1b, 0x5b, 0x30, 
    0x6d, 0x1b, 0x5b, 0x33, 0x38, 0x3b, 0x32, 0x3b, 0x33, 0x32, 0x3b, 0x33, 0x32, 0x3b, 0x33, 0x32, 
    0x6d, 0x2e, 0x1b, 0x5b, 0x30, 0x6d, 0x1b, 0x5b, 0x33, 0x38, 0x3b, 0x32, 0x3b, 0x36, 0x34, 0x3b, 
    0x36, 0x34, 0x3b, 0x36, 0x34, 0x6d, 0x27, 0x1b, 0x5b, 0x30, 0x6d, 0x1b, 0x5b, 0x33, 0x38, 0x3b, 
    0x32, 0x3b, 0x36, 0x34, 0x3b, 0x36, 0x34, 0x3b, 0x36, 0x34, 0x6d, 0x27, 0x1b, 0x5b, 0x30, 0x6d, 
    0x1b, 0x5b, 0x33, 0x38, 0x3b, 0x32, 0x3b, 0x32, 0x35, 0x35, 0x3b, 0x32, 0x35, 0x35, 0x3b, 0x32, 
    0x35, 0x35, 0x6d, 0x4d, 0x1b, 0x5b, 0x30, 0x6d, 0x1b, 0x5b, 0x33, 0x38, 0x3b, 0x32, 0x3b, 0x32, 
    0x35, 0x35, 0x3b, 0x32, 0x35, 0x35, 0x3b, 0x32, 0x35, 0x35, 0x6d, 0x4d, 0x1b, 0x5b, 0x30, 0x6d, 
    0x1b, 0x5b, 0x33, 0x38, 0x3b, 0x32, 0x3b, 0x32, 0x35, 0x35, 0x3b, 0x32, 0x35, 0x35, 0x3b, 0x32, 
    0x35, 0x35, 0x6d, 0x4d, 0x1b, 0x5b, 0x30, 0x6d, 0x1b, 0x5b, 0x33, 0x38, 0x3b, 0x32, 0x3b, 0x32, 
    0x35, 0x35, 0x3b, 0x32, 0x35, 0x35, 0x3b, 0x32, 0x35, 0x35, 0x6d, 0x4d, 0x1b, 0x5b, 0x30, 0x6d, 
    0x1b, 0x5b, 0x33, 0x38, 0x3b, 0x32, 0x3b, 0x32, 0x35, 0x35, 0x3b, 0x32, 0x35, 0x35, 0x3b, 0x32, 
    0x35, 0x35, 0x6d, 0x4d, 0x1b, 0x5b, 0x30, 0x6d, 0x1b, 0x5b, 0x33, 0x38, 0x3b, 0x32, 0x3b, 0x32, 
    0x35, 0x35, 0x3b, 0x32, 0x35, 0x35, 0x3b, 0x32, 0x35, 0x35, 0x6d, 0x4d, 0x1b, 0x5b, 0x30, 0x6d, 
    0x1b, 0x5b, 0x33, 0x38, 0x3b, 0x32, 0x3b, 0x32, 0x35, 0x35, 0x3b, 0x32, 0x35, 0x35, 0x3b, 0x32, 
    0x35, 0x35, 0x6d, 0x4d, 0x1b, 0x5b, 0x30, 0x6d, 0x1b, 0x5b, 0x33, 0x38, 0x3b, 0x32, 0x3b, 0x32, 
    0x35, 0x35, 0x3b, 0x32, 0x35, 0x35, 0x3b, 0x32, 0x35, 0x35, 0x6d, 0x4d, 0x1b, 0x5b, 0x30, 0x6d, 
    0x1b, 0x5b, 0x33, 0x38, 0x3b, 0x32, 0x3b, 0x32, 0x35, 0x35, 0x3b, 0x32, 0x35, 0x35, 0x3b, 0x32, 
    0x35, 0x35, 0x6d, 0x4d, 0x1b, 0x5b, 0x30, 0x6d, 0x1b, 0x5b, 0x33, 0x38, 0x3b, 0x32, 0x3b, 0x32, 
    0x35, 0x35, 0x3b, 0x32, 0x35, 0x35, 0x3b, 0x32, 0x35, 0x35, 0x6d, 0x4d, 0x1b, 0x5b, 0x30, 0x6d, 
    0x1b, 0x5b, 0x33, 0x38, 0x3b, 0x32, 0x3b, 0x32, 0x35, 0x35, 0x3b, 0x32, 0x35, 0x35, 0x3b, 0x32, 
    0x35, 0x35, 0x6d, 0x4d, 0x1b, 0x5b, 0x30, 0x6d, 0x1b, 0x5b, 0x33, 0x38, 0x3b, 0x32, 0x3b, 0x32, 
    0x35, 0x35, 0x3b, 0x32, 0x35, 0x35, 0x3b, 0x32, 0x35, 0x35, 0x6d, 0x4d, 0x1b, 0x5b, 0x30, 0x6d, 
    0x1b, 0x5b, 0x33, 0x38, 0x3b, 0x32, 0x3b, 0x32, 0x35, 0x35, 0x3b, 0x32, 0x35, 0x35, 0x3b, 0x32, 
    0x35, 0x35, 0x6d, 0x4d, 0x1b, 0x5b, 0x30, 0x6d, 0x1b, 0x5b, 0x33, 0x38, 0x3b, 0x32, 0x3b, 0x32, 
    0x32, 0x33, 0x3b, 0x32, 0x32, 0x33, 0x3b, 0x32, 0x32, 0x33, 0x6d, 0x58, 0x1b, 0x5b, 0x30, 0x6d, 
    0x1b, 0x5b, 0x33, 0x38, 0x3b, 0x32, 0x3b, 0x31, 0x39, 0x31, 0x3b, 0x31, 0x39, 0x31, 0x3b, 0x31, 
    0x39, 0x31, 0x6d, 0x30, 0x1b, 0x5b, 0x30, 0x6d, 0x1b, 0x5b, 0x33, 0x38, 0x3b, 0x32, 0x3b, 0x31, 
    0x39, 0x31, 0x3b, 0x31, 0x39, 0x31, 0x3b, 0x31, 0x39, 0x31, 0x6d, 0x30, 0x1b, 0x5b, 0x30, 0x6d, 
    0x1b, 0x5b, 0x33, 0x38, 0x3b, 0x32, 0x3b, 0x32, 0x35, 0x35, 0x3b, 0x32, 0x35, 0x35, 0x3b, 0x32, 
    0x35, 0x35, 0x6d, 0x4d, 0x1b, 0x5b, 0x30, 0x6d, 0x1b, 0x5b, 0x33, 0x38, 0x3b, 0x32, 0x3b, 0x32, 
    0x35, 0x35, 0x3b, 0x32, 0x35, 0x35, 0x3b, 0x32, 0x35, 0x35, 0x6d, 0x4d, 0x1b, 0x5b, 0x30, 0x6d, 
    0x1b, 0x5b, 0x33, 0x38, 0x3b, 0x32, 0x3b, 0x32, 0x35, 0x35, 0x3b, 0x32, 0x35, 0x35, 0x3b, 0x32, 
    0x35, 0x35, 0x6d, 0x4d, 0x1b, 0x5b, 0x30, 0x6d, 0x1b, 0x5b, 0x33, 0x38, 0x3b, 0x32, 0x3b, 0x32, 
    0x35, 0x35, 0x3b, 0x32, 0x35, 0x35, 0x3b, 0x32, 0x35, 0x35, 0x6d, 0x4d, 0x1b, 0x5b, 0x30, 0x6d, 
    0x1b, 0x5b, 0x33, 0x38, 0x3b, 0x32, 0x3b, 0x32, 0x35, 0x35, 0x3b, 0x32, 0x35, 0x35, 0x3b, 0x32, 
    0x35, 0x35, 0x6d, 0x4d, 0x1b, 0x5b, 0x30, 0x6d, 0x1b, 0x5b, 0x33, 0x38, 0x3b, 0x32, 0x3b, 0x32, 
    0x35, 0x35, 0x3b, 0x32, 0x35, 0x35, 0x3b, 0x32, 0x35, 0x35, 0x6d, 0x4d, 0x1b, 0x5b, 0x30, 0x6d, 
    0x1b, 0x5b, 0x33, 0x38, 0x3b, 0x32, 0x3b, 0x32, 0x35, 0x35, 0x3b, 0x32, 0x35, 0x35, 0x3b, 0x32, 
    0x35, 0x35, 0x6d, 0x4d, 0x1b, 0x5b, 0x30, 0x6d, 0x1b, 0x5b, 0x33, 0x38, 0x3b, 0x32, 0x3b, 0x32, 
    0x35, 0x35, 0x3b, 0x32, 0x35, 0x35, 0x3b, 0x32, 0x35, 0x35, 0x6d, 0x4d, 0x1b, 0x5b, 0x30, 0x6d, 
    0x1b, 0x5b, 0x33, 0x38, 0x3b, 0x32, 0x3b, 0x32, 0x35, 0x35, 0x3b, 0x32, 0x35, 0x35, 0x3b, 0x32, 
    0x35, 0x35, 0x6d, 0x4d, 0x1b, 0x5b, 0x30, 0x6d, 0x1b, 0x5b, 0x33, 0x38, 0x3b, 0x32, 0x3b, 0x32, 
    0x35, 0x35, 0x3b, 0x32, 0x35, 0x35, 0x3b, 0x32, 0x35, 0x35, 0x6d, 0x4d, 0x1b, 0x5b, 0x30, 0x6d, 
    0x1b, 0x5b, 0x33, 0x38, 0x3b, 0x32, 0x3b, 0x32, 0x35, 0x35, 0x3b, 0x32, 0x35, 0x35, 0x3b, 0x32, 
    0x35, 0x35, 0x6d, 0x4d, 0x1b, 0x5b, 0x30, 0x6d, 0x1b, 0x5b, 0x33, 0x38, 0x3b, 0x32, 0x3b, 0x32, 
    0x35, 0x35, 0x3b, 0x32, 0x35, 0x35, 0x3b, 0x32, 0x35, 0x35, 0x6d, 0x4d, 0x1b, 0x5b, 0x30, 0x6d, 
    0x1b, 0x5b, 0x33, 0x38, 0x3b, 0x32, 0x3b, 0x32, 0x35, 0x35, 0x3b, 0x32, 0x35, 0x35, 0x3b, 0x32, 
    0x35, 0x35, 0x6d, 0x4d, 0x1b, 0x5b, 0x30, 0x6d, 0x1b, 0x5b, 0x33, 0x38, 0x3b, 0x32, 0x3b, 0x32, 
    0x35, 0x35, 0x3b, 0x32, 0x35, 0x35, 0x3b, 0x32, 0x35, 0x35, 0x6d, 0x4d, 0x1b, 0x5b, 0x30, 0x6d, 
    0x1b, 0x5b, 0x33, 0x38, 0x3b, 0x32, 0x3b, 0x32, 0x35, 0x35, 0x3b, 0x32, 0x35, 0x35, 0x3b, 0x32, 
    0x35, 0x35, 0x6d, 0x4d, 0x1b, 0x5b, 0x30, 0x6d, 0x1b, 0x5b, 0x33, 0x38, 0x3b, 0x32, 0x3b, 0x32, 
    0x35, 0x35, 0x3b, 0x32, 0x35, 0x35, 0x3b, 0x32, 0x35, 0x35, 0x6d, 0x4d, 0x1b, 0x5b, 0x30, 0x6d, 
    0x1b, 0x5b, 0x33, 0x38, 0x3b, 0x32, 0x3b, 0x32, 0x35, 0x35, 0x3b, 0x32, 0x35, 0x35, 0x3b, 0x32, 
    0x35, 0x35, 0x6d, 0x4d, 0x1b, 0x5b, 0x30, 0x6d, 0x1b, 0x5b, 0x33, 0x38, 0x3b, 0x32, 0x3b, 0x32, 
    0x35, 0x35, 0x3b, 0x32, 0x35, 0x35, 0x3b, 0x32, 0x35, 0x35, 0x6d, 0x4d, 0x1b, 0x5b, 0x30, 0x6d, 
    0x1b, 0x5b, 0x33, 0x38, 0x3b, 0x32, 0x3b, 0x32, 0x35, 0x35, 0x3b, 0x32, 0x35, 0x35, 0x3b, 0x32, 
    0x35, 0x35, 0x6d, 0x4d, 0x1b, 0x5b, 0x30, 0x6d, 0x1b, 0x5b, 0x33, 0x38, 0x3b, 0x32, 0x3b, 0x32, 
    0x35, 0x35, 0x3b, 0x32, 0x35, 0x35, 0x3b, 0x32, 0x35, 0x35, 0x6d, 0x4d, 0x1b, 0x5b, 0x30, 0x6d, 
    0x1b, 0x5b, 0x33, 0x38, 0x3b, 0x32, 0x3b, 0x32, 0x35, 0x35, 0x3b, 0x32, 0x35, 0x35, 0x3b, 0x32, 
    0x35, 0x35, 0x6d, 0x4d, 0x1b, 0x5b, 0x30, 0x6d, 0x1b, 0x5b, 0x33, 0x38, 0x3b, 0x32, 0x3b, 0x32, 
    0x35, 0x35, 0x3b, 0x32, 0x35, 0x35, 0x3b, 0x32, 0x35, 0x35, 0x6d, 0x4d, 0x1b, 0x5b, 0x30, 0x6d, 
    0x1b, 0x5b, 0x33, 0x38, 0x3b, 0x32, 0x3b, 0x32, 0x35, 0x35, 0x3b, 0x32, 0x35, 0x35, 0x3b, 0x32, 
    0x35, 0x35, 0x6d, 0x4d, 0x1b, 0x5b, 0x30, 0x6d, 0x1b, 0x5b, 0x33, 0x38, 0x3b, 0x32, 0x3b, 0x32, 
    0x35, 0x35, 0x3b, 0x32, 0x35, 0x35, 0x3b, 0x32, 0x35, 0x35, 0x6d, 0x4d, 0x1b, 0x5b, 0x30, 0x6d, 
    0x1b, 0x5b, 0x33, 0x38, 0x3b, 0x32, 0x3b, 0x32, 0x35, 0x35, 0x3b, 0x32, 0x35, 0x35, 0x3b, 0x32, 
    0x35, 0x35, 0x6d, 0x4d, 0x1b, 0x5b, 0x30, 0x6d, 0x1b, 0x5b, 0x33, 0x38, 0x3b, 0x32, 0x3b, 0x32, 
    0x35, 0x35, 0x3b, 0x32, 0x35, 0x35, 0x3b, 0x32, 0x35, 0x35, 0x6d, 0x4d, 0x1b, 0x5b, 0x30, 0x6d, 
    0x1b, 0x5b, 0x33, 0x38, 0x3b, 0x32, 0x3b, 0x32, 0x35, 0x35, 0x3b, 0x32, 0x35, 0x35, 0x3b, 0x32, 
    0x35, 0x35, 0x6d, 0x4d, 0x1b, 0x5b, 0x30, 0x6d, 0x1b, 0x5b, 0x33, 0x38, 0x3b, 0x32, 0x3b, 0x32, 
    0x35, 0x35, 0x3b, 0x32, 0x35, 0x35, 0x3b, 0x32, 0x35, 0x35, 0x6d, 0x4d, 0x1b, 0x5b, 0x30, 0x6d, 
    0x1b, 0x5b, 0x33, 0x38, 0x3b, 0x32, 0x3b, 0x32, 0x35, 0x35, 0x3b, 0x32, 0x35, 0x35, 0x3b, 0x32, 
    0x35, 0x35, 0x6d, 0x4d, 0x1b, 0x5b, 0x30, 0x6d, 0x1b, 0x5b, 0x33, 0x38, 0x3b, 0x32, 0x3b, 0x31, 
    0x35, 0x39, 0x3b, 0x31, 0x35, 0x39, 0x3b, 0x31, 0x35, 0x39, 0x6d, 0x78, 0x1b, 0x5b, 0x30, 0x6d, 
    0x1b, 0x5b, 0x33, 0x38, 0x3b, 0x32, 0x3b, 0x36, 0x34, 0x3b, 0x36, 0x34, 0x3b, 0x36, 0x34, 0x6d, 
    0x27, 0x1b, 0x5b, 0x30, 0x6d, 0x1b, 0x5b, 0x33, 0x38, 0x3b, 0x32, 0x3b, 0x36, 0x34, 0x3b, 0x36, 
    0x34, 0x3b, 0x36, 0x34, 0x6d, 0x27, 0x1b, 0x5b, 0x30, 0x6d, 0x1b, 0x5b, 0x33, 0x38, 0x3b, 0x32, 
    0x3b, 0x30, 0x3b, 0x30, 0x3b, 0x30, 0x6d, 0x20, 0x1b, 0x5b, 0x30, 0x6d, 0x1b, 0x5b, 0x33, 0x38, 
    0x3b, 0x32, 0x3b, 0x30, 0x3b, 0x30, 0x3b, 0x30, 0x6d, 0x20, 0x1b, 0x5b, 0x30, 0x6d, 0x1b, 0x5b, 
    0x33, 0x38, 0x3b, 0x32, 0x3b, 0x36, 0x34, 0x3b, 0x36, 0x34, 0x3b, 0x36, 0x34, 0x6d, 0x27, 0x1b, 
    0x5b, 0x30, 0x6d, 0x1b, 0x5b, 0x33, 0x38, 0x3b, 0x32, 0x3b, 0x36, 0x34, 0x3b, 0x36, 0x34, 0x3b, 
    0x36, 0x34, 0x6d, 0x27, 0x1b, 0x5b, 0x30, 0x6d, 0x1b, 0x5b, 0x33, 0x38, 0x3b, 0x32, 0x3b, 0x33, 
    0x32, 0x3b, 0x33, 0x32, 0x3b, 0x33, 0x32, 0x6d, 0x2e, 0x1b, 0x5b, 0x30, 0x6d, 0x1b, 0x5b, 0x33, 
    0x38, 0x3b, 0x32, 0x3b, 0x30, 0x3b, 0x30, 0x3b, 0x30, 0x6d, 0x20, 0x1b, 0x5b, 0x30, 0x6d, 0x1b, 
    0x5b, 0x33, 0x38, 0x3b, 0x32, 0x3b, 0x30, 0x3b, 0x30, 0x3b, 0x30, 0x6d, 0x20, 0x1b, 0x5b, 0x30, 
    0x6d, 0x1b, 0x5b, 0x33, 0x38, 0x3b, 0x32, 0x3b, 0x30, 0x3b, 0x30, 0x3b, 0x30, 0x6d, 0x20, 0x1b, 
    0x5b, 0x30, 0x6d, 0x1b, 0x5b, 0x33, 0x38, 0x3b, 0x32, 0x3b, 0x30, 0x3b, 0x30, 0x3b, 0x30, 0x6d, 
    0x20, 0x1b, 0x5b, 0x30, 0x6d, 0x1b, 0x5b, 0x33, 0x38, 0x3b, 0x32, 0x3b, 0x30, 0x3b, 0x30, 0x3b, 
    0x30, 0x6d, 0x20, 0x1b, 0x5b, 0x30, 0x6d, 0x1b, 0x5b, 0x33, 0x38, 0x3b, 0x32, 0x3b, 0x30, 0x3b, 
    0x30, 0x3b, 0x30, 0x6d, 0x20, 0x1b, 0x5b, 0x30, 0x6d, 0x1b, 0x5b, 0x33, 0x38, 0x3b, 0x32, 0x3b, 
    0x32, 0x35, 0x35, 0x3b, 0x32, 0x35, 0x35, 0x3b, 0x32, 0x35, 0x35, 0x6d, 0x4d, 0x1b, 0x5b, 0x30, 
    0x6d, 0x1b, 0x5b, 0x33, 0x38, 0x3b, 0x32, 0x3b, 0x32, 0x35, 0x35, 0x3b, 0x32, 0x35, 0x35, 0x3b, 
    0x32, 0x35, 0x35, 0x6d, 0x4d, 0x1b, 0x5b, 0x30, 0x6d, 0x1b, 0x5b, 0x33, 0x38, 0x3b, 0x32, 0x3b, 
    0x32, 0x35, 0x35, 0x3b, 0x32, 0x35, 0x35, 0x3b, 0x32, 0x35, 0x35, 0x6d, 0x4d, 0x1b, 0x5b, 0x30, 
    0x6d, 0x1b, 0x5b, 0x33, 0x38, 0x3b, 0x32, 0x3b, 0x32, 0x35, 0x35, 0x3b, 0x32, 0x35, 0x35, 0x3b, 
    0x32, 0x35, 0x35, 0x6d, 0x4d, 0x1b, 0x5b, 0x30, 0x6d, 0x1b, 0x5b, 0x33, 0x38, 0x3b, 0x32, 0x3b, 
    0x32, 0x35, 0x35, 0x3b, 0x32, 0x35, 0x35, 0x3b, 0x32, 0x35, 0x35, 0x6d, 0x4d, 0x1b, 0x5b, 0x30, 
    0x6d, 0x1b, 0x5b, 0x33, 0x38, 0x3b, 0x32, 0x3b, 0x32, 0x35, 0x35, 0x3b, 0x32, 0x35, 0x35, 0x3b, 
    0x32, 0x35, 0x35, 0x6d, 0x4d, 0x1b, 0x5b, 0x30, 0x6d, 0x1b, 0x5b, 0x33, 0x38, 0x3b, 0x32, 0x3b, 
    0x32, 0x35, 0x35, 0x3b, 0x32, 0x35, 0x35, 0x3b, 0x32, 0x35, 0x35, 0x6d, 0x4d, 0x1b, 0x5b, 0x30, 
    0x6d, 0x1b, 0x5b, 0x33, 0x38, 0x3b, 0x32, 0x3b, 0x32, 0x35, 0x35, 0x3b, 0x32, 0x35, 0x35, 0x3b, 
    0x32, 0x35, 0x35, 0x6d, 0x4d, 0x1b, 0x5b, 0x30, 0x6d, 0x1b, 0x5b, 0x33, 0x38, 0x3b, 0x32, 0x3b, 
    0x32, 0x35, 0x35, 0x3b, 0x32, 0x35, 0x35, 0x3b, 0x32, 0x35, 0x35, 0x6d, 0x4d, 0x1b, 0x5b, 0x30, 
    0x6d, 0x1b, 0x5b, 0x33, 0x38, 0x3b, 0x32, 0x3b, 0x32, 0x35, 0x35, 0x3b, 0x32, 0x35, 0x35, 0x3b, 
    0x32, 0x35, 0x35, 0x6d, 0x4d, 0x1b, 0x5b, 0x30, 0x6d, 0x1b, 0x5b, 0x33, 0x38, 0x3b, 0x32, 0x3b, 
    0x32, 0x35, 0x35, 0x3b, 0x32, 0x35, 0x35, 0x3b, 0x32, 0x35, 0x35, 0x6d, 0x4d, 0x1b, 0x5b, 0x30, 
    0x6d, 0x1b, 0x5b, 0x33, 0x38, 0x3b, 0x32, 0x3b, 0x32, 0x35, 0x35, 0x3b, 0x32, 0x35, 0x35, 0x3b, 
    0x32, 0x35, 0x35, 0x6d, 0x4d, 0x1b, 0x5b, 0x30, 0x6d, 0x1b, 0x5b, 0x33, 0x38, 0x3b, 0x32, 0x3b, 
    0x32, 0x35, 0x35, 0x3b, 0x32, 0x35, 0x35, 0x3b, 0x32, 0x35, 0x35, 0x6d, 0x4d, 0x1b, 0x5b, 0x30, 
    0x6d, 0x1b, 0x5b, 0x33, 0x38, 0x3b, 0x32, 0x3b, 0x32, 0x35, 0x35, 0x3b, 0x32, 0x35, 0x35, 0x3b, 
    0x32, 0x35, 0x35, 0x6d, 0x4d, 0x1b, 0x5b, 0x30, 0x6d, 0x1b, 0x5b, 0x33, 0x38, 0x3b, 0x32, 0x3b, 
    0x32, 0x35, 0x35, 0x3b, 0x32, 0x35, 0x35, 0x3b, 0x32, 0x35, 0x35, 0x6d, 0x4d, 0x1b, 0x5b, 0x30, 
    0x6d, 0x1b, 0x5b, 0x33, 0x38, 0x3b, 0x32, 0x3b, 0x32, 0x35, 0x35, 0x3b, 0x32, 0x35, 0x35, 0x3b, 
    0x32, 0x35, 0x35, 0x6d, 0x4d, 0x1b, 0x5b, 0x30, 0x6d, 0x1b, 0x5b, 0x33, 0x38, 0x3b, 0x32, 0x3b, 
    0x32, 0x35, 0x35, 0x3b, 0x32, 0x35, 0x35, 0x3b, 0x32, 0x35, 0x35, 0x6d, 0x4d, 0x1b, 0x5b, 0x30, 
    0x6d, 0x1b, 0x5b, 0x33, 0x38, 0x3b, 0x32, 0x3b, 0x32, 0x35, 0x35, 0x3b, 0x32, 0x35, 0x35, 0x3b, 
    0x32, 0x35, 0x35, 0x6d, 0x4d, 0x1b, 0x5b, 0x30, 0x6d, 0x0a, 0x1b, 0x5b, 0x30, 0x6d, 0x1b, 0x5b, 
    0x33, 0x38, 0x3b, 0x32, 0x3b, 0x32, 0x35, 0x35, 0x3b, 0x32, 0x35, 0x35, 0x3b, 0x32, 0x35, 0x35, 
    0x6d, 0x4d, 0x1b, 0x5b, 0x30, 0x6d, 0x1b, 0x5b, 0x33, 0x38, 0x3b, 0x32, 0x3b, 0x32, 0x35, 0x35, 
    0x3b, 0x32, 0x35, 0x35, 0x3b, 0x32, 0x35, 0x35, 0x6d, 0x4d, 0x1b, 0x5b, 0x30, 0x6d, 0x1b, 0x5b, 
    0x33, 0x38, 0x3b, 0x32, 0x3b, 0x32, 0x35, 0x35, 0x3b, 0x32, 0x35, 0x35, 0x3b, 0x32, 0x35, 0x35, 
    0x6d, 0x4d, 0x1b, 0x5b, 0x30, 0x6d, 0x1b, 0x5b, 0x33, 0x38, 0x3b, 0x32, 0x3b, 0x32, 0x35, 0x35, 
    0x3b, 0x32, 0x35, 0x35, 0x3b, 0x32, 0x35, 0x35, 0x6d, 0x4d, 0x1b, 0x5b, 0x30, 0x6d, 0x1b, 0x5b, 
    0x33, 0x38, 0x3b, 0x32, 0x3b, 0x32, 0x35, 0x35, 0x3b, 0x32, 0x35, 0x35, 0x3b, 0x32, 0x35, 0x35, 
    0x6d, 0x4d, 0x1b, 0x5b, 0x30, 0x6d, 0x1b, 0x5b, 0x33, 0x38, 0x3b, 0x32, 0x3b, 0x32, 0x35, 0x35, 
    0x3b, 0x32, 0x35, 0x35, 0x3b, 0x32, 0x35, 0x35, 0x6d, 0x4d, 0x1b, 0x5b, 0x30, 0x6d, 0x1b, 0x5b, 
    0x33, 0x38, 0x3b, 0x32, 0x3b, 0x32, 0x35, 0x35, 0x3b, 0x32, 0x35, 0x35, 0x3b, 0x32, 0x35, 0x35, 
    0x6d, 0x4d, 0x1b, 0x5b, 0x30, 0x6d, 0x1b, 0x5b, 0x33, 0x38, 0x3b, 0x32, 0x3b, 0x32, 0x35, 0x35, 
    0x3b, 0x32, 0x35, 0x35, 0x3b, 0x32, 0x35, 0x35, 0x6d, 0x4d, 0x1b, 0x5b, 0x30, 0x6d, 0x1b, 0x5b, 
    0x33, 0x38, 0x3b, 0x32, 0x3b, 0x32, 0x35, 0x35, 0x3b, 0x32, 0x35, 0x35, 0x3b, 0x32, 0x35, 0x35, 
    0x6d, 0x4d, 0x1b, 0x5b, 0x30, 0x6d, 0x1b, 0x5b, 0x33, 0x38, 0x3b, 0x32, 0x3b, 0x32, 0x35, 0x35, 
    0x3b, 0x32, 0x35, 0x35, 0x3b, 0x32, 0x35, 0x35, 0x6d, 0x4d, 0x1b, 0x5b, 0x30, 0x6d, 0x1b, 0x5b, 
    0x33, 0x38, 0x3b, 0x32, 0x3b, 0x32, 0x35, 0x35, 0x3b, 0x32, 0x35, 0x35, 0x3b, 0x32, 0x35, 0x35, 
    0x6d, 0x4d, 0x1b, 0x5b, 0x30, 0x6d, 0x1b, 0x5b, 0x33, 0x38, 0x3b, 0x32, 0x3b, 0x32, 0x35, 0x35, 
    0x3b, 0x32, 0x35, 0x35, 0x3b, 0x32, 0x35, 0x35, 0x6d, 0x4d, 0x1b, 0x5b, 0x30, 0x6d, 0x1b, 0x5b, 
    0x33, 0x38, 0x3b, 0x32, 0x3b, 0x32, 0x35, 0x35, 0x3b, 0x32, 0x35, 0x35, 0x3b, 0x32, 0x35, 0x35, 
    0x6d, 0x4d, 0x1b, 0x5b, 0x30, 0x6d, 0x1b, 0x5b, 0x33, 0x38, 0x3b, 0x32, 0x3b, 0x32, 0x35, 0x35, 
    0x3b, 0x32, 0x35, 0x35, 0x3b, 0x32, 0x35, 0x35, 0x6d, 0x4d, 0x1b, 0x5b, 0x30, 0x6d, 0x1b, 0x5b, 
    0x33, 0x38, 0x3b, 0x32, 0x3b, 0x32, 0x35, 0x35, 0x3b, 0x32, 0x35, 0x35, 0x3b, 0x32, 0x35, 0x35, 
    0x6d, 0x4d, 0x1b, 0x5b, 0x30, 0x6d, 0x1b, 0x5b, 0x33, 0x38, 0x3b, 0x32, 0x3b, 0x32, 0x35, 0x35, 
    0x3b, 0x32, 0x35, 0x35, 0x3b, 0x32, 0x35, 0x35, 0x6d, 0x4d, 0x1b, 0x5b, 0x30, 0x6d, 0x1b, 0x5b, 
    0x33, 0x38, 0x3b, 0x32, 0x3b, 0x30, 0x3b, 0x30, 0x3b, 0x30, 0x6d, 0x20, 0x1b, 0x5b, 0x30, 0x6d, 
    0x1b, 0x5b, 0x33, 0x38, 0x3b, 0x32, 0x3b, 0x30, 0x3b, 0x30, 0x3b, 0x30, 0x6d, 0x20, 0x1b, 0x5b, 
    0x30, 0x6d, 0x1b, 0x5b, 0x33, 0x38, 0x3b, 0x32, 0x3b, 0x35, 0x31, 0x3b, 0x35, 0x31, 0x3b, 0x35, 
    0x31, 0x6d, 0x2e, 0x1b, 0x5b, 0x30, 0x6d, 0x1b, 0x5b, 0x33, 0x38, 0x3b, 0x32, 0x3b, 0x35, 0x31, 
    0x3b, 0x35, 0x31, 0x3b, 0x35, 0x31, 0x6d, 0x2e, 0x1b, 0x5b, 0x30, 0x6d, 0x1b, 0x5b, 0x33, 0x38, 
    0x3b, 0x32, 0x3b, 0x31, 0x35, 0x33, 0x3b, 0x31, 0x35, 0x33, 0x3b, 0x31, 0x35, 0x33, 0x6d, 0x64, 
    0x1b, 0x5b, 0x30, 0x6d, 0x1b, 0x5b, 0x33, 0x38, 0x3b, 0x32, 0x3b, 0x32, 0x35, 0x35, 0x3b, 0x32, 
    0x35, 0x35, 0x3b, 0x32, 0x35, 0x35, 0x6d, 0x4d, 0x1b, 0x5b, 0x30, 0x6d, 0x1b, 0x5b, 0x33, 0x38, 
    0x3b, 0x32, 0x3b, 0x32, 0x35, 0x35, 0x3b, 0x32, 0x35, 0x35, 0x3b, 0x32, 0x35, 0x35, 0x6d, 0x4d, 
    0x1b, 0x5b, 0x30, 0x6d, 0x1b, 0x5b, 0x33, 0x38, 0x3b, 0x32, 0x3b, 0x32, 0x30, 0x34, 0x3b, 0x32, 
    0x30, 0x34, 0x3b, 0x32, 0x30, 0x34, 0x6d, 0x4b, 0x1b, 0x5b, 0x30, 0x6d, 0x1b, 0x5b, 0x33, 0x38, 
    0x3b, 0x32, 0x3b, 0x32, 0x30, 0x34, 0x3b, 0x32, 0x30, 0x34, 0x3b, 0x32, 0x30, 0x34, 0x6d, 0x4b, 
    0x1b, 0x5b, 0x30, 0x6d, 0x1b, 0x5b, 0x33, 0x38, 0x3b, 0x32, 0x3b, 0x32, 0x35, 0x35, 0x3b, 0x32, 
    0x35, 0x35, 0x3b, 0x32, 0x35, 0x35, 0x6d, 0x4d, 0x1b, 0x5b, 0x30, 0x6d, 0x1b, 0x5b, 0x33, 0x38, 
    0x3b, 0x32, 0x3b, 0x32, 0x35, 0x35, 0x3b, 0x32, 0x35, 0x35, 0x3b, 0x32, 0x35, 0x35, 0x6d, 0x4d, 
    0x1b, 0x5b, 0x30, 0x6d, 0x1b, 0x5b, 0x33, 0x38, 0x3b, 0x32, 0x3b, 0x32, 0x35, 0x35, 0x3b, 0x32, 
    0x35, 0x35, 0x3b, 0x32, 0x35, 0x35, 0x6d, 0x4d, 0x1b, 0x5b, 0x30, 0x6d, 0x1b, 0x5b, 0x33, 0x38, 
    0x3b, 0x32, 0x3b, 0x32, 0x35, 0x35, 0x3b, 0x32, 0x35, 0x35, 0x3b, 0x32, 0x35, 0x35, 0x6d, 0x4d, 
    0x1b, 0x5b, 0x30, 0x6d, 0x1b, 0x5b, 0x33, 0x38, 0x3b, 0x32, 0x3b, 0x32, 0x35, 0x35, 0x3b, 0x32, 
    0x35, 0x35, 0x3b, 0x32, 0x35, 0x35, 0x6d, 0x4d, 0x1b, 0x5b, 0x30, 0x6d, 0x1b, 0x5b, 0x33, 0x38, 
    0x3b, 0x32, 0x3b, 0x32, 0x35, 0x35, 0x3b, 0x32, 0x35, 0x35, 0x3b, 0x32, 0x35, 0x35, 0x6d, 0x4d, 
    0x1b, 0x5b, 0x30, 0x6d, 0x1b, 0x5b, 0x33, 0x38, 0x3b, 0x32, 0x3b, 0x32, 0x35, 0x35, 0x3b, 0x32, 
    0x35, 0x35, 0x3b, 0x32, 0x35, 0x35, 0x6d, 0x4d, 0x1b, 0x5b, 0x30, 0x6d, 0x1b, 0x5b, 0x33, 0x38, 
    0x3b, 0x32, 0x3b, 0x32, 0x35, 0x35, 0x3b, 0x32, 0x35, 0x35, 0x3b, 0x32, 0x35, 0x35, 0x6d, 0x4d, 
    0x1b, 0x5b, 0x30, 0x6d, 0x1b, 0x5b, 0x33, 0x38, 0x3b, 0x32, 0x3b, 0x32, 0x35, 0x35, 0x3b, 0x32, 
    0x35, 0x35, 0x3b, 0x32, 0x35, 0x35, 0x6d, 0x4d, 0x1b, 0x5b, 0x30, 0x6d, 0x1b, 0x5b, 0x33, 0x38, 
    0x3b, 0x32, 0x3b, 0x32, 0x30, 0x34, 0x3b, 0x32, 0x30, 0x34, 0x3b, 0x32, 0x30, 0x34, 0x6d, 0x4b, 
    0x1b, 0x5b, 0x30, 0x6d, 0x1b, 0x5b, 0x33, 0x38, 0x3b, 0x32, 0x3b, 0x32, 0x30, 0x34, 0x3b, 0x32, 
    0x30, 0x34, 0x3b, 0x32, 0x30, 0x34, 0x6d, 0x4b, 0x1b, 0x5b, 0x30, 0x6d, 0x1b, 0x5b, 0x33, 0x38, 
    0x3b, 0x32, 0x3b, 0x31, 0x32, 0x38, 0x3b, 0x31, 0x32, 0x38, 0x3b, 0x31, 0x32, 0x38, 0x6d, 0x6c, 
    0x1b, 0x5b, 0x30, 0x6d, 0x1b, 0x5b, 0x33, 0x38, 0x3b, 0x32, 0x3b, 0x35, 0x31, 0x3b, 0x35, 0x31, 
    0x3b, 0x35, 0x31, 0x6d, 0x2e, 0x1b, 0x5b, 0x30, 0x6d, 0x1b, 0x5b, 0x33, 0x38, 0x3b, 0x32, 0x3b, 
    0x35, 0x31, 0x3b, 0x35, 0x31, 0x3b, 0x35, 0x31, 0x6d, 0x2e, 0x1b, 0x5b, 0x30, 0x6d, 0x1b, 0x5b, 
    0x33, 0x38, 0x3b, 0x32, 0x3b, 0x32, 0x30, 0x34, 0x3b, 0x32, 0x30, 0x34, 0x3b, 0x32, 0x30, 0x34, 
    0x6d, 0x4b, 0x1b, 0x5b, 0x30, 0x6d, 0x1b, 0x5b, 0x33, 0x38, 0x3b, 0x32, 0x3b, 0x32, 0x30, 0x34, 
    0x3b, 0x32, 0x30, 0x34, 0x3b, 0x32, 0x30, 0x34, 0x6d, 0x4b, 0x1b, 0x5b, 0x30, 0x6d, 0x1b, 0x5b, 
    0x33, 0x38, 0x3b, 0x32, 0x3b, 0x32, 0x35, 0x35, 0x3b, 0x32, 0x35, 0x35, 0x3b, 0x32, 0x35, 0x35, 
    0x6d, 0x4d, 0x1b, 0x5b, 0x30, 0x6d, 0x1b, 0x5b, 0x33, 0x38, 0x3b, 0x32, 0x3b, 0x32, 0x35, 0x35, 
    0x3b, 0x32, 0x35, 0x35, 0x3b, 0x32, 0x35, 0x35, 0x6d, 0x4d, 0x1b, 0x5b, 0x30, 0x6d, 0x1b, 0x5b, 
    0x33, 0x38, 0x3b, 0x32, 0x3b, 0x32, 0x35, 0x35, 0x3b, 0x32, 0x35, 0x35, 0x3b, 0x32, 0x35, 0x35, 
    0x6d, 0x4d, 0x1b, 0x5b, 0x30, 0x6d, 0x1b, 0x5b, 0x33, 0x38, 0x3b, 0x32, 0x3b, 0x32, 0x35, 0x35, 
    0x3b, 0x32, 0x35, 0x35, 0x3b, 0x32, 0x35, 0x35, 0x6d, 0x4d, 0x1b, 0x5b, 0x30, 0x6d, 0x1b, 0x5b, 
    0x33, 0x38, 0x3b, 0x32, 0x3b, 0x32, 0x35, 0x35, 0x3b, 0x32, 0x35, 0x35, 0x3b, 0x32, 0x35, 0x35, 
    0x6d, 0x4d, 0x1b, 0x5b, 0x30, 0x6d, 0x1b, 0x5b, 0x33, 0x38, 0x3b, 0x32, 0x3b, 0x32, 0x35, 0x35, 
    0x3b, 0x32, 0x35, 0x35, 0x3b, 0x32, 0x35, 0x35, 0x6d, 0x4d, 0x1b, 0x5b, 0x30, 0x6d, 0x1b, 0x5b, 
    0x33, 0x38, 0x3b, 0x32, 0x3b, 0x32, 0x35, 0x35, 0x3b, 0x32, 0x35, 0x35, 0x3b, 0x32, 0x35, 0x35, 
    0x6d, 0x4d, 0x1b, 0x5b, 0x30, 0x6d, 0x1b, 0x5b, 0x33, 0x38, 0x3b, 0x32, 0x3b, 0x32, 0x35, 0x35, 
    0x3b, 0x32, 0x35, 0x35, 0x3b, 0x32, 0x35, 0x35, 0x6d, 0x4d, 0x1b, 0x5b, 0x30, 0x6d, 0x1b, 0x5b, 
    0x33, 0x38, 0x3b, 0x32, 0x3b, 0x32, 0x35, 0x35, 0x3b, 0x32, 0x35, 0x35, 0x3b, 0x32, 0x35, 0x35, 
    0x6d, 0x4d, 0x1b, 0x5b, 0x30, 0x6d, 0x1b, 0x5b, 0x33, 0x38, 0x3b, 0x32, 0x3b, 0x32, 0x35, 0x35, 
    0x3b, 0x32, 0x35, 0x35, 0x3b, 0x32, 0x35, 0x35, 0x6d, 0x4d, 0x1b, 0x5b, 0x30, 0x6d, 0x1b, 0x5b, 
    0x33, 0x38, 0x3b, 0x32, 0x3b, 0x32, 0x35, 0x35, 0x3b, 0x32, 0x35, 0x35, 0x3b, 0x32, 0x35, 0x35, 
    0x6d, 0x4d, 0x1b, 0x5b, 0x30, 0x6d, 0x1b, 0x5b, 0x33, 0x38, 0x3b, 0x32, 0x3b, 0x32, 0x35, 0x35, 
    0x3b, 0x32, 0x35, 0x35, 0x3b, 0x32, 0x35, 0x35, 0x6d, 0x4d, 0x1b, 0x5b, 0x30, 0x6d, 0x1b, 0x5b, 
    0x33, 0x38, 0x3b, 0x32, 0x3b, 0x32, 0x35, 0x35, 0x3b, 0x32, 0x35, 0x35, 0x3b, 0x32, 0x35, 0x35, 
    0x6d, 0x4d, 0x1b, 0x5b, 0x30, 0x6d, 0x1b, 0x5b, 0x33, 0x38, 0x3b, 0x32, 0x3b, 0x32, 0x35, 0x35, 
    0x3b, 0x32, 0x35, 0x35, 0x3b, 0x32, 0x35, 0x35, 0x6d, 0x4d, 0x1b, 0x5b, 0x30, 0x6d, 0x1b, 0x5b, 
    0x33, 0x38, 0x3b, 0x32, 0x3b, 0x32, 0x30, 0x34, 0x3b, 0x32, 0x30, 0x34, 0x3b, 0x32, 0x30, 0x34, 
    0x6d, 0x4b, 0x1b, 0x5b, 0x30, 0x6d, 0x1b, 0x5b, 0x33, 0x38, 0x3b, 0x32, 0x3b, 0x32, 0x30, 0x34, 
    0x3b, 0x32, 0x30, 0x34, 0x3b, 0x32, 0x30, 0x34, 0x6d, 0x4b, 0x1b, 0x5b, 0x30, 0x6d, 0x1b, 0x5b, 
    0x33, 0x38, 0x3b, 0x32, 0x3b, 0x32, 0x35, 0x35, 0x3b, 0x32, 0x35, 0x35, 0x3b, 0x32, 0x35, 0x35, 
    0x6d, 0x4d, 0x1b, 0x5b, 0x30, 0x6d, 0x1b, 0x5b, 0x33, 0x38, 0x3b, 0x32, 0x3b, 0x32, 0x35, 0x35, 
    0x3b, 0x32, 0x35, 0x35, 0x3b, 0x32, 0x35, 0x35, 0x6d, 0x4d, 0x1b, 0x5b, 0x30, 0x6d, 0x1b, 0x5b, 
    0x33, 0x38, 0x3b, 0x32, 0x3b, 0x32, 0x35, 0x35, 0x3b, 0x32, 0x35, 0x35, 0x3b, 0x32, 0x35, 0x35, 
    0x6d, 0x4d, 0x1b, 0x5b, 0x30, 0x6d, 0x1b, 0x5b, 0x33, 0x38, 0x3b, 0x32, 0x3b, 0x32, 0x35, 0x35, 
    0x3b, 0x32, 0x35, 0x35, 0x3b, 0x32, 0x35, 0x35, 0x6d, 0x4d, 0x1b, 0x5b, 0x30, 0x6d, 0x1b, 0x5b, 
    0x33, 0x38, 0x3b, 0x32, 0x3b, 0x32, 0x35, 0x35, 0x3b, 0x32, 0x35, 0x35, 0x3b, 0x32, 0x35, 0x35, 
    0x6d, 0x4d, 0x1b, 0x5b, 0x30, 0x6d, 0x1b, 0x5b, 0x33, 0x38, 0x3b, 0x32, 0x3b, 0x32, 0x35, 0x35, 
    0x3b, 0x32, 0x35, 0x35, 0x3b, 0x32, 0x35, 0x35, 0x6d, 0x4d, 0x1b, 0x5b, 0x30, 0x6d, 0x1b, 0x5b, 
    0x33, 0x38, 0x3b, 0x32, 0x3b, 0x32, 0x35, 0x35, 0x3b, 0x32, 0x35, 0x35, 0x3b, 0x32, 0x35, 0x35, 
    0x6d, 0x4d, 0x1b, 0x5b, 0x30, 0x6d, 0x1b, 0x5b, 0x33, 0x38, 0x3b, 0x32, 0x3b, 0x32, 0x35, 0x35, 
    0x3b, 0x32, 0x35, 0x35, 0x3b, 0x32, 0x35, 0x35, 0x6d, 0x4d, 0x1b, 0x5b, 0x30, 0x6d, 0x1b, 0x5b, 
    0x33, 0x38, 0x3b, 0x32, 0x3b, 0x32, 0x35, 0x35, 0x3b, 0x32, 0x35, 0x35, 0x3b, 0x32, 0x35, 0x35, 
    0x6d, 0x4d, 0x1b, 0x5b, 0x30, 0x6d, 0x1b, 0x5b, 0x33, 0x38, 0x3b, 0x32, 0x3b, 0x32, 0x35, 0x35, 
    0x3b, 0x32, 0x35, 0x35, 0x3b, 0x32, 0x35, 0x35, 0x6d, 0x4d, 0x1b, 0x5b, 0x30, 0x6d, 0x1b, 0x5b, 
    0x33, 0x38, 0x3b, 0x32, 0x3b, 0x32, 0x35, 0x35, 0x3b, 0x32, 0x35, 0x35, 0x3b, 0x32, 0x35, 0x35, 
    0x6d, 0x4d, 0x1b, 0x5b, 0x30, 0x6d, 0x1b, 0x5b, 0x33, 0x38, 0x3b, 0x32, 0x3b, 0x32, 0x35, 0x35, 
    0x3b, 0x32, 0x35, 0x35, 0x3b, 0x32, 0x35, 0x35, 0x6d, 0x4d, 0x1b, 0x5b, 0x30, 0x6d, 0x1b, 0x5b, 
    0x33, 0x38, 0x3b, 0x32, 0x3b, 0x32, 0x35, 0x35, 0x3b, 0x32, 0x35, 0x35, 0x3b, 0x32, 0x35, 0x35, 
    0x6d, 0x4d, 0x1b, 0x5b, 0x30, 0x6d, 0x1b, 0x5b, 0x33, 0x38, 0x3b, 0x32, 0x3b, 0x32, 0x35, 0x35, 
    0x3b, 0x32, 0x35, 0x35, 0x3b, 0x32, 0x35, 0x35, 0x6d, 0x4d, 0x1b, 0x5b, 0x30, 0x6d, 0x1b, 0x5b, 
    0x33, 0x38, 0x3b, 0x32, 0x3b, 0x35, 0x31, 0x3b, 0x35, 0x31, 0x3b, 0x35, 0x31, 0x6d, 0x2e, 0x1b, 
    0x5b, 0x30, 0x6d, 0x1b, 0x5b, 0x33, 0x38, 0x3b, 0x32, 0x3b, 0x35, 0x31, 0x3b, 0x35, 0x31, 0x3b, 
    0x35, 0x31, 0x6d, 0x2e, 0x1b, 0x5b, 0x30, 0x6d, 0x1b, 0x5b, 0x33, 0x38, 0x3b, 0x32, 0x3b, 0x32, 
    0x35, 0x35, 0x3b, 0x32, 0x35, 0x35, 0x3b, 0x32, 0x35, 0x35, 0x6d, 0x4d, 0x1b, 0x5b, 0x30, 0x6d, 
    0x1b, 0x5b, 0x33, 0x38, 0x3b, 0x32, 0x3b, 0x32, 0x35, 0x35, 0x3b, 0x32, 0x35, 0x35, 0x3b, 0x32, 
    0x35, 0x35, 0x6d, 0x4d, 0x1b, 0x5b, 0x30, 0x6d, 0x1b, 0x5b, 0x33, 0x38, 0x3b, 0x32, 0x3b, 0x31, 
    0x32, 0x38, 0x3b, 0x31, 0x32, 0x38, 0x3b, 0x31, 0x32, 0x38, 0x6d, 0x6c, 0x1b, 0x5b, 0x30, 0x6d, 
    0x1b, 0x5b, 0x33, 0x38, 0x3b, 0x32, 0x3b, 0x30, 0x3b, 0x30, 0x3b, 0x30, 0x6d, 0x20, 0x1b, 0x5b, 
    0x30, 0x6d, 0x1b, 0x5b, 0x33, 0x38, 0x3b, 0x32, 0x3b, 0x30, 0x3b, 0x30, 0x3b, 0x30, 0x6d, 0x20, 
    0x1b, 0x5b, 0x30, 0x6d, 0x1b, 0x5b, 0x33, 0x38, 0x3b, 0x32, 0x3b, 0x30, 0x3b, 0x30, 0x3b, 0x30, 
    0x6d, 0x20, 0x1b, 0x5b, 0x30, 0x6d, 0x1b, 0x5b, 0x33, 0x38, 0x3b, 0x32, 0x3b, 0x30, 0x3b, 0x30, 
    0x3b, 0x30, 0x6d, 0x20, 0x1b, 0x5b, 0x30, 0x6d, 0x1b, 0x5b, 0x33, 0x38, 0x3b, 0x32, 0x3b, 0x30, 
    0x3b, 0x30, 0x3b, 0x30, 0x6d, 0x20, 0x1b, 0x5b, 0x30, 0x6d, 0x1b, 0x5b, 0x33, 0x38, 0x3b, 0x32, 
    0x3b, 0x30, 0x3b, 0x30, 0x3b, 0x30, 0x6d, 0x20, 0x1b, 0x5b, 0x30, 0x6d, 0x1b, 0x5b, 0x33, 0x38, 
    0x3b, 0x32, 0x3b, 0x32, 0x35, 0x35, 0x3b, 0x32, 0x35, 0x35, 0x3b, 0x32, 0x35, 0x35, 0x6d, 0x4d, 
    0x1b, 0x5b, 0x30, 0x6d, 0x1b, 0x5b, 0x33, 0x38, 0x3b, 0x32, 0x3b, 0x32, 0x35, 0x35, 0x3b, 0x32, 
    0x35, 0x35, 0x3b, 0x32, 0x35, 0x35, 0x6d, 0x4d, 0x1b, 0x5b, 0x30, 0x6d, 0x1b, 0x5b, 0x33, 0x38, 
    0x3b, 0x32, 0x3b, 0x32, 0x35, 0x35, 0x3b, 0x32, 0x35, 0x35, 0x3b, 0x32, 0x35, 0x35, 0x6d, 0x4d, 
    0x1b, 0x5b, 0x30, 0x6d, 0x1b, 0x5b, 0x33, 0x38, 0x3b, 0x32, 0x3b, 0x32, 0x35, 0x35, 0x3b, 0x32, 
    0x35, 0x35, 0x3b, 0x32, 0x35, 0x35, 0x6d, 0x4d, 0x1b, 0x5b, 0x30, 0x6d, 0x1b, 0x5b, 0x33, 0x38, 
    0x3b, 0x32, 0x3b, 0x32, 0x35, 0x35, 0x3b, 0x32, 0x35, 0x35, 0x3b, 0x32, 0x35, 0x35, 0x6d, 0x4d, 
    0x1b, 0x5b, 0x30, 0x6d, 0x1b, 0x5b, 0x33, 0x38, 0x3b, 0x32, 0x3b, 0x32, 0x35, 0x35, 0x3b, 0x32, 
    0x35, 0x35, 0x3b, 0x32, 0x35, 0x35, 0x6d, 0x4d, 0x1b, 0x5b, 0x30, 0x6d, 0x1b, 0x5b, 0x33, 0x38, 
    0x3b, 0x32, 0x3b, 0x32, 0x35, 0x35, 0x3b, 0x32, 0x35, 0x35, 0x3b, 0x32, 0x35, 0x35, 0x6d, 0x4d, 
    0x1b, 0x5b, 0x30, 0x6d, 0x1b, 0x5b, 0x33, 0x38, 0x3b, 0x32, 0x3b, 0x32, 0x35, 0x35, 0x3b, 0x32, 
    0x35, 0x35, 0x3b, 0x32, 0x35, 0x35, 0x6d, 0x4d, 0x1b, 0x5b, 0x30, 0x6d, 0x1b, 0x5b, 0x33, 0x38, 
    0x3b, 0x32, 0x3b, 0x32, 0x35, 0x35, 0x3b, 0x32, 0x35, 0x35, 0x3b, 0x32, 0x35, 0x35, 0x6d, 0x4d, 
    0x1b, 0x5b, 0x30, 0x6d, 0x1b, 0x5b, 0x33, 0x38, 0x3b, 0x32, 0x3b, 0x32, 0x35, 0x35, 0x3b, 0x32, 
    0x35, 0x35, 0x3b, 0x32, 0x35, 0x35, 0x6d, 0x4d, 0x1b, 0x5b, 0x30, 0x6d, 0x1b, 0x5b, 0x33, 0x38, 
    0x3b, 0x32, 0x3b, 0x32, 0x35, 0x35, 0x3b, 0x32, 0x35, 0x35, 0x3b, 0x32, 0x35, 0x35, 0x6d, 0x4d, 
    0x1b, 0x5b, 0x30, 0x6d, 0x1b, 0x5b, 0x33, 0x38, 0x3b, 0x32, 0x3b, 0x32, 0x35, 0x35, 0x3b, 0x32, 
    0x35, 0x35, 0x3b, 0x32, 0x35, 0x35, 0x6d, 0x4d, 0x1b, 0x5b, 0x30, 0x6d, 0x1b, 0x5b, 0x33, 0x38, 
    0x3b, 0x32, 0x3b, 0x32, 0x35, 0x35, 0x3b, 0x32, 0x35, 0x35, 0x3b, 0x32, 0x35, 0x35, 0x6d, 0x4d, 
    0x1b, 0x5b, 0x30, 0x6d, 0x1b, 0x5b, 0x33, 0x38, 0x3b, 0x32, 0x3b, 0x32, 0x35, 0x35, 0x3b, 0x32, 
    0x35, 0x35, 0x3b, 0x32, 0x35, 0x35, 0x6d, 0x4d, 0x1b, 0x5b, 0x30, 0x6d, 0x1b, 0x5b, 0x33, 0x38, 
    0x3b, 0x32, 0x3b, 0x32, 0x35, 0x35, 0x3b, 0x32, 0x35, 0x35, 0x3b, 0x32, 0x35, 0x35, 0x6d, 0x4d, 
    0x1b, 0x5b, 0x30, 0x6d, 0x1b, 0x5b, 0x33, 0x38, 0x3b, 0x32, 0x3b, 0x32, 0x35, 0x35, 0x3b, 0x32, 
    0x35, 0x35, 0x3b, 0x32, 0x35, 0x35, 0x6d, 0x4d, 0x1b, 0x5b, 0x30, 0x6d, 0x1b, 0x5b, 0x33, 0x38, 
    0x3b, 0x32, 0x3b, 0x32, 0x35, 0x35, 0x3b, 0x32, 0x35, 0x35, 0x3b, 0x32, 0x35, 0x35, 0x6d, 0x4d, 
    0x1b, 0x5b, 0x30, 0x6d, 0x1b, 0x5b, 0x33, 0x38, 0x3b, 0x32, 0x3b, 0x32, 0x35, 0x35, 0x3b, 0x32, 
    0x35, 0x35, 0x3b, 0x32, 0x35, 0x35, 0x6d, 0x4d, 0x1b, 0x5b, 0x30, 0x6d, 0x0a, 0x1b, 0x5b, 0x30, 
    0x6d, 0x1b, 0x5b, 0x33, 0x38, 0x3b, 0x32, 0x3b, 0x32, 0x35, 0x35, 0x3b, 0x32, 0x35, 0x35, 0x3b, 
    0x32, 0x35, 0x35, 0x6d, 0x4d, 0x1b, 0x5b, 0x30, 0x6d, 0x1b, 0x5b, 0x33, 0x38, 0x3b, 0x32, 0x3b, 
    0x32, 0x35, 0x35, 0x3b, 0x32, 0x35, 0x35, 0x3b, 0x32, 0x35, 0x35, 0x6d, 0x4d, 0x1b, 0x5b, 0x30, 
    0x6d, 0x1b, 0x5b, 0x33, 0x38, 0x3b, 0x32, 0x3b, 0x32, 0x35, 0x35, 0x3b, 0x32, 0x35, 0x35, 0x3b, 
    0x32, 0x35, 0x35, 0x6d, 0x4d, 0x1b, 0x5b, 0x30, 0x6d, 0x1b, 0x5b, 0x33, 0x38, 0x3b, 0x32, 0x3b, 
    0x32, 0x35, 0x35, 0x3b, 0x32, 0x35, 0x35, 0x3b, 0x32, 0x35, 0x35, 0x6d, 0x4d, 0x1b, 0x5b, 0x30, 
    0x6d, 0x1b, 0x5b, 0x33, 0x38, 0x3b, 0x32, 0x3b, 0x32, 0x35, 0x35, 0x3b, 0x32, 0x35, 0x35, 0x3b, 
    0x32, 0x35, 0x35, 0x6d, 0x4d, 0x1b, 0x5b, 0x30, 0x6d, 0x1b, 0x5b, 0x33, 0x38, 0x3b, 0x32, 0x3b, 
    0x32, 0x35, 0x35, 0x3b, 0x32, 0x35, 0x35, 0x3b, 0x32, 0x35, 0x35, 0x6d, 0x4d, 0x1b, 0x5b, 0x30, 
    0x6d, 0x1b, 0x5b, 0x33, 0x38, 0x3b, 0x32, 0x3b, 0x32, 0x35, 0x35, 0x3b, 0x32, 0x35, 0x35, 0x3b, 
    0x32, 0x35, 0x35, 0x6d, 0x4d, 0x1b, 0x5b, 0x30, 0x6d, 0x1b, 0x5b, 0x33, 0x38, 0x3b, 0x32, 0x3b, 
    0x32, 0x35, 0x35, 0x3b, 0x32, 0x35, 0x35, 0x3b, 0x32, 0x35, 0x35, 0x6d, 0x4d, 0x1b, 0x5b, 0x30, 
    0x6d, 0x1b, 0x5b, 0x33, 0x38, 0x3b, 0x32, 0x3b, 0x32, 0x35, 0x35, 0x3b, 0x32, 0x35, 0x35, 0x3b, 
    0x32, 0x35, 0x35, 0x6d, 0x4d, 0x1b, 0x5b, 0x30, 0x6d, 0x1b, 0x5b, 0x33, 0x38, 0x3b, 0x32, 0x3b, 
    0x32, 0x35, 0x35, 0x3b, 0x32, 0x35, 0x35, 0x3b, 0x32, 0x35, 0x35, 0x6d, 0x4d, 0x1b, 0x5b, 0x30, 
    0x6d, 0x1b, 0x5b, 0x33, 0x38, 0x3b, 0x32, 0x3b, 0x32, 0x35, 0x35, 0x3b, 0x32, 0x35, 0x35, 0x3b, 
    0x32, 0x35, 0x35, 0x6d, 0x4d, 0x1b, 0x5b, 0x30, 0x6d, 0x1b, 0x5b, 0x33, 0x38, 0x3b, 0x32, 0x3b, 
    0x32, 0x35, 0x35, 0x3b, 0x32, 0x35, 0x35, 0x3b, 0x32, 0x35, 0x35, 0x6d, 0x4d, 0x1b, 0x5b, 0x30, 
    0x6d, 0x1b, 0x5b, 0x33, 0x38, 0x3b, 0x32, 0x3b, 0x32, 0x35, 0x35, 0x3b, 0x32, 0x35, 0x35, 0x3b, 
    0x32, 0x35, 0x35, 0x6d, 0x4d, 0x1b, 0x5b, 0x30, 0x6d, 0x1b, 0x5b, 0x33, 0x38, 0x3b, 0x32, 0x3b, 
    0x32, 0x35, 0x35, 0x3b, 0x32, 0x35, 0x35, 0x3b, 0x32, 0x35, 0x35, 0x6d, 0x4d, 0x1b, 0x5b, 0x30, 
    0x6d, 0x1b, 0x5b, 0x33, 0x38, 0x3b, 0x32, 0x3b, 0x32, 0x35, 0x35, 0x3b, 0x32, 0x35, 0x35, 0x3b, 
    0x32, 0x35, 0x35, 0x6d, 0x4d, 0x1b, 0x5b, 0x30, 0x6d, 0x1b, 0x5b, 0x33, 0x38, 0x3b, 0x32, 0x3b, 
    0x32, 0x35, 0x35, 0x3b, 0x32, 0x35, 0x35, 0x3b, 0x32, 0x35, 0x35, 0x6d, 0x4d, 0x1b, 0x5b, 0x30, 
    0x6d, 0x1b, 0x5b, 0x33, 0x38, 0x3b, 0x32, 0x3b, 0x30, 0x3b, 0x30, 0x3b, 0x30, 0x6d, 0x20, 0x1b, 
    0x5b, 0x30, 0x6d, 0x1b, 0x5b, 0x33, 0x38, 0x3b, 0x32, 0x3b, 0x30, 0x3b, 0x30, 0x3b, 0x30, 0x6d, 
    0x20, 0x1b, 0x5b, 0x30, 0x6d, 0x1b, 0x5b, 0x33, 0x38, 0x3b, 0x32, 0x3b, 0x32, 0x35, 0x35, 0x3b, 
    0x32, 0x35, 0x35, 0x3b, 0x32, 0x35, 0x35, 0x6d, 0x4d, 0x1b, 0x5b, 0x30, 0x6d, 0x1b, 0x5b, 0x33, 
    0x38, 0x3b, 0x32, 0x3b, 0x32, 0x35, 0x35, 0x3b, 0x32, 0x35, 0x35, 0x3b, 0x32, 0x35, 0x35, 0x6d, 
    0x4d, 0x1b, 0x5b, 0x30, 0x6d, 0x1b, 0x5b, 0x33, 0x38, 0x3b, 0x32, 0x3b, 0x32, 0x35, 0x35, 0x3b, 
    0x32, 0x35, 0x35, 0x3b, 0x32, 0x35, 0x35, 0x6d, 0x4d, 0x1b, 0x5b, 0x30, 0x6d, 0x1b, 0x5b, 0x33, 
    0x38, 0x3b, 0x32, 0x3b, 0x32, 0x35, 0x35, 0x3b, 0x32, 0x35, 0x35, 0x3b, 0x32, 0x35, 0x35, 0x6d, 
    0x4d, 0x1b, 0x5b, 0x30, 0x6d, 0x1b, 0x5b, 0x33, 0x38, 0x3b, 0x32, 0x3b, 0x32, 0x35, 0x35, 0x3b, 
    0x32, 0x35, 0x35, 0x3b, 0x32, 0x35, 0x35, 0x6d, 0x4d, 0x1b, 0x5b, 0x30, 0x6d, 0x1b, 0x5b, 0x33, 
    0x38, 0x3b, 0x32, 0x3b, 0x30, 0x3b, 0x30, 0x3b, 0x30, 0x6d, 0x20, 0x1b, 0x5b, 0x30, 0x6d, 0x1b, 
    0x5b, 0x33, 0x38, 0x3b, 0x32, 0x3b, 0x30, 0x3b, 0x30, 0x3b, 0x30, 0x6d, 0x20, 0x1b, 0x5b, 0x30, 
    0x6d, 0x1b, 0x5b, 0x33, 0x38, 0x3b, 0x32, 0x3b, 0x32, 0x35, 0x35, 0x3b, 0x32, 0x35, 0x35, 0x3b, 
    0x32, 0x35, 0x35, 0x6d, 0x4d, 0x1b, 0x5b, 0x30, 0x6d, 0x1b, 0x5b, 0x33, 0x38, 0x3b, 0x32, 0x3b, 
    0x32, 0x35, 0x35, 0x3b, 0x32, 0x35, 0x35, 0x3b, 0x32, 0x35, 0x35, 0x6d, 0x4d, 0x1b, 0x5b, 0x30, 
    0x6d, 0x1b, 0x5b, 0x33, 0x38, 0x3b, 0x32, 0x3b, 0x32, 0x35, 0x35, 0x3b, 0x32, 0x35, 0x35, 0x3b, 
    0x32, 0x35, 0x35, 0x6d, 0x4d, 0x1b, 0x5b, 0x30, 0x6d, 0x1b, 0x5b, 0x33, 0x38, 0x3b, 0x32, 0x3b, 
    0x32, 0x35, 0x35, 0x3b, 0x32, 0x35, 0x35, 0x3b, 0x32, 0x35, 0x35, 0x6d, 0x4d, 0x1b, 0x5b, 0x30, 
    0x6d, 0x1b, 0x5b, 0x33, 0x38, 0x3b, 0x32, 0x3b, 0x32, 0x35, 0x35, 0x3b, 0x32, 0x35, 0x35, 0x3b, 
    0x32, 0x35, 0x35, 0x6d, 0x4d, 0x1b, 0x5b, 0x30, 0x6d, 0x1b, 0x5b, 0x33, 0x38, 0x3b, 0x32, 0x3b, 
    0x32, 0x35, 0x35, 0x3b, 0x32, 0x35, 0x35, 0x3b, 0x32, 0x35, 0x35, 0x6d, 0x4d, 0x1b, 0x5b, 0x30, 
    0x6d, 0x1b, 0x5b, 0x33, 0x38, 0x3b, 0x32, 0x3b, 0x32, 0x35, 0x35, 0x3b, 0x32, 0x35, 0x35, 0x3b, 
    0x32, 0x35, 0x35, 0x6d, 0x4d, 0x1b, 0x5b, 0x30, 0x6d, 0x1b, 0x5b, 0x33, 0x38, 0x3b, 0x32, 0x3b, 
    0x32, 0x35, 0x35, 0x3b, 0x32, 0x35, 0x35, 0x3b, 0x32, 0x35, 0x35, 0x6d, 0x4d, 0x1b, 0x5b, 0x30, 
    0x6d, 0x1b, 0x5b, 0x33, 0x38, 0x3b, 0x32, 0x3b, 0x32, 0x35, 0x35, 0x3b, 0x32, 0x35, 0x35, 0x3b, 
    0x32, 0x35, 0x35, 0x6d, 0x4d, 0x1b, 0x5b, 0x30, 0x6d, 0x1b, 0x5b, 0x33, 0x38, 0x3b, 0x32, 0x3b, 
    0x30, 0x3b, 0x30, 0x3b, 0x30, 0x6d, 0x20, 0x1b, 0x5b, 0x30, 0x6d, 0x1b, 0x5b, 0x33, 0x38, 0x3b, 
    0x32, 0x3b, 0x30, 0x3b, 0x30, 0x3b, 0x30, 0x6d, 0x20, 0x1b, 0x5b, 0x30, 0x6d, 0x1b, 0x5b, 0x33, 
    0x38, 0x3b, 0x32, 0x3b, 0x31, 0x32, 0x38, 0x3b, 0x31, 0x32, 0x38, 0x3b, 0x31, 0x32, 0x38, 0x6d, 
    0x6c, 0x1b, 0x5b, 0x30, 0x6d, 0x1b, 0x5b, 0x33, 0x38, 0x3b, 0x32, 0x3b, 0x32, 0x35, 0x35, 0x3b, 
    0x32, 0x35, 0x35, 0x3b, 0x32, 0x35, 0x35, 0x6d, 0x4d, 0x1b, 0x5b, 0x30, 0x6d, 0x1b, 0x5b, 0x33, 
    0x38, 0x3b, 0x32, 0x3b, 0x32, 0x35, 0x35, 0x3b, 0x32, 0x35, 0x35, 0x3b, 0x32, 0x35, 0x35, 0x6d, 
    0x4d, 0x1b, 0x5b, 0x30, 0x6d, 0x1b, 0x5b, 0x33, 0x38, 0x3b, 0x32, 0x3b, 0x30, 0x3b, 0x30, 0x3b, 
    0x30, 0x6d, 0x20, 0x1b, 0x5b, 0x30, 0x6d, 0x1b, 0x5b, 0x33, 0x38, 0x3b, 0x32, 0x3b, 0x30, 0x3b, 
    0x30, 0x3b, 0x30, 0x6d, 0x20, 0x1b, 0x5b, 0x30, 0x6d, 0x1b, 0x5b, 0x33, 0x38, 0x3b, 0x32, 0x3b, 
    0x32, 0x35, 0x35, 0x3b, 0x32, 0x35, 0x35, 0x3b, 0x32, 0x35, 0x35, 0x6d, 0x4d, 0x1b, 0x5b, 0x30, 
    0x6d, 0x1b, 0x5b, 0x33, 0x38, 0x3b, 0x32, 0x3b, 0x32, 0x35, 0x35, 0x3b, 0x32, 0x35, 0x35, 0x3b, 
    0x32, 0x35, 0x35, 0x6d, 0x4d, 0x1b, 0x5b, 0x30, 0x6d, 0x1b, 0x5b, 0x33, 0x38, 0x3b, 0x32, 0x3b, 
    0x32, 0x35, 0x35, 0x3b, 0x32, 0x35, 0x35, 0x3b, 0x32, 0x35, 0x35, 0x6d, 0x4d, 0x1b, 0x5b, 0x30, 
    0x6d, 0x1b, 0x5b, 0x33, 0x38, 0x3b, 0x32, 0x3b, 0x32, 0x35, 0x35, 0x3b, 0x32, 0x35, 0x35, 0x3b, 
    0x32, 0x35, 0x35, 0x6d, 0x4d, 0x1b, 0x5b, 0x30, 0x6d, 0x1b, 0x5b, 0x33, 0x38, 0x3b, 0x32, 0x3b, 
    0x32, 0x35, 0x35, 0x3b, 0x32, 0x35, 0x35, 0x3b, 0x32, 0x35, 0x35, 0x6d, 0x4d, 0x1b, 0x5b, 0x30, 
    0x6d, 0x1b, 0x5b, 0x33, 0x38, 0x3b, 0x32, 0x3b, 0x32, 0x35, 0x35, 0x3b, 0x32, 0x35, 0x35, 0x3b, 
    0x32, 0x35, 0x35, 0x6d, 0x4d, 0x1b, 0x5b, 0x30, 0x6d, 0x1b, 0x5b, 0x33, 0x38, 0x3b, 0x32, 0x3b, 
    0x32, 0x35, 0x35, 0x3b, 0x32, 0x35, 0x35, 0x3b, 0x32, 0x35, 0x35, 0x6d, 0x4d, 0x1b, 0x5b, 0x30, 
    0x6d, 0x1b, 0x5b, 0x33, 0x38, 0x3b, 0x32, 0x3b, 0x32, 0x35, 0x35, 0x3b, 0x32, 0x35, 0x35, 0x3b, 
    0x32, 0x35, 0x35, 0x6d, 0x4d, 0x1b, 0x5b, 0x30, 0x6d, 0x1b, 0x5b, 0x33, 0x38, 0x3b, 0x32, 0x3b, 
    0x32, 0x35, 0x35, 0x3b, 0x32, 0x35, 0x35, 0x3b, 0x32, 0x35, 0x35, 0x6d, 0x4d, 0x1b, 0x5b, 0x30, 
    0x6d, 0x1b, 0x5b, 0x33, 0x38, 0x3b, 0x32, 0x3b, 0x32, 0x35, 0x35, 0x3b, 0x32, 0x35, 0x35, 0x3b, 
    0x32, 0x35, 0x35, 0x6d, 0x4d, 0x1b, 0x5b, 0x30, 0x6d, 0x1b, 0x5b, 0x33, 0x38, 0x3b, 0x32, 0x3b, 
    0x32, 0x35, 0x35, 0x3b, 0x32, 0x35, 0x35, 0x3b, 0x32, 0x35, 0x35, 0x6d, 0x4d, 0x1b, 0x5b, 0x30, 
    0x6d, 0x1b, 0x5b, 0x33, 0x38, 0x3b, 0x32, 0x3b, 0x32, 0x35, 0x35, 0x3b, 0x32, 0x35, 0x35, 0x3b, 
    0x32, 0x35, 0x35, 0x6d, 0x4d, 0x1b, 0x5b, 0x30, 0x6d, 0x1b, 0x5b, 0x33, 0x38, 0x3b, 0x32, 0x3b, 
    0x32, 0x35, 0x35, 0x3b, 0x32, 0x35, 0x35, 0x3b, 0x32, 0x35, 0x35, 0x6d, 0x4d, 0x1b, 0x5b, 0x30, 
    0x6d, 0x1b, 0x5b, 0x33, 0x38, 0x3b, 0x32, 0x3b, 0x32, 0x35, 0x35, 0x3b, 0x32, 0x35, 0x35, 0x3b, 
    0x32, 0x35, 0x35, 0x6d, 0x4d, 0x1b, 0x5b, 0x30, 0x6d, 0x1b, 0x5b, 0x33, 0x38, 0x3b, 0x32, 0x3b, 
    0x30, 0x3b, 0x30, 0x3b, 0x30, 0x6d, 0x20, 0x1b, 0x5b, 0x30, 0x6d, 0x1b, 0x5b, 0x33, 0x38, 0x3b, 
    0x32, 0x3b, 0x30, 0x3b, 0x30, 0x3b, 0x30, 0x6d, 0x20, 0x1b, 0x5b, 0x30, 0x6d, 0x1b, 0x5b, 0x33, 
    0x38, 0x3b, 0x32, 0x3b, 0x32, 0x35, 0x35, 0x3b, 0x32, 0x35, 0x35, 0x3b, 0x32, 0x35, 0x35, 0x6d, 
    0x4d, 0x1b, 0x5b, 0x30, 0x6d, 0x1b, 0x5b, 0x33, 0x38, 0x3b, 0x32, 0x3b, 0x32, 0x35, 0x35, 0x3b, 
    0x32, 0x35, 0x35, 0x3b, 0x32, 0x35, 0x35, 0x6d, 0x4d, 0x1b, 0x5b, 0x30, 0x6d, 0x1b, 0x5b, 0x33, 
    0x38, 0x3b, 0x32, 0x3b, 0x32, 0x35, 0x35, 0x3b, 0x32, 0x35, 0x35, 0x3b, 0x32, 0x35, 0x35, 0x6d, 
    0x4d, 0x1b, 0x5b, 0x30, 0x6d, 0x1b, 0x5b, 0x33, 0x38, 0x3b, 0x32, 0x3b, 0x32, 0x35, 0x35, 0x3b, 
    0x32, 0x35, 0x35, 0x3b, 0x32, 0x35, 0x35, 0x6d, 0x4d, 0x1b, 0x5b, 0x30, 0x6d, 0x1b, 0x5b, 0x33, 
    0x38, 0x3b, 0x32, 0x3b, 0x32, 0x35, 0x35, 0x3b, 0x32, 0x35, 0x35, 0x3b, 0x32, 0x35, 0x35, 0x6d, 
    0x4d, 0x1b, 0x5b, 0x30, 0x6d, 0x1b, 0x5b, 0x33, 0x38, 0x3b, 0x32, 0x3b, 0x32, 0x35, 0x35, 0x3b, 
    0x32, 0x35, 0x35, 0x3b, 0x32, 0x35, 0x35, 0x6d, 0x4d, 0x1b, 0x5b, 0x30, 0x6d, 0x1b, 0x5b, 0x33, 
    0x38, 0x3b, 0x32, 0x3b, 0x32, 0x35, 0x35, 0x3b, 0x32, 0x35, 0x35, 0x3b, 0x32, 0x35, 0x35, 0x6d, 
    0x4d, 0x1b, 0x5b, 0x30, 0x6d, 0x1b, 0x5b, 0x33, 0x38, 0x3b, 0x32, 0x3b, 0x32, 0x35, 0x35, 0x3b, 
    0x32, 0x35, 0x35, 0x3b, 0x32, 0x35, 0x35, 0x6d, 0x4d, 0x1b, 0x5b, 0x30, 0x6d, 0x1b, 0x5b, 0x33, 
    0x38, 0x3b, 0x32, 0x3b, 0x32, 0x35, 0x35, 0x3b, 0x32, 0x35, 0x35, 0x3b, 0x32, 0x35, 0x35, 0x6d, 
    0x4d, 0x1b, 0x5b, 0x30, 0x6d, 0x1b, 0x5b, 0x33, 0x38, 0x3b, 0x32, 0x3b, 0x32, 0x35, 0x35, 0x3b, 
    0x32, 0x35, 0x35, 0x3b, 0x32, 0x35, 0x35, 0x6d, 0x4d, 0x1b, 0x5b, 0x30, 0x6d, 0x1b, 0x5b, 0x33, 
    0x38, 0x3b, 0x32, 0x3b, 0x32, 0x35, 0x35, 0x3b, 0x32, 0x35, 0x35, 0x3b, 0x32, 0x35, 0x35, 0x6d, 
    0x4d, 0x1b, 0x5b, 0x30, 0x6d, 0x1b, 0x5b, 0x33, 0x38, 0x3b, 0x32, 0x3b, 0x32, 0x35, 0x35, 0x3b, 
    0x32, 0x35, 0x35, 0x3b, 0x32, 0x35, 0x35, 0x6d, 0x4d, 0x1b, 0x5b, 0x30, 0x6d, 0x1b, 0x5b, 0x33, 
    0x38, 0x3b, 0x32, 0x3b, 0x32, 0x35, 0x35, 0x3b, 0x32, 0x35, 0x35, 0x3b, 0x32, 0x35, 0x35, 0x6d, 
    0x4d, 0x1b, 0x5b, 0x30, 0x6d, 0x1b, 0x5b, 0x33, 0x38, 0x3b, 0x32, 0x3b, 0x32, 0x35, 0x35, 0x3b, 
    0x32, 0x35, 0x35, 0x3b, 0x32, 0x35, 0x35, 0x6d, 0x4d, 0x1b, 0x5b, 0x30, 0x6d, 0x1b, 0x5b, 0x33, 
    0x38, 0x3b, 0x32, 0x3b, 0x32, 0x35, 0x35, 0x3b, 0x32, 0x35, 0x35, 0x3b, 0x32, 0x35, 0x35, 0x6d, 
    0x4d, 0x1b, 0x5b, 0x30, 0x6d, 0x1b, 0x5b, 0x33, 0x38, 0x3b, 0x32, 0x3b, 0x32, 0x35, 0x35, 0x3b, 
    0x32, 0x35, 0x35, 0x3b, 0x32, 0x35, 0x35, 0x6d, 0x4d, 0x1b, 0x5b, 0x30, 0x6d, 0x1b, 0x5b, 0x33, 
    0x38, 0x3b, 0x32, 0x3b, 0x32, 0x35, 0x35, 0x3b, 0x32, 0x35, 0x35, 0x3b, 0x32, 0x35, 0x35, 0x6d, 
    0x4d, 0x1b, 0x5b, 0x30, 0x6d, 0x1b, 0x5b, 0x33, 0x38, 0x3b, 0x32, 0x3b, 0x32, 0x35, 0x35, 0x3b, 
    0x32, 0x35, 0x35, 0x3b, 0x32, 0x35, 0x35, 0x6d, 0x4d, 0x1b, 0x5b, 0x30, 0x6d, 0x1b, 0x5b, 0x33, 
    0x38, 0x3b, 0x32, 0x3b, 0x31, 0x32, 0x38, 0x3b, 0x31, 0x32, 0x38, 0x3b, 0x31, 0x32, 0x38, 0x6d, 
    0x6c, 0x1b, 0x5b, 0x30, 0x6d, 0x1b, 0x5b, 0x33, 0x38, 0x3b, 0x32, 0x3b, 0x30, 0x3b, 0x30, 0x3b, 
    0x30, 0x6d, 0x20, 0x1b, 0x5b, 0x30, 0x6d, 0x1b, 0x5b, 0x33, 0x38, 0x3b, 0x32, 0x3b, 0x30, 0x3b, 
    0x30, 0x3b, 0x30, 0x6d, 0x20, 0x1b, 0x5b, 0x30, 0x6d, 0x1b, 0x5b, 0x33, 0x38, 0x3b, 0x32, 0x3b, 
    0x30, 0x3b, 0x30, 0x3b, 0x30, 0x6d, 0x20, 0x1b, 0x5b, 0x30, 0x6d, 0x1b, 0x5b, 0x33, 0x38, 0x3b, 
    0x32, 0x3b, 0x30, 0x3b, 0x30, 0x3b, 0x30, 0x6d, 0x20, 0x1b, 0x5b, 0x30, 0x6d, 0x1b, 0x5b, 0x33, 
    0x38, 0x3b, 0x32, 0x3b, 0x30, 0x3b, 0x30, 0x3b, 0x30, 0x6d, 0x20, 0x1b, 0x5b, 0x30, 0x6d, 0x1b, 
    0x5b, 0x33, 0x38, 0x3b, 0x32, 0x3b, 0x30, 0x3b, 0x30, 0x3b, 0x30, 0x6d, 0x20, 0x1b, 0x5b, 0x30, 
    0x6d, 0x1b, 0x5b, 0x33, 0x38, 0x3b, 0x32, 0x3b, 0x32, 0x35, 0x35, 0x3b, 0x32, 0x35, 0x35, 0x3b, 
    0x32, 0x35, 0x35, 0x6d, 0x4d, 0x1b, 0x5b, 0x30, 0x6d, 0x1b, 0x5b, 0x33, 0x38, 0x3b, 0x32, 0x3b, 
    0x32, 0x35, 0x35, 0x3b, 0x32, 0x35, 0x35, 0x3b, 0x32, 0x35, 0x35, 0x6d, 0x4d, 0x1b, 0x5b, 0x30, 
    0x6d, 0x1b, 0x5b, 0x33, 0x38, 0x3b, 0x32, 0x3b, 0x32, 0x35, 0x35, 0x3b, 0x32, 0x35, 0x35, 0x3b, 
    0x32, 0x35, 0x35, 0x6d, 0x4d, 0x1b, 0x5b, 0x30, 0x6d, 0x1b, 0x5b, 0x33, 0x38, 0x3b, 0x32, 0x3b, 
    0x32, 0x35, 0x35, 0x3b, 0x32, 0x35, 0x35, 0x3b, 0x32, 0x35, 0x35, 0x6d, 0x4d, 0x1b, 0x5b, 0x30, 
    0x6d, 0x1b, 0x5b, 0x33, 0x38, 0x3b, 0x32, 0x3b, 0x32, 0x35, 0x35, 0x3b, 0x32, 0x35, 0x35, 0x3b, 
    0x32, 0x35, 0x35, 0x6d, 0x4d, 0x1b, 0x5b, 0x30, 0x6d, 0x1b, 0x5b, 0x33, 0x38, 0x3b, 0x32, 0x3b, 
    0x32, 0x35, 0x35, 0x3b, 0x32, 0x35, 0x35, 0x3b, 0x32, 0x35, 0x35, 0x6d, 0x4d, 0x1b, 0x5b, 0x30, 
    0x6d, 0x1b, 0x5b, 0x33, 0x38, 0x3b, 0x32, 0x3b, 0x32, 0x35, 0x35, 0x3b, 0x32, 0x35, 0x35, 0x3b, 
    0x32, 0x35, 0x35, 0x6d, 0x4d, 0x1b, 0x5b, 0x30, 0x6d, 0x1b, 0x5b, 0x33, 0x38, 0x3b, 0x32, 0x3b, 
    0x32, 0x35, 0x35, 0x3b, 0x32, 0x35, 0x35, 0x3b, 0x32, 0x35, 0x35, 0x6d, 0x4d, 0x1b, 0x5b, 0x30, 
    0x6d, 0x1b, 0x5b, 0x33, 0x38, 0x3b, 0x32, 0x3b, 0x32, 0x35, 0x35, 0x3b, 0x32, 0x35, 0x35, 0x3b, 
    0x32, 0x35, 0x35, 0x6d, 0x4d, 0x1b, 0x5b, 0x30, 0x6d, 0x1b, 0x5b, 0x33, 0x38, 0x3b, 0x32, 0x3b, 
    0x32, 0x35, 0x35, 0x3b, 0x32, 0x35, 0x35, 0x3b, 0x32, 0x35, 0x35, 0x6d, 0x4d, 0x1b, 0x5b, 0x30, 
    0x6d, 0x1b, 0x5b, 0x33, 0x38, 0x3b, 0x32, 0x3b, 0x32, 0x35, 0x35, 0x3b, 0x32, 0x35, 0x35, 0x3b, 
    0x32, 0x35, 0x35, 0x6d, 0x4d, 0x1b, 0x5b, 0x30, 0x6d, 0x1b, 0x5b, 0x33, 0x38, 0x3b, 0x32, 0x3b, 
    0x32, 0x35, 0x35, 0x3b, 0x32, 0x35, 0x35, 0x3b, 0x32, 0x35, 0x35, 0x6d, 0x4d, 0x1b, 0x5b, 0x30, 
    0x6d, 0x1b, 0x5b, 0x33, 0x38, 0x3b, 0x32, 0x3b, 0x32, 0x35, 0x35, 0x3b, 0x32, 0x35, 0x35, 0x3b, 
    0x32, 0x35, 0x35, 0x6d, 0x4d, 0x1b, 0x5b, 0x30, 0x6d, 0x1b, 0x5b, 0x33, 0x38, 0x3b, 0x32, 0x3b, 
    0x32, 0x35, 0x35, 0x3b, 0x32, 0x35, 0x35, 0x3b, 0x32, 0x35, 0x35, 0x6d, 0x4d, 0x1b, 0x5b, 0x30, 
    0x6d, 0x1b, 0x5b, 0x33, 0x38, 0x3b, 0x32, 0x3b, 0x32, 0x35, 0x35, 0x3b, 0x32, 0x35, 0x35, 0x3b, 
    0x32, 0x35, 0x35, 0x6d, 0x4d, 0x1b, 0x5b, 0x30, 0x6d, 0x1b, 0x5b, 0x33, 0x38, 0x3b, 0x32, 0x3b, 
    0x32, 0x35, 0x35, 0x3b, 0x32, 0x35, 0x35, 0x3b, 0x32, 0x35, 0x35, 0x6d, 0x4d, 0x1b, 0x5b, 0x30, 
    0x6d, 0x1b, 0x5b, 0x33, 0x38, 0x3b, 0x32, 0x3b, 0x32, 0x35, 0x35, 0x3b, 0x32, 0x35, 0x35, 0x3b, 
    0x32, 0x35, 0x35, 0x6d, 0x4d, 0x1b, 0x5b, 0x30, 0x6d, 0x1b, 0x5b, 0x33, 0x38, 0x3b, 0x32, 0x3b, 
    0x32, 0x35, 0x35, 0x3b, 0x32, 0x35, 0x35, 0x3b, 0x32, 0x35, 0x35, 0x6d, 0x4d, 0x1b, 0x5b, 0x30, 
    0x6d, 0x0a, 0x1b, 0x5b, 0x30, 0x6d, 0x1b, 0x5b, 0x33, 0x38, 0x3b, 0x32, 0x3b, 0x32, 0x35, 0x35, 
    0x3b, 0x32, 0x35, 0x35, 0x3b, 0x32, 0x35, 0x35, 0x6d, 0x4d, 0x1b, 0x5b, 0x30, 0x6d, 0x1b, 0x5b, 
    0x33, 0x38, 0x3b, 0x32, 0x3b, 0x32, 0x35, 0x35, 0x3b, 0x32, 0x35, 0x35, 0x3b, 0x32, 0x35, 0x35, 
    0x6d, 0x4d, 0x1b, 0x5b, 0x30, 0x6d, 0x1b, 0x5b, 0x33, 0x38, 0x3b, 0x32, 0x3b, 0x32, 0x35, 0x35, 
    0x3b, 0x32, 0x35, 0x35, 0x3b, 0x32, 0x35, 0x35, 0x6d, 0x4d, 0x1b, 0x5b, 0x30, 0x6d, 0x1b, 0x5b, 
    0x33, 0x38, 0x3b, 0x32, 0x3b, 0x32, 0x35, 0x35, 0x3b, 0x32, 0x35, 0x35, 0x3b, 0x32, 0x35, 0x35, 
    0x6d, 0x4d, 0x1b, 0x5b, 0x30, 0x6d, 0x1b, 0x5b, 0x33, 0x38, 0x3b, 0x32, 0x3b, 0x32, 0x35, 0x35, 
    0x3b, 0x32, 0x35, 0x35, 0x3b, 0x32, 0x35, 0x35, 0x6d, 0x4d, 0x1b, 0x5b, 0x30, 0x6d, 0x1b, 0x5b, 
    0x33, 0x38, 0x3b, 0x32, 0x3b, 0x32, 0x35, 0x35, 0x3b, 0x32, 0x35, 0x35, 0x3b, 0x32, 0x35, 0x35, 
    0x6d, 0x4d, 0x1b, 0x5b, 0x30, 0x6d, 0x1b, 0x5b, 0x33, 0x38, 0x3b, 0x32, 0x3b, 0x32, 0x35, 0x35, 
    0x3b, 0x32, 0x35, 0x35, 0x3b, 0x32, 0x35, 0x35, 0x6d, 0x4d, 0x1b, 0x5b, 0x30, 0x6d, 0x1b, 0x5b, 
    0x33, 0x38, 0x3b, 0x32, 0x3b, 0x32, 0x35, 0x35, 0x3b, 0x32, 0x35, 0x35, 0x3b, 0x32, 0x35, 0x35, 
    0x6d, 0x4d, 0x1b, 0x5b, 0x30, 0x6d, 0x1b, 0x5b, 0x33, 0x38, 0x3b, 0x32, 0x3b, 0x32, 0x35, 0x35, 
    0x3b, 0x32, 0x35, 0x35, 0x3b, 0x32, 0x35, 0x35, 0x6d, 0x4d, 0x1b, 0x5b, 0x30, 0x6d, 0x1b, 0x5b, 
    0x33, 0x38, 0x3b, 0x32, 0x3b, 0x32, 0x35, 0x35, 0x3b, 0x32, 0x35, 0x35, 0x3b, 0x32, 0x35, 0x35, 
    0x6d, 0x4d, 0x1b, 0x5b, 0x30, 0x6d, 0x1b, 0x5b, 0x33, 0x38, 0x3b, 0x32, 0x3b, 0x32, 0x35, 0x35, 
    0x3b, 0x32, 0x35, 0x35, 0x3b, 0x32, 0x35, 0x35, 0x6d, 0x4d, 0x1b, 0x5b, 0x30, 0x6d, 0x1b, 0x5b, 
    0x33, 0x38, 0x3b, 0x32, 0x3b, 0x32, 0x35, 0x35, 0x3b, 0x32, 0x35, 0x35, 0x3b, 0x32, 0x35, 0x35, 
    0x6d, 0x4d, 0x1b, 0x5b, 0x30, 0x6d, 0x1b, 0x5b, 0x33, 0x38, 0x3b, 0x32, 0x3b, 0x32, 0x35, 0x35, 
    0x3b, 0x32, 0x35, 0x35, 0x3b, 0x32, 0x35, 0x35, 0x6d, 0x4d, 0x1b, 0x5b, 0x30, 0x6d, 0x1b, 0x5b, 
    0x33, 0x38, 0x3b, 0x32, 0x3b, 0x31, 0x35, 0x33, 0x3b, 0x31, 0x35, 0x33, 0x3b, 0x31, 0x35, 0x33, 
    0x6d, 0x64, 0x1b, 0x5b, 0x30, 0x6d, 0x1b, 0x5b, 0x33, 0x38, 0x3b, 0x32, 0x3b, 0x35, 0x31, 0x3b, 
    0x35, 0x31, 0x3b, 0x35, 0x31, 0x6d, 0x2e, 0x1b, 0x5b, 0x30, 0x6d, 0x1b, 0x5b, 0x33, 0x38, 0x3b, 
    0x32, 0x3b, 0x35, 0x31, 0x3b, 0x35, 0x31, 0x3b, 0x35, 0x31, 0x6d, 0x2e, 0x1b, 0x5b, 0x30, 0x6d, 
    0x1b, 0x5b, 0x33, 0x38, 0x3b, 0x32, 0x3b, 0x30, 0x3b, 0x30, 0x3b, 0x30, 0x6d, 0x20, 0x1b, 0x5b, 
    0x30, 0x6d, 0x1b, 0x5b, 0x33, 0x38, 0x3b, 0x32, 0x3b, 0x30, 0x3b, 0x30, 0x3b, 0x30, 0x6d, 0x20, 
    0x1b, 0x5b, 0x30, 0x6d, 0x1b, 0x5b, 0x33, 0x38, 0x3b, 0x32, 0x3b, 0x32, 0x35, 0x35, 0x3b, 0x32, 
    0x35, 0x35, 0x3b, 0x32, 0x35, 0x35, 0x6d, 0x4d, 0x1b, 0x5b, 0x30, 0x6d, 0x1b, 0x5b, 0x33, 0x38, 
    0x3b, 0x32, 0x3b, 0x32, 0x35, 0x35, 0x3b, 0x32, 0x35, 0x35, 0x3b, 0x32, 0x35, 0x35, 0x6d, 0x4d, 
    0x1b, 0x5b, 0x30, 0x6d, 0x1b, 0x5b, 0x33, 0x38, 0x3b, 0x32, 0x3b, 0x31, 0x35, 0x33, 0x3b, 0x31, 
    0x35, 0x33, 0x3b, 0x31, 0x35, 0x33, 0x6d, 0x64, 0x1b, 0x5b, 0x30, 0x6d, 0x1b, 0x5b, 0x33, 0x38, 
    0x3b, 0x32, 0x3b, 0x35, 0x31, 0x3b, 0x35, 0x31, 0x3b, 0x35, 0x31, 0x6d, 0x2e, 0x1b, 0x5b, 0x30, 
    0x6d, 0x1b, 0x5b, 0x33, 0x38, 0x3b, 0x32, 0x3b, 0x35, 0x31, 0x3b, 0x35, 0x31, 0x3b, 0x35, 0x31, 
    0x6d, 0x2e, 0x1b, 0x5b, 0x30, 0x6d, 0x1b, 0x5b, 0x33, 0x38, 0x3b, 0x32, 0x3b, 0x32, 0x30, 0x34, 
    0x3b, 0x32, 0x30, 0x34, 0x3b, 0x32, 0x30, 0x34, 0x6d, 0x4b, 0x1b, 0x5b, 0x30, 0x6d, 0x1b, 0x5b, 
    0x33, 0x38, 0x3b, 0x32, 0x3b, 0x32, 0x30, 0x34, 0x3b, 0x32, 0x30, 0x34, 0x3b, 0x32, 0x30, 0x34, 
    0x6d, 0x4b, 0x1b, 0x5b, 0x30, 0x6d, 0x1b, 0x5b, 0x33, 0x38, 0x3b, 0x32, 0x3b, 0x32, 0x35, 0x35, 
    0x3b, 0x32, 0x35, 0x35, 0x3b, 0x32, 0x35, 0x35, 0x6d, 0x4d, 0x1b, 0x5b, 0x30, 0x6d, 0x1b, 0x5b, 
    0x33, 0x38, 0x3b, 0x32, 0x3b, 0x32, 0x35, 0x35, 0x3b, 0x32, 0x35, 0x35, 0x3b, 0x32, 0x35, 0x35, 
    0x6d, 0x4d, 0x1b, 0x5b, 0x30, 0x6d, 0x1b, 0x5b, 0x33, 0x38, 0x3b, 0x32, 0x3b, 0x32, 0x35, 0x35, 
    0x3b, 0x32, 0x35, 0x35, 0x3b, 0x32, 0x35, 0x35, 0x6d, 0x4d, 0x1b, 0x5b, 0x30, 0x6d, 0x1b, 0x5b, 
    0x33, 0x38, 0x3b, 0x32, 0x3b, 0x32, 0x35, 0x35, 0x3b, 0x32, 0x35, 0x35, 0x3b, 0x32, 0x35, 0x35, 
    0x6d, 0x4d, 0x1b, 0x5b, 0x30, 0x6d, 0x1b, 0x5b, 0x33, 0x38, 0x3b, 0x32, 0x3b, 0x32, 0x35, 0x35, 
    0x3b, 0x32, 0x35, 0x35, 0x3b, 0x32, 0x35, 0x35, 0x6d, 0x4d, 0x1b, 0x5b, 0x30, 0x6d, 0x1b, 0x5b, 
    0x33, 0x38, 0x3b, 0x32, 0x3b, 0x32, 0x35, 0x35, 0x3b, 0x32, 0x35, 0x35, 0x3b, 0x32, 0x35, 0x35, 
    0x6d, 0x4d, 0x1b, 0x5b, 0x30, 0x6d, 0x1b, 0x5b, 0x33, 0x38, 0x3b, 0x32, 0x3b, 0x32, 0x35, 0x35, 
    0x3b, 0x32, 0x35, 0x35, 0x3b, 0x32, 0x35, 0x35, 0x6d, 0x4d, 0x1b, 0x5b, 0x30, 0x6d, 0x1b, 0x5b, 
    0x33, 0x38, 0x3b, 0x32, 0x3b, 0x32, 0x35, 0x35, 0x3b, 0x32, 0x35, 0x35, 0x3b, 0x32, 0x35, 0x35, 
    0x6d, 0x4d, 0x1b, 0x5b, 0x30, 0x6d, 0x1b, 0x5b, 0x33, 0x38, 0x3b, 0x32, 0x3b, 0x32, 0x35, 0x35, 
    0x3b, 0x32, 0x35, 0x35, 0x3b, 0x32, 0x35, 0x35, 0x6d, 0x4d, 0x1b, 0x5b, 0x30, 0x6d, 0x1b, 0x5b, 
    0x33, 0x38, 0x3b, 0x32, 0x3b, 0x32, 0x30, 0x34, 0x3b, 0x32, 0x30, 0x34, 0x3b, 0x32, 0x30, 0x34, 
    0x6d, 0x4b, 0x1b, 0x5b, 0x30, 0x6d, 0x1b, 0x5b, 0x33, 0x38, 0x3b, 0x32, 0x3b, 0x32, 0x30, 0x34, 
    0x3b, 0x32, 0x30, 0x34, 0x3b, 0x32, 0x30, 0x34, 0x6d, 0x4b, 0x1b, 0x5b, 0x30, 0x6d, 0x1b, 0x5b, 
    0x33, 0x38, 0x3b, 0x32, 0x3b, 0x32, 0x33, 0x30, 0x3b, 0x32, 0x33, 0x30, 0x3b, 0x32, 0x33, 0x30, 
    0x6d, 0x4e, 0x1b, 0x5b, 0x30, 0x6d, 0x1b, 0x5b, 0x33, 0x38, 0x3b, 0x32, 0x3b, 0x32, 0x35, 0x35, 
    0x3b, 0x32, 0x35, 0x35, 0x3b, 0x32, 0x35, 0x35, 0x6d, 0x4d, 0x1b, 0x5b, 0x30, 0x6d, 0x1b, 0x5b, 
    0x33, 0x38, 0x3b, 0x32, 0x3b, 0x32, 0x35, 0x35, 0x3b, 0x32, 0x35, 0x35, 0x3b, 0x32, 0x35, 0x35, 
    0x6d, 0x4d, 0x1b, 0x5b, 0x30, 0x6d, 0x1b, 0x5b, 0x33, 0x38, 0x3b, 0x32, 0x3b, 0x32, 0x30, 0x34, 
    0x3b, 0x32, 0x30, 0x34, 0x3b, 0x32, 0x30, 0x34, 0x6d, 0x4b, 0x1b, 0x5b, 0x30, 0x6d, 0x1b, 0x5b, 
    0x33, 0x38, 0x3b, 0x32, 0x3b, 0x32, 0x30, 0x34, 0x3b, 0x32, 0x30, 0x34, 0x3b, 0x32, 0x30, 0x34, 
    0x6d, 0x4b, 0x1b, 0x5b, 0x30, 0x6d, 0x1b, 0x5b, 0x33, 0x38, 0x3b, 0x32, 0x3b, 0x32, 0x35, 0x35, 
    0x3b, 0x32, 0x35, 0x35, 0x3b, 0x32, 0x35, 0x35, 0x6d, 0x4d, 0x1b, 0x5b, 0x30, 0x6d, 0x1b, 0x5b, 
    0x33, 0x38, 0x3b, 0x32, 0x3b, 0x32, 0x35, 0x35, 0x3b, 0x32, 0x35, 0x35, 0x3b, 0x32, 0x35, 0x35, 
    0x6d, 0x4d, 0x1b, 0x5b, 0x30, 0x6d, 0x1b, 0x5b, 0x33, 0x38, 0x3b, 0x32, 0x3b, 0x32, 0x35, 0x35, 
    0x3b, 0x32, 0x35, 0x35, 0x3b, 0x32, 0x35, 0x35, 0x6d, 0x4d, 0x1b, 0x5b, 0x30, 0x6d, 0x1b, 0x5b, 
    0x33, 0x38, 0x3b, 0x32, 0x3b, 0x32, 0x35, 0x35, 0x3b, 0x32, 0x35, 0x35, 0x3b, 0x32, 0x35, 0x35, 
    0x6d, 0x4d, 0x1b, 0x5b, 0x30, 0x6d, 0x1b, 0x5b, 0x33, 0x38, 0x3b, 0x32, 0x3b, 0x32, 0x35, 0x35, 
    0x3b, 0x32, 0x35, 0x35, 0x3b, 0x32, 0x35, 0x35, 0x6d, 0x4d, 0x1b, 0x5b, 0x30, 0x6d, 0x1b, 0x5b, 
    0x33, 0x38, 0x3b, 0x32, 0x3b, 0x32, 0x35, 0x35, 0x3b, 0x32, 0x35, 0x35, 0x3b, 0x32, 0x35, 0x35, 
    0x6d, 0x4d, 0x1b, 0x5b, 0x30, 0x6d, 0x1b, 0x5b, 0x33, 0x38, 0x3b, 0x32, 0x3b, 0x32, 0x35, 0x35, 
    0x3b, 0x32, 0x35, 0x35, 0x3b, 0x32, 0x35, 0x35, 0x6d, 0x4d, 0x1b, 0x5b, 0x30, 0x6d, 0x1b, 0x5b, 
    0x33, 0x38, 0x3b, 0x32, 0x3b, 0x32, 0x35, 0x35, 0x3b, 0x32, 0x35, 0x35, 0x3b, 0x32, 0x35, 0x35, 
    0x6d, 0x4d, 0x1b, 0x5b, 0x30, 0x6d, 0x1b, 0x5b, 0x33, 0x38, 0x3b, 0x32, 0x3b, 0x32, 0x35, 0x35, 
    0x3b, 0x32, 0x35, 0x35, 0x3b, 0x32, 0x35, 0x35, 0x6d, 0x4d, 0x1b, 0x5b, 0x30, 0x6d, 0x1b, 0x5b, 
    0x33, 0x38, 0x3b, 0x32, 0x3b, 0x32, 0x35, 0x35, 0x3b, 0x32, 0x35, 0x35, 0x3b, 0x32, 0x35, 0x35, 
    0x6d, 0x4d, 0x1b, 0x5b, 0x30, 0x6d, 0x1b, 0x5b, 0x33, 0x38, 0x3b, 0x32, 0x3b, 0x32, 0x35, 0x35, 
    0x3b, 0x32, 0x35, 0x35, 0x3b, 0x32, 0x35, 0x35, 0x6d, 0x4d, 0x1b, 0x5b, 0x30, 0x6d, 0x1b, 0x5b, 
    0x33, 0x38, 0x3b, 0x32, 0x3b, 0x31, 0x35, 0x33, 0x3b, 0x31, 0x35, 0x33, 0x3b, 0x31, 0x35, 0x33, 
    0x6d, 0x64, 0x1b, 0x5b, 0x30, 0x6d, 0x1b, 0x5b, 0x33, 0x38, 0x3b, 0x32, 0x3b, 0x35, 0x31, 0x3b, 
    0x35, 0x31, 0x3b, 0x35, 0x31, 0x6d, 0x2e, 0x1b, 0x5b, 0x30, 0x6d, 0x1b, 0x5b, 0x33, 0x38, 0x3b, 
    0x32, 0x3b, 0x35, 0x31, 0x3b, 0x35, 0x31, 0x3b, 0x35, 0x31, 0x6d, 0x2e, 0x1b, 0x5b, 0x30, 0x6d, 
    0x1b, 0x5b, 0x33, 0x38, 0x3b, 0x32, 0x3b, 0x32, 0x30, 0x34, 0x3b, 0x32, 0x30, 0x34, 0x3b, 0x32, 
    0x30, 0x34, 0x6d, 0x4b, 0x1b, 0x5b, 0x30, 0x6d, 0x1b, 0x5b, 0x33, 0x38, 0x3b, 0x32, 0x3b, 0x32, 
    0x30, 0x34, 0x3b, 0x32, 0x30, 0x34, 0x3b, 0x32, 0x30, 0x34, 0x6d, 0x4b, 0x1b, 0x5b, 0x30, 0x6d, 
    0x1b, 0x5b, 0x33, 0x38, 0x3b, 0x32, 0x3b, 0x35, 0x31, 0x3b, 0x35, 0x31, 0x3b, 0x35, 0x31, 0x6d, 
    0x2e, 0x1b, 0x5b, 0x30, 0x6d, 0x1b, 0x5b, 0x33, 0x38, 0x3b, 0x32, 0x3b, 0x35, 0x31, 0x3b, 0x35, 
    0x31, 0x3b, 0x35, 0x31, 0x6d, 0x2e, 0x1b, 0x5b, 0x30, 0x6d, 0x1b, 0x5b, 0x33, 0x38, 0x3b, 0x32, 
    0x3b, 0x31, 0x35, 0x33, 0x3b, 0x31, 0x35, 0x33, 0x3b, 0x31, 0x35, 0x33, 0x6d, 0x64, 0x1b, 0x5b, 
    0x30, 0x6d, 0x1b, 0x5b, 0x33, 0x38, 0x3b, 0x32, 0x3b, 0x32, 0x35, 0x35, 0x3b, 0x32, 0x35, 0x35, 
    0x3b, 0x32, 0x35, 0x35, 0x6d, 0x4d, 0x1b, 0x5b, 0x30, 0x6d, 0x1b, 0x5b, 0x33, 0x38, 0x3b, 0x32, 
    0x3b, 0x32, 0x35, 0x35, 0x3b, 0x32, 0x35, 0x35, 0x3b, 0x32, 0x35, 0x35, 0x6d, 0x4d, 0x1b, 0x5b, 
    0x30, 0x6d, 0x1b, 0x5b, 0x33, 0x38, 0x3b, 0x32, 0x3b, 0x32, 0x35, 0x35, 0x3b, 0x32, 0x35, 0x35, 
    0x3b, 0x32, 0x35, 0x35, 0x6d, 0x4d, 0x1b, 0x5b, 0x30, 0x6d, 0x1b, 0x5b, 0x33, 0x38, 0x3b, 0x32, 
    0x3b, 0x32, 0x35, 0x35, 0x3b, 0x32, 0x35, 0x35, 0x3b, 0x32, 0x35, 0x35, 0x6d, 0x4d, 0x1b, 0x5b, 
    0x30, 0x6d, 0x1b, 0x5b, 0x33, 0x38, 0x3b, 0x32, 0x3b, 0x32, 0x35, 0x35, 0x3b, 0x32, 0x35, 0x35, 
    0x3b, 0x32, 0x35, 0x35, 0x6d, 0x4d, 0x1b, 0x5b, 0x30, 0x6d, 0x1b, 0x5b, 0x33, 0x38, 0x3b, 0x32, 
    0x3b, 0x32, 0x35, 0x35, 0x3b, 0x32, 0x35, 0x35, 0x3b, 0x32, 0x35, 0x35, 0x6d, 0x4d, 0x1b, 0x5b, 
    0x30, 0x6d, 0x1b, 0x5b, 0x33, 0x38, 0x3b, 0x32, 0x3b, 0x32, 0x35, 0x35, 0x3b, 0x32, 0x35, 0x35, 
    0x3b, 0x32, 0x35, 0x35, 0x6d, 0x4d, 0x1b, 0x5b, 0x30, 0x6d, 0x1b, 0x5b, 0x33, 0x38, 0x3b, 0x32, 
    0x3b, 0x32, 0x35, 0x35, 0x3b, 0x32, 0x35, 0x35, 0x3b, 0x32, 0x35, 0x35, 0x6d, 0x4d, 0x1b, 0x5b, 
    0x30, 0x6d, 0x1b, 0x5b, 0x33, 0x38, 0x3b, 0x32, 0x3b, 0x32, 0x35, 0x35, 0x3b, 0x32, 0x35, 0x35, 
    0x3b, 0x32, 0x35, 0x35, 0x6d, 0x4d, 0x1b, 0x5b, 0x30, 0x6d, 0x1b, 0x5b, 0x33, 0x38, 0x3b, 0x32, 
    0x3b, 0x32, 0x35, 0x35, 0x3b, 0x32, 0x35, 0x35, 0x3b, 0x32, 0x35, 0x35, 0x6d, 0x4d, 0x1b, 0x5b, 
    0x30, 0x6d, 0x1b, 0x5b, 0x33, 0x38, 0x3b, 0x32, 0x3b, 0x32, 0x35, 0x35, 0x3b, 0x32, 0x35, 0x35, 
    0x3b, 0x32, 0x35, 0x35, 0x6d, 0x4d, 0x1b, 0x5b, 0x30, 0x6d, 0x1b, 0x5b, 0x33, 0x38, 0x3b, 0x32, 
    0x3b, 0x32, 0x35, 0x35, 0x3b, 0x32, 0x35, 0x35, 0x3b, 0x32, 0x35, 0x35, 0x6d, 0x4d, 0x1b, 0x5b, 
    0x30, 0x6d, 0x1b, 0x5b, 0x33, 0x38, 0x3b, 0x32, 0x3b, 0x32, 0x35, 0x35, 0x3b, 0x32, 0x35, 0x35, 
    0x3b, 0x32, 0x35, 0x35, 0x6d, 0x4d, 0x1b, 0x5b, 0x30, 0x6d, 0x1b, 0x5b, 0x33, 0x38, 0x3b, 0x32, 
    0x3b, 0x32, 0x35, 0x35, 0x3b, 0x32, 0x35, 0x35, 0x3b, 0x32, 0x35, 0x35, 0x6d, 0x4d, 0x1b, 0x5b, 
    0x30, 0x6d, 0x1b, 0x5b, 0x33, 0x38, 0x3b, 0x32, 0x3b, 0x32, 0x35, 0x35, 0x3b, 0x32, 0x35, 0x35, 
    0x3b, 0x32, 0x35, 0x35, 0x6d, 0x4d, 0x1b, 0x5b, 0x30, 0x6d, 0x1b, 0x5b, 0x33, 0x38, 0x3b, 0x32, 
    0x3b, 0x31, 0x32, 0x38, 0x3b, 0x31, 0x32, 0x38, 0x3b, 0x31, 0x32, 0x38, 0x6d, 0x6c, 0x1b, 0x5b, 
    0x30, 0x6d, 0x1b, 0x5b, 0x33, 0x38, 0x3b, 0x32, 0x3b, 0x30, 0x3b, 0x30, 0x3b, 0x30, 0x6d, 0x20, 
    0x1b, 0x5b, 0x30, 0x6d, 0x1b, 0x5b, 0x33, 0x38, 0x3b, 0x32, 0x3b, 0x30, 0x3b, 0x30, 0x3b, 0x30, 
    0x6d, 0x20, 0x1b, 0x5b, 0x30, 0x6d, 0x1b, 0x5b, 0x33, 0x38, 0x3b, 0x32, 0x3b, 0x30, 0x3b, 0x30, 
    0x3b, 0x30, 0x6d, 0x20, 0x1b, 0x5b, 0x30, 0x6d, 0x1b, 0x5b, 0x33, 0x38, 0x3b, 0x32, 0x3b, 0x30, 
    0x3b, 0x30, 0x3b, 0x30, 0x6d, 0x20, 0x1b, 0x5b, 0x30, 0x6d, 0x1b, 0x5b, 0x33, 0x38, 0x3b, 0x32, 
    0x3b, 0x32, 0x30, 0x34, 0x3b, 0x32, 0x30, 0x34, 0x3b, 0x32, 0x30, 0x34, 0x6d, 0x4b, 0x1b, 0x5b, 
    0x30, 0x6d, 0x1b, 0x5b, 0x33, 0x38, 0x3b, 0x32, 0x3b, 0x32, 0x30, 0x34, 0x3b, 0x32, 0x30, 0x34, 
    0x3b, 0x32, 0x30, 0x34, 0x6d, 0x4b, 0x1b, 0x5b, 0x30, 0x6d, 0x1b, 0x5b, 0x33, 0x38, 0x3b, 0x32, 
    0x3b, 0x32, 0x35, 0x35, 0x3b, 0x32, 0x35, 0x35, 0x3b, 0x32, 0x35, 0x35, 0x6d, 0x4d, 0x1b, 0x5b, 
    0x30, 0x6d, 0x1b, 0x5b, 0x33, 0x38, 0x3b, 0x32, 0x3b, 0x32, 0x35, 0x35, 0x3b, 0x32, 0x35, 0x35, 
    0x3b, 0x32, 0x35, 0x35, 0x6d, 0x4d, 0x1b, 0x5b, 0x30, 0x6d, 0x1b, 0x5b, 0x33, 0x38, 0x3b, 0x32, 
    0x3b, 0x32, 0x35, 0x35, 0x3b, 0x32, 0x35, 0x35, 0x3b, 0x32, 0x35, 0x35, 0x6d, 0x4d, 0x1b, 0x5b, 
    0x30, 0x6d, 0x1b, 0x5b, 0x33, 0x38, 0x3b, 0x32, 0x3b, 0x32, 0x35, 0x35, 0x3b, 0x32, 0x35, 0x35, 
    0x3b, 0x32, 0x35, 0x35, 0x6d, 0x4d, 0x1b, 0x5b, 0x30, 0x6d, 0x1b, 0x5b, 0x33, 0x38, 0x3b, 0x32, 
    0x3b, 0x32, 0x35, 0x35, 0x3b, 0x32, 0x35, 0x35, 0x3b, 0x32, 0x35, 0x35, 0x6d, 0x4d, 0x1b, 0x5b, 
    0x30, 0x6d, 0x1b, 0x5b, 0x33, 0x38, 0x3b, 0x32, 0x3b, 0x32, 0x35, 0x35, 0x3b, 0x32, 0x35, 0x35, 
    0x3b, 0x32, 0x35, 0x35, 0x6d, 0x4d, 0x1b, 0x5b, 0x30, 0x6d, 0x1b, 0x5b, 0x33, 0x38, 0x3b, 0x32, 
    0x3b, 0x32, 0x35, 0x35, 0x3b, 0x32, 0x35, 0x35, 0x3b, 0x32, 0x35, 0x35, 0x6d, 0x4d, 0x1b, 0x5b, 
    0x30, 0x6d, 0x1b, 0x5b, 0x33, 0x38, 0x3b, 0x32, 0x3b, 0x32, 0x35, 0x35, 0x3b, 0x32, 0x35, 0x35, 
    0x3b, 0x32, 0x35, 0x35, 0x6d, 0x4d, 0x1b, 0x5b, 0x30, 0x6d, 0x1b, 0x5b, 0x33, 0x38, 0x3b, 0x32, 
    0x3b, 0x32, 0x35, 0x35, 0x3b, 0x32, 0x35, 0x35, 0x3b, 0x32, 0x35, 0x35, 0x6d, 0x4d, 0x1b, 0x5b, 
    0x30, 0x6d, 0x1b, 0x5b, 0x33, 0x38, 0x3b, 0x32, 0x3b, 0x32, 0x35, 0x35, 0x3b, 0x32, 0x35, 0x35, 
    0x3b, 0x32, 0x35, 0x35, 0x6d, 0x4d, 0x1b, 0x5b, 0x30, 0x6d, 0x1b, 0x5b, 0x33, 0x38, 0x3b, 0x32, 
    0x3b, 0x32, 0x35, 0x35, 0x3b, 0x32, 0x35, 0x35, 0x3b, 0x32, 0x35, 0x35, 0x6d, 0x4d, 0x1b, 0x5b, 
    0x30, 0x6d, 0x1b, 0x5b, 0x33, 0x38, 0x3b, 0x32, 0x3b, 0x32, 0x35, 0x35, 0x3b, 0x32, 0x35, 0x35, 
    0x3b, 0x32, 0x35, 0x35, 0x6d, 0x4d, 0x1b, 0x5b, 0x30, 0x6d, 0x1b, 0x5b, 0x33, 0x38, 0x3b, 0x32, 
    0x3b, 0x32, 0x35, 0x35, 0x3b, 0x32, 0x35, 0x35, 0x3b, 0x32, 0x35, 0x35, 0x6d, 0x4d, 0x1b, 0x5b, 
    0x30, 0x6d, 0x1b, 0x5b, 0x33, 0x38, 0x3b, 0x32, 0x3b, 0x32, 0x35, 0x35, 0x3b, 0x32, 0x35, 0x35, 
    0x3b, 0x32, 0x35, 0x35, 0x6d, 0x4d, 0x1b, 0x5b, 0x30, 0x6d, 0x1b, 0x5b, 0x33, 0x38, 0x3b, 0x32, 
    0x3b, 0x32, 0x35, 0x35, 0x3b, 0x32, 0x35, 0x35, 0x3b, 0x32, 0x35, 0x35, 0x6d, 0x4d, 0x1b, 0x5b, 
    0x30, 0x6d, 0x1b, 0x5b, 0x33, 0x38, 0x3b, 0x32, 0x3b, 0x32, 0x35, 0x35, 0x3b, 0x32, 0x35, 0x35, 
    0x3b, 0x32, 0x35, 0x35, 0x6d, 0x4d, 0x1b, 0x5b, 0x30, 0x6d, 0x1b, 0x5b, 0x33, 0x38, 0x3b, 0x32, 
    0x3b, 0x32, 0x35, 0x35, 0x3b, 0x32, 0x35, 0x35, 0x3b, 0x32, 0x35, 0x35, 0x6d, 0x4d, 0x1b, 0x5b, 
    0x30, 0x6d, 0x1b, 0x5b, 0x33, 0x38, 0x3b, 0x32, 0x3b, 0x32, 0x35, 0x35, 0x3b, 0x32, 0x35, 0x35, 
    0x3b, 0x32, 0x35, 0x35, 0x6d, 0x4d, 0x1b, 0x5b, 0x30, 0x6d, 0x0a, 0x1b, 0x5b, 0x30, 0x6d, 0x1b, 
    0x5b, 0x33, 0x38, 0x3b, 0x32, 0x3b, 0x32, 0x35, 0x35, 0x3b, 0x32, 0x35, 0x35, 0x3b, 0x32, 0x35, 
    0x35, 0x6d, 0x4d, 0x1b, 0x5b, 0x30, 0x6d, 0x1b, 0x5b, 0x33, 0x38, 0x3b, 0x32, 0x3b, 0x32, 0x35, 
    0x35, 0x3b, 0x32, 0x35, 0x35, 0x3b, 0x32, 0x35, 0x35, 0x6d, 0x4d, 0x1b, 0x5b, 0x30, 0x6d, 0x1b, 
    0x5b, 0x33, 0x38, 0x3b, 0x32, 0x3b, 0x32, 0x35, 0x35, 0x3b, 0x32, 0x35, 0x35, 0x3b, 0x32, 0x35, 
    0x35, 0x6d, 0x4d, 0x1b, 0x5b, 0x30, 0x6d, 0x1b, 0x5b, 0x33, 0x38, 0x3b, 0x32, 0x3b, 0x32, 0x35, 
    0x35, 0x3b, 0x32, 0x35, 0x35, 0x3b, 0x32, 0x35, 0x35, 0x6d, 0x4d, 0x1b, 0x5b, 0x30, 0x6d, 0x1b, 
    0x5b, 0x33, 0x38, 0x3b, 0x32, 0x3b, 0x32, 0x35, 0x35, 0x3b, 0x32, 0x35, 0x35, 0x3b, 0x32, 0x35, 
    0x35, 0x6d, 0x4d, 0x1b, 0x5b, 0x30, 0x6d, 0x1b, 0x5b, 0x33, 0x38, 0x3b, 0x32, 0x3b, 0x32, 0x35, 
    0x35, 0x3b, 0x32, 0x35, 0x35, 0x3b, 0x32, 0x35, 0x35, 0x6d, 0x4d, 0x1b, 0x5b, 0x30, 0x6d, 0x1b, 
    0x5b, 0x33, 0x38, 0x3b, 0x32, 0x3b, 0x32, 0x35, 0x35, 0x3b, 0x32, 0x35, 0x35, 0x3b, 0x32, 0x35, 
    0x35, 0x6d, 0x4d, 0x1b, 0x5b, 0x30, 0x6d, 0x1b, 0x5b, 0x33, 0x38, 0x3b, 0x32, 0x3b, 0x32, 0x35, 
    0x35, 0x3b, 0x32, 0x35, 0x35, 0x3b, 0x32, 0x35, 0x35, 0x6d, 0x4d, 0x1b, 0x5b, 0x30, 0x6d, 0x1b, 
    0x5b, 0x33, 0x38, 0x3b, 0x32, 0x3b, 0x32, 0x35, 0x35, 0x3b, 0x32, 0x35, 0x35, 0x3b, 0x32, 0x35, 
    0x35, 0x6d, 0x4d, 0x1b, 0x5b, 0x30, 0x6d, 0x1b, 0x5b, 0x33, 0x38, 0x3b, 0x32, 0x3b, 0x32, 0x35, 
    0x35, 0x3b, 0x32, 0x35, 0x35, 0x3b, 0x32, 0x35, 0x35, 0x6d, 0x4d, 0x1b, 0x5b, 0x30, 0x6d, 0x1b, 
    0x5b, 0x33, 0x38, 0x3b, 0x32, 0x3b, 0x32, 0x35, 0x35, 0x3b, 0x32, 0x35, 0x35, 0x3b, 0x32, 0x35, 
    0x35, 0x6d, 0x4d, 0x1b, 0x5b, 0x30, 0x6d, 0x1b, 0x5b, 0x33, 0x38, 0x3b, 0x32, 0x3b, 0x32, 0x35, 
    0x35, 0x3b, 0x32, 0x35, 0x35, 0x3b, 0x32, 0x35, 0x35, 0x6d, 0x4d, 0x1b, 0x5b, 0x30, 0x6d, 0x1b, 
    0x5b, 0x33, 0x38, 0x3b, 0x32, 0x3b, 0x32, 0x35, 0x35, 0x3b, 0x32, 0x35, 0x35, 0x3b, 0x32, 0x35, 
    0x35, 0x6d, 0x4d, 0x1b, 0x5b, 0x30, 0x6d, 0x1b, 0x5b, 0x33, 0x38, 0x3b, 0x32, 0x3b, 0x31, 0x32, 
    0x38, 0x3b, 0x31, 0x32, 0x38, 0x3b, 0x31, 0x32, 0x38, 0x6d, 0x6c, 0x1b, 0x5b, 0x30, 0x6d, 0x1b, 
    0x5b, 0x33, 0x38, 0x3b, 0x32, 0x3b, 0x30, 0x3b, 0x30, 0x3b, 0x30, 0x6d, 0x20, 0x1b, 0x5b, 0x30, 
    0x6d, 0x1b, 0x5b, 0x33, 0x38, 0x3b, 0x32, 0x3b, 0x30, 0x3b, 0x30, 0x3b, 0x30, 0x6d, 0x20, 0x1b, 
    0x5b, 0x30, 0x6d, 0x1b, 0x5b, 0x33, 0x38, 0x3b, 0x32, 0x3b, 0x31, 0x39, 0x31, 0x3b, 0x31, 0x39, 
    0x31, 0x3b, 0x31, 0x39, 0x31, 0x6d, 0x30, 0x1b, 0x5b, 0x30, 0x6d, 0x1b, 0x5b, 0x33, 0x38, 0x3b, 
    0x32, 0x3b, 0x31, 0x39, 0x31, 0x3b, 0x31, 0x39, 0x31, 0x3b, 0x31, 0x39, 0x31, 0x6d, 0x30, 0x1b, 
    0x5b, 0x30, 0x6d, 0x1b, 0x5b, 0x33, 0x38, 0x3b, 0x32, 0x3b, 0x36, 0x34, 0x3b, 0x36, 0x34, 0x3b, 
    0x36, 0x34, 0x6d, 0x27, 0x1b, 0x5b, 0x30, 0x6d, 0x1b, 0x5b, 0x33, 0x38, 0x3b, 0x32, 0x3b, 0x36, 
    0x34, 0x3b, 0x36, 0x34, 0x3b, 0x36, 0x34, 0x6d, 0x27, 0x1b, 0x5b, 0x30, 0x6d, 0x1b, 0x5b, 0x33, 
    0x38, 0x3b, 0x32, 0x3b, 0x31, 0x32, 0x38, 0x3b, 0x31, 0x32, 0x38, 0x3b, 0x31, 0x32, 0x38, 0x6d, 
    0x6c, 0x1b, 0x5b, 0x30, 0x6d, 0x1b, 0x5b, 0x33, 0x38, 0x3b, 0x32, 0x3b, 0x31, 0x39, 0x31, 0x3b, 
    0x31, 0x39, 0x31, 0x3b, 0x31, 0x39, 0x31, 0x6d, 0x30, 0x1b, 0x5b, 0x30, 0x6d, 0x1b, 0x5b, 0x33, 
    0x38, 0x3b, 0x32, 0x3b, 0x31, 0x39, 0x31, 0x3b, 0x31, 0x39, 0x31, 0x3b, 0x31, 0x39, 0x31, 0x6d, 
    0x30, 0x1b, 0x5b, 0x30, 0x6d, 0x1b, 0x5b, 0x33, 0x38, 0x3b, 0x32, 0x3b, 0x32, 0x35, 0x35, 0x3b, 
    0x32, 0x35, 0x35, 0x3b, 0x32, 0x35, 0x35, 0x6d, 0x4d, 0x1b, 0x5b, 0x30, 0x6d, 0x1b, 0x5b, 0x33, 
    0x38, 0x3b, 0x32, 0x3b, 0x32, 0x35, 0x35, 0x3b, 0x32, 0x35, 0x35, 0x3b, 0x32, 0x35, 0x35, 0x6d, 
    0x4d, 0x1b, 0x5b, 0x30, 0x6d, 0x1b, 0x5b, 0x33, 0x38, 0x3b, 0x32, 0x3b, 0x36, 0x34, 0x3b, 0x36, 
    0x34, 0x3b, 0x36, 0x34, 0x6d, 0x27, 0x1b, 0x5b, 0x30, 0x6d, 0x1b, 0x5b, 0x33, 0x38, 0x3b, 0x32, 
    0x3b, 0x36, 0x34, 0x3b, 0x36, 0x34, 0x3b, 0x36, 0x34, 0x6d, 0x27, 0x1b, 0x5b, 0x30, 0x6d, 0x1b, 
    0x5b, 0x33, 0x38, 0x3b, 0x32, 0x3b, 0x31, 0x35, 0x39, 0x3b, 0x31, 0x35, 0x39, 0x3b, 0x31, 0x35, 
    0x39, 0x6d, 0x78, 0x1b, 0x5b, 0x30, 0x6d, 0x1b, 0x5b, 0x33, 0x38, 0x3b, 0x32, 0x3b, 0x32, 0x35, 
    0x35, 0x3b, 0x32, 0x35, 0x35, 0x3b, 0x32, 0x35, 0x35, 0x6d, 0x4d, 0x1b, 0x5b, 0x30, 0x6d, 0x1b, 
    0x5b, 0x33, 0x38, 0x3b, 0x32, 0x3b, 0x32, 0x35, 0x35, 0x3b, 0x32, 0x35, 0x35, 0x3b, 0x32, 0x35, 
    0x35, 0x6d, 0x4d, 0x1b, 0x5b, 0x30, 0x6d, 0x1b, 0x5b, 0x33, 0x38, 0x3b, 0x32, 0x3b, 0x32, 0x35, 
    0x35, 0x3b, 0x32, 0x35, 0x35, 0x3b, 0x32, 0x35, 0x35, 0x6d, 0x4d, 0x1b, 0x5b, 0x30, 0x6d, 0x1b, 
    0x5b, 0x33, 0x38, 0x3b, 0x32, 0x3b, 0x32, 0x35, 0x35, 0x3b, 0x32, 0x35, 0x35, 0x3b, 0x32, 0x35, 
    0x35, 0x6d, 0x4d, 0x1b, 0x5b, 0x30, 0x6d, 0x1b, 0x5b, 0x33, 0x38, 0x3b, 0x32, 0x3b, 0x32, 0x35, 
    0x35, 0x3b, 0x32, 0x35, 0x35, 0x3b, 0x32, 0x35, 0x35, 0x6d, 0x4d, 0x1b, 0x5b, 0x30, 0x6d, 0x1b, 
    0x5b, 0x33, 0x38, 0x3b, 0x32, 0x3b, 0x32, 0x35, 0x35, 0x3b, 0x32, 0x35, 0x35, 0x3b, 0x32, 0x35, 
    0x35, 0x6d, 0x4d, 0x1b, 0x5b, 0x30, 0x6d, 0x1b, 0x5b, 0x33, 0x38, 0x3b, 0x32, 0x3b, 0x32, 0x35, 
    0x35, 0x3b, 0x32, 0x35, 0x35, 0x3b, 0x32, 0x35, 0x35, 0x6d, 0x4d, 0x1b, 0x5b, 0x30, 0x6d, 0x1b, 
    0x5b, 0x33, 0x38, 0x3b, 0x32, 0x3b, 0x32, 0x35, 0x35, 0x3b, 0x32, 0x35, 0x35, 0x3b, 0x32, 0x35, 
    0x35, 0x6d, 0x4d, 0x1b, 0x5b, 0x30, 0x6d, 0x1b, 0x5b, 0x33, 0x38, 0x3b, 0x32, 0x3b, 0x32, 0x35, 
    0x35, 0x3b, 0x32, 0x35, 0x35, 0x3b, 0x32, 0x35, 0x35, 0x6d, 0x4d, 0x1b, 0x5b, 0x30, 0x6d, 0x1b, 
    0x5b, 0x33, 0x38, 0x3b, 0x32, 0x3b, 0x32, 0x35, 0x35, 0x3b, 0x32, 0x35, 0x35, 0x3b, 0x32, 0x35, 
    0x35, 0x6d, 0x4d, 0x1b, 0x5b, 0x30, 0x6d, 0x1b, 0x5b, 0x33, 0x38, 0x3b, 0x32, 0x3b, 0x32, 0x35, 
    0x35, 0x3b, 0x32, 0x35, 0x35, 0x3b, 0x32, 0x35, 0x35, 0x6d, 0x4d, 0x1b, 0x5b, 0x30, 0x6d, 0x1b, 
    0x5b, 0x33, 0x38, 0x3b, 0x32, 0x3b, 0x32, 0x35, 0x35, 0x3b, 0x32, 0x35, 0x35, 0x3b, 0x32, 0x35, 
    0x35, 0x6d, 0x4d, 0x1b, 0x5b, 0x30, 0x6d, 0x1b, 0x5b, 0x33, 0x38, 0x3b, 0x32, 0x3b, 0x32, 0x35, 
    0x35, 0x3b, 0x32, 0x35, 0x35, 0x3b, 0x32, 0x35, 0x35, 0x6d, 0x4d, 0x1b, 0x5b, 0x30, 0x6d, 0x1b, 
    0x5b, 0x33, 0x38, 0x3b, 0x32, 0x3b, 0x32, 0x35, 0x35, 0x3b, 0x32, 0x35, 0x35, 0x3b, 0x32, 0x35, 
    0x35, 0x6d, 0x4d, 0x1b, 0x5b, 0x30, 0x6d, 0x1b, 0x5b, 0x33, 0x38, 0x3b, 0x32, 0x3b, 0x32, 0x35, 
    0x35, 0x3b, 0x32, 0x35, 0x35, 0x3b, 0x32, 0x35, 0x35, 0x6d, 0x4d, 0x1b, 0x5b, 0x30, 0x6d, 0x1b, 
    0x5b, 0x33, 0x38, 0x3b, 0x32, 0x3b, 0x32, 0x35, 0x35, 0x3b, 0x32, 0x35, 0x35, 0x3b, 0x32, 0x35, 
    0x35, 0x6d, 0x4d, 0x1b, 0x5b, 0x30, 0x6d, 0x1b, 0x5b, 0x33, 0x38, 0x3b, 0x32, 0x3b, 0x32, 0x35, 
    0x35, 0x3b, 0x32, 0x35, 0x35, 0x3b, 0x32, 0x35, 0x35, 0x6d, 0x4d, 0x1b, 0x5b, 0x30, 0x6d, 0x1b, 
    0x5b, 0x33, 0x38, 0x3b, 0x32, 0x3b, 0x32, 0x35, 0x35, 0x3b, 0x32, 0x35, 0x35, 0x3b, 0x32, 0x35, 
    0x35, 0x6d, 0x4d, 0x1b, 0x5b, 0x30, 0x6d, 0x1b, 0x5b, 0x33, 0x38, 0x3b, 0x32, 0x3b, 0x32, 0x35, 
    0x35, 0x3b, 0x32, 0x35, 0x35, 0x3b, 0x32, 0x35, 0x35, 0x6d, 0x4d, 0x1b, 0x5b, 0x30, 0x6d, 0x1b, 
    0x5b, 0x33, 0x38, 0x3b, 0x32, 0x3b, 0x32, 0x35, 0x35, 0x3b, 0x32, 0x35, 0x35, 0x3b, 0x32, 0x35, 
    0x35, 0x6d, 0x4d, 0x1b, 0x5b, 0x30, 0x6d, 0x1b, 0x5b, 0x33, 0x38, 0x3b, 0x32, 0x3b, 0x32, 0x35, 
    0x35, 0x3b, 0x32, 0x35, 0x35, 0x3b, 0x32, 0x35, 0x35, 0x6d, 0x4d, 0x1b, 0x5b, 0x30, 0x6d, 0x1b, 
    0x5b, 0x33, 0x38, 0x3b, 0x32, 0x3b, 0x32, 0x35, 0x35, 0x3b, 0x32, 0x35, 0x35, 0x3b, 0x32, 0x35, 
    0x35, 0x6d, 0x4d, 0x1b, 0x5b, 0x30, 0x6d, 0x1b, 0x5b, 0x33, 0x38, 0x3b, 0x32, 0x3b, 0x32, 0x35, 
    0x35, 0x3b, 0x32, 0x35, 0x35, 0x3b, 0x32, 0x35, 0x35, 0x6d, 0x4d, 0x1b, 0x5b, 0x30, 0x6d, 0x1b, 
    0x5b, 0x33, 0x38, 0x3b, 0x32, 0x3b, 0x32, 0x35, 0x35, 0x3b, 0x32, 0x35, 0x35, 0x3b, 0x32, 0x35, 
    0x35, 0x6d, 0x4d, 0x1b, 0x5b, 0x30, 0x6d, 0x1b, 0x5b, 0x33, 0x38, 0x3b, 0x32, 0x3b, 0x32, 0x32, 
    0x33, 0x3b, 0x32, 0x32, 0x33, 0x3b, 0x32, 0x32, 0x33, 0x6d, 0x58, 0x1b, 0x5b, 0x30, 0x6d, 0x1b, 
    0x5b, 0x33, 0x38, 0x3b, 0x32, 0x3b, 0x31, 0x39, 0x31, 0x3b, 0x31, 0x39, 0x31, 0x3b, 0x31, 0x39, 
    0x31, 0x6d, 0x30, 0x1b, 0x5b, 0x30, 0x6d, 0x1b, 0x5b, 0x33, 0x38, 0x3b, 0x32, 0x3b, 0x31, 0x39, 
    0x31, 0x3b, 0x31, 0x39, 0x31, 0x3b, 0x31, 0x39, 0x31, 0x6d, 0x30, 0x1b, 0x5b, 0x30, 0x6d, 0x1b, 
    0x5b, 0x33, 0x38, 0x3b, 0x32, 0x3b, 0x32, 0x35, 0x35, 0x3b, 0x32, 0x35, 0x35, 0x3b, 0x32, 0x35, 
    0x35, 0x6d, 0x4d, 0x1b, 0x5b, 0x30, 0x6d, 0x1b, 0x5b, 0x33, 0x38, 0x3b, 0x32, 0x3b, 0x32, 0x35, 
    0x35, 0x3b, 0x32, 0x35, 0x35, 0x3b, 0x32, 0x35, 0x35, 0x6d, 0x4d, 0x1b, 0x5b, 0x30, 0x6d, 0x1b, 
    0x5b, 0x33, 0x38, 0x3b, 0x32, 0x3b, 0x31, 0x39, 0x31, 0x3b, 0x31, 0x39, 0x31, 0x3b, 0x31, 0x39, 
    0x31, 0x6d, 0x30, 0x1b, 0x5b, 0x30, 0x6d, 0x1b, 0x5b, 0x33, 0x38, 0x3b, 0x32, 0x3b, 0x31, 0x39, 
    0x31, 0x3b, 0x31, 0x39, 0x31, 0x3b, 0x31, 0x39, 0x31, 0x6d, 0x30, 0x1b, 0x5b, 0x30, 0x6d, 0x1b, 
    0x5b, 0x33, 0x38, 0x3b, 0x32, 0x3b, 0x32, 0x32, 0x33, 0x3b, 0x32, 0x32, 0x33, 0x3b, 0x32, 0x32, 
    0x33, 0x6d, 0x58, 0x1b, 0x5b, 0x30, 0x6d, 0x1b, 0x5b, 0x33, 0x38, 0x3b, 0x32, 0x3b, 0x32, 0x35, 
    0x35, 0x3b, 0x32, 0x35, 0x35, 0x3b, 0x32, 0x35, 0x35, 0x6d, 0x4d, 0x1b, 0x5b, 0x30, 0x6d, 0x1b, 
    0x5b, 0x33, 0x38, 0x3b, 0x32, 0x3b, 0x32, 0x35, 0x35, 0x3b, 0x32, 0x35, 0x35, 0x3b, 0x32, 0x35, 
    0x35, 0x6d, 0x4d, 0x1b, 0x5b, 0x30, 0x6d, 0x1b, 0x5b, 0x33, 0x38, 0x3b, 0x32, 0x3b, 0x32, 0x35, 
    0x35, 0x3b, 0x32, 0x35, 0x35, 0x3b, 0x32, 0x35, 0x35, 0x6d, 0x4d, 0x1b, 0x5b, 0x30, 0x6d, 0x1b, 
    0x5b, 0x33, 0x38, 0x3b, 0x32, 0x3b, 0x32, 0x35, 0x35, 0x3b, 0x32, 0x35, 0x35, 0x3b, 0x32, 0x35, 
    0x35, 0x6d, 0x4d, 0x1b, 0x5b, 0x30, 0x6d, 0x1b, 0x5b, 0x33, 0x38, 0x3b, 0x32, 0x3b, 0x32, 0x35, 
    0x35, 0x3b, 0x32, 0x35, 0x35, 0x3b, 0x32, 0x35, 0x35, 0x6d, 0x4d, 0x1b, 0x5b, 0x30, 0x6d, 0x1b, 
    0x5b, 0x33, 0x38, 0x3b, 0x32, 0x3b, 0x32, 0x35, 0x35, 0x3b, 0x32, 0x35, 0x35, 0x3b, 0x32, 0x35, 
    0x35, 0x6d, 0x4d, 0x1b, 0x5b, 0x30, 0x6d, 0x1b, 0x5b, 0x33, 0x38, 0x3b, 0x32, 0x3b, 0x32, 0x35, 
    0x35, 0x3b, 0x32, 0x35, 0x35, 0x3b, 0x32, 0x35, 0x35, 0x6d, 0x4d, 0x1b, 0x5b, 0x30, 0x6d, 0x1b, 
    0x5b, 0x33, 0x38, 0x3b, 0x32, 0x3b, 0x32, 0x35, 0x35, 0x3b, 0x32, 0x35, 0x35, 0x3b, 0x32, 0x35, 
    0x35, 0x6d, 0x4d, 0x1b, 0x5b, 0x30, 0x6d, 0x1b, 0x5b, 0x33, 0x38, 0x3b, 0x32, 0x3b, 0x32, 0x35, 
    0x35, 0x3b, 0x32, 0x35, 0x35, 0x3b, 0x32, 0x35, 0x35, 0x6d, 0x4d, 0x1b, 0x5b, 0x30, 0x6d, 0x1b, 
    0x5b, 0x33, 0x38, 0x3b, 0x32, 0x3b, 0x32, 0x35, 0x35, 0x3b, 0x32, 0x35, 0x35, 0x3b, 0x32, 0x35, 
    0x35, 0x6d, 0x4d, 0x1b, 0x5b, 0x30, 0x6d, 0x1b, 0x5b, 0x33, 0x38, 0x3b, 0x32, 0x3b, 0x32, 0x35, 
    0x35, 0x3b, 0x32, 0x35, 0x35, 0x3b, 0x32, 0x35, 0x35, 0x6d, 0x4d, 0x1b, 0x5b, 0x30, 0x6d, 0x1b, 
    0x5b, 0x33, 0x38, 0x3b, 0x32, 0x3b, 0x32, 0x35, 0x35, 0x3b, 0x32, 0x35, 0x35, 0x3b, 0x32, 0x35, 
    0x35, 0x6d, 0x4d, 0x1b, 0x5b, 0x30, 0x6d, 0x1b, 0x5b, 0x33, 0x38, 0x3b, 0x32, 0x3b, 0x32, 0x35, 
    0x35, 0x3b, 0x32, 0x35, 0x35, 0x3b, 0x32, 0x35, 0x35, 0x6d, 0x4d, 0x1b, 0x5b, 0x30, 0x6d, 0x1b, 
    0x5b, 0x33, 0x38, 0x3b, 0x32, 0x3b, 0x32, 0x35, 0x35, 0x3b, 0x32, 0x35, 0x35, 0x3b, 0x32, 0x35, 
    0x35, 0x6d, 0x4d, 0x1b, 0x5b, 0x30, 0x6d, 0x1b, 0x5b, 0x33, 0x38, 0x3b, 0x32, 0x3b, 0x32, 0x35, 
    0x35, 0x3b, 0x32, 0x35, 0x35, 0x3b, 0x32, 0x35, 0x35, 0x6d, 0x4d, 0x1b, 0x5b, 0x30, 0x6d, 0x1b, 
    0x5b, 0x33, 0x38, 0x3b, 0x32, 0x3b, 0x32, 0x32, 0x33, 0x3b, 0x32, 0x32, 0x33, 0x3b, 0x32, 0x32, 
    0x33, 0x6d, 0x58, 0x1b, 0x5b, 0x30, 0x6d, 0x1b, 0x5b, 0x33, 0x38, 0x3b, 0x32, 0x3b, 0x31, 0x39, 
    0x31, 0x3b, 0x31, 0x39, 0x31, 0x3b, 0x31, 0x39, 0x31, 0x6d, 0x30, 0x1b, 0x5b, 0x30, 0x6d, 0x1b, 
    0x5b, 0x33, 0x38, 0x3b, 0x32, 0x3b, 0x39, 0x36, 0x3b, 0x39, 0x36, 0x3b, 0x39, 0x36, 0x6d, 0x3b, 
    0x1b, 0x5b, 0x30, 0x6d, 0x1b, 0x5b, 0x33, 0x38, 0x3b, 0x32, 0x3b, 0x30, 0x3b, 0x30, 0x3b, 0x30, 
    0x6d, 0x20, 0x1b, 0x5b, 0x30, 0x6d, 0x1b, 0x5b, 0x33, 0x38, 0x3b, 0x32, 0x3b, 0x30, 0x3b, 0x30, 
    0x3b, 0x30, 0x6d, 0x20, 0x1b, 0x5b, 0x30, 0x6d, 0x1b, 0x5b, 0x33, 0x38, 0x3b, 0x32, 0x3b, 0x32, 
    0x35, 0x35, 0x3b, 0x32, 0x35, 0x35, 0x3b, 0x32, 0x35, 0x35, 0x6d, 0x4d, 0x1b, 0x5b, 0x30, 0x6d, 
    0x1b, 0x5b, 0x33, 0x38, 0x3b, 0x32, 0x3b, 0x32, 0x35, 0x35, 0x3b, 0x32, 0x35, 0x35, 0x3b, 0x32, 
    0x35, 0x35, 0x6d, 0x4d, 0x1b, 0x5b, 0x30, 0x6d, 0x1b, 0x5b, 0x33, 0x38, 0x3b, 0x32, 0x3b, 0x32, 
    0x35, 0x35, 0x3b, 0x32, 0x35, 0x35, 0x3b, 0x32, 0x35, 0x35, 0x6d, 0x4d, 0x1b, 0x5b, 0x30, 0x6d, 
    0x1b, 0x5b, 0x33, 0x38, 0x3b, 0x32, 0x3b, 0x32, 0x35, 0x35, 0x3b, 0x32, 0x35, 0x35, 0x3b, 0x32, 
    0x35, 0x35, 0x6d, 0x4d, 0x1b, 0x5b, 0x30, 0x6d, 0x1b, 0x5b, 0x33, 0x38, 0x3b, 0x32, 0x3b, 0x32, 
    0x35, 0x35, 0x3b, 0x32, 0x35, 0x35, 0x3b, 0x32, 0x35, 0x35, 0x6d, 0x4d, 0x1b, 0x5b, 0x30, 0x6d, 
    0x1b, 0x5b, 0x33, 0x38, 0x3b, 0x32, 0x3b, 0x32, 0x35, 0x35, 0x3b, 0x32, 0x35, 0x35, 0x3b, 0x32, 
    0x35, 0x35, 0x6d, 0x4d, 0x1b, 0x5b, 0x30, 0x6d, 0x1b, 0x5b, 0x33, 0x38, 0x3b, 0x32, 0x3b, 0x32, 
    0x35, 0x35, 0x3b, 0x32, 0x35, 0x35, 0x3b, 0x32, 0x35, 0x35, 0x6d, 0x4d, 0x1b, 0x5b, 0x30, 0x6d, 
    0x1b, 0x5b, 0x33, 0x38, 0x3b, 0x32, 0x3b, 0x32, 0x35, 0x35, 0x3b, 0x32, 0x35, 0x35, 0x3b, 0x32, 
    0x35, 0x35, 0x6d, 0x4d, 0x1b, 0x5b, 0x30, 0x6d, 0x1b, 0x5b, 0x33, 0x38, 0x3b, 0x32, 0x3b, 0x32, 
    0x35, 0x35, 0x3b, 0x32, 0x35, 0x35, 0x3b, 0x32, 0x35, 0x35, 0x6d, 0x4d, 0x1b, 0x5b, 0x30, 0x6d, 
    0x1b, 0x5b, 0x33, 0x38, 0x3b, 0x32, 0x3b, 0x32, 0x35, 0x35, 0x3b, 0x32, 0x35, 0x35, 0x3b, 0x32, 
    0x35, 0x35, 0x6d, 0x4d, 0x1b, 0x5b, 0x30, 0x6d, 0x1b, 0x5b, 0x33, 0x38, 0x3b, 0x32, 0x3b, 0x32, 
    0x35, 0x35, 0x3b, 0x32, 0x35, 0x35, 0x3b, 0x32, 0x35, 0x35, 0x6d, 0x4d, 0x1b, 0x5b, 0x30, 0x6d, 
    0x1b, 0x5b, 0x33, 0x38, 0x3b, 0x32, 0x3b, 0x32, 0x35, 0x35, 0x3b, 0x32, 0x35, 0x35, 0x3b, 0x32, 
    0x35, 0x35, 0x6d, 0x4d, 0x1b, 0x5b, 0x30, 0x6d, 0x1b, 0x5b, 0x33, 0x38, 0x3b, 0x32, 0x3b, 0x32, 
    0x35, 0x35, 0x3b, 0x32, 0x35, 0x35, 0x3b, 0x32, 0x35, 0x35, 0x6d, 0x4d, 0x1b, 0x5b, 0x30, 0x6d, 
    0x1b, 0x5b, 0x33, 0x38, 0x3b, 0x32, 0x3b, 0x32, 0x35, 0x35, 0x3b, 0x32, 0x35, 0x35, 0x3b, 0x32, 
    0x35, 0x35, 0x6d, 0x4d, 0x1b, 0x5b, 0x30, 0x6d, 0x1b, 0x5b, 0x33, 0x38, 0x3b, 0x32, 0x3b, 0x32, 
    0x35, 0x35, 0x3b, 0x32, 0x35, 0x35, 0x3b, 0x32, 0x35, 0x35, 0x6d, 0x4d, 0x1b, 0x5b, 0x30, 0x6d, 
    0x1b, 0x5b, 0x33, 0x38, 0x3b, 0x32, 0x3b, 0x32, 0x35, 0x35, 0x3b, 0x32, 0x35, 0x35, 0x3b, 0x32, 
    0x35, 0x35, 0x6d, 0x4d, 0x1b, 0x5b, 0x30, 0x6d, 0x1b, 0x5b, 0x33, 0x38, 0x3b, 0x32, 0x3b, 0x32, 
    0x35, 0x35, 0x3b, 0x32, 0x35, 0x35, 0x3b, 0x32, 0x35, 0x35, 0x6d, 0x4d, 0x1b, 0x5b, 0x30, 0x6d, 
    0x1b, 0x5b, 0x33, 0x38, 0x3b, 0x32, 0x3b, 0x32, 0x35, 0x35, 0x3b, 0x32, 0x35, 0x35, 0x3b, 0x32, 
    0x35, 0x35, 0x6d, 0x4d, 0x1b, 0x5b, 0x30, 0x6d, 0x1b, 0x5b, 0x33, 0x38, 0x3b, 0x32, 0x3b, 0x32, 
    0x35, 0x35, 0x3b, 0x32, 0x35, 0x35, 0x3b, 0x32, 0x35, 0x35, 0x6d, 0x4d, 0x1b, 0x5b, 0x30, 0x6d, 
    0x1b, 0x5b, 0x33, 0x38, 0x3b, 0x32, 0x3b, 0x32, 0x35, 0x35, 0x3b, 0x32, 0x35, 0x35, 0x3b, 0x32, 
    0x35, 0x35, 0x6d, 0x4d, 0x1b, 0x5b, 0x30, 0x6d, 0x0a, 0x1b, 0x5b, 0x30, 0x6d, 0x1b, 0x5b, 0x33, 
    0x38, 0x3b, 0x32, 0x3b, 0x32, 0x35, 0x35, 0x3b, 0x32, 0x35, 0x35, 0x3b, 0x32, 0x35, 0x35, 0x6d, 
    0x4d, 0x1b, 0x5b, 0x30, 0x6d, 0x1b, 0x5b, 0x33, 0x38, 0x3b, 0x32, 0x3b, 0x32, 0x35, 0x35, 0x3b, 
    0x32, 0x35, 0x35, 0x3b, 0x32, 0x35, 0x35, 0x6d, 0x4d, 0x1b, 0x5b, 0x30, 0x6d, 0x1b, 0x5b, 0x33, 
    0x38, 0x3b, 0x32, 0x3b, 0x32, 0x35, 0x35, 0x3b, 0x32, 0x35, 0x35, 0x3b, 0x32, 0x35, 0x35, 0x6d, 
    0x4d, 0x1b, 0x5b, 0x30, 0x6d, 0x1b, 0x5b, 0x33, 0x38, 0x3b, 0x32, 0x3b, 0x32, 0x35, 0x35, 0x3b, 
    0x32, 0x35, 0x35, 0x3b, 0x32, 0x35, 0x35, 0x6d, 0x4d, 0x1b, 0x5b, 0x30, 0x6d, 0x1b, 0x5b, 0x33, 
    0x38, 0x3b, 0x32, 0x3b, 0x32, 0x35, 0x35, 0x3b, 0x32, 0x35, 0x35, 0x3b, 0x32, 0x35, 0x35, 0x6d, 
    0x4d, 0x1b, 0x5b, 0x30, 0x6d, 0x1b, 0x5b, 0x33, 0x38, 0x3b, 0x32, 0x3b, 0x32, 0x35, 0x35, 0x3b, 
    0x32, 0x35, 0x35, 0x3b, 0x32, 0x35, 0x35, 0x6d, 0x4d, 0x1b, 0x5b, 0x30, 0x6d, 0x1b, 0x5b, 0x33, 
    0x38, 0x3b, 0x32, 0x3b, 0x32, 0x35, 0x35, 0x3b, 0x32, 0x35, 0x35, 0x3b, 0x32, 0x35, 0x35, 0x6d, 
    0x4d, 0x1b, 0x5b, 0x30, 0x6d, 0x1b, 0x5b, 0x33, 0x38, 0x3b, 0x32, 0x3b, 0x32, 0x35, 0x35, 0x3b, 
    0x32, 0x35, 0x35, 0x3b, 0x32, 0x35, 0x35, 0x6d, 0x4d, 0x1b, 0x5b, 0x30, 0x6d, 0x1b, 0x5b, 0x33, 
    0x38, 0x3b, 0x32, 0x3b, 0x32, 0x35, 0x35, 0x3b, 0x32, 0x35, 0x35, 0x3b, 0x32, 0x35, 0x35, 0x6d, 
    0x4d, 0x1b, 0x5b, 0x30, 0x6d, 0x1b, 0x5b, 0x33, 0x38, 0x3b, 0x32, 0x3b, 0x32, 0x35, 0x35, 0x3b, 
    0x32, 0x35, 0x35, 0x3b, 0x32, 0x35, 0x35, 0x6d, 0x4d, 0x1b, 0x5b, 0x30, 0x6d, 0x1b, 0x5b, 0x33, 
    0x38, 0x3b, 0x32, 0x3b, 0x32, 0x35, 0x35, 0x3b, 0x32, 0x35, 0x35, 0x3b, 0x32, 0x35, 0x35, 0x6d, 
    0x4d, 0x1b, 0x5b, 0x30, 0x6d, 0x1b, 0x5b, 0x33, 0x38, 0x3b, 0x32, 0x3b, 0x32, 0x35, 0x35, 0x3b, 
    0x32, 0x35, 0x35, 0x3b, 0x32, 0x35, 0x35, 0x6d, 0x4d, 0x1b, 0x5b, 0x30, 0x6d, 0x1b, 0x5b, 0x33, 
    0x38, 0x3b, 0x32, 0x3b, 0x32, 0x35, 0x35, 0x3b, 0x32, 0x35, 0x35, 0x3b, 0x32, 0x35, 0x35, 0x6d, 
    0x4d, 0x1b, 0x5b, 0x30, 0x6d, 0x1b, 0x5b, 0x33, 0x38, 0x3b, 0x32, 0x3b, 0x31, 0x32, 0x38, 0x3b, 
    0x31, 0x32, 0x38, 0x3b, 0x31, 0x32, 0x38, 0x6d, 0x6c, 0x1b, 0x5b, 0x30, 0x6d, 0x1b, 0x5b, 0x33, 
    0x38, 0x3b, 0x32, 0x3b, 0x30, 0x3b, 0x30, 0x3b, 0x30, 0x6d, 0x20, 0x1b, 0x5b, 0x30, 0x6d, 0x1b, 
    0x5b, 0x33, 0x38, 0x3b, 0x32, 0x3b, 0x30, 0x3b, 0x30, 0x3b, 0x30, 0x6d, 0x20, 0x1b, 0x5b, 0x30, 
    0x6d, 0x1b, 0x5b, 0x33, 0x38, 0x3b, 0x32, 0x3b, 0x32, 0x35, 0x35, 0x3b, 0x32, 0x35, 0x35, 0x3b, 
    0x32, 0x35, 0x35, 0x6d, 0x4d, 0x1b, 0x5b, 0x30, 0x6d, 0x1b, 0x5b, 0x33, 0x38, 0x3b, 0x32, 0x3b, 
    0x32, 0x35, 0x35, 0x3b, 0x32, 0x35, 0x35, 0x3b, 0x32, 0x35, 0x35, 0x6d, 0x4d, 0x1b, 0x5b, 0x30, 
    0x6d, 0x1b, 0x5b, 0x33, 0x38, 0x3b, 0x32, 0x3b, 0x31, 0x35, 0x33, 0x3b, 0x31, 0x35, 0x33, 0x3b, 
    0x31, 0x35, 0x33, 0x6d, 0x64, 0x1b, 0x5b, 0x30, 0x6d, 0x1b, 0x5b, 0x33, 0x38, 0x3b, 0x32, 0x3b, 
    0x31, 0x35, 0x33, 0x3b, 0x31, 0x35, 0x33, 0x3b, 0x31, 0x35, 0x33, 0x6d, 0x64, 0x1b, 0x5b, 0x30, 
    0x6d, 0x1b, 0x5b, 0x33, 0x38, 0x3b, 0x32, 0x3b, 0x32, 0x30, 0x34, 0x3b, 0x32, 0x30, 0x34, 0x3b, 
    0x32, 0x30, 0x34, 0x6d, 0x4b, 0x1b, 0x5b, 0x30, 0x6d, 0x1b, 0x5b, 0x33, 0x38, 0x3b, 0x32, 0x3b, 
    0x32, 0x35, 0x35, 0x3b, 0x32, 0x35, 0x35, 0x3b, 0x32, 0x35, 0x35, 0x6d, 0x4d, 0x1b, 0x5b, 0x30, 
    0x6d, 0x1b, 0x5b, 0x33, 0x38, 0x3b, 0x32, 0x3b, 0x32, 0x35, 0x35, 0x3b, 0x32, 0x35, 0x35, 0x3b, 
    0x32, 0x35, 0x35, 0x6d, 0x4d, 0x1b, 0x5b, 0x30, 0x6d, 0x1b, 0x5b, 0x33, 0x38, 0x3b, 0x32, 0x3b, 
    0x32, 0x35, 0x35, 0x3b, 0x32, 0x35, 0x35, 0x3b, 0x32, 0x35, 0x35, 0x6d, 0x4d, 0x1b, 0x5b, 0x30, 
    0x6d, 0x1b, 0x5b, 0x33, 0x38, 0x3b, 0x32, 0x3b, 0x32, 0x35, 0x35, 0x3b, 0x32, 0x35, 0x35, 0x3b, 
    0x32, 0x35, 0x35, 0x6d, 0x4d, 0x1b, 0x5b, 0x30, 0x6d, 0x1b, 0x5b, 0x33, 0x38, 0x3b, 0x32, 0x3b, 
    0x31, 0x35, 0x33, 0x3b, 0x31, 0x35, 0x33, 0x3b, 0x31, 0x35, 0x33, 0x6d, 0x64, 0x1b, 0x5b, 0x30, 
    0x6d, 0x1b, 0x5b, 0x33, 0x38, 0x3b, 0x32, 0x3b, 0x31, 0x35, 0x33, 0x3b, 0x31, 0x35, 0x33, 0x3b, 
    0x31, 0x35, 0x33, 0x6d, 0x64, 0x1b, 0x5b, 0x30, 0x6d, 0x1b, 0x5b, 0x33, 0x38, 0x3b, 0x32, 0x3b, 
    0x32, 0x30, 0x34, 0x3b, 0x32, 0x30, 0x34, 0x3b, 0x32, 0x30, 0x34, 0x6d, 0x4b, 0x1b, 0x5b, 0x30, 
    0x6d, 0x1b, 0x5b, 0x33, 0x38, 0x3b, 0x32, 0x3b, 0x32, 0x35, 0x35, 0x3b, 0x32, 0x35, 0x35, 0x3b, 
    0x32, 0x35, 0x35, 0x6d, 0x4d, 0x1b, 0x5b, 0x30, 0x6d, 0x1b, 0x5b, 0x33, 0x38, 0x3b, 0x32, 0x3b, 
    0x31, 0x37, 0x39, 0x3b, 0x31, 0x37, 0x39, 0x3b, 0x31, 0x37, 0x39, 0x6d, 0x6b, 0x1b, 0x5b, 0x30, 
    0x6d, 0x1b, 0x5b, 0x33, 0x38, 0x3b, 0x32, 0x3b, 0x31, 0x30, 0x32, 0x3b, 0x31, 0x30, 0x32, 0x3b, 
    0x31, 0x30, 0x32, 0x6d, 0x3a, 0x1b, 0x5b, 0x30, 0x6d, 0x1b, 0x5b, 0x33, 0x38, 0x3b, 0x32, 0x3b, 
    0x31, 0x30, 0x32, 0x3b, 0x31, 0x30, 0x32, 0x3b, 0x31, 0x30, 0x32, 0x6d, 0x3a, 0x1b, 0x5b, 0x30, 
    0x6d, 0x1b, 0x5b, 0x33, 0x38, 0x3b, 0x32, 0x3b, 0x31, 0x30, 0x32, 0x3b, 0x31, 0x30, 0x32, 0x3b, 
    0x31, 0x30, 0x32, 0x6d, 0x3a, 0x1b, 0x5b, 0x30, 0x6d, 0x1b, 0x5b, 0x33, 0x38, 0x3b, 0x32, 0x3b, 
    0x31, 0x30, 0x32, 0x3b, 0x31, 0x30, 0x32, 0x3b, 0x31, 0x30, 0x32, 0x6d, 0x3a, 0x1b, 0x5b, 0x30, 
    0x6d, 0x1b, 0x5b, 0x33, 0x38, 0x3b, 0x32, 0x3b, 0x32, 0x35, 0x35, 0x3b, 0x32, 0x35, 0x35, 0x3b, 
    0x32, 0x35, 0x35, 0x6d, 0x4d, 0x1b, 0x5b, 0x30, 0x6d, 0x1b, 0x5b, 0x33, 0x38, 0x3b, 0x32, 0x3b, 
    0x32, 0x35, 0x35, 0x3b, 0x32, 0x35, 0x35, 0x3b, 0x32, 0x35, 0x35, 0x6d, 0x4d, 0x1b, 0x5b, 0x30, 
    0x6d, 0x1b, 0x5b, 0x33, 0x38, 0x3b, 0x32, 0x3b, 0x32, 0x35, 0x35, 0x3b, 0x32, 0x35, 0x35, 0x3b, 
    0x32, 0x35, 0x35, 0x6d, 0x4d, 0x1b, 0x5b, 0x30, 0x6d, 0x1b, 0x5b, 0x33, 0x38, 0x3b, 0x32, 0x3b, 
    0x32, 0x35, 0x35, 0x3b, 0x32, 0x35, 0x35, 0x3b, 0x32, 0x35, 0x35, 0x6d, 0x4d, 0x1b, 0x5b, 0x30, 
    0x6d, 0x1b, 0x5b, 0x33, 0x38, 0x3b, 0x32, 0x3b, 0x32, 0x35, 0x35, 0x3b, 0x32, 0x35, 0x35, 0x3b, 
    0x32, 0x35, 0x35, 0x6d, 0x4d, 0x1b, 0x5b, 0x30, 0x6d, 0x1b, 0x5b, 0x33, 0x38, 0x3b, 0x32, 0x3b, 
    0x32, 0x35, 0x35, 0x3b, 0x32, 0x35, 0x35, 0x3b, 0x32, 0x35, 0x35, 0x6d, 0x4d, 0x1b, 0x5b, 0x30, 
    0x6d, 0x1b, 0x5b, 0x33, 0x38, 0x3b, 0x32, 0x3b, 0x32, 0x35, 0x35, 0x3b, 0x32, 0x35, 0x35, 0x3b, 
    0x32, 0x35, 0x35, 0x6d, 0x4d, 0x1b, 0x5b, 0x30, 0x6d, 0x1b, 0x5b, 0x33, 0x38, 0x3b, 0x32, 0x3b, 
    0x32, 0x35, 0x35, 0x3b, 0x32, 0x35, 0x35, 0x3b, 0x32, 0x35, 0x35, 0x6d, 0x4d, 0x1b, 0x5b, 0x30, 
    0x6d, 0x1b, 0x5b, 0x33, 0x38, 0x3b, 0x32, 0x3b, 0x32, 0x35, 0x35, 0x3b, 0x32, 0x35, 0x35, 0x3b, 
    0x32, 0x35, 0x35, 0x6d, 0x4d, 0x1b, 0x5b, 0x30, 0x6d, 0x1b, 0x5b, 0x33, 0x38, 0x3b, 0x32, 0x3b, 
    0x32, 0x35, 0x35, 0x3b, 0x32, 0x35, 0x35, 0x3b, 0x32, 0x35, 0x35, 0x6d, 0x4d, 0x1b, 0x5b, 0x30, 
    0x6d, 0x1b, 0x5b, 0x33, 0x38, 0x3b, 0x32, 0x3b, 0x32, 0x35, 0x35, 0x3b, 0x32, 0x35, 0x35, 0x3b, 
    0x32, 0x35, 0x35, 0x6d, 0x4d, 0x1b, 0x5b, 0x30, 0x6d, 0x1b, 0x5b, 0x33, 0x38, 0x3b, 0x32, 0x3b, 
    0x32, 0x35, 0x35, 0x3b, 0x32, 0x35, 0x35, 0x3b, 0x32, 0x35, 0x35, 0x6d, 0x4d, 0x1b, 0x5b, 0x30, 
    0x6d, 0x1b, 0x5b, 0x33, 0x38, 0x3b, 0x32, 0x3b, 0x32, 0x35, 0x35, 0x3b, 0x32, 0x35, 0x35, 0x3b, 
    0x32, 0x35, 0x35, 0x6d, 0x4d, 0x1b, 0x5b, 0x30, 0x6d, 0x1b, 0x5b, 0x33, 0x38, 0x3b, 0x32, 0x3b, 
    0x32, 0x35, 0x35, 0x3b, 0x32, 0x35, 0x35, 0x3b, 0x32, 0x35, 0x35, 0x6d, 0x4d, 0x1b, 0x5b, 0x30, 
    0x6d, 0x1b, 0x5b, 0x33, 0x38, 0x3b, 0x32, 0x3b, 0x31, 0x30, 0x32, 0x3b, 0x31, 0x30, 0x32, 0x3b, 
    0x31, 0x30, 0x32, 0x6d, 0x3a, 0x1b, 0x5b, 0x30, 0x6d, 0x1b, 0x5b, 0x33, 0x38, 0x3b, 0x32, 0x3b, 
    0x31, 0x30, 0x32, 0x3b, 0x31, 0x30, 0x32, 0x3b, 0x31, 0x30, 0x32, 0x6d, 0x3a, 0x1b, 0x5b, 0x30, 
    0x6d, 0x1b, 0x5b, 0x33, 0x38, 0x3b, 0x32, 0x3b, 0x32, 0x35, 0x35, 0x3b, 0x32, 0x35, 0x35, 0x3b, 
    0x32, 0x35, 0x35, 0x6d, 0x4d, 0x1b, 0x5b, 0x30, 0x6d, 0x1b, 0x5b, 0x33, 0x38, 0x3b, 0x32, 0x3b, 
    0x32, 0x35, 0x35, 0x3b, 0x32, 0x35, 0x35, 0x3b, 0x32, 0x35, 0x35, 0x6d, 0x4d, 0x1b, 0x5b, 0x30, 
    0x6d, 0x1b, 0x5b, 0x33, 0x38, 0x3b, 0x32, 0x3b, 0x32, 0x35, 0x35, 0x3b, 0x32, 0x35, 0x35, 0x3b, 
    0x32, 0x35, 0x35, 0x6d, 0x4d, 0x1b, 0x5b, 0x30, 0x6d, 0x1b, 0x5b, 0x33, 0x38, 0x3b, 0x32, 0x3b, 
    0x32, 0x35, 0x35, 0x3b, 0x32, 0x35, 0x35, 0x3b, 0x32, 0x35, 0x35, 0x6d, 0x4d, 0x1b, 0x5b, 0x30, 
    0x6d, 0x1b, 0x5b, 0x33, 0x38, 0x3b, 0x32, 0x3b, 0x32, 0x35, 0x35, 0x3b, 0x32, 0x35, 0x35, 0x3b, 
    0x32, 0x35, 0x35, 0x6d, 0x4d, 0x1b, 0x5b, 0x30, 0x6d, 0x1b, 0x5b, 0x33, 0x38, 0x3b, 0x32, 0x3b, 
    0x32, 0x35, 0x35, 0x3b, 0x32, 0x35, 0x35, 0x3b, 0x32, 0x35, 0x35, 0x6d, 0x4d, 0x1b, 0x5b, 0x30, 
    0x6d, 0x1b, 0x5b, 0x33, 0x38, 0x3b, 0x32, 0x3b, 0x32, 0x35, 0x35, 0x3b, 0x32, 0x35, 0x35, 0x3b, 
    0x32, 0x35, 0x35, 0x6d, 0x4d, 0x1b, 0x5b, 0x30, 0x6d, 0x1b, 0x5b, 0x33, 0x38, 0x3b, 0x32, 0x3b, 
    0x32, 0x35, 0x35, 0x3b, 0x32, 0x35, 0x35, 0x3b, 0x32, 0x35, 0x35, 0x6d, 0x4d, 0x1b, 0x5b, 0x30, 
    0x6d, 0x1b, 0x5b, 0x33, 0x38, 0x3b, 0x32, 0x3b, 0x32, 0x35, 0x35, 0x3b, 0x32, 0x35, 0x35, 0x3b, 
    0x32, 0x35, 0x35, 0x6d, 0x4d, 0x1b, 0x5b, 0x30, 0x6d, 0x1b, 0x5b, 0x33, 0x38, 0x3b, 0x32, 0x3b, 
    0x32, 0x35, 0x35, 0x3b, 0x32, 0x35, 0x35, 0x3b, 0x32, 0x35, 0x35, 0x6d, 0x4d, 0x1b, 0x5b, 0x30, 
    0x6d, 0x1b, 0x5b, 0x33, 0x38, 0x3b, 0x32, 0x3b, 0x32, 0x35, 0x35, 0x3b, 0x32, 0x35, 0x35, 0x3b, 
    0x32, 0x35, 0x35, 0x6d, 0x4d, 0x1b, 0x5b, 0x30, 0x6d, 0x1b, 0x5b, 0x33, 0x38, 0x3b, 0x32, 0x3b, 
    0x32, 0x35, 0x35, 0x3b, 0x32, 0x35, 0x35, 0x3b, 0x32, 0x35, 0x35, 0x6d, 0x4d, 0x1b, 0x5b, 0x30, 
    0x6d, 0x1b, 0x5b, 0x33, 0x38, 0x3b, 0x32, 0x3b, 0x32, 0x35, 0x35, 0x3b, 0x32, 0x35, 0x35, 0x3b, 
    0x32, 0x35, 0x35, 0x6d, 0x4d, 0x1b, 0x5b, 0x30, 0x6d, 0x1b, 0x5b, 0x33, 0x38, 0x3b, 0x32, 0x3b, 
    0x32, 0x35, 0x35, 0x3b, 0x32, 0x35, 0x35, 0x3b, 0x32, 0x35, 0x35, 0x6d, 0x4d, 0x1b, 0x5b, 0x30, 
    0x6d, 0x1b, 0x5b, 0x33, 0x38, 0x3b, 0x32, 0x3b, 0x32, 0x35, 0x35, 0x3b, 0x32, 0x35, 0x35, 0x3b, 
    0x32, 0x35, 0x35, 0x6d, 0x4d, 0x1b, 0x5b, 0x30, 0x6d, 0x1b, 0x5b, 0x33, 0x38, 0x3b, 0x32, 0x3b, 
    0x32, 0x35, 0x35, 0x3b, 0x32, 0x35, 0x35, 0x3b, 0x32, 0x35, 0x35, 0x6d, 0x4d, 0x1b, 0x5b, 0x30, 
    0x6d, 0x1b, 0x5b, 0x33, 0x38, 0x3b, 0x32, 0x3b, 0x32, 0x35, 0x35, 0x3b, 0x32, 0x35, 0x35, 0x3b, 
    0x32, 0x35, 0x35, 0x6d, 0x4d, 0x1b, 0x5b, 0x30, 0x6d, 0x1b, 0x5b, 0x33, 0x38, 0x3b, 0x32, 0x3b, 
    0x32, 0x35, 0x35, 0x3b, 0x32, 0x35, 0x35, 0x3b, 0x32, 0x35, 0x35, 0x6d, 0x4d, 0x1b, 0x5b, 0x30, 
    0x6d, 0x1b, 0x5b, 0x33, 0x38, 0x3b, 0x32, 0x3b, 0x32, 0x35, 0x35, 0x3b, 0x32, 0x35, 0x35, 0x3b, 
    0x32, 0x35, 0x35, 0x6d, 0x4d, 0x1b, 0x5b, 0x30, 0x6d, 0x1b, 0x5b, 0x33, 0x38, 0x3b, 0x32, 0x3b, 
    0x32, 0x35, 0x35, 0x3b, 0x32, 0x35, 0x35, 0x3b, 0x32, 0x35, 0x35, 0x6d, 0x4d, 0x1b, 0x5b, 0x30, 
    0x6d, 0x1b, 0x5b, 0x33, 0x38, 0x3b, 0x32, 0x3b, 0x32, 0x35, 0x35, 0x3b, 0x32, 0x35, 0x35, 0x3b, 
    0x32, 0x35, 0x35, 0x6d, 0x4d, 0x1b, 0x5b, 0x30, 0x6d, 0x1b, 0x5b, 0x33, 0x38, 0x3b, 0x32, 0x3b, 
    0x32, 0x35, 0x35, 0x3b, 0x32, 0x35, 0x35, 0x3b, 0x32, 0x35, 0x35, 0x6d, 0x4d, 0x1b, 0x5b, 0x30, 
    0x6d, 0x1b, 0x5b, 0x33, 0x38, 0x3b, 0x32, 0x3b, 0x32, 0x35, 0x35, 0x3b, 0x32, 0x35, 0x35, 0x3b, 
    0x32, 0x35, 0x35, 0x6d, 0x4d, 0x1b, 0x5b, 0x30, 0x6d, 0x1b, 0x5b, 0x33, 0x38, 0x3b, 0x32, 0x3b, 
    0x32, 0x35, 0x35, 0x3b, 0x32, 0x35, 0x35, 0x3b, 0x32, 0x35, 0x35, 0x6d, 0x4d, 0x1b, 0x5b, 0x30, 
    0x6d, 0x1b, 0x5b, 0x33, 0x38, 0x3b, 0x32, 0x3b, 0x32, 0x35, 0x35, 0x3b, 0x32, 0x35, 0x35, 0x3b, 
    0x32, 0x35, 0x35, 0x6d, 0x4d, 0x1b, 0x5b, 0x30, 0x6d, 0x1b, 0x5b, 0x33, 0x38, 0x3b, 0x32, 0x3b, 
    0x32, 0x35, 0x35, 0x3b, 0x32, 0x35, 0x35, 0x3b, 0x32, 0x35, 0x35, 0x6d, 0x4d, 0x1b, 0x5b, 0x30, 
    0x6d, 0x1b, 0x5b, 0x33, 0x38, 0x3b, 0x32, 0x3b, 0x32, 0x35, 0x35, 0x3b, 0x32, 0x35, 0x35, 0x3b, 
    0x32, 0x35, 0x35, 0x6d, 0x4d, 0x1b, 0x5b, 0x30, 0x6d, 0x1b, 0x5b, 0x33, 0x38, 0x3b, 0x32, 0x3b, 
    0x31, 0x32, 0x38, 0x3b, 0x31, 0x32, 0x38, 0x3b, 0x31, 0x32, 0x38, 0x6d, 0x6c, 0x1b, 0x5b, 0x30, 
    0x6d, 0x1b, 0x5b, 0x33, 0x38, 0x3b, 0x32, 0x3b, 0x30, 0x3b, 0x30, 0x3b, 0x30, 0x6d, 0x20, 0x1b, 
    0x5b, 0x30, 0x6d, 0x1b, 0x5b, 0x33, 0x38, 0x3b, 0x32, 0x3b, 0x30, 0x3b, 0x30, 0x3b, 0x30, 0x6d, 
    0x20, 0x1b, 0x5b, 0x30, 0x6d, 0x1b, 0x5b, 0x33, 0x38, 0x3b, 0x32, 0x3b, 0x32, 0x35, 0x35, 0x3b, 
    0x32, 0x35, 0x35, 0x3b, 0x32, 0x35, 0x35, 0x6d, 0x4d, 0x1b, 0x5b, 0x30, 0x6d, 0x1b, 0x5b, 0x33, 
    0x38, 0x3b, 0x32, 0x3b, 0x32, 0x35, 0x35, 0x3b, 0x32, 0x35, 0x35, 0x3b, 0x32, 0x35, 0x35, 0x6d, 
    0x4d, 0x1b, 0x5b, 0x30, 0x6d, 0x1b, 0x5b, 0x33, 0x38, 0x3b, 0x32, 0x3b, 0x32, 0x35, 0x35, 0x3b, 
    0x32, 0x35, 0x35, 0x3b, 0x32, 0x35, 0x35, 0x6d, 0x4d, 0x1b, 0x5b, 0x30, 0x6d, 0x1b, 0x5b, 0x33, 
    0x38, 0x3b, 0x32, 0x3b, 0x32, 0x35, 0x35, 0x3b, 0x32, 0x35, 0x35, 0x3b, 0x32, 0x35, 0x35, 0x6d, 
    0x4d, 0x1b, 0x5b, 0x30, 0x6d, 0x1b, 0x5b, 0x33, 0x38, 0x3b, 0x32, 0x3b, 0x32, 0x35, 0x35, 0x3b, 
    0x32, 0x35, 0x35, 0x3b, 0x32, 0x35, 0x35, 0x6d, 0x4d, 0x1b, 0x5b, 0x30, 0x6d, 0x1b, 0x5b, 0x33, 
    0x38, 0x3b, 0x32, 0x3b, 0x32, 0x35, 0x35, 0x3b, 0x32, 0x35, 0x35, 0x3b, 0x32, 0x35, 0x35, 0x6d, 
    0x4d, 0x1b, 0x5b, 0x30, 0x6d, 0x1b, 0x5b, 0x33, 0x38, 0x3b, 0x32, 0x3b, 0x32, 0x35, 0x35, 0x3b, 
    0x32, 0x35, 0x35, 0x3b, 0x32, 0x35, 0x35, 0x6d, 0x4d, 0x1b, 0x5b, 0x30, 0x6d, 0x1b, 0x5b, 0x33, 
    0x38, 0x3b, 0x32, 0x3b, 0x32, 0x35, 0x35, 0x3b, 0x32, 0x35, 0x35, 0x3b, 0x32, 0x35, 0x35, 0x6d, 
    0x4d, 0x1b, 0x5b, 0x30, 0x6d, 0x1b, 0x5b, 0x33, 0x38, 0x3b, 0x32, 0x3b, 0x32, 0x35, 0x35, 0x3b, 
    0x32, 0x35, 0x35, 0x3b, 0x32, 0x35, 0x35, 0x6d, 0x4d, 0x1b, 0x5b, 0x30, 0x6d, 0x1b, 0x5b, 0x33, 
    0x38, 0x3b, 0x32, 0x3b, 0x32, 0x35, 0x35, 0x3b, 0x32, 0x35, 0x35, 0x3b, 0x32, 0x35, 0x35, 0x6d, 
    0x4d, 0x1b, 0x5b, 0x30, 0x6d, 0x1b, 0x5b, 0x33, 0x38, 0x3b, 0x32, 0x3b, 0x32, 0x35, 0x35, 0x3b, 
    0x32, 0x35, 0x35, 0x3b, 0x32, 0x35, 0x35, 0x6d, 0x4d, 0x1b, 0x5b, 0x30, 0x6d, 0x1b, 0x5b, 0x33, 
    0x38, 0x3b, 0x32, 0x3b, 0x32, 0x35, 0x35, 0x3b, 0x32, 0x35, 0x35, 0x3b, 0x32, 0x35, 0x35, 0x6d, 
    0x4d, 0x1b, 0x5b, 0x30, 0x6d, 0x1b, 0x5b, 0x33, 0x38, 0x3b, 0x32, 0x3b, 0x32, 0x35, 0x35, 0x3b, 
    0x32, 0x35, 0x35, 0x3b, 0x32, 0x35, 0x35, 0x6d, 0x4d, 0x1b, 0x5b, 0x30, 0x6d, 0x1b, 0x5b, 0x33, 
    0x38, 0x3b, 0x32, 0x3b, 0x32, 0x35, 0x35, 0x3b, 0x32, 0x35, 0x35, 0x3b, 0x32, 0x35, 0x35, 0x6d, 
    0x4d, 0x1b, 0x5b, 0x30, 0x6d, 0x1b, 0x5b, 0x33, 0x38, 0x3b, 0x32, 0x3b, 0x32, 0x35, 0x35, 0x3b, 
    0x32, 0x35, 0x35, 0x3b, 0x32, 0x35, 0x35, 0x6d, 0x4d, 0x1b, 0x5b, 0x30, 0x6d, 0x1b, 0x5b, 0x33, 
    0x38, 0x3b, 0x32, 0x3b, 0x32, 0x35, 0x35, 0x3b, 0x32, 0x35, 0x35, 0x3b, 0x32, 0x35, 0x35, 0x6d, 
    0x4d, 0x1b, 0x5b, 0x30, 0x6d, 0x1b, 0x5b, 0x33, 0x38, 0x3b, 0x32, 0x3b, 0x32, 0x35, 0x35, 0x3b, 
    0x32, 0x35, 0x35, 0x3b, 0x32, 0x35, 0x35, 0x6d, 0x4d, 0x1b, 0x5b, 0x30, 0x6d, 0x1b, 0x5b, 0x33, 
    0x38, 0x3b, 0x32, 0x3b, 0x32, 0x35, 0x35, 0x3b, 0x32, 0x35, 0x35, 0x3b, 0x32, 0x35, 0x35, 0x6d, 
    0x4d, 0x1b, 0x5b, 0x30, 0x6d, 0x1b, 0x5b, 0x33, 0x38, 0x3b, 0x32, 0x3b, 0x32, 0x35, 0x35, 0x3b, 
    0x32, 0x35, 0x35, 0x3b, 0x32, 0x35, 0x35, 0x6d, 0x4d, 0x1b, 0x5b, 0x30, 0x6d, 0x1b, 0x5b, 0x33, 
    0x38, 0x3b, 0x32, 0x3b, 0x32, 0x35, 0x35, 0x3b, 0x32, 0x35, 0x35, 0x3b, 0x32, 0x35, 0x35, 0x6d, 
    0x4d, 0x1b, 0x5b, 0x30, 0x6d, 0x0a, 0x1b, 0x5b, 0x30, 0x6d, 0x1b, 0x5b, 0x33, 0x38, 0x3b, 0x32, 
    0x3b, 0x32, 0x35, 0x35, 0x3b, 0x32, 0x35, 0x35, 0x3b, 0x32, 0x35, 0x35, 0x6d, 0x4d, 0x1b, 0x5b, 
    0x30, 0x6d, 0x1b, 0x5b, 0x33, 0x38, 0x3b, 0x32, 0x3b, 0x32, 0x35, 0x35, 0x3b, 0x32, 0x35, 0x35, 
    0x3b, 0x32, 0x35, 0x35, 0x6d, 0x4d, 0x1b, 0x5b, 0x30, 0x6d, 0x1b, 0x5b, 0x33, 0x38, 0x3b, 0x32, 
    0x3b, 0x32, 0x35, 0x35, 0x3b, 0x32, 0x35, 0x35, 0x3b, 0x32, 0x35, 0x35, 0x6d, 0x4d, 0x1b, 0x5b, 
    0x30, 0x6d, 0x1b, 0x5b, 0x33, 0x38, 0x3b, 0x32, 0x3b, 0x32, 0x35, 0x35, 0x3b, 0x32, 0x35, 0x35, 
    0x3b, 0x32, 0x35, 0x35, 0x6d, 0x4d, 0x1b, 0x5b, 0x30, 0x6d, 0x1b, 0x5b, 0x33, 0x38, 0x3b, 0x32, 
    0x3b, 0x32, 0x35, 0x35, 0x3b, 0x32, 0x35, 0x35, 0x3b, 0x32, 0x35, 0x35, 0x6d, 0x4d, 0x1b, 0x5b, 
    0x30, 0x6d, 0x1b, 0x5b, 0x33, 0x38, 0x3b, 0x32, 0x3b, 0x32, 0x35, 0x35, 0x3b, 0x32, 0x35, 0x35, 
    0x3b, 0x32, 0x35, 0x35, 0x6d, 0x4d, 0x1b, 0x5b, 0x30, 0x6d, 0x1b, 0x5b, 0x33, 0x38, 0x3b, 0x32, 
    0x3b, 0x32, 0x35, 0x35, 0x3b, 0x32, 0x35, 0x35, 0x3b, 0x32, 0x35, 0x35, 0x6d, 0x4d, 0x1b, 0x5b, 
    0x30, 0x6d, 0x1b, 0x5b, 0x33, 0x38, 0x3b, 0x32, 0x3b, 0x32, 0x35, 0x35, 0x3b, 0x32, 0x35, 0x35, 
    0x3b, 0x32, 0x35, 0x35, 0x6d, 0x4d, 0x1b, 0x5b, 0x30, 0x6d, 0x1b, 0x5b, 0x33, 0x38, 0x3b, 0x32, 
    0x3b, 0x32, 0x35, 0x35, 0x3b, 0x32, 0x35, 0x35, 0x3b, 0x32, 0x35, 0x35, 0x6d, 0x4d, 0x1b, 0x5b, 
    0x30, 0x6d, 0x1b, 0x5b, 0x33, 0x38, 0x3b, 0x32, 0x3b, 0x32, 0x35, 0x35, 0x3b, 0x32, 0x35, 0x35, 
    0x3b, 0x32, 0x35, 0x35, 0x6d, 0x4d, 0x1b, 0x5b, 0x30, 0x6d, 0x1b, 0x5b, 0x33, 0x38, 0x3b, 0x32, 
    0x3b, 0x32, 0x35, 0x35, 0x3b, 0x32, 0x35, 0x35, 0x3b, 0x32, 0x35, 0x35, 0x6d, 0x4d, 0x1b, 0x5b, 
    0x30, 0x6d, 0x1b, 0x5b, 0x33, 0x38, 0x3b, 0x32, 0x3b, 0x32, 0x35, 0x35, 0x3b, 0x32, 0x35, 0x35, 
    0x3b, 0x32, 0x35, 0x35, 0x6d, 0x4d, 0x1b, 0x5b, 0x30, 0x6d, 0x1b, 0x5b, 0x33, 0x38, 0x3b, 0x32, 
    0x3b, 0x32, 0x35, 0x35, 0x3b, 0x32, 0x35, 0x35, 0x3b, 0x32, 0x35, 0x35, 0x6d, 0x4d, 0x1b, 0x5b, 
    0x30, 0x6d, 0x1b, 0x5b, 0x33, 0x38, 0x3b, 0x32, 0x3b, 0x31, 0x32, 0x38, 0x3b, 0x31, 0x32, 0x38, 
    0x3b, 0x31, 0x32, 0x38, 0x6d, 0x6c, 0x1b, 0x5b, 0x30, 0x6d, 0x1b, 0x5b, 0x33, 0x38, 0x3b, 0x32, 
    0x3b, 0x30, 0x3b, 0x30, 0x3b, 0x30, 0x6d, 0x20, 0x1b, 0x5b, 0x30, 0x6d, 0x1b, 0x5b, 0x33, 0x38, 
    0x3b, 0x32, 0x3b, 0x30, 0x3b, 0x30, 0x3b, 0x30, 0x6d, 0x20, 0x1b, 0x5b, 0x30, 0x6d, 0x1b, 0x5b, 
    0x33, 0x38, 0x3b, 0x32, 0x3b, 0x32, 0x35, 0x35, 0x3b, 0x32, 0x35, 0x35, 0x3b, 0x32, 0x35, 0x35, 
    0x6d, 0x4d, 0x1b, 0x5b, 0x30, 0x6d, 0x1b, 0x5b, 0x33, 0x38, 0x3b, 0x32, 0x3b, 0x32, 0x35, 0x35, 
    0x3b, 0x32, 0x35, 0x35, 0x3b, 0x32, 0x35, 0x35, 0x6d, 0x4d, 0x1b, 0x5b, 0x30, 0x6d, 0x1b, 0x5b, 
    0x33, 0x38, 0x3b, 0x32, 0x3b, 0x32, 0x35, 0x35, 0x3b, 0x32, 0x35, 0x35, 0x3b, 0x32, 0x35, 0x35, 
    0x6d, 0x4d, 0x1b, 0x5b, 0x30, 0x6d, 0x1b, 0x5b, 0x33, 0x38, 0x3b, 0x32, 0x3b, 0x32, 0x35, 0x35, 
    0x3b, 0x32, 0x35, 0x35, 0x3b, 0x32, 0x35, 0x35, 0x6d, 0x4d, 0x1b, 0x5b, 0x30, 0x6d, 0x1b, 0x5b, 
    0x33, 0x38, 0x3b, 0x32, 0x3b, 0x32, 0x35, 0x35, 0x3b, 0x32, 0x35, 0x35, 0x3b, 0x32, 0x35, 0x35, 
    0x6d, 0x4d, 0x1b, 0x5b, 0x30, 0x6d, 0x1b, 0x5b, 0x33, 0x38, 0x3b, 0x32, 0x3b, 0x32, 0x35, 0x35, 
    0x3b, 0x32, 0x35, 0x35, 0x3b, 0x32, 0x35, 0x35, 0x6d, 0x4d, 0x1b, 0x5b, 0x30, 0x6d, 0x1b, 0x5b, 
    0x33, 0x38, 0x3b, 0x32, 0x3b, 0x32, 0x35, 0x35, 0x3b, 0x32, 0x35, 0x35, 0x3b, 0x32, 0x35, 0x35, 
    0x6d, 0x4d, 0x1b, 0x5b, 0x30, 0x6d, 0x1b, 0x5b, 0x33, 0x38, 0x3b, 0x32, 0x3b, 0x32, 0x35, 0x35, 
    0x3b, 0x32, 0x35, 0x35, 0x3b, 0x32, 0x35, 0x35, 0x6d, 0x4d, 0x1b, 0x5b, 0x30, 0x6d, 0x1b, 0x5b, 
    0x33, 0x38, 0x3b, 0x32, 0x3b, 0x32, 0x35, 0x35, 0x3b, 0x32, 0x35, 0x35, 0x3b, 0x32, 0x35, 0x35, 
    0x6d, 0x4d, 0x1b, 0x5b, 0x30, 0x6d, 0x1b, 0x5b, 0x33, 0x38, 0x3b, 0x32, 0x3b, 0x32, 0x35, 0x35, 
    0x3b, 0x32, 0x35, 0x35, 0x3b, 0x32, 0x35, 0x35, 0x6d, 0x4d, 0x1b, 0x5b, 0x30, 0x6d, 0x1b, 0x5b, 
    0x33, 0x38, 0x3b, 0x32, 0x3b, 0x32, 0x35, 0x35, 0x3b, 0x32, 0x35, 0x35, 0x3b, 0x32, 0x35, 0x35, 
    0x6d, 0x4d, 0x1b, 0x5b, 0x30, 0x6d, 0x1b, 0x5b, 0x33, 0x38, 0x3b, 0x32, 0x3b, 0x31, 0x39, 0x31, 
    0x3b, 0x31, 0x39, 0x31, 0x3b, 0x31, 0x39, 0x31, 0x6d, 0x30, 0x1b, 0x5b, 0x30, 0x6d, 0x1b, 0x5b, 
    0x33, 0x38, 0x3b, 0x32, 0x3b, 0x31, 0x32, 0x38, 0x3b, 0x31, 0x32, 0x38, 0x3b, 0x31, 0x32, 0x38, 
    0x6d, 0x6c, 0x1b, 0x5b, 0x30, 0x6d, 0x1b, 0x5b, 0x33, 0x38, 0x3b, 0x32, 0x3b, 0x31, 0x32, 0x38, 
    0x3b, 0x31, 0x32, 0x38, 0x3b, 0x31, 0x32, 0x38, 0x6d, 0x6c, 0x1b, 0x5b, 0x30, 0x6d, 0x1b, 0x5b, 
    0x33, 0x38, 0x3b, 0x32, 0x3b, 0x31, 0x32, 0x38, 0x3b, 0x31, 0x32, 0x38, 0x3b, 0x31, 0x32, 0x38, 
    0x6d, 0x6c, 0x1b, 0x5b, 0x30, 0x6d, 0x1b, 0x5b, 0x33, 0x38, 0x3b, 0x32, 0x3b, 0x31, 0x32, 0x38, 
    0x3b, 0x31, 0x32, 0x38, 0x3b, 0x31, 0x32, 0x38, 0x6d, 0x6c, 0x1b, 0x5b, 0x30, 0x6d, 0x1b, 0x5b, 
    0x33, 0x38, 0x3b, 0x32, 0x3b, 0x31, 0x32, 0x38, 0x3b, 0x31, 0x32, 0x38, 0x3b, 0x31, 0x32, 0x38, 
    0x6d, 0x6c, 0x1b, 0x5b, 0x30, 0x6d, 0x1b, 0x5b, 0x33, 0x38, 0x3b, 0x32, 0x3b, 0x31, 0x32, 0x38, 
    0x3b, 0x31, 0x32, 0x38, 0x3b, 0x31, 0x32, 0x38, 0x6d, 0x6c, 0x1b, 0x5b, 0x30, 0x6d, 0x1b, 0x5b, 
    0x33, 0x38, 0x3b, 0x32, 0x3b, 0x31, 0x32, 0x38, 0x3b, 0x31, 0x32, 0x38, 0x3b, 0x31, 0x32, 0x38, 
    0x6d, 0x6c, 0x1b, 0x5b, 0x30, 0x6d, 0x1b, 0x5b, 0x33, 0x38, 0x3b, 0x32, 0x3b, 0x31, 0x32, 0x38, 
    0x3b, 0x31, 0x32, 0x38, 0x3b, 0x31, 0x32, 0x38, 0x6d, 0x6c, 0x1b, 0x5b, 0x30, 0x6d, 0x1b, 0x5b, 
    0x33, 0x38, 0x3b, 0x32, 0x3b, 0x31, 0x32, 0x38, 0x3b, 0x31, 0x32, 0x38, 0x3b, 0x31, 0x32, 0x38, 
    0x6d, 0x6c, 0x1b, 0x5b, 0x30, 0x6d, 0x1b, 0x5b, 0x33, 0x38, 0x3b, 0x32, 0x3b, 0x31, 0x32, 0x38, 
    0x3b, 0x31, 0x32, 0x38, 0x3b, 0x31, 0x32, 0x38, 0x6d, 0x6c, 0x1b, 0x5b, 0x30, 0x6d, 0x1b, 0x5b, 
    0x33, 0x38, 0x3b, 0x32, 0x3b, 0x31, 0x32, 0x38, 0x3b, 0x31, 0x32, 0x38, 0x3b, 0x31, 0x32, 0x38, 
    0x6d, 0x6c, 0x1b, 0x5b, 0x30, 0x6d, 0x1b, 0x5b, 0x33, 0x38, 0x3b, 0x32, 0x3b, 0x32, 0x35, 0x35, 
    0x3b, 0x32, 0x35, 0x35, 0x3b, 0x32, 0x35, 0x35, 0x6d, 0x4d, 0x1b, 0x5b, 0x30, 0x6d, 0x1b, 0x5b, 
    0x33, 0x38, 0x3b, 0x32, 0x3b, 0x32, 0x35, 0x35, 0x3b, 0x32, 0x35, 0x35, 0x3b, 0x32, 0x35, 0x35, 
    0x6d, 0x4d, 0x1b, 0x5b, 0x30, 0x6d, 0x1b, 0x5b, 0x33, 0x38, 0x3b, 0x32, 0x3b, 0x32, 0x35, 0x35, 
    0x3b, 0x32, 0x35, 0x35, 0x3b, 0x32, 0x35, 0x35, 0x6d, 0x4d, 0x1b, 0x5b, 0x30, 0x6d, 0x1b, 0x5b, 
    0x33, 0x38, 0x3b, 0x32, 0x3b, 0x32, 0x35, 0x35, 0x3b, 0x32, 0x35, 0x35, 0x3b, 0x32, 0x35, 0x35, 
    0x6d, 0x4d, 0x1b, 0x5b, 0x30, 0x6d, 0x1b, 0x5b, 0x33, 0x38, 0x3b, 0x32, 0x3b, 0x32, 0x35, 0x35, 
    0x3b, 0x32, 0x35, 0x35, 0x3b, 0x32, 0x35, 0x35, 0x6d, 0x4d, 0x1b, 0x5b, 0x30, 0x6d, 0x1b, 0x5b, 
    0x33, 0x38, 0x3b, 0x32, 0x3b, 0x32, 0x35, 0x35, 0x3b, 0x32, 0x35, 0x35, 0x3b, 0x32, 0x35, 0x35, 
    0x6d, 0x4d, 0x1b, 0x5b, 0x30, 0x6d, 0x1b, 0x5b, 0x33, 0x38, 0x3b, 0x32, 0x3b, 0x32, 0x35, 0x35, 
    0x3b, 0x32, 0x35, 0x35, 0x3b, 0x32, 0x35, 0x35, 0x6d, 0x4d, 0x1b, 0x5b, 0x30, 0x6d, 0x1b, 0x5b, 
    0x33, 0x38, 0x3b, 0x32, 0x3b, 0x32, 0x35, 0x35, 0x3b, 0x32, 0x35, 0x35, 0x3b, 0x32, 0x35, 0x35, 
    0x6d, 0x4d, 0x1b, 0x5b, 0x30, 0x6d, 0x1b, 0x5b, 0x33, 0x38, 0x3b, 0x32, 0x3b, 0x32, 0x35, 0x35, 
    0x3b, 0x32, 0x35, 0x35, 0x3b, 0x32, 0x35, 0x35, 0x6d, 0x4d, 0x1b, 0x5b, 0x30, 0x6d, 0x1b, 0x5b, 
    0x33, 0x38, 0x3b, 0x32, 0x3b, 0x30, 0x3b, 0x30, 0x3b, 0x30, 0x6d, 0x20, 0x1b, 0x5b, 0x30, 0x6d, 
    0x1b, 0x5b, 0x33, 0x38, 0x3b, 0x32, 0x3b, 0x30, 0x3b, 0x30, 0x3b, 0x30, 0x6d, 0x20, 0x1b, 0x5b, 
    0x30, 0x6d, 0x1b, 0x5b, 0x33, 0x38, 0x3b, 0x32, 0x3b, 0x31, 0x32, 0x38, 0x3b, 0x31, 0x32, 0x38, 
    0x3b, 0x31, 0x32, 0x38, 0x6d, 0x6c, 0x1b, 0x5b, 0x30, 0x6d, 0x1b, 0x5b, 0x33, 0x38, 0x3b, 0x32, 
    0x3b, 0x31, 0x32, 0x38, 0x3b, 0x31, 0x32, 0x38, 0x3b, 0x31, 0x32, 0x38, 0x6d, 0x6c, 0x1b, 0x5b, 
    0x30, 0x6d, 0x1b, 0x5b, 0x33, 0x38, 0x3b, 0x32, 0x3b, 0x31, 0x32, 0x38, 0x3b, 0x31, 0x32, 0x38, 
    0x3b, 0x31, 0x32, 0x38, 0x6d, 0x6c, 0x1b, 0x5b, 0x30, 0x6d, 0x1b, 0x5b, 0x33, 0x38, 0x3b, 0x32, 
    0x3b, 0x31, 0x32, 0x38, 0x3b, 0x31, 0x32, 0x38, 0x3b, 0x31, 0x32, 0x38, 0x6d, 0x6c, 0x1b, 0x5b, 
    0x30, 0x6d, 0x1b, 0x5b, 0x33, 0x38, 0x3b, 0x32, 0x3b, 0x31, 0x32, 0x38, 0x3b, 0x31, 0x32, 0x38, 
    0x3b, 0x31, 0x32, 0x38, 0x6d, 0x6c, 0x1b, 0x5b, 0x30, 0x6d, 0x1b, 0x5b, 0x33, 0x38, 0x3b, 0x32, 
    0x3b, 0x32, 0x35, 0x35, 0x3b, 0x32, 0x35, 0x35, 0x3b, 0x32, 0x35, 0x35, 0x6d, 0x4d, 0x1b, 0x5b, 
    0x30, 0x6d, 0x1b, 0x5b, 0x33, 0x38, 0x3b, 0x32, 0x3b, 0x32, 0x35, 0x35, 0x3b, 0x32, 0x35, 0x35, 
    0x3b, 0x32, 0x35, 0x35, 0x6d, 0x4d, 0x1b, 0x5b, 0x30, 0x6d, 0x1b, 0x5b, 0x33, 0x38, 0x3b, 0x32, 
    0x3b, 0x32, 0x35, 0x35, 0x3b, 0x32, 0x35, 0x35, 0x3b, 0x32, 0x35, 0x35, 0x6d, 0x4d, 0x1b, 0x5b, 
    0x30, 0x6d, 0x1b, 0x5b, 0x33, 0x38, 0x3b, 0x32, 0x3b, 0x32, 0x35, 0x35, 0x3b, 0x32, 0x35, 0x35, 
    0x3b, 0x32, 0x35, 0x35, 0x6d, 0x4d, 0x1b, 0x5b, 0x30, 0x6d, 0x1b, 0x5b, 0x33, 0x38, 0x3b, 0x32, 
    0x3b, 0x32, 0x35, 0x35, 0x3b, 0x32, 0x35, 0x35, 0x3b, 0x32, 0x35, 0x35, 0x6d, 0x4d, 0x1b, 0x5b, 
    0x30, 0x6d, 0x1b, 0x5b, 0x33, 0x38, 0x3b, 0x32, 0x3b, 0x32, 0x35, 0x35, 0x3b, 0x32, 0x35, 0x35, 
    0x3b, 0x32, 0x35, 0x35, 0x6d, 0x4d, 0x1b, 0x5b, 0x30, 0x6d, 0x1b, 0x5b, 0x33, 0x38, 0x3b, 0x32, 
    0x3b, 0x32, 0x35, 0x35, 0x3b, 0x32, 0x35, 0x35, 0x3b, 0x32, 0x35, 0x35, 0x6d, 0x4d, 0x1b, 0x5b, 
    0x30, 0x6d, 0x1b, 0x5b, 0x33, 0x38, 0x3b, 0x32, 0x3b, 0x32, 0x35, 0x35, 0x3b, 0x32, 0x35, 0x35, 
    0x3b, 0x32, 0x35, 0x35, 0x6d, 0x4d, 0x1b, 0x5b, 0x30, 0x6d, 0x1b, 0x5b, 0x33, 0x38, 0x3b, 0x32, 
    0x3b, 0x32, 0x35, 0x35, 0x3b, 0x32, 0x35, 0x35, 0x3b, 0x32, 0x35, 0x35, 0x6d, 0x4d, 0x1b, 0x5b, 
    0x30, 0x6d, 0x1b, 0x5b, 0x33, 0x38, 0x3b, 0x32, 0x3b, 0x32, 0x35, 0x35, 0x3b, 0x32, 0x35, 0x35, 
    0x3b, 0x32, 0x35, 0x35, 0x6d, 0x4d, 0x1b, 0x5b, 0x30, 0x6d, 0x1b, 0x5b, 0x33, 0x38, 0x3b, 0x32, 
    0x3b, 0x32, 0x35, 0x35, 0x3b, 0x32, 0x35, 0x35, 0x3b, 0x32, 0x35, 0x35, 0x6d, 0x4d, 0x1b, 0x5b, 
    0x30, 0x6d, 0x1b, 0x5b, 0x33, 0x38, 0x3b, 0x32, 0x3b, 0x32, 0x35, 0x35, 0x3b, 0x32, 0x35, 0x35, 
    0x3b, 0x32, 0x35, 0x35, 0x6d, 0x4d, 0x1b, 0x5b, 0x30, 0x6d, 0x1b, 0x5b, 0x33, 0x38, 0x3b, 0x32, 
    0x3b, 0x32, 0x35, 0x35, 0x3b, 0x32, 0x35, 0x35, 0x3b, 0x32, 0x35, 0x35, 0x6d, 0x4d, 0x1b, 0x5b, 
    0x30, 0x6d, 0x1b, 0x5b, 0x33, 0x38, 0x3b, 0x32, 0x3b, 0x32, 0x35, 0x35, 0x3b, 0x32, 0x35, 0x35, 
    0x3b, 0x32, 0x35, 0x35, 0x6d, 0x4d, 0x1b, 0x5b, 0x30, 0x6d, 0x1b, 0x5b, 0x33, 0x38, 0x3b, 0x32, 
    0x3b, 0x32, 0x35, 0x35, 0x3b, 0x32, 0x35, 0x35, 0x3b, 0x32, 0x35, 0x35, 0x6d, 0x4d, 0x1b, 0x5b, 
    0x30, 0x6d, 0x1b, 0x5b, 0x33, 0x38, 0x3b, 0x32, 0x3b, 0x32, 0x35, 0x35, 0x3b, 0x32, 0x35, 0x35, 
    0x3b, 0x32, 0x35, 0x35, 0x6d, 0x4d, 0x1b, 0x5b, 0x30, 0x6d, 0x1b, 0x5b, 0x33, 0x38, 0x3b, 0x32, 
    0x3b, 0x32, 0x35, 0x35, 0x3b, 0x32, 0x35, 0x35, 0x3b, 0x32, 0x35, 0x35, 0x6d, 0x4d, 0x1b, 0x5b, 
    0x30, 0x6d, 0x1b, 0x5b, 0x33, 0x38, 0x3b, 0x32, 0x3b, 0x32, 0x35, 0x35, 0x3b, 0x32, 0x35, 0x35, 
    0x3b, 0x32, 0x35, 0x35, 0x6d, 0x4d, 0x1b, 0x5b, 0x30, 0x6d, 0x1b, 0x5b, 0x33, 0x38, 0x3b, 0x32, 
    0x3b, 0x32, 0x35, 0x35, 0x3b, 0x32, 0x35, 0x35, 0x3b, 0x32, 0x35, 0x35, 0x6d, 0x4d, 0x1b, 0x5b, 
    0x30, 0x6d, 0x1b, 0x5b, 0x33, 0x38, 0x3b, 0x32, 0x3b, 0x32, 0x35, 0x35, 0x3b, 0x32, 0x35, 0x35, 
    0x3b, 0x32, 0x35, 0x35, 0x6d, 0x4d, 0x1b, 0x5b, 0x30, 0x6d, 0x1b, 0x5b, 0x33, 0x38, 0x3b, 0x32, 
    0x3b, 0x32, 0x35, 0x35, 0x3b, 0x32, 0x35, 0x35, 0x3b, 0x32, 0x35, 0x35, 0x6d, 0x4d, 0x1b, 0x5b, 
    0x30, 0x6d, 0x1b, 0x5b, 0x33, 0x38, 0x3b, 0x32, 0x3b, 0x32, 0x35, 0x35, 0x3b, 0x32, 0x35, 0x35, 
    0x3b, 0x32, 0x35, 0x35, 0x6d, 0x4d, 0x1b, 0x5b, 0x30, 0x6d, 0x1b, 0x5b, 0x33, 0x38, 0x3b, 0x32, 
    0x3b, 0x31, 0x32, 0x38, 0x3b, 0x31, 0x32, 0x38, 0x3b, 0x31, 0x32, 0x38, 0x6d, 0x6c, 0x1b, 0x5b, 
    0x30, 0x6d, 0x1b, 0x5b, 0x33, 0x38, 0x3b, 0x32, 0x3b, 0x30, 0x3b, 0x30, 0x3b, 0x30, 0x6d, 0x20, 
    0x1b, 0x5b, 0x30, 0x6d, 0x1b, 0x5b, 0x33, 0x38, 0x3b, 0x32, 0x3b, 0x30, 0x3b, 0x30, 0x3b, 0x30, 
    0x6d, 0x20, 0x1b, 0x5b, 0x30, 0x6d, 0x1b, 0x5b, 0x33, 0x38, 0x3b, 0x32, 0x3b, 0x32, 0x35, 0x35, 
    0x3b, 0x32, 0x35, 0x35, 0x3b, 0x32, 0x35, 0x35, 0x6d, 0x4d, 0x1b, 0x5b, 0x30, 0x6d, 0x1b, 0x5b, 
    0x33, 0x38, 0x3b, 0x32, 0x3b, 0x32, 0x35, 0x35, 0x3b, 0x32, 0x35, 0x35, 0x3b, 0x32, 0x35, 0x35, 
    0x6d, 0x4d, 0x1b, 0x5b, 0x30, 0x6d, 0x1b, 0x5b, 0x33, 0x38, 0x3b, 0x32, 0x3b, 0x32, 0x35, 0x35, 
    0x3b, 0x32, 0x35, 0x35, 0x3b, 0x32, 0x35, 0x35, 0x6d, 0x4d, 0x1b, 0x5b, 0x30, 0x6d, 0x1b, 0x5b, 
    0x33, 0x38, 0x3b, 0x32, 0x3b, 0x32, 0x35, 0x35, 0x3b, 0x32, 0x35, 0x35, 0x3b, 0x32, 0x35, 0x35, 
    0x6d, 0x4d, 0x1b, 0x5b, 0x30, 0x6d, 0x1b, 0x5b, 0x33, 0x38, 0x3b, 0x32, 0x3b, 0x32, 0x35, 0x35, 
    0x3b, 0x32, 0x35, 0x35, 0x3b, 0x32, 0x35, 0x35, 0x6d, 0x4d, 0x1b, 0x5b, 0x30, 0x6d, 0x1b, 0x5b, 
    0x33, 0x38, 0x3b, 0x32, 0x3b, 0x32, 0x35, 0x35, 0x3b, 0x32, 0x35, 0x35, 0x3b, 0x32, 0x35, 0x35, 
    0x6d, 0x4d, 0x1b, 0x5b, 0x30, 0x6d, 0x1b, 0x5b, 0x33, 0x38, 0x3b, 0x32, 0x3b, 0x32, 0x35, 0x35, 
    0x3b, 0x32, 0x35, 0x35, 0x3b, 0x32, 0x35, 0x35, 0x6d, 0x4d, 0x1b, 0x5b, 0x30, 0x6d, 0x1b, 0x5b, 
    0x33, 0x38, 0x3b, 0x32, 0x3b, 0x32, 0x35, 0x35, 0x3b, 0x32, 0x35, 0x35, 0x3b, 0x32, 0x35, 0x35, 
    0x6d, 0x4d, 0x1b, 0x5b, 0x30, 0x6d, 0x1b, 0x5b, 0x33, 0x38, 0x3b, 0x32, 0x3b, 0x32, 0x35, 0x35, 
    0x3b, 0x32, 0x35, 0x35, 0x3b, 0x32, 0x35, 0x35, 0x6d, 0x4d, 0x1b, 0x5b, 0x30, 0x6d, 0x1b, 0x5b, 
    0x33, 0x38, 0x3b, 0x32, 0x3b, 0x31, 0x32, 0x38, 0x3b, 0x31, 0x32, 0x38, 0x3b, 0x31, 0x32, 0x38, 
    0x6d, 0x6c, 0x1b, 0x5b, 0x30, 0x6d, 0x1b, 0x5b, 0x33, 0x38, 0x3b, 0x32, 0x3b, 0x31, 0x32, 0x38, 
    0x3b, 0x31, 0x32, 0x38, 0x3b, 0x31, 0x32, 0x38, 0x6d, 0x6c, 0x1b, 0x5b, 0x30, 0x6d, 0x1b, 0x5b, 
    0x33, 0x38, 0x3b, 0x32, 0x3b, 0x31, 0x32, 0x38, 0x3b, 0x31, 0x32, 0x38, 0x3b, 0x31, 0x32, 0x38, 
    0x6d, 0x6c, 0x1b, 0x5b, 0x30, 0x6d, 0x1b, 0x5b, 0x33, 0x38, 0x3b, 0x32, 0x3b, 0x31, 0x32, 0x38, 
    0x3b, 0x31, 0x32, 0x38, 0x3b, 0x31, 0x32, 0x38, 0x6d, 0x6c, 0x1b, 0x5b, 0x30, 0x6d, 0x1b, 0x5b, 
    0x33, 0x38, 0x3b, 0x32, 0x3b, 0x31, 0x39, 0x31, 0x3b, 0x31, 0x39, 0x31, 0x3b, 0x31, 0x39, 0x31, 
    0x6d, 0x30, 0x1b, 0x5b, 0x30, 0x6d, 0x1b, 0x5b, 0x33, 0x38, 0x3b, 0x32, 0x3b, 0x32, 0x35, 0x35, 
    0x3b, 0x32, 0x35, 0x35, 0x3b, 0x32, 0x35, 0x35, 0x6d, 0x4d, 0x1b, 0x5b, 0x30, 0x6d, 0x1b, 0x5b, 
    0x33, 0x38, 0x3b, 0x32, 0x3b, 0x32, 0x35, 0x35, 0x3b, 0x32, 0x35, 0x35, 0x3b, 0x32, 0x35, 0x35, 
    0x6d, 0x4d, 0x1b, 0x5b, 0x30, 0x6d, 0x1b, 0x5b, 0x33, 0x38, 0x3b, 0x32, 0x3b, 0x32, 0x35, 0x35, 
    0x3b, 0x32, 0x35, 0x35, 0x3b, 0x32, 0x35, 0x35, 0x6d, 0x4d, 0x1b, 0x5b, 0x30, 0x6d, 0x1b, 0x5b, 
    0x33, 0x38, 0x3b, 0x32, 0x3b, 0x32, 0x35, 0x35, 0x3b, 0x32, 0x35, 0x35, 0x3b, 0x32, 0x35, 0x35, 
    0x6d, 0x4d, 0x1b, 0x5b, 0x30, 0x6d, 0x1b, 0x5b, 0x33, 0x38, 0x3b, 0x32, 0x3b, 0x32, 0x35, 0x35, 
    0x3b, 0x32, 0x35, 0x35, 0x3b, 0x32, 0x35, 0x35, 0x6d, 0x4d, 0x1b, 0x5b, 0x30, 0x6d, 0x1b, 0x5b, 
    0x33, 0x38, 0x3b, 0x32, 0x3b, 0x32, 0x35, 0x35, 0x3b, 0x32, 0x35, 0x35, 0x3b, 0x32, 0x35, 0x35, 
    0x6d, 0x4d, 0x1b, 0x5b, 0x30, 0x6d, 0x0a, 0x1b, 0x5b, 0x30, 0x6d, 0x1b, 0x5b, 0x33, 0x38, 0x3b, 
    0x32, 0x3b, 0x32, 0x35, 0x35, 0x3b, 0x32, 0x35, 0x35, 0x3b, 0x32, 0x35, 0x35, 0x6d, 0x4d, 0x1b, 
    0x5b, 0x30, 0x6d, 0x1b, 0x5b, 0x33, 0x38, 0x3b, 0x32, 0x3b, 0x32, 0x35, 0x35, 0x3b, 0x32, 0x35, 
    0x35, 0x3b, 0x32, 0x35, 0x35, 0x6d, 0x4d, 0x1b, 0x5b, 0x30, 0x6d, 0x1b, 0x5b, 0x33, 0x38, 0x3b, 
    0x32, 0x3b, 0x32, 0x35, 0x35, 0x3b, 0x32, 0x35, 0x35, 0x3b, 0x32, 0x35, 0x35, 0x6d, 0x4d, 0x1b, 
    0x5b, 0x30, 0x6d, 0x1b, 0x5b, 0x33, 0x38, 0x3b, 0x32, 0x3b, 0x32, 0x35, 0x35, 0x3b, 0x32, 0x35, 
    0x35, 0x3b, 0x32, 0x35, 0x35, 0x6d, 0x4d, 0x1b, 0x5b, 0x30, 0x6d, 0x1b, 0x5b, 0x33, 0x38, 0x3b, 
    0x32, 0x3b, 0x32, 0x35, 0x35, 0x3b, 0x32, 0x35, 0x35, 0x3b, 0x32, 0x35, 0x35, 0x6d, 0x4d, 0x1b, 
    0x5b, 0x30, 0x6d, 0x1b, 0x5b, 0x33, 0x38, 0x3b, 0x32, 0x3b, 0x32, 0x35, 0x35, 0x3b, 0x32, 0x35, 
    0x35, 0x3b, 0x32, 0x35, 0x35, 0x6d, 0x4d, 0x1b, 0x5b, 0x30, 0x6d, 0x1b, 0x5b, 0x33, 0x38, 0x3b, 
    0x32, 0x3b, 0x32, 0x35, 0x35, 0x3b, 0x32, 0x35, 0x35, 0x3b, 0x32, 0x35, 0x35, 0x6d, 0x4d, 0x1b, 
    0x5b, 0x30, 0x6d, 0x1b, 0x5b, 0x33, 0x38, 0x3b, 0x32, 0x3b, 0x32, 0x35, 0x35, 0x3b, 0x32, 0x35, 
    0x35, 0x3b, 0x32, 0x35, 0x35, 0x6d, 0x4d, 0x1b, 0x5b, 0x30, 0x6d, 0x1b, 0x5b, 0x33, 0x38, 0x3b, 
    0x32, 0x3b, 0x32, 0x35, 0x35, 0x3b, 0x32, 0x35, 0x35, 0x3b, 0x32, 0x35, 0x35, 0x6d, 0x4d, 0x1b, 
    0x5b, 0x30, 0x6d, 0x1b, 0x5b, 0x33, 0x38, 0x3b, 0x32, 0x3b, 0x32, 0x35, 0x35, 0x3b, 0x32, 0x35, 
    0x35, 0x3b, 0x32, 0x35, 0x35, 0x6d, 0x4d, 0x1b, 0x5b, 0x30, 0x6d, 0x1b, 0x5b, 0x33, 0x38, 0x3b, 
    0x32, 0x3b, 0x32, 0x35, 0x35, 0x3b, 0x32, 0x35, 0x35, 0x3b, 0x32, 0x35, 0x35, 0x6d, 0x4d, 0x1b, 
    0x5b, 0x30, 0x6d, 0x1b, 0x5b, 0x33, 0x38, 0x3b, 0x32, 0x3b, 0x32, 0x35, 0x35, 0x3b, 0x32, 0x35, 
    0x35, 0x3b, 0x32, 0x35, 0x35, 0x6d, 0x4d, 0x1b, 0x5b, 0x30, 0x6d, 0x1b, 0x5b, 0x33, 0x38, 0x3b, 
    0x32, 0x3b, 0x32, 0x35, 0x35, 0x3b, 0x32, 0x35, 0x35, 0x3b, 0x32, 0x35, 0x35, 0x6d, 0x4d, 0x1b, 
    0x5b, 0x30, 0x6d, 0x1b, 0x5b, 0x33, 0x38, 0x3b, 0x32, 0x3b, 0x31, 0x32, 0x38, 0x3b, 0x31, 0x32, 
    0x38, 0x3b, 0x31, 0x32, 0x38, 0x6d, 0x6c, 0x1b, 0x5b, 0x30, 0x6d, 0x1b, 0x5b, 0x33, 0x38, 0x3b, 
    0x32, 0x3b, 0x30, 0x3b, 0x30, 0x3b, 0x30, 0x6d, 0x20, 0x1b, 0x5b, 0x30, 0x6d, 0x1b, 0x5b, 0x33, 
    0x38, 0x3b, 0x32, 0x3b, 0x30, 0x3b, 0x30, 0x3b, 0x30, 0x6d, 0x20, 0x1b, 0x5b, 0x30, 0x6d, 0x1b, 
    0x5b, 0x33, 0x38, 0x3b, 0x32, 0x3b, 0x32, 0x35, 0x35, 0x3b, 0x32, 0x35, 0x35, 0x3b, 0x32, 0x35, 
    0x35, 0x6d, 0x4d, 0x1b, 0x5b, 0x30, 0x6d, 0x1b, 0x5b, 0x33, 0x38, 0x3b, 0x32, 0x3b, 0x32, 0x35, 
    0x35, 0x3b, 0x32, 0x35, 0x35, 0x3b, 0x32, 0x35, 0x35, 0x6d, 0x4d, 0x1b, 0x5b, 0x30, 0x6d, 0x1b, 
    0x5b, 0x33, 0x38, 0x3b, 0x32, 0x3b, 0x32, 0x35, 0x35, 0x3b, 0x32, 0x35, 0x35, 0x3b, 0x32, 0x35, 
    0x35, 0x6d, 0x4d, 0x1b, 0x5b, 0x30, 0x6d, 0x1b, 0x5b, 0x33, 0x38, 0x3b, 0x32, 0x3b, 0x32, 0x35, 
    0x35, 0x3b, 0x32, 0x35, 0x35, 0x3b, 0x32, 0x35, 0x35, 0x6d, 0x4d, 0x1b, 0x5b, 0x30, 0x6d, 0x1b, 
    0x5b, 0x33, 0x38, 0x3b, 0x32, 0x3b, 0x32, 0x35, 0x35, 0x3b, 0x32, 0x35, 0x35, 0x3b, 0x32, 0x35, 
    0x35, 0x6d, 0x4d, 0x1b, 0x5b, 0x30, 0x6d, 0x1b, 0x5b, 0x33, 0x38, 0x3b, 0x32, 0x3b, 0x32, 0x35, 
    0x35, 0x3b, 0x32, 0x35, 0x35, 0x3b, 0x32, 0x35, 0x35, 0x6d, 0x4d, 0x1b, 0x5b, 0x30, 0x6d, 0x1b, 
    0x5b, 0x33, 0x38, 0x3b, 0x32, 0x3b, 0x32, 0x35, 0x35, 0x3b, 0x32, 0x35, 0x35, 0x3b, 0x32, 0x35, 
    0x35, 0x6d, 0x4d, 0x1b, 0x5b, 0x30, 0x6d, 0x1b, 0x5b, 0x33, 0x38, 0x3b, 0x32, 0x3b, 0x32, 0x35, 
    0x35, 0x3b, 0x32, 0x35, 0x35, 0x3b, 0x32, 0x35, 0x35, 0x6d, 0x4d, 0x1b, 0x5b, 0x30, 0x6d, 0x1b, 
    0x5b, 0x33, 0x38, 0x3b, 0x32, 0x3b, 0x32, 0x35, 0x35, 0x3b, 0x32, 0x35, 0x35, 0x3b, 0x32, 0x35, 
    0x35, 0x6d, 0x4d, 0x1b, 0x5b, 0x30, 0x6d, 0x1b, 0x5b, 0x33, 0x38, 0x3b, 0x32, 0x3b, 0x31, 0x35, 
    0x33, 0x3b, 0x31, 0x35, 0x33, 0x3b, 0x31, 0x35, 0x33, 0x6d, 0x64, 0x1b, 0x5b, 0x30, 0x6d, 0x1b, 
    0x5b, 0x33, 0x38, 0x3b, 0x32, 0x3b, 0x31, 0x35, 0x33, 0x3b, 0x31, 0x35, 0x33, 0x3b, 0x31, 0x35, 
    0x33, 0x6d, 0x64, 0x1b, 0x5b, 0x30, 0x6d, 0x1b, 0x5b, 0x33, 0x38, 0x3b, 0x32, 0x3b, 0x31, 0x32, 
    0x38, 0x3b, 0x31, 0x32, 0x38, 0x3b, 0x31, 0x32, 0x38, 0x6d, 0x6c, 0x1b, 0x5b, 0x30, 0x6d, 0x1b, 
    0x5b, 0x33, 0x38, 0x3b, 0x32, 0x3b, 0x31, 0x30, 0x32, 0x3b, 0x31, 0x30, 0x32, 0x3b, 0x31, 0x30, 
    0x32, 0x6d, 0x3a, 0x1b, 0x5b, 0x30, 0x6d, 0x1b, 0x5b, 0x33, 0x38, 0x3b, 0x32, 0x3b, 0x31, 0x37, 
    0x39, 0x3b, 0x31, 0x37, 0x39, 0x3b, 0x31, 0x37, 0x39, 0x6d, 0x6b, 0x1b, 0x5b, 0x30, 0x6d, 0x1b, 
    0x5b, 0x33, 0x38, 0x3b, 0x32, 0x3b, 0x32, 0x35, 0x35, 0x3b, 0x32, 0x35, 0x35, 0x3b, 0x32, 0x35, 
    0x35, 0x6d, 0x4d, 0x1b, 0x5b, 0x30, 0x6d, 0x1b, 0x5b, 0x33, 0x38, 0x3b, 0x32, 0x3b, 0x32, 0x35, 
    0x35, 0x3b, 0x32, 0x35, 0x35, 0x3b, 0x32, 0x35, 0x35, 0x6d, 0x4d, 0x1b, 0x5b, 0x30, 0x6d, 0x1b, 
    0x5b, 0x33, 0x38, 0x3b, 0x32, 0x3b, 0x32, 0x35, 0x35, 0x3b, 0x32, 0x35, 0x35, 0x3b, 0x32, 0x35, 
    0x35, 0x6d, 0x4d, 0x1b, 0x5b, 0x30, 0x6d, 0x1b, 0x5b, 0x33, 0x38, 0x3b, 0x32, 0x3b, 0x32, 0x35, 
    0x35, 0x3b, 0x32, 0x35, 0x35, 0x3b, 0x32, 0x35, 0x35, 0x6d, 0x4d, 0x1b, 0x5b, 0x30, 0x6d, 0x1b, 
    0x5b, 0x33, 0x38, 0x3b, 0x32, 0x3b, 0x31, 0x30, 0x32, 0x3b, 0x31, 0x30, 0x32, 0x3b, 0x31, 0x30, 
    0x32, 0x6d, 0x3a, 0x1b, 0x5b, 0x30, 0x6d, 0x1b, 0x5b, 0x33, 0x38, 0x3b, 0x32, 0x3b, 0x31, 0x30, 
    0x32, 0x3b, 0x31, 0x30, 0x32, 0x3b, 0x31, 0x30, 0x32, 0x6d, 0x3a, 0x1b, 0x5b, 0x30, 0x6d, 0x1b, 
    0x5b, 0x33, 0x38, 0x3b, 0x32, 0x3b, 0x35, 0x31, 0x3b, 0x35, 0x31, 0x3b, 0x35, 0x31, 0x6d, 0x2e, 
    0x1b, 0x5b, 0x30, 0x6d, 0x1b, 0x5b, 0x33, 0x38, 0x3b, 0x32, 0x3b, 0x30, 0x3b, 0x30, 0x3b, 0x30, 
    0x6d, 0x20, 0x1b, 0x5b, 0x30, 0x6d, 0x1b, 0x5b, 0x33, 0x38, 0x3b, 0x32, 0x3b, 0x30, 0x3b, 0x30, 
    0x3b, 0x30, 0x6d, 0x20, 0x1b, 0x5b, 0x30, 0x6d, 0x1b, 0x5b, 0x33, 0x38, 0x3b, 0x32, 0x3b, 0x32, 
    0x35, 0x35, 0x3b, 0x32, 0x35, 0x35, 0x3b, 0x32, 0x35, 0x35, 0x6d, 0x4d, 0x1b, 0x5b, 0x30, 0x6d, 
    0x1b, 0x5b, 0x33, 0x38, 0x3b, 0x32, 0x3b, 0x32, 0x35, 0x35, 0x3b, 0x32, 0x35, 0x35, 0x3b, 0x32, 
    0x35, 0x35, 0x6d, 0x4d, 0x1b, 0x5b, 0x30, 0x6d, 0x1b, 0x5b, 0x33, 0x38, 0x3b, 0x32, 0x3b, 0x32, 
    0x35, 0x35, 0x3b, 0x32, 0x35, 0x35, 0x3b, 0x32, 0x35, 0x35, 0x6d, 0x4d, 0x1b, 0x5b, 0x30, 0x6d, 
    0x1b, 0x5b, 0x33, 0x38, 0x3b, 0x32, 0x3b, 0x32, 0x35, 0x35, 0x3b, 0x32, 0x35, 0x35, 0x3b, 0x32, 
    0x35, 0x35, 0x6d, 0x4d, 0x1b, 0x5b, 0x30, 0x6d, 0x1b, 0x5b, 0x33, 0x38, 0x3b, 0x32, 0x3b, 0x32, 
    0x35, 0x35, 0x3b, 0x32, 0x35, 0x35, 0x3b, 0x32, 0x35, 0x35, 0x6d, 0x4d, 0x1b, 0x5b, 0x30, 0x6d, 
    0x1b, 0x5b, 0x33, 0x38, 0x3b, 0x32, 0x3b, 0x32, 0x35, 0x35, 0x3b, 0x32, 0x35, 0x35, 0x3b, 0x32, 
    0x35, 0x35, 0x6d, 0x4d, 0x1b, 0x5b, 0x30, 0x6d, 0x1b, 0x5b, 0x33, 0x38, 0x3b, 0x32, 0x3b, 0x32, 
    0x35, 0x35, 0x3b, 0x32, 0x35, 0x35, 0x3b, 0x32, 0x35, 0x35, 0x6d, 0x4d, 0x1b, 0x5b, 0x30, 0x6d, 
    0x1b, 0x5b, 0x33, 0x38, 0x3b, 0x32, 0x3b, 0x32, 0x35, 0x35, 0x3b, 0x32, 0x35, 0x35, 0x3b, 0x32, 
    0x35, 0x35, 0x6d, 0x4d, 0x1b, 0x5b, 0x30, 0x6d, 0x1b, 0x5b, 0x33, 0x38, 0x3b, 0x32, 0x3b, 0x32, 
    0x35, 0x35, 0x3b, 0x32, 0x35, 0x35, 0x3b, 0x32, 0x35, 0x35, 0x6d, 0x4d, 0x1b, 0x5b, 0x30, 0x6d, 
    0x1b, 0x5b, 0x33, 0x38, 0x3b, 0x32, 0x3b, 0x30, 0x3b, 0x30, 0x3b, 0x30, 0x6d, 0x20, 0x1b, 0x5b, 
    0x30, 0x6d, 0x1b, 0x5b, 0x33, 0x38, 0x3b, 0x32, 0x3b, 0x30, 0x3b, 0x30, 0x3b, 0x30, 0x6d, 0x20, 
    0x1b, 0x5b, 0x30, 0x6d, 0x1b, 0x5b, 0x33, 0x38, 0x3b, 0x32, 0x3b, 0x31, 0x30, 0x32, 0x3b, 0x31, 
    0x30, 0x32, 0x3b, 0x31, 0x30, 0x32, 0x6d, 0x3a, 0x1b, 0x5b, 0x30, 0x6d, 0x1b, 0x5b, 0x33, 0x38, 
    0x3b, 0x32, 0x3b, 0x31, 0x30, 0x32, 0x3b, 0x31, 0x30, 0x32, 0x3b, 0x31, 0x30, 0x32, 0x6d, 0x3a, 
    0x1b, 0x5b, 0x30, 0x6d, 0x1b, 0x5b, 0x33, 0x38, 0x3b, 0x32, 0x3b, 0x35, 0x31, 0x3b, 0x35, 0x31, 
    0x3b, 0x35, 0x31, 0x6d, 0x2e, 0x1b, 0x5b, 0x30, 0x6d, 0x1b, 0x5b, 0x33, 0x38, 0x3b, 0x32, 0x3b, 
    0x30, 0x3b, 0x30, 0x3b, 0x30, 0x6d, 0x20, 0x1b, 0x5b, 0x30, 0x6d, 0x1b, 0x5b, 0x33, 0x38, 0x3b, 
    0x32, 0x3b, 0x30, 0x3b, 0x30, 0x3b, 0x30, 0x6d, 0x20, 0x1b, 0x5b, 0x30, 0x6d, 0x1b, 0x5b, 0x33, 
    0x38, 0x3b, 0x32, 0x3b, 0x31, 0x35, 0x33, 0x3b, 0x31, 0x35, 0x33, 0x3b, 0x31, 0x35, 0x33, 0x6d, 
    0x64, 0x1b, 0x5b, 0x30, 0x6d, 0x1b, 0x5b, 0x33, 0x38, 0x3b, 0x32, 0x3b, 0x31, 0x35, 0x33, 0x3b, 
    0x31, 0x35, 0x33, 0x3b, 0x31, 0x35, 0x33, 0x6d, 0x64, 0x1b, 0x5b, 0x30, 0x6d, 0x1b, 0x5b, 0x33, 
    0x38, 0x3b, 0x32, 0x3b, 0x32, 0x35, 0x35, 0x3b, 0x32, 0x35, 0x35, 0x3b, 0x32, 0x35, 0x35, 0x6d, 
    0x4d, 0x1b, 0x5b, 0x30, 0x6d, 0x1b, 0x5b, 0x33, 0x38, 0x3b, 0x32, 0x3b, 0x32, 0x35, 0x35, 0x3b, 
    0x32, 0x35, 0x35, 0x3b, 0x32, 0x35, 0x35, 0x6d, 0x4d, 0x1b, 0x5b, 0x30, 0x6d, 0x1b, 0x5b, 0x33, 
    0x38, 0x3b, 0x32, 0x3b, 0x32, 0x35, 0x35, 0x3b, 0x32, 0x35, 0x35, 0x3b, 0x32, 0x35, 0x35, 0x6d, 
    0x4d, 0x1b, 0x5b, 0x30, 0x6d, 0x1b, 0x5b, 0x33, 0x38, 0x3b, 0x32, 0x3b, 0x32, 0x35, 0x35, 0x3b, 
    0x32, 0x35, 0x35, 0x3b, 0x32, 0x35, 0x35, 0x6d, 0x4d, 0x1b, 0x5b, 0x30, 0x6d, 0x1b, 0x5b, 0x33, 
    0x38, 0x3b, 0x32, 0x3b, 0x32, 0x35, 0x35, 0x3b, 0x32, 0x35, 0x35, 0x3b, 0x32, 0x35, 0x35, 0x6d, 
    0x4d, 0x1b, 0x5b, 0x30, 0x6d, 0x1b, 0x5b, 0x33, 0x38, 0x3b, 0x32, 0x3b, 0x32, 0x35, 0x35, 0x3b, 
    0x32, 0x35, 0x35, 0x3b, 0x32, 0x35, 0x35, 0x6d, 0x4d, 0x1b, 0x5b, 0x30, 0x6d, 0x1b, 0x5b, 0x33, 
    0x38, 0x3b, 0x32, 0x3b, 0x32, 0x35, 0x35, 0x3b, 0x32, 0x35, 0x35, 0x3b, 0x32, 0x35, 0x35, 0x6d, 
    0x4d, 0x1b, 0x5b, 0x30, 0x6d, 0x1b, 0x5b, 0x33, 0x38, 0x3b, 0x32, 0x3b, 0x32, 0x35, 0x35, 0x3b, 
    0x32, 0x35, 0x35, 0x3b, 0x32, 0x35, 0x35, 0x6d, 0x4d, 0x1b, 0x5b, 0x30, 0x6d, 0x1b, 0x5b, 0x33, 
    0x38, 0x3b, 0x32, 0x3b, 0x32, 0x35, 0x35, 0x3b, 0x32, 0x35, 0x35, 0x3b, 0x32, 0x35, 0x35, 0x6d, 
    0x4d, 0x1b, 0x5b, 0x30, 0x6d, 0x1b, 0x5b, 0x33, 0x38, 0x3b, 0x32, 0x3b, 0x32, 0x35, 0x35, 0x3b, 
    0x32, 0x35, 0x35, 0x3b, 0x32, 0x35, 0x35, 0x6d, 0x4d, 0x1b, 0x5b, 0x30, 0x6d, 0x1b, 0x5b, 0x33, 
    0x38, 0x3b, 0x32, 0x3b, 0x32, 0x35, 0x35, 0x3b, 0x32, 0x35, 0x35, 0x3b, 0x32, 0x35, 0x35, 0x6d, 
    0x4d, 0x1b, 0x5b, 0x30, 0x6d, 0x1b, 0x5b, 0x33, 0x38, 0x3b, 0x32, 0x3b, 0x32, 0x35, 0x35, 0x3b, 
    0x32, 0x35, 0x35, 0x3b, 0x32, 0x35, 0x35, 0x6d, 0x4d, 0x1b, 0x5b, 0x30, 0x6d, 0x1b, 0x5b, 0x33, 
    0x38, 0x3b, 0x32, 0x3b, 0x32, 0x35, 0x35, 0x3b, 0x32, 0x35, 0x35, 0x3b, 0x32, 0x35, 0x35, 0x6d, 
    0x4d, 0x1b, 0x5b, 0x30, 0x6d, 0x1b, 0x5b, 0x33, 0x38, 0x3b, 0x32, 0x3b, 0x32, 0x35, 0x35, 0x3b, 
    0x32, 0x35, 0x35, 0x3b, 0x32, 0x35, 0x35, 0x6d, 0x4d, 0x1b, 0x5b, 0x30, 0x6d, 0x1b, 0x5b, 0x33, 
    0x38, 0x3b, 0x32, 0x3b, 0x32, 0x35, 0x35, 0x3b, 0x32, 0x35, 0x35, 0x3b, 0x32, 0x35, 0x35, 0x6d, 
    0x4d, 0x1b, 0x5b, 0x30, 0x6d, 0x1b, 0x5b, 0x33, 0x38, 0x3b, 0x32, 0x3b, 0x32, 0x35, 0x35, 0x3b, 
    0x32, 0x35, 0x35, 0x3b, 0x32, 0x35, 0x35, 0x6d, 0x4d, 0x1b, 0x5b, 0x30, 0x6d, 0x1b, 0x5b, 0x33, 
    0x38, 0x3b, 0x32, 0x3b, 0x32, 0x35, 0x35, 0x3b, 0x32, 0x35, 0x35, 0x3b, 0x32, 0x35, 0x35, 0x6d, 
    0x4d, 0x1b, 0x5b, 0x30, 0x6d, 0x1b, 0x5b, 0x33, 0x38, 0x3b, 0x32, 0x3b, 0x32, 0x35, 0x35, 0x3b, 
    0x32, 0x35, 0x35, 0x3b, 0x32, 0x35, 0x35, 0x6d, 0x4d, 0x1b, 0x5b, 0x30, 0x6d, 0x1b, 0x5b, 0x33, 
    0x38, 0x3b, 0x32, 0x3b, 0x32, 0x30, 0x34, 0x3b, 0x32, 0x30, 0x34, 0x3b, 0x32, 0x30, 0x34, 0x6d, 
    0x4b, 0x1b, 0x5b, 0x30, 0x6d, 0x1b, 0x5b, 0x33, 0x38, 0x3b, 0x32, 0x3b, 0x31, 0x35, 0x33, 0x3b, 
    0x31, 0x35, 0x33, 0x3b, 0x31, 0x35, 0x33, 0x6d, 0x64, 0x1b, 0x5b, 0x30, 0x6d, 0x1b, 0x5b, 0x33, 
    0x38, 0x3b, 0x32, 0x3b, 0x37, 0x37, 0x3b, 0x37, 0x37, 0x3b, 0x37, 0x37, 0x6d, 0x2c, 0x1b, 0x5b, 
    0x30, 0x6d, 0x1b, 0x5b, 0x33, 0x38, 0x3b, 0x32, 0x3b, 0x30, 0x3b, 0x30, 0x3b, 0x30, 0x6d, 0x20, 
    0x1b, 0x5b, 0x30, 0x6d, 0x1b, 0x5b, 0x33, 0x38, 0x3b, 0x32, 0x3b, 0x30, 0x3b, 0x30, 0x3b, 0x30, 
    0x6d, 0x20, 0x1b, 0x5b, 0x30, 0x6d, 0x1b, 0x5b, 0x33, 0x38, 0x3b, 0x32, 0x3b, 0x32, 0x35, 0x35, 
    0x3b, 0x32, 0x35, 0x35, 0x3b, 0x32, 0x35, 0x35, 0x6d, 0x4d, 0x1b, 0x5b, 0x30, 0x6d, 0x1b, 0x5b, 
    0x33, 0x38, 0x3b, 0x32, 0x3b, 0x32, 0x35, 0x35, 0x3b, 0x32, 0x35, 0x35, 0x3b, 0x32, 0x35, 0x35, 
    0x6d, 0x4d, 0x1b, 0x5b, 0x30, 0x6d, 0x1b, 0x5b, 0x33, 0x38, 0x3b, 0x32, 0x3b, 0x32, 0x35, 0x35, 
    0x3b, 0x32, 0x35, 0x35, 0x3b, 0x32, 0x35, 0x35, 0x6d, 0x4d, 0x1b, 0x5b, 0x30, 0x6d, 0x1b, 0x5b, 
    0x33, 0x38, 0x3b, 0x32, 0x3b, 0x32, 0x35, 0x35, 0x3b, 0x32, 0x35, 0x35, 0x3b, 0x32, 0x35, 0x35, 
    0x6d, 0x4d, 0x1b, 0x5b, 0x30, 0x6d, 0x1b, 0x5b, 0x33, 0x38, 0x3b, 0x32, 0x3b, 0x32, 0x35, 0x35, 
    0x3b, 0x32, 0x35, 0x35, 0x3b, 0x32, 0x35, 0x35, 0x6d, 0x4d, 0x1b, 0x5b, 0x30, 0x6d, 0x1b, 0x5b, 
    0x33, 0x38, 0x3b, 0x32, 0x3b, 0x32, 0x35, 0x35, 0x3b, 0x32, 0x35, 0x35, 0x3b, 0x32, 0x35, 0x35, 
    0x6d, 0x4d, 0x1b, 0x5b, 0x30, 0x6d, 0x1b, 0x5b, 0x33, 0x38, 0x3b, 0x32, 0x3b, 0x32, 0x35, 0x35, 
    0x3b, 0x32, 0x35, 0x35, 0x3b, 0x32, 0x35, 0x35, 0x6d, 0x4d, 0x1b, 0x5b, 0x30, 0x6d, 0x1b, 0x5b, 
    0x33, 0x38, 0x3b, 0x32, 0x3b, 0x31, 0x35, 0x33, 0x3b, 0x31, 0x35, 0x33, 0x3b, 0x31, 0x35, 0x33, 
    0x6d, 0x64, 0x1b, 0x5b, 0x30, 0x6d, 0x1b, 0x5b, 0x33, 0x38, 0x3b, 0x32, 0x3b, 0x31, 0x35, 0x33, 
    0x3b, 0x31, 0x35, 0x33, 0x3b, 0x31, 0x35, 0x33, 0x6d, 0x64, 0x1b, 0x5b, 0x30, 0x6d, 0x1b, 0x5b, 
    0x33, 0x38, 0x3b, 0x32, 0x3b, 0x30, 0x3b, 0x30, 0x3b, 0x30, 0x6d, 0x20, 0x1b, 0x5b, 0x30, 0x6d, 
    0x1b, 0x5b, 0x33, 0x38, 0x3b, 0x32, 0x3b, 0x30, 0x3b, 0x30, 0x3b, 0x30, 0x6d, 0x20, 0x1b, 0x5b, 
    0x30, 0x6d, 0x1b, 0x5b, 0x33, 0x38, 0x3b, 0x32, 0x3b, 0x30, 0x3b, 0x30, 0x3b, 0x30, 0x6d, 0x20, 
    0x1b, 0x5b, 0x30, 0x6d, 0x1b, 0x5b, 0x33, 0x38, 0x3b, 0x32, 0x3b, 0x30, 0x3b, 0x30, 0x3b, 0x30, 
    0x6d, 0x20, 0x1b, 0x5b, 0x30, 0x6d, 0x1b, 0x5b, 0x33, 0x38, 0x3b, 0x32, 0x3b, 0x31, 0x32, 0x38, 
    0x3b, 0x31, 0x32, 0x38, 0x3b, 0x31, 0x32, 0x38, 0x6d, 0x6c, 0x1b, 0x5b, 0x30, 0x6d, 0x1b, 0x5b, 
    0x33, 0x38, 0x3b, 0x32, 0x3b, 0x32, 0x35, 0x35, 0x3b, 0x32, 0x35, 0x35, 0x3b, 0x32, 0x35, 0x35, 
    0x6d, 0x4d, 0x1b, 0x5b, 0x30, 0x6d, 0x1b, 0x5b, 0x33, 0x38, 0x3b, 0x32, 0x3b, 0x32, 0x35, 0x35, 
    0x3b, 0x32, 0x35, 0x35, 0x3b, 0x32, 0x35, 0x35, 0x6d, 0x4d, 0x1b, 0x5b, 0x30, 0x6d, 0x1b, 0x5b, 
    0x33, 0x38, 0x3b, 0x32, 0x3b, 0x32, 0x35, 0x35, 0x3b, 0x32, 0x35, 0x35, 0x3b, 0x32, 0x35, 0x35, 
    0x6d, 0x4d, 0x1b, 0x5b, 0x30, 0x6d, 0x1b, 0x5b, 0x33, 0x38, 0x3b, 0x32, 0x3b, 0x32, 0x35, 0x35, 
    0x3b, 0x32, 0x35, 0x35, 0x3b, 0x32, 0x35, 0x35, 0x6d, 0x4d, 0x1b, 0x5b, 0x30, 0x6d, 0x1b, 0x5b, 
    0x33, 0x38, 0x3b, 0x32, 0x3b, 0x32, 0x35, 0x35, 0x3b, 0x32, 0x35, 0x35, 0x3b, 0x32, 0x35, 0x35, 
    0x6d, 0x4d, 0x1b, 0x5b, 0x30, 0x6d, 0x1b, 0x5b, 0x33, 0x38, 0x3b, 0x32, 0x3b, 0x32, 0x35, 0x35, 
    0x3b, 0x32, 0x35, 0x35, 0x3b, 0x32, 0x35, 0x35, 0x6d, 0x4d, 0x1b, 0x5b, 0x30, 0x6d, 0x0a, 0x1b, 
    0x5b, 0x30, 0x6d, 0x1b, 0x5b, 0x33, 0x38, 0x3b, 0x32, 0x3b, 0x32, 0x35, 0x35, 0x3b, 0x32, 0x35, 
    0x35, 0x3b, 0x32, 0x35, 0x35, 0x6d, 0x4d, 0x1b, 0x5b, 0x30, 0x6d, 0x1b, 0x5b, 0x33, 0x38, 0x3b, 
    0x32, 0x3b, 0x32, 0x35, 0x35, 0x3b, 0x32, 0x35, 0x35, 0x3b, 0x32, 0x35, 0x35, 0x6d, 0x4d, 0x1b, 
    0x5b, 0x30, 0x6d, 0x1b, 0x5b, 0x33, 0x38, 0x3b, 0x32, 0x3b, 0x32, 0x35, 0x35, 0x3b, 0x32, 0x35, 
    0x35, 0x3b, 0x32, 0x35, 0x35, 0x6d, 0x4d, 0x1b, 0x5b, 0x30, 0x6d, 0x1b, 0x5b, 0x33, 0x38, 0x3b, 
    0x32, 0x3b, 0x32, 0x35, 0x35, 0x3b, 0x32, 0x35, 0x35, 0x3b, 0x32, 0x35, 0x35, 0x6d, 0x4d, 0x1b, 
    0x5b, 0x30, 0x6d, 0x1b, 0x5b, 0x33, 0x38, 0x3b, 0x32, 0x3b, 0x32, 0x35, 0x35, 0x3b, 0x32, 0x35, 
    0x35, 0x3b, 0x32, 0x35, 0x35, 0x6d, 0x4d, 0x1b, 0x5b, 0x30, 0x6d, 0x1b, 0x5b, 0x33, 0x38, 0x3b, 
    0x32, 0x3b, 0x32, 0x35, 0x35, 0x3b, 0x32, 0x35, 0x35, 0x3b, 0x32, 0x35, 0x35, 0x6d, 0x4d, 0x1b, 
    0x5b, 0x30, 0x6d, 0x1b, 0x5b, 0x33, 0x38, 0x3b, 0x32, 0x3b, 0x32, 0x35, 0x35, 0x3b, 0x32, 0x35, 
    0x35, 0x3b, 0x32, 0x35, 0x35, 0x6d, 0x4d, 0x1b, 0x5b, 0x30, 0x6d, 0x1b, 0x5b, 0x33, 0x38, 0x3b, 
    0x32, 0x3b, 0x32, 0x35, 0x35, 0x3b, 0x32, 0x35, 0x35, 0x3b, 0x32, 0x35, 0x35, 0x6d, 0x4d, 0x1b, 
    0x5b, 0x30, 0x6d, 0x1b, 0x5b, 0x33, 0x38, 0x3b, 0x32, 0x3b, 0x32, 0x35, 0x35, 0x3b, 0x32, 0x35, 
    0x35, 0x3b, 0x32, 0x35, 0x35, 0x6d, 0x4d, 0x1b, 0x5b, 0x30, 0x6d, 0x1b, 0x5b, 0x33, 0x38, 0x3b, 
    0x32, 0x3b, 0x32, 0x35, 0x35, 0x3b, 0x32, 0x35, 0x35, 0x3b, 0x32, 0x35, 0x35, 0x6d, 0x4d, 0x1b, 
    0x5b, 0x30, 0x6d, 0x1b, 0x5b, 0x33, 0x38, 0x3b, 0x32, 0x3b, 0x32, 0x35, 0x35, 0x3b, 0x32, 0x35, 
    0x35, 0x3b, 0x32, 0x35, 0x35, 0x6d, 0x4d, 0x1b, 0x5b, 0x30, 0x6d, 0x1b, 0x5b, 0x33, 0x38, 0x3b, 
    0x32, 0x3b, 0x32, 0x35, 0x35, 0x3b, 0x32, 0x35, 0x35, 0x3b, 0x32, 0x35, 0x35, 0x6d, 0x4d, 0x1b, 
    0x5b, 0x30, 0x6d, 0x1b, 0x5b, 0x33, 0x38, 0x3b, 0x32, 0x3b, 0x32, 0x35, 0x35, 0x3b, 0x32, 0x35, 
    0x35, 0x3b, 0x32, 0x35, 0x35, 0x6d, 0x4d, 0x1b, 0x5b, 0x30, 0x6d, 0x1b, 0x5b, 0x33, 0x38, 0x3b, 
    0x32, 0x3b, 0x31, 0x32, 0x38, 0x3b, 0x31, 0x32, 0x38, 0x3b, 0x31, 0x32, 0x38, 0x6d, 0x6c, 0x1b, 
    0x5b, 0x30, 0x6d, 0x1b, 0x5b, 0x33, 0x38, 0x3b, 0x32, 0x3b, 0x30, 0x3b, 0x30, 0x3b, 0x30, 0x6d, 
    0x20, 0x1b, 0x5b, 0x30, 0x6d, 0x1b, 0x5b, 0x33, 0x38, 0x3b, 0x32, 0x3b, 0x30, 0x3b, 0x30, 0x3b, 
    0x30, 0x6d, 0x20, 0x1b, 0x5b, 0x30, 0x6d, 0x1b, 0x5b, 0x33, 0x38, 0x3b, 0x32, 0x3b, 0x32, 0x35, 
    0x35, 0x3b, 0x32, 0x35, 0x35, 0x3b, 0x32, 0x35, 0x35, 0x6d, 0x4d, 0x1b, 0x5b, 0x30, 0x6d, 0x1b, 
    0x5b, 0x33, 0x38, 0x3b, 0x32, 0x3b, 0x32, 0x35, 0x35, 0x3b, 0x32, 0x35, 0x35, 0x3b, 0x32, 0x35, 
    0x35, 0x6d, 0x4d, 0x1b, 0x5b, 0x30, 0x6d, 0x1b, 0x5b, 0x33, 0x38, 0x3b, 0x32, 0x3b, 0x32, 0x35, 
    0x35, 0x3b, 0x32, 0x35, 0x35, 0x3b, 0x32, 0x35, 0x35, 0x6d, 0x4d, 0x1b, 0x5b, 0x30, 0x6d, 0x1b, 
    0x5b, 0x33, 0x38, 0x3b, 0x32, 0x3b, 0x32, 0x35, 0x35, 0x3b, 0x32, 0x35, 0x35, 0x3b, 0x32, 0x35, 
    0x35, 0x6d, 0x4d, 0x1b, 0x5b, 0x30, 0x6d, 0x1b, 0x5b, 0x33, 0x38, 0x3b, 0x32, 0x3b, 0x32, 0x35, 
    0x35, 0x3b, 0x32, 0x35, 0x35, 0x3b, 0x32, 0x35, 0x35, 0x6d, 0x4d, 0x1b, 0x5b, 0x30, 0x6d, 0x1b, 
    0x5b, 0x33, 0x38, 0x3b, 0x32, 0x3b, 0x32, 0x35, 0x35, 0x3b, 0x32, 0x35, 0x35, 0x3b, 0x32, 0x35, 
    0x35, 0x6d, 0x4d, 0x1b, 0x5b, 0x30, 0x6d, 0x1b, 0x5b, 0x33, 0x38, 0x3b, 0x32, 0x3b, 0x32, 0x35, 
    0x35, 0x3b, 0x32, 0x35, 0x35, 0x3b, 0x32, 0x35, 0x35, 0x6d, 0x4d, 0x1b, 0x5b, 0x30, 0x6d, 0x1b, 
    0x5b, 0x33, 0x38, 0x3b, 0x32, 0x3b, 0x31, 0x39, 0x31, 0x3b, 0x31, 0x39, 0x31, 0x3b, 0x31, 0x39, 
    0x31, 0x6d, 0x30, 0x1b, 0x5b, 0x30, 0x6d, 0x1b, 0x5b, 0x33, 0x38, 0x3b, 0x32, 0x3b, 0x31, 0x39, 
    0x31, 0x3b, 0x31, 0x39, 0x31, 0x3b, 0x31, 0x39, 0x31, 0x6d, 0x30, 0x1b, 0x5b, 0x30, 0x6d, 0x1b, 
    0x5b, 0x33, 0x38, 0x3b, 0x32, 0x3b, 0x36, 0x34, 0x3b, 0x36, 0x34, 0x3b, 0x36, 0x34, 0x6d, 0x27, 
    0x1b, 0x5b, 0x30, 0x6d, 0x1b, 0x5b, 0x33, 0x38, 0x3b, 0x32, 0x3b, 0x36, 0x34, 0x3b, 0x36, 0x34, 
    0x3b, 0x36, 0x34, 0x6d, 0x27, 0x1b, 0x5b, 0x30, 0x6d, 0x1b, 0x5b, 0x33, 0x38, 0x3b, 0x32, 0x3b, 
    0x31, 0x35, 0x39, 0x3b, 0x31, 0x35, 0x39, 0x3b, 0x31, 0x35, 0x39, 0x6d, 0x78, 0x1b, 0x5b, 0x30, 
    0x6d, 0x1b, 0x5b, 0x33, 0x38, 0x3b, 0x32, 0x3b, 0x32, 0x35, 0x35, 0x3b, 0x32, 0x35, 0x35, 0x3b, 
    0x32, 0x35, 0x35, 0x6d, 0x4d, 0x1b, 0x5b, 0x30, 0x6d, 0x1b, 0x5b, 0x33, 0x38, 0x3b, 0x32, 0x3b, 
    0x32, 0x35, 0x35, 0x3b, 0x32, 0x35, 0x35, 0x3b, 0x32, 0x35, 0x35, 0x6d, 0x4d, 0x1b, 0x5b, 0x30, 
    0x6d, 0x1b, 0x5b, 0x33, 0x38, 0x3b, 0x32, 0x3b, 0x32, 0x35, 0x35, 0x3b, 0x32, 0x35, 0x35, 0x3b, 
    0x32, 0x35, 0x35, 0x6d, 0x4d, 0x1b, 0x5b, 0x30, 0x6d, 0x1b, 0x5b, 0x33, 0x38, 0x3b, 0x32, 0x3b, 
    0x32, 0x35, 0x35, 0x3b, 0x32, 0x35, 0x35, 0x3b, 0x32, 0x35, 0x35, 0x6d, 0x4d, 0x1b, 0x5b, 0x30, 
    0x6d, 0x1b, 0x5b, 0x33, 0x38, 0x3b, 0x32, 0x3b, 0x32, 0x35, 0x35, 0x3b, 0x32, 0x35, 0x35, 0x3b, 
    0x32, 0x35, 0x35, 0x6d, 0x4d, 0x1b, 0x5b, 0x30, 0x6d, 0x1b, 0x5b, 0x33, 0x38, 0x3b, 0x32, 0x3b, 
    0x32, 0x35, 0x35, 0x3b, 0x32, 0x35, 0x35, 0x3b, 0x32, 0x35, 0x35, 0x6d, 0x4d, 0x1b, 0x5b, 0x30, 
    0x6d, 0x1b, 0x5b, 0x33, 0x38, 0x3b, 0x32, 0x3b, 0x32, 0x35, 0x35, 0x3b, 0x32, 0x35, 0x35, 0x3b, 
    0x32, 0x35, 0x35, 0x6d, 0x4d, 0x1b, 0x5b, 0x30, 0x6d, 0x1b, 0x5b, 0x33, 0x38, 0x3b, 0x32, 0x3b, 
    0x32, 0x35, 0x35, 0x3b, 0x32, 0x35, 0x35, 0x3b, 0x32, 0x35, 0x35, 0x6d, 0x4d, 0x1b, 0x5b, 0x30, 
    0x6d, 0x1b, 0x5b, 0x33, 0x38, 0x3b, 0x32, 0x3b, 0x31, 0x35, 0x39, 0x3b, 0x31, 0x35, 0x39, 0x3b, 
    0x31, 0x35, 0x39, 0x6d, 0x78, 0x1b, 0x5b, 0x30, 0x6d, 0x1b, 0x5b, 0x33, 0x38, 0x3b, 0x32, 0x3b, 
    0x36, 0x34, 0x3b, 0x36, 0x34, 0x3b, 0x36, 0x34, 0x6d, 0x27, 0x1b, 0x5b, 0x30, 0x6d, 0x1b, 0x5b, 
    0x33, 0x38, 0x3b, 0x32, 0x3b, 0x36, 0x34, 0x3b, 0x36, 0x34, 0x3b, 0x36, 0x34, 0x6d, 0x27, 0x1b, 
    0x5b, 0x30, 0x6d, 0x1b, 0x5b, 0x33, 0x38, 0x3b, 0x32, 0x3b, 0x31, 0x39, 0x31, 0x3b, 0x31, 0x39, 
    0x31, 0x3b, 0x31, 0x39, 0x31, 0x6d, 0x30, 0x1b, 0x5b, 0x30, 0x6d, 0x1b, 0x5b, 0x33, 0x38, 0x3b, 
    0x32, 0x3b, 0x31, 0x39, 0x31, 0x3b, 0x31, 0x39, 0x31, 0x3b, 0x31, 0x39, 0x31, 0x6d, 0x30, 0x1b, 
    0x5b, 0x30, 0x6d, 0x1b, 0x5b, 0x33, 0x38, 0x3b, 0x32, 0x3b, 0x32, 0x35, 0x35, 0x3b, 0x32, 0x35, 
    0x35, 0x3b, 0x32, 0x35, 0x35, 0x6d, 0x4d, 0x1b, 0x5b, 0x30, 0x6d, 0x1b, 0x5b, 0x33, 0x38, 0x3b, 
    0x32, 0x3b, 0x32, 0x35, 0x35, 0x3b, 0x32, 0x35, 0x35, 0x3b, 0x32, 0x35, 0x35, 0x6d, 0x4d, 0x1b, 
    0x5b, 0x30, 0x6d, 0x1b, 0x5b, 0x33, 0x38, 0x3b, 0x32, 0x3b, 0x32, 0x35, 0x35, 0x3b, 0x32, 0x35, 
    0x35, 0x3b, 0x32, 0x35, 0x35, 0x6d, 0x4d, 0x1b, 0x5b, 0x30, 0x6d, 0x1b, 0x5b, 0x33, 0x38, 0x3b, 
    0x32, 0x3b, 0x32, 0x35, 0x35, 0x3b, 0x32, 0x35, 0x35, 0x3b, 0x32, 0x35, 0x35, 0x6d, 0x4d, 0x1b, 
    0x5b, 0x30, 0x6d, 0x1b, 0x5b, 0x33, 0x38, 0x3b, 0x32, 0x3b, 0x32, 0x35, 0x35, 0x3b, 0x32, 0x35, 
    0x35, 0x3b, 0x32, 0x35, 0x35, 0x6d, 0x4d, 0x1b, 0x5b, 0x30, 0x6d, 0x1b, 0x5b, 0x33, 0x38, 0x3b, 
    0x32, 0x3b, 0x32, 0x35, 0x35, 0x3b, 0x32, 0x35, 0x35, 0x3b, 0x32, 0x35, 0x35, 0x6d, 0x4d, 0x1b, 
    0x5b, 0x30, 0x6d, 0x1b, 0x5b, 0x33, 0x38, 0x3b, 0x32, 0x3b, 0x32, 0x35, 0x35, 0x3b, 0x32, 0x35, 
    0x35, 0x3b, 0x32, 0x35, 0x35, 0x6d, 0x4d, 0x1b, 0x5b, 0x30, 0x6d, 0x1b, 0x5b, 0x33, 0x38, 0x3b, 
    0x32, 0x3b, 0x30, 0x3b, 0x30, 0x3b, 0x30, 0x6d, 0x20, 0x1b, 0x5b, 0x30, 0x6d, 0x1b, 0x5b, 0x33, 
    0x38, 0x3b, 0x32, 0x3b, 0x30, 0x3b, 0x30, 0x3b, 0x30, 0x6d, 0x20, 0x1b, 0x5b, 0x30, 0x6d, 0x1b, 
    0x5b, 0x33, 0x38, 0x3b, 0x32, 0x3b, 0x32, 0x35, 0x35, 0x3b, 0x32, 0x35, 0x35, 0x3b, 0x32, 0x35, 
    0x35, 0x6d, 0x4d, 0x1b, 0x5b, 0x30, 0x6d, 0x1b, 0x5b, 0x33, 0x38, 0x3b, 0x32, 0x3b, 0x32, 0x35, 
    0x35, 0x3b, 0x32, 0x35, 0x35, 0x3b, 0x32, 0x35, 0x35, 0x6d, 0x4d, 0x1b, 0x5b, 0x30, 0x6d, 0x1b, 
    0x5b, 0x33, 0x38, 0x3b, 0x32, 0x3b, 0x31, 0x35, 0x39, 0x3b, 0x31, 0x35, 0x39, 0x3b, 0x31, 0x35, 
    0x39, 0x6d, 0x78, 0x1b, 0x5b, 0x30, 0x6d, 0x1b, 0x5b, 0x33, 0x38, 0x3b, 0x32, 0x3b, 0x36, 0x34, 
    0x3b, 0x36, 0x34, 0x3b, 0x36, 0x34, 0x6d, 0x27, 0x1b, 0x5b, 0x30, 0x6d, 0x1b, 0x5b, 0x33, 0x38, 
    0x3b, 0x32, 0x3b, 0x36, 0x34, 0x3b, 0x36, 0x34, 0x3b, 0x36, 0x34, 0x6d, 0x27, 0x1b, 0x5b, 0x30, 
    0x6d, 0x1b, 0x5b, 0x33, 0x38, 0x3b, 0x32, 0x3b, 0x36, 0x34, 0x3b, 0x36, 0x34, 0x3b, 0x36, 0x34, 
    0x6d, 0x27, 0x1b, 0x5b, 0x30, 0x6d, 0x1b, 0x5b, 0x33, 0x38, 0x3b, 0x32, 0x3b, 0x36, 0x34, 0x3b, 
    0x36, 0x34, 0x3b, 0x36, 0x34, 0x6d, 0x27, 0x1b, 0x5b, 0x30, 0x6d, 0x1b, 0x5b, 0x33, 0x38, 0x3b, 
    0x32, 0x3b, 0x31, 0x39, 0x31, 0x3b, 0x31, 0x39, 0x31, 0x3b, 0x31, 0x39, 0x31, 0x6d, 0x30, 0x1b, 
    0x5b, 0x30, 0x6d, 0x1b, 0x5b, 0x33, 0x38, 0x3b, 0x32, 0x3b, 0x31, 0x39, 0x31, 0x3b, 0x31, 0x39, 
    0x31, 0x3b, 0x31, 0x39, 0x31, 0x6d, 0x30, 0x1b, 0x5b, 0x30, 0x6d, 0x1b, 0x5b, 0x33, 0x38, 0x3b, 
    0x32, 0x3b, 0x32, 0x32, 0x33, 0x3b, 0x32, 0x32, 0x33, 0x3b, 0x32, 0x32, 0x33, 0x6d, 0x58, 0x1b, 
    0x5b, 0x30, 0x6d, 0x1b, 0x5b, 0x33, 0x38, 0x3b, 0x32, 0x3b, 0x32, 0x35, 0x35, 0x3b, 0x32, 0x35, 
    0x35, 0x3b, 0x32, 0x35, 0x35, 0x6d, 0x4d, 0x1b, 0x5b, 0x30, 0x6d, 0x1b, 0x5b, 0x33, 0x38, 0x3b, 
    0x32, 0x3b, 0x32, 0x35, 0x35, 0x3b, 0x32, 0x35, 0x35, 0x3b, 0x32, 0x35, 0x35, 0x6d, 0x4d, 0x1b, 
    0x5b, 0x30, 0x6d, 0x1b, 0x5b, 0x33, 0x38, 0x3b, 0x32, 0x3b, 0x32, 0x35, 0x35, 0x3b, 0x32, 0x35, 
    0x35, 0x3b, 0x32, 0x35, 0x35, 0x6d, 0x4d, 0x1b, 0x5b, 0x30, 0x6d, 0x1b, 0x5b, 0x33, 0x38, 0x3b, 
    0x32, 0x3b, 0x32, 0x35, 0x35, 0x3b, 0x32, 0x35, 0x35, 0x3b, 0x32, 0x35, 0x35, 0x6d, 0x4d, 0x1b, 
    0x5b, 0x30, 0x6d, 0x1b, 0x5b, 0x33, 0x38, 0x3b, 0x32, 0x3b, 0x32, 0x35, 0x35, 0x3b, 0x32, 0x35, 
    0x35, 0x3b, 0x32, 0x35, 0x35, 0x6d, 0x4d, 0x1b, 0x5b, 0x30, 0x6d, 0x1b, 0x5b, 0x33, 0x38, 0x3b, 
    0x32, 0x3b, 0x32, 0x35, 0x35, 0x3b, 0x32, 0x35, 0x35, 0x3b, 0x32, 0x35, 0x35, 0x6d, 0x4d, 0x1b, 
    0x5b, 0x30, 0x6d, 0x1b, 0x5b, 0x33, 0x38, 0x3b, 0x32, 0x3b, 0x32, 0x35, 0x35, 0x3b, 0x32, 0x35, 
    0x35, 0x3b, 0x32, 0x35, 0x35, 0x6d, 0x4d, 0x1b, 0x5b, 0x30, 0x6d, 0x1b, 0x5b, 0x33, 0x38, 0x3b, 
    0x32, 0x3b, 0x32, 0x35, 0x35, 0x3b, 0x32, 0x35, 0x35, 0x3b, 0x32, 0x35, 0x35, 0x6d, 0x4d, 0x1b, 
    0x5b, 0x30, 0x6d, 0x1b, 0x5b, 0x33, 0x38, 0x3b, 0x32, 0x3b, 0x32, 0x35, 0x35, 0x3b, 0x32, 0x35, 
    0x35, 0x3b, 0x32, 0x35, 0x35, 0x6d, 0x4d, 0x1b, 0x5b, 0x30, 0x6d, 0x1b, 0x5b, 0x33, 0x38, 0x3b, 
    0x32, 0x3b, 0x32, 0x35, 0x35, 0x3b, 0x32, 0x35, 0x35, 0x3b, 0x32, 0x35, 0x35, 0x6d, 0x4d, 0x1b, 
    0x5b, 0x30, 0x6d, 0x1b, 0x5b, 0x33, 0x38, 0x3b, 0x32, 0x3b, 0x32, 0x35, 0x35, 0x3b, 0x32, 0x35, 
    0x35, 0x3b, 0x32, 0x35, 0x35, 0x6d, 0x4d, 0x1b, 0x5b, 0x30, 0x6d, 0x1b, 0x5b, 0x33, 0x38, 0x3b, 
    0x32, 0x3b, 0x32, 0x35, 0x35, 0x3b, 0x32, 0x35, 0x35, 0x3b, 0x32, 0x35, 0x35, 0x6d, 0x4d, 0x1b, 
    0x5b, 0x30, 0x6d, 0x1b, 0x5b, 0x33, 0x38, 0x3b, 0x32, 0x3b, 0x32, 0x35, 0x35, 0x3b, 0x32, 0x35, 
    0x35, 0x3b, 0x32, 0x35, 0x35, 0x6d, 0x4d, 0x1b, 0x5b, 0x30, 0x6d, 0x1b, 0x5b, 0x33, 0x38, 0x3b, 
    0x32, 0x3b, 0x32, 0x35, 0x35, 0x3b, 0x32, 0x35, 0x35, 0x3b, 0x32, 0x35, 0x35, 0x6d, 0x4d, 0x1b, 
    0x5b, 0x30, 0x6d, 0x1b, 0x5b, 0x33, 0x38, 0x3b, 0x32, 0x3b, 0x32, 0x35, 0x35, 0x3b, 0x32, 0x35, 
    0x35, 0x3b, 0x32, 0x35, 0x35, 0x6d, 0x4d, 0x1b, 0x5b, 0x30, 0x6d, 0x1b, 0x5b, 0x33, 0x38, 0x3b, 
    0x32, 0x3b, 0x31, 0x32, 0x38, 0x3b, 0x31, 0x32, 0x38, 0x3b, 0x31, 0x32, 0x38, 0x6d, 0x6c, 0x1b, 
    0x5b, 0x30, 0x6d, 0x1b, 0x5b, 0x33, 0x38, 0x3b, 0x32, 0x3b, 0x30, 0x3b, 0x30, 0x3b, 0x30, 0x6d, 
    0x20, 0x1b, 0x5b, 0x30, 0x6d, 0x1b, 0x5b, 0x33, 0x38, 0x3b, 0x32, 0x3b, 0x30, 0x3b, 0x30, 0x3b, 
    0x30, 0x6d, 0x20, 0x1b, 0x5b, 0x30, 0x6d, 0x1b, 0x5b, 0x33, 0x38, 0x3b, 0x32, 0x3b, 0x30, 0x3b, 
    0x30, 0x3b, 0x30, 0x6d, 0x20, 0x1b, 0x5b, 0x30, 0x6d, 0x1b, 0x5b, 0x33, 0x38, 0x3b, 0x32, 0x3b, 
    0x30, 0x3b, 0x30, 0x3b, 0x30, 0x6d, 0x20, 0x1b, 0x5b, 0x30, 0x6d, 0x1b, 0x5b, 0x33, 0x38, 0x3b, 
    0x32, 0x3b, 0x32, 0x35, 0x35, 0x3b, 0x32, 0x35, 0x35, 0x3b, 0x32, 0x35, 0x35, 0x6d, 0x4d, 0x1b, 
    0x5b, 0x30, 0x6d, 0x1b, 0x5b, 0x33, 0x38, 0x3b, 0x32, 0x3b, 0x32, 0x35, 0x35, 0x3b, 0x32, 0x35, 
    0x35, 0x3b, 0x32, 0x35, 0x35, 0x6d, 0x4d, 0x1b, 0x5b, 0x30, 0x6d, 0x1b, 0x5b, 0x33, 0x38, 0x3b, 
    0x32, 0x3b, 0x32, 0x35, 0x35, 0x3b, 0x32, 0x35, 0x35, 0x3b, 0x32, 0x35, 0x35, 0x6d, 0x4d, 0x1b, 
    0x5b, 0x30, 0x6d, 0x1b, 0x5b, 0x33, 0x38, 0x3b, 0x32, 0x3b, 0x32, 0x35, 0x35, 0x3b, 0x32, 0x35, 
    0x35, 0x3b, 0x32, 0x35, 0x35, 0x6d, 0x4d, 0x1b, 0x5b, 0x30, 0x6d, 0x1b, 0x5b, 0x33, 0x38, 0x3b, 
    0x32, 0x3b, 0x32, 0x32, 0x33, 0x3b, 0x32, 0x32, 0x33, 0x3b, 0x32, 0x32, 0x33, 0x6d, 0x58, 0x1b, 
    0x5b, 0x30, 0x6d, 0x1b, 0x5b, 0x33, 0x38, 0x3b, 0x32, 0x3b, 0x31, 0x39, 0x31, 0x3b, 0x31, 0x39, 
    0x31, 0x3b, 0x31, 0x39, 0x31, 0x6d, 0x30, 0x1b, 0x5b, 0x30, 0x6d, 0x1b, 0x5b, 0x33, 0x38, 0x3b, 
    0x32, 0x3b, 0x31, 0x39, 0x31, 0x3b, 0x31, 0x39, 0x31, 0x3b, 0x31, 0x39, 0x31, 0x6d, 0x30, 0x1b, 
    0x5b, 0x30, 0x6d, 0x1b, 0x5b, 0x33, 0x38, 0x3b, 0x32, 0x3b, 0x30, 0x3b, 0x30, 0x3b, 0x30, 0x6d, 
    0x20, 0x1b, 0x5b, 0x30, 0x6d, 0x1b, 0x5b, 0x33, 0x38, 0x3b, 0x32, 0x3b, 0x30, 0x3b, 0x30, 0x3b, 
    0x30, 0x6d, 0x20, 0x1b, 0x5b, 0x30, 0x6d, 0x1b, 0x5b, 0x33, 0x38, 0x3b, 0x32, 0x3b, 0x30, 0x3b, 
    0x30, 0x3b, 0x30, 0x6d, 0x20, 0x1b, 0x5b, 0x30, 0x6d, 0x1b, 0x5b, 0x33, 0x38, 0x3b, 0x32, 0x3b, 
    0x30, 0x3b, 0x30, 0x3b, 0x30, 0x6d, 0x20, 0x1b, 0x5b, 0x30, 0x6d, 0x1b, 0x5b, 0x33, 0x38, 0x3b, 
    0x32, 0x3b, 0x30, 0x3b, 0x30, 0x3b, 0x30, 0x6d, 0x20, 0x1b, 0x5b, 0x30, 0x6d, 0x1b, 0x5b, 0x33, 
    0x38, 0x3b, 0x32, 0x3b, 0x30, 0x3b, 0x30, 0x3b, 0x30, 0x6d, 0x20, 0x1b, 0x5b, 0x30, 0x6d, 0x1b, 
    0x5b, 0x33, 0x38, 0x3b, 0x32, 0x3b, 0x31, 0x32, 0x38, 0x3b, 0x31, 0x32, 0x38, 0x3b, 0x31, 0x32, 
    0x38, 0x6d, 0x6c, 0x1b, 0x5b, 0x30, 0x6d, 0x1b, 0x5b, 0x33, 0x38, 0x3b, 0x32, 0x3b, 0x32, 0x35, 
    0x35, 0x3b, 0x32, 0x35, 0x35, 0x3b, 0x32, 0x35, 0x35, 0x6d, 0x4d, 0x1b, 0x5b, 0x30, 0x6d, 0x1b, 
    0x5b, 0x33, 0x38, 0x3b, 0x32, 0x3b, 0x32, 0x35, 0x35, 0x3b, 0x32, 0x35, 0x35, 0x3b, 0x32, 0x35, 
    0x35, 0x6d, 0x4d, 0x1b, 0x5b, 0x30, 0x6d, 0x1b, 0x5b, 0x33, 0x38, 0x3b, 0x32, 0x3b, 0x32, 0x35, 
    0x35, 0x3b, 0x32, 0x35, 0x35, 0x3b, 0x32, 0x35, 0x35, 0x6d, 0x4d, 0x1b, 0x5b, 0x30, 0x6d, 0x1b, 
    0x5b, 0x33, 0x38, 0x3b, 0x32, 0x3b, 0x32, 0x35, 0x35, 0x3b, 0x32, 0x35, 0x35, 0x3b, 0x32, 0x35, 
    0x35, 0x6d, 0x4d, 0x1b, 0x5b, 0x30, 0x6d, 0x1b, 0x5b, 0x33, 0x38, 0x3b, 0x32, 0x3b, 0x32, 0x35, 
    0x35, 0x3b, 0x32, 0x35, 0x35, 0x3b, 0x32, 0x35, 0x35, 0x6d, 0x4d, 0x1b, 0x5b, 0x30, 0x6d, 0x1b, 
    0x5b, 0x33, 0x38, 0x3b, 0x32, 0x3b, 0x32, 0x35, 0x35, 0x3b, 0x32, 0x35, 0x35, 0x3b, 0x32, 0x35, 
    0x35, 0x6d, 0x4d, 0x1b, 0x5b, 0x30, 0x6d, 0x0a, 0x1b, 0x5b, 0x30, 0x6d, 0x1b, 0x5b, 0x33, 0x38, 
    0x3b, 0x32, 0x3b, 0x32, 0x35, 0x35, 0x3b, 0x32, 0x35, 0x35, 0x3b, 0x32, 0x35, 0x35, 0x6d, 0x4d, 
    0x1b, 0x5b, 0x30, 0x6d, 0x1b, 0x5b, 0x33, 0x38, 0x3b, 0x32, 0x3b, 0x32, 0x35, 0x35, 0x3b, 0x32, 
    0x35, 0x35, 0x3b, 0x32, 0x35, 0x35, 0x6d, 0x4d, 0x1b, 0x5b, 0x30, 0x6d, 0x1b, 0x5b, 0x33, 0x38, 
    0x3b, 0x32, 0x3b, 0x32, 0x35, 0x35, 0x3b, 0x32, 0x35, 0x35, 0x3b, 0x32, 0x35, 0x35, 0x6d, 0x4d, 
    0x1b, 0x5b, 0x30, 0x6d, 0x1b, 0x5b, 0x33, 0x38, 0x3b, 0x32, 0x3b, 0x32, 0x35, 0x35, 0x3b, 0x32, 
    0x35, 0x35, 0x3b, 0x32, 0x35, 0x35, 0x6d, 0x4d, 0x1b, 0x5b, 0x30, 0x6d, 0x1b, 0x5b, 0x33, 0x38, 
    0x3b, 0x32, 0x3b, 0x32, 0x35, 0x35, 0x3b, 0x32, 0x35, 0x35, 0x3b, 0x32, 0x35, 0x35, 0x6d, 0x4d, 
    0x1b, 0x5b, 0x30, 0x6d, 0x1b, 0x5b, 0x33, 0x38, 0x3b, 0x32, 0x3b, 0x32, 0x35, 0x35, 0x3b, 0x32, 
    0x35, 0x35, 0x3b, 0x32, 0x35, 0x35, 0x6d, 0x4d, 0x1b, 0x5b, 0x30, 0x6d, 0x1b, 0x5b, 0x33, 0x38, 
    0x3b, 0x32, 0x3b, 0x32, 0x35, 0x35, 0x3b, 0x32, 0x35, 0x35, 0x3b, 0x32, 0x35, 0x35, 0x6d, 0x4d, 
    0x1b, 0x5b, 0x30, 0x6d, 0x1b, 0x5b, 0x33, 0x38, 0x3b, 0x32, 0x3b, 0x32, 0x35, 0x35, 0x3b, 0x32, 
    0x35, 0x35, 0x3b, 0x32, 0x35, 0x35, 0x6d, 0x4d, 0x1b, 0x5b, 0x30, 0x6d, 0x1b, 0x5b, 0x33, 0x38, 
    0x3b, 0x32, 0x3b, 0x32, 0x35, 0x35, 0x3b, 0x32, 0x35, 0x35, 0x3b, 0x32, 0x35, 0x35, 0x6d, 0x4d, 
    0x1b, 0x5b, 0x30, 0x6d, 0x1b, 0x5b, 0x33, 0x38, 0x3b, 0x32, 0x3b, 0x32, 0x35, 0x35, 0x3b, 0x32, 
    0x35, 0x35, 0x3b, 0x32, 0x35, 0x35, 0x6d, 0x4d, 0x1b, 0x5b, 0x30, 0x6d, 0x1b, 0x5b, 0x33, 0x38, 
    0x3b, 0x32, 0x3b, 0x32, 0x35, 0x35, 0x3b, 0x32, 0x35, 0x35, 0x3b, 0x32, 0x35, 0x35, 0x6d, 0x4d, 
    0x1b, 0x5b, 0x30, 0x6d, 0x1b, 0x5b, 0x33, 0x38, 0x3b, 0x32, 0x3b, 0x32, 0x35, 0x35, 0x3b, 0x32, 
    0x35, 0x35, 0x3b, 0x32, 0x35, 0x35, 0x6d, 0x4d, 0x1b, 0x5b, 0x30, 0x6d, 0x1b, 0x5b, 0x33, 0x38, 
    0x3b, 0x32, 0x3b, 0x32, 0x35, 0x35, 0x3b, 0x32, 0x35, 0x35, 0x3b, 0x32, 0x35, 0x35, 0x6d, 0x4d, 
    0x1b, 0x5b, 0x30, 0x6d, 0x1b, 0x5b, 0x33, 0x38, 0x3b, 0x32, 0x3b, 0x31, 0x32, 0x38, 0x3b, 0x31, 
    0x32, 0x38, 0x3b, 0x31, 0x32, 0x38, 0x6d, 0x6c, 0x1b, 0x5b, 0x30, 0x6d, 0x1b, 0x5b, 0x33, 0x38, 
    0x3b, 0x32, 0x3b, 0x30, 0x3b, 0x30, 0x3b, 0x30, 0x6d, 0x20, 0x1b, 0x5b, 0x30, 0x6d, 0x1b, 0x5b, 
    0x33, 0x38, 0x3b, 0x32, 0x3b, 0x30, 0x3b, 0x30, 0x3b, 0x30, 0x6d, 0x20, 0x1b, 0x5b, 0x30, 0x6d, 
    0x1b, 0x5b, 0x33, 0x38, 0x3b, 0x32, 0x3b, 0x32, 0x35, 0x35, 0x3b, 0x32, 0x35, 0x35, 0x3b, 0x32, 
    0x35, 0x35, 0x6d, 0x4d, 0x1b, 0x5b, 0x30, 0x6d, 0x1b, 0x5b, 0x33, 0x38, 0x3b, 0x32, 0x3b, 0x32, 
    0x35, 0x35, 0x3b, 0x32, 0x35, 0x35, 0x3b, 0x32, 0x35, 0x35, 0x6d, 0x4d, 0x1b, 0x5b, 0x30, 0x6d, 
    0x1b, 0x5b, 0x33, 0x38, 0x3b, 0x32, 0x3b, 0x32, 0x35, 0x35, 0x3b, 0x32, 0x35, 0x35, 0x3b, 0x32, 
    0x35, 0x35, 0x6d, 0x4d, 0x1b, 0x5b, 0x30, 0x6d, 0x1b, 0x5b, 0x33, 0x38, 0x3b, 0x32, 0x3b, 0x32, 
    0x35, 0x35, 0x3b, 0x32, 0x35, 0x35, 0x3b, 0x32, 0x35, 0x35, 0x6d, 0x4d, 0x1b, 0x5b, 0x30, 0x6d, 
    0x1b, 0x5b, 0x33, 0x38, 0x3b, 0x32, 0x3b, 0x32, 0x35, 0x35, 0x3b, 0x32, 0x35, 0x35, 0x3b, 0x32, 
    0x35, 0x35, 0x6d, 0x4d, 0x1b, 0x5b, 0x30, 0x6d, 0x1b, 0x5b, 0x33, 0x38, 0x3b, 0x32, 0x3b, 0x32, 
    0x35, 0x35, 0x3b, 0x32, 0x35, 0x35, 0x3b, 0x32, 0x35, 0x35, 0x6d, 0x4d, 0x1b, 0x5b, 0x30, 0x6d, 
    0x1b, 0x5b, 0x33, 0x38, 0x3b, 0x32, 0x3b, 0x32, 0x35, 0x35, 0x3b, 0x32, 0x35, 0x35, 0x3b, 0x32, 
    0x35, 0x35, 0x6d, 0x4d, 0x1b, 0x5b, 0x30, 0x6d, 0x1b, 0x5b, 0x33, 0x38, 0x3b, 0x32, 0x3b, 0x30, 
    0x3b, 0x30, 0x3b, 0x30, 0x6d, 0x20, 0x1b, 0x5b, 0x30, 0x6d, 0x1b, 0x5b, 0x33, 0x38, 0x3b, 0x32, 
    0x3b, 0x30, 0x3b, 0x30, 0x3b, 0x30, 0x6d, 0x20, 0x1b, 0x5b, 0x30, 0x6d, 0x1b, 0x5b, 0x33, 0x38, 
    0x3b, 0x32, 0x3b, 0x32, 0x35, 0x35, 0x3b, 0x32, 0x35, 0x35, 0x3b, 0x32, 0x35, 0x35, 0x6d, 0x4d, 
    0x1b, 0x5b, 0x30, 0x6d, 0x1b, 0x5b, 0x33, 0x38, 0x3b, 0x32, 0x3b, 0x32, 0x35, 0x35, 0x3b, 0x32, 
    0x35, 0x35, 0x3b, 0x32, 0x35, 0x35, 0x6d, 0x4d, 0x1b, 0x5b, 0x30, 0x6d, 0x1b, 0x5b, 0x33, 0x38, 
    0x3b, 0x32, 0x3b, 0x32, 0x35, 0x35, 0x3b, 0x32, 0x35, 0x35, 0x3b, 0x32, 0x35, 0x35, 0x6d, 0x4d, 
    0x1b, 0x5b, 0x30, 0x6d, 0x1b, 0x5b, 0x33, 0x38, 0x3b, 0x32, 0x3b, 0x32, 0x35, 0x35, 0x3b, 0x32, 
    0x35, 0x35, 0x3b, 0x32, 0x35, 0x35, 0x6d, 0x4d, 0x1b, 0x5b, 0x30, 0x6d, 0x1b, 0x5b, 0x33, 0x38, 
    0x3b, 0x32, 0x3b, 0x32, 0x35, 0x35, 0x3b, 0x32, 0x35, 0x35, 0x3b, 0x32, 0x35, 0x35, 0x6d, 0x4d, 
    0x1b, 0x5b, 0x30, 0x6d, 0x1b, 0x5b, 0x33, 0x38, 0x3b, 0x32, 0x3b, 0x32, 0x35, 0x35, 0x3b, 0x32, 
    0x35, 0x35, 0x3b, 0x32, 0x35, 0x35, 0x6d, 0x4d, 0x1b, 0x5b, 0x30, 0x6d, 0x1b, 0x5b, 0x33, 0x38, 
    0x3b, 0x32, 0x3b, 0x32, 0x35, 0x35, 0x3b, 0x32, 0x35, 0x35, 0x3b, 0x32, 0x35, 0x35, 0x6d, 0x4d, 
    0x1b, 0x5b, 0x30, 0x6d, 0x1b, 0x5b, 0x33, 0x38, 0x3b, 0x32, 0x3b, 0x32, 0x35, 0x35, 0x3b, 0x32, 
    0x35, 0x35, 0x3b, 0x32, 0x35, 0x35, 0x6d, 0x4d, 0x1b, 0x5b, 0x30, 0x6d, 0x1b, 0x5b, 0x33, 0x38, 
    0x3b, 0x32, 0x3b, 0x32, 0x35, 0x35, 0x3b, 0x32, 0x35, 0x35, 0x3b, 0x32, 0x35, 0x35, 0x6d, 0x4d, 
    0x1b, 0x5b, 0x30, 0x6d, 0x1b, 0x5b, 0x33, 0x38, 0x3b, 0x32, 0x3b, 0x32, 0x30, 0x34, 0x3b, 0x32, 
    0x30, 0x34, 0x3b, 0x32, 0x30, 0x34, 0x6d, 0x4b, 0x1b, 0x5b, 0x30, 0x6d, 0x1b, 0x5b, 0x33, 0x38, 
    0x3b, 0x32, 0x3b, 0x32, 0x30, 0x34, 0x3b, 0x32, 0x30, 0x34, 0x3b, 0x32, 0x30, 0x34, 0x6d, 0x4b, 
    0x1b, 0x5b, 0x30, 0x6d, 0x1b, 0x5b, 0x33, 0x38, 0x3b, 0x32, 0x3b, 0x32, 0x33, 0x30, 0x3b, 0x32, 
    0x33, 0x30, 0x3b, 0x32, 0x33, 0x30, 0x6d, 0x4e, 0x1b, 0x5b, 0x30, 0x6d, 0x1b, 0x5b, 0x33, 0x38, 
    0x3b, 0x32, 0x3b, 0x32, 0x35, 0x35, 0x3b, 0x32, 0x35, 0x35, 0x3b, 0x32, 0x35, 0x35, 0x6d, 0x4d, 
    0x1b, 0x5b, 0x30, 0x6d, 0x1b, 0x5b, 0x33, 0x38, 0x3b, 0x32, 0x3b, 0x32, 0x35, 0x35, 0x3b, 0x32, 
    0x35, 0x35, 0x3b, 0x32, 0x35, 0x35, 0x6d, 0x4d, 0x1b, 0x5b, 0x30, 0x6d, 0x1b, 0x5b, 0x33, 0x38, 
    0x3b, 0x32, 0x3b, 0x30, 0x3b, 0x30, 0x3b, 0x30, 0x6d, 0x20, 0x1b, 0x5b, 0x30, 0x6d, 0x1b, 0x5b, 
    0x33, 0x38, 0x3b, 0x32, 0x3b, 0x30, 0x3b, 0x30, 0x3b, 0x30, 0x6d, 0x20, 0x1b, 0x5b, 0x30, 0x6d, 
    0x1b, 0x5b, 0x33, 0x38, 0x3b, 0x32, 0x3b, 0x32, 0x30, 0x34, 0x3b, 0x32, 0x30, 0x34, 0x3b, 0x32, 
    0x30, 0x34, 0x6d, 0x4b, 0x1b, 0x5b, 0x30, 0x6d, 0x1b, 0x5b, 0x33, 0x38, 0x3b, 0x32, 0x3b, 0x32, 
    0x30, 0x34, 0x3b, 0x32, 0x30, 0x34, 0x3b, 0x32, 0x30, 0x34, 0x6d, 0x4b, 0x1b, 0x5b, 0x30, 0x6d, 
    0x1b, 0x5b, 0x33, 0x38, 0x3b, 0x32, 0x3b, 0x32, 0x33, 0x30, 0x3b, 0x32, 0x33, 0x30, 0x3b, 0x32, 
    0x33, 0x30, 0x6d, 0x4e, 0x1b, 0x5b, 0x30, 0x6d, 0x1b, 0x5b, 0x33, 0x38, 0x3b, 0x32, 0x3b, 0x32, 
    0x35, 0x35, 0x3b, 0x32, 0x35, 0x35, 0x3b, 0x32, 0x35, 0x35, 0x6d, 0x4d, 0x1b, 0x5b, 0x30, 0x6d, 
    0x1b, 0x5b, 0x33, 0x38, 0x3b, 0x32, 0x3b, 0x32, 0x35, 0x35, 0x3b, 0x32, 0x35, 0x35, 0x3b, 0x32, 
    0x35, 0x35, 0x6d, 0x4d, 0x1b, 0x5b, 0x30, 0x6d, 0x1b, 0x5b, 0x33, 0x38, 0x3b, 0x32, 0x3b, 0x32, 
    0x35, 0x35, 0x3b, 0x32, 0x35, 0x35, 0x3b, 0x32, 0x35, 0x35, 0x6d, 0x4d, 0x1b, 0x5b, 0x30, 0x6d, 
    0x1b, 0x5b, 0x33, 0x38, 0x3b, 0x32, 0x3b, 0x32, 0x35, 0x35, 0x3b, 0x32, 0x35, 0x35, 0x3b, 0x32, 
    0x35, 0x35, 0x6d, 0x4d, 0x1b, 0x5b, 0x30, 0x6d, 0x1b, 0x5b, 0x33, 0x38, 0x3b, 0x32, 0x3b, 0x30, 
    0x3b, 0x30, 0x3b, 0x30, 0x6d, 0x20, 0x1b, 0x5b, 0x30, 0x6d, 0x1b, 0x5b, 0x33, 0x38, 0x3b, 0x32, 
    0x3b, 0x30, 0x3b, 0x30, 0x3b, 0x30, 0x6d, 0x20, 0x1b, 0x5b, 0x30, 0x6d, 0x1b, 0x5b, 0x33, 0x38, 
    0x3b, 0x32, 0x3b, 0x32, 0x35, 0x35, 0x3b, 0x32, 0x35, 0x35, 0x3b, 0x32, 0x35, 0x35, 0x6d, 0x4d, 
    0x1b, 0x5b, 0x30, 0x6d, 0x1b, 0x5b, 0x33, 0x38, 0x3b, 0x32, 0x3b, 0x32, 0x35, 0x35, 0x3b, 0x32, 
    0x35, 0x35, 0x3b, 0x32, 0x35, 0x35, 0x6d, 0x4d, 0x1b, 0x5b, 0x30, 0x6d, 0x1b, 0x5b, 0x33, 0x38, 
    0x3b, 0x32, 0x3b, 0x32, 0x35, 0x35, 0x3b, 0x32, 0x35, 0x35, 0x3b, 0x32, 0x35, 0x35, 0x6d, 0x4d, 
    0x1b, 0x5b, 0x30, 0x6d, 0x1b, 0x5b, 0x33, 0x38, 0x3b, 0x32, 0x3b, 0x32, 0x35, 0x35, 0x3b, 0x32, 
    0x35, 0x35, 0x3b, 0x32, 0x35, 0x35, 0x6d, 0x4d, 0x1b, 0x5b, 0x30, 0x6d, 0x1b, 0x5b, 0x33, 0x38, 
    0x3b, 0x32, 0x3b, 0x32, 0x35, 0x35, 0x3b, 0x32, 0x35, 0x35, 0x3b, 0x32, 0x35, 0x35, 0x6d, 0x4d, 
    0x1b, 0x5b, 0x30, 0x6d, 0x1b, 0x5b, 0x33, 0x38, 0x3b, 0x32, 0x3b, 0x32, 0x35, 0x35, 0x3b, 0x32, 
    0x35, 0x35, 0x3b, 0x32, 0x35, 0x35, 0x6d, 0x4d, 0x1b, 0x5b, 0x30, 0x6d, 0x1b, 0x5b, 0x33, 0x38, 
    0x3b, 0x32, 0x3b, 0x32, 0x35, 0x35, 0x3b, 0x32, 0x35, 0x35, 0x3b, 0x32, 0x35, 0x35, 0x6d, 0x4d, 
    0x1b, 0x5b, 0x30, 0x6d, 0x1b, 0x5b, 0x33, 0x38, 0x3b, 0x32, 0x3b, 0x35, 0x31, 0x3b, 0x35, 0x31, 
    0x3b, 0x35, 0x31, 0x6d, 0x2e, 0x1b, 0x5b, 0x30, 0x6d, 0x1b, 0x5b, 0x33, 0x38, 0x3b, 0x32, 0x3b, 
    0x35, 0x31, 0x3b, 0x35, 0x31, 0x3b, 0x35, 0x31, 0x6d, 0x2e, 0x1b, 0x5b, 0x30, 0x6d, 0x1b, 0x5b, 
    0x33, 0x38, 0x3b, 0x32, 0x3b, 0x31, 0x32, 0x38, 0x3b, 0x31, 0x32, 0x38, 0x3b, 0x31, 0x32, 0x38, 
    0x6d, 0x6c, 0x1b, 0x5b, 0x30, 0x6d, 0x1b, 0x5b, 0x33, 0x38, 0x3b, 0x32, 0x3b, 0x32, 0x30, 0x34, 
    0x3b, 0x32, 0x30, 0x34, 0x3b, 0x32, 0x30, 0x34, 0x6d, 0x4b, 0x1b, 0x5b, 0x30, 0x6d, 0x1b, 0x5b, 
    0x33, 0x38, 0x3b, 0x32, 0x3b, 0x32, 0x30, 0x34, 0x3b, 0x32, 0x30, 0x34, 0x3b, 0x32, 0x30, 0x34, 
    0x6d, 0x4b, 0x1b, 0x5b, 0x30, 0x6d, 0x1b, 0x5b, 0x33, 0x38, 0x3b, 0x32, 0x3b, 0x32, 0x30, 0x34, 
    0x3b, 0x32, 0x30, 0x34, 0x3b, 0x32, 0x30, 0x34, 0x6d, 0x4b, 0x1b, 0x5b, 0x30, 0x6d, 0x1b, 0x5b, 
    0x33, 0x38, 0x3b, 0x32, 0x3b, 0x32, 0x30, 0x34, 0x3b, 0x32, 0x30, 0x34, 0x3b, 0x32, 0x30, 0x34, 
    0x6d, 0x4b, 0x1b, 0x5b, 0x30, 0x6d, 0x1b, 0x5b, 0x33, 0x38, 0x3b, 0x32, 0x3b, 0x32, 0x35, 0x35, 
    0x3b, 0x32, 0x35, 0x35, 0x3b, 0x32, 0x35, 0x35, 0x6d, 0x4d, 0x1b, 0x5b, 0x30, 0x6d, 0x1b, 0x5b, 
    0x33, 0x38, 0x3b, 0x32, 0x3b, 0x32, 0x35, 0x35, 0x3b, 0x32, 0x35, 0x35, 0x3b, 0x32, 0x35, 0x35, 
    0x6d, 0x4d, 0x1b, 0x5b, 0x30, 0x6d, 0x1b, 0x5b, 0x33, 0x38, 0x3b, 0x32, 0x3b, 0x32, 0x35, 0x35, 
    0x3b, 0x32, 0x35, 0x35, 0x3b, 0x32, 0x35, 0x35, 0x6d, 0x4d, 0x1b, 0x5b, 0x30, 0x6d, 0x1b, 0x5b, 
    0x33, 0x38, 0x3b, 0x32, 0x3b, 0x32, 0x35, 0x35, 0x3b, 0x32, 0x35, 0x35, 0x3b, 0x32, 0x35, 0x35, 
    0x6d, 0x4d, 0x1b, 0x5b, 0x30, 0x6d, 0x1b, 0x5b, 0x33, 0x38, 0x3b, 0x32, 0x3b, 0x32, 0x35, 0x35, 
    0x3b, 0x32, 0x35, 0x35, 0x3b, 0x32, 0x35, 0x35, 0x6d, 0x4d, 0x1b, 0x5b, 0x30, 0x6d, 0x1b, 0x5b, 
    0x33, 0x38, 0x3b, 0x32, 0x3b, 0x32, 0x35, 0x35, 0x3b, 0x32, 0x35, 0x35, 0x3b, 0x32, 0x35, 0x35, 
    0x6d, 0x4d, 0x1b, 0x5b, 0x30, 0x6d, 0x1b, 0x5b, 0x33, 0x38, 0x3b, 0x32, 0x3b, 0x32, 0x35, 0x35, 
    0x3b, 0x32, 0x35, 0x35, 0x3b, 0x32, 0x35, 0x35, 0x6d, 0x4d, 0x1b, 0x5b, 0x30, 0x6d, 0x1b, 0x5b, 
    0x33, 0x38, 0x3b, 0x32, 0x3b, 0x32, 0x35, 0x35, 0x3b, 0x32, 0x35, 0x35, 0x3b, 0x32, 0x35, 0x35, 
    0x6d, 0x4d, 0x1b, 0x5b, 0x30, 0x6d, 0x1b, 0x5b, 0x33, 0x38, 0x3b, 0x32, 0x3b, 0x32, 0x35, 0x35, 
    0x3b, 0x32, 0x35, 0x35, 0x3b, 0x32, 0x35, 0x35, 0x6d, 0x4d, 0x1b, 0x5b, 0x30, 0x6d, 0x1b, 0x5b, 
    0x33, 0x38, 0x3b, 0x32, 0x3b, 0x32, 0x35, 0x35, 0x3b, 0x32, 0x35, 0x35, 0x3b, 0x32, 0x35, 0x35, 
    0x6d, 0x4d, 0x1b, 0x5b, 0x30, 0x6d, 0x1b, 0x5b, 0x33, 0x38, 0x3b, 0x32, 0x3b, 0x32, 0x35, 0x35, 
    0x3b, 0x32, 0x35, 0x35, 0x3b, 0x32, 0x35, 0x35, 0x6d, 0x4d, 0x1b, 0x5b, 0x30, 0x6d, 0x1b, 0x5b, 
    0x33, 0x38, 0x3b, 0x32, 0x3b, 0x31, 0x32, 0x38, 0x3b, 0x31, 0x32, 0x38, 0x3b, 0x31, 0x32, 0x38, 
    0x6d, 0x6c, 0x1b, 0x5b, 0x30, 0x6d, 0x1b, 0x5b, 0x33, 0x38, 0x3b, 0x32, 0x3b, 0x30, 0x3b, 0x30, 
    0x3b, 0x30, 0x6d, 0x20, 0x1b, 0x5b, 0x30, 0x6d, 0x1b, 0x5b, 0x33, 0x38, 0x3b, 0x32, 0x3b, 0x32, 
    0x36, 0x3b, 0x32, 0x36, 0x3b, 0x32, 0x36, 0x6d, 0x20, 0x1b, 0x5b, 0x30, 0x6d, 0x1b, 0x5b, 0x33, 
    0x38, 0x3b, 0x32, 0x3b, 0x35, 0x31, 0x3b, 0x35, 0x31, 0x3b, 0x35, 0x31, 0x6d, 0x2e, 0x1b, 0x5b, 
    0x30, 0x6d, 0x1b, 0x5b, 0x33, 0x38, 0x3b, 0x32, 0x3b, 0x35, 0x31, 0x3b, 0x35, 0x31, 0x3b, 0x35, 
    0x31, 0x6d, 0x2e, 0x1b, 0x5b, 0x30, 0x6d, 0x1b, 0x5b, 0x33, 0x38, 0x3b, 0x32, 0x3b, 0x32, 0x35, 
    0x35, 0x3b, 0x32, 0x35, 0x35, 0x3b, 0x32, 0x35, 0x35, 0x6d, 0x4d, 0x1b, 0x5b, 0x30, 0x6d, 0x1b, 
    0x5b, 0x33, 0x38, 0x3b, 0x32, 0x3b, 0x32, 0x35, 0x35, 0x3b, 0x32, 0x35, 0x35, 0x3b, 0x32, 0x35, 
    0x35, 0x6d, 0x4d, 0x1b, 0x5b, 0x30, 0x6d, 0x1b, 0x5b, 0x33, 0x38, 0x3b, 0x32, 0x3b, 0x32, 0x30, 
    0x34, 0x3b, 0x32, 0x30, 0x34, 0x3b, 0x32, 0x30, 0x34, 0x6d, 0x4b, 0x1b, 0x5b, 0x30, 0x6d, 0x1b, 
    0x5b, 0x33, 0x38, 0x3b, 0x32, 0x3b, 0x32, 0x30, 0x34, 0x3b, 0x32, 0x30, 0x34, 0x3b, 0x32, 0x30, 
    0x34, 0x6d, 0x4b, 0x1b, 0x5b, 0x30, 0x6d, 0x1b, 0x5b, 0x33, 0x38, 0x3b, 0x32, 0x3b, 0x31, 0x30, 
    0x32, 0x3b, 0x31, 0x30, 0x32, 0x3b, 0x31, 0x30, 0x32, 0x6d, 0x3a, 0x1b, 0x5b, 0x30, 0x6d, 0x1b, 
    0x5b, 0x33, 0x38, 0x3b, 0x32, 0x3b, 0x30, 0x3b, 0x30, 0x3b, 0x30, 0x6d, 0x20, 0x1b, 0x5b, 0x30, 
    0x6d, 0x1b, 0x5b, 0x33, 0x38, 0x3b, 0x32, 0x3b, 0x30, 0x3b, 0x30, 0x3b, 0x30, 0x6d, 0x20, 0x1b, 
    0x5b, 0x30, 0x6d, 0x1b, 0x5b, 0x33, 0x38, 0x3b, 0x32, 0x3b, 0x30, 0x3b, 0x30, 0x3b, 0x30, 0x6d, 
    0x20, 0x1b, 0x5b, 0x30, 0x6d, 0x1b, 0x5b, 0x33, 0x38, 0x3b, 0x32, 0x3b, 0x30, 0x3b, 0x30, 0x3b, 
    0x30, 0x6d, 0x20, 0x1b, 0x5b, 0x30, 0x6d, 0x1b, 0x5b, 0x33, 0x38, 0x3b, 0x32, 0x3b, 0x30, 0x3b, 
    0x30, 0x3b, 0x30, 0x6d, 0x20, 0x1b, 0x5b, 0x30, 0x6d, 0x1b, 0x5b, 0x33, 0x38, 0x3b, 0x32, 0x3b, 
    0x30, 0x3b, 0x30, 0x3b, 0x30, 0x6d, 0x20, 0x1b, 0x5b, 0x30, 0x6d, 0x1b, 0x5b, 0x33, 0x38, 0x3b, 
    0x32, 0x3b, 0x30, 0x3b, 0x30, 0x3b, 0x30, 0x6d, 0x20, 0x1b, 0x5b, 0x30, 0x6d, 0x1b, 0x5b, 0x33, 
    0x38, 0x3b, 0x32, 0x3b, 0x30, 0x3b, 0x30, 0x3b, 0x30, 0x6d, 0x20, 0x1b, 0x5b, 0x30, 0x6d, 0x1b, 
    0x5b, 0x33, 0x38, 0x3b, 0x32, 0x3b, 0x31, 0x32, 0x38, 0x3b, 0x31, 0x32, 0x38, 0x3b, 0x31, 0x32, 
    0x38, 0x6d, 0x6c, 0x1b, 0x5b, 0x30, 0x6d, 0x1b, 0x5b, 0x33, 0x38, 0x3b, 0x32, 0x3b, 0x32, 0x35, 
    0x35, 0x3b, 0x32, 0x35, 0x35, 0x3b, 0x32, 0x35, 0x35, 0x6d, 0x4d, 0x1b, 0x5b, 0x30, 0x6d, 0x1b, 
    0x5b, 0x33, 0x38, 0x3b, 0x32, 0x3b, 0x32, 0x35, 0x35, 0x3b, 0x32, 0x35, 0x35, 0x3b, 0x32, 0x35, 
    0x35, 0x6d, 0x4d, 0x1b, 0x5b, 0x30, 0x6d, 0x1b, 0x5b, 0x33, 0x38, 0x3b, 0x32, 0x3b, 0x32, 0x35, 
    0x35, 0x3b, 0x32, 0x35, 0x35, 0x3b, 0x32, 0x35, 0x35, 0x6d, 0x4d, 0x1b, 0x5b, 0x30, 0x6d, 0x1b, 
    0x5b, 0x33, 0x38, 0x3b, 0x32, 0x3b, 0x32, 0x35, 0x35, 0x3b, 0x32, 0x35, 0x35, 0x3b, 0x32, 0x35, 
    0x35, 0x6d, 0x4d, 0x1b, 0x5b, 0x30, 0x6d, 0x1b, 0x5b, 0x33, 0x38, 0x3b, 0x32, 0x3b, 0x32, 0x35, 
    0x35, 0x3b, 0x32, 0x35, 0x35, 0x3b, 0x32, 0x35, 0x35, 0x6d, 0x4d, 0x1b, 0x5b, 0x30, 0x6d, 0x1b, 
    0x5b, 0x33, 0x38, 0x3b, 0x32, 0x3b, 0x32, 0x35, 0x35, 0x3b, 0x32, 0x35, 0x35, 0x3b, 0x32, 0x35, 
    0x35, 0x6d, 0x4d, 0x1b, 0x5b, 0x30, 0x6d, 0x0a, 0x1b, 0x5b, 0x30, 0x6d, 0x1b, 0x5b, 0x33, 0x38, 
    0x3b, 0x32, 0x3b, 0x32, 0x35, 0x35, 0x3b, 0x32, 0x35, 0x35, 0x3b, 0x32, 0x35, 0x35, 0x6d, 0x4d, 
    0x1b, 0x5b, 0x30, 0x6d, 0x1b, 0x5b, 0x33, 0x38, 0x3b, 0x32, 0x3b, 0x32, 0x35, 0x35, 0x3b, 0x32, 
    0x35, 0x35, 0x3b, 0x32, 0x35, 0x35, 0x6d, 0x4d, 0x1b, 0x5b, 0x30, 0x6d, 0x1b, 0x5b, 0x33, 0x38, 
    0x3b, 0x32, 0x3b, 0x32, 0x35, 0x35, 0x3b, 0x32, 0x35, 0x35, 0x3b, 0x32, 0x35, 0x35, 0x6d, 0x4d, 
    0x1b, 0x5b, 0x30, 0x6d, 0x1b, 0x5b, 0x33, 0x38, 0x3b, 0x32, 0x3b, 0x32, 0x35, 0x35, 0x3b, 0x32, 
    0x35, 0x35, 0x3b, 0x32, 0x35, 0x35, 0x6d, 0x4d, 0x1b, 0x5b, 0x30, 0x6d, 0x1b, 0x5b, 0x33, 0x38, 
    0x3b, 0x32, 0x3b, 0x32, 0x35, 0x35, 0x3b, 0x32, 0x35, 0x35, 0x3b, 0x32, 0x35, 0x35, 0x6d, 0x4d, 
    0x1b, 0x5b, 0x30, 0x6d, 0x1b, 0x5b, 0x33, 0x38, 0x3b, 0x32, 0x3b, 0x32, 0x35, 0x35, 0x3b, 0x32, 
    0x35, 0x35, 0x3b, 0x32, 0x35, 0x35, 0x6d, 0x4d, 0x1b, 0x5b, 0x30, 0x6d, 0x1b, 0x5b, 0x33, 0x38, 
    0x3b, 0x32, 0x3b, 0x32, 0x35, 0x35, 0x3b, 0x32, 0x35, 0x35, 0x3b, 0x32, 0x35, 0x35, 0x6d, 0x4d, 
    0x1b, 0x5b, 0x30, 0x6d, 0x1b, 0x5b, 0x33, 0x38, 0x3b, 0x32, 0x3b, 0x32, 0x35, 0x35, 0x3b, 0x32, 
    0x35, 0x35, 0x3b, 0x32, 0x35, 0x35, 0x6d, 0x4d, 0x1b, 0x5b, 0x30, 0x6d, 0x1b, 0x5b, 0x33, 0x38, 
    0x3b, 0x32, 0x3b, 0x32, 0x35, 0x35, 0x3b, 0x32, 0x35, 0x35, 0x3b, 0x32, 0x35, 0x35, 0x6d, 0x4d, 
    0x1b, 0x5b, 0x30, 0x6d, 0x1b, 0x5b, 0x33, 0x38, 0x3b, 0x32, 0x3b, 0x32, 0x35, 0x35, 0x3b, 0x32, 
    0x35, 0x35, 0x3b, 0x32, 0x35, 0x35, 0x6d, 0x4d, 0x1b, 0x5b, 0x30, 0x6d, 0x1b, 0x5b, 0x33, 0x38, 
    0x3b, 0x32, 0x3b, 0x32, 0x35, 0x35, 0x3b, 0x32, 0x35, 0x35, 0x3b, 0x32, 0x35, 0x35, 0x6d, 0x4d, 
    0x1b, 0x5b, 0x30, 0x6d, 0x1b, 0x5b, 0x33, 0x38, 0x3b, 0x32, 0x3b, 0x32, 0x35, 0x35, 0x3b, 0x32, 
    0x35, 0x35, 0x3b, 0x32, 0x35, 0x35, 0x6d, 0x4d, 0x1b, 0x5b, 0x30, 0x6d, 0x1b, 0x5b, 0x33, 0x38, 
    0x3b, 0x32, 0x3b, 0x32, 0x35, 0x35, 0x3b, 0x32, 0x35, 0x35, 0x3b, 0x32, 0x35, 0x35, 0x6d, 0x4d, 
    0x1b, 0x5b, 0x30, 0x6d, 0x1b, 0x5b, 0x33, 0x38, 0x3b, 0x32, 0x3b, 0x31, 0x32, 0x38, 0x3b, 0x31, 
    0x32, 0x38, 0x3b, 0x31, 0x32, 0x38, 0x6d, 0x6c, 0x1b, 0x5b, 0x30, 0x6d, 0x1b, 0x5b, 0x33, 0x38, 
    0x3b, 0x32, 0x3b, 0x30, 0x3b, 0x30, 0x3b, 0x30, 0x6d, 0x20, 0x1b, 0x5b, 0x30, 0x6d, 0x1b, 0x5b, 
    0x33, 0x38, 0x3b, 0x32, 0x3b, 0x30, 0x3b, 0x30, 0x3b, 0x30, 0x6d, 0x20, 0x1b, 0x5b, 0x30, 0x6d, 
    0x1b, 0x5b, 0x33, 0x38, 0x3b, 0x32, 0x3b, 0x32, 0x35, 0x35, 0x3b, 0x32, 0x35, 0x35, 0x3b, 0x32, 
    0x35, 0x35, 0x6d, 0x4d, 0x1b, 0x5b, 0x30, 0x6d, 0x1b, 0x5b, 0x33, 0x38, 0x3b, 0x32, 0x3b, 0x32, 
    0x35, 0x35, 0x3b, 0x32, 0x35, 0x35, 0x3b, 0x32, 0x35, 0x35, 0x6d, 0x4d, 0x1b, 0x5b, 0x30, 0x6d, 
    0x1b, 0x5b, 0x33, 0x38, 0x3b, 0x32, 0x3b, 0x32, 0x35, 0x35, 0x3b, 0x32, 0x35, 0x35, 0x3b, 0x32, 
    0x35, 0x35, 0x6d, 0x4d, 0x1b, 0x5b, 0x30, 0x6d, 0x1b, 0x5b, 0x33, 0x38, 0x3b, 0x32, 0x3b, 0x32, 
    0x35, 0x35, 0x3b, 0x32, 0x35, 0x35, 0x3b, 0x32, 0x35, 0x35, 0x6d, 0x4d, 0x1b, 0x5b, 0x30, 0x6d, 
    0x1b, 0x5b, 0x33, 0x38, 0x3b, 0x32, 0x3b, 0x32, 0x35, 0x35, 0x3b, 0x32, 0x35, 0x35, 0x3b, 0x32, 
    0x35, 0x35, 0x6d, 0x4d, 0x1b, 0x5b, 0x30, 0x6d, 0x1b, 0x5b, 0x33, 0x38, 0x3b, 0x32, 0x3b, 0x32, 
    0x35, 0x35, 0x3b, 0x32, 0x35, 0x35, 0x3b, 0x32, 0x35, 0x35, 0x6d, 0x4d, 0x1b, 0x5b, 0x30, 0x6d, 
    0x1b, 0x5b, 0x33, 0x38, 0x3b, 0x32, 0x3b, 0x32, 0x35, 0x35, 0x3b, 0x32, 0x35, 0x35, 0x3b, 0x32, 
    0x35, 0x35, 0x6d, 0x4d, 0x1b, 0x5b, 0x30, 0x6d, 0x1b, 0x5b, 0x33, 0x38, 0x3b, 0x32, 0x3b, 0x30, 
    0x3b, 0x30, 0x3b, 0x30, 0x6d, 0x20, 0x1b, 0x5b, 0x30, 0x6d, 0x1b, 0x5b, 0x33, 0x38, 0x3b, 0x32, 
    0x3b, 0x30, 0x3b, 0x30, 0x3b, 0x30, 0x6d, 0x20, 0x1b, 0x5b, 0x30, 0x6d, 0x1b, 0x5b, 0x33, 0x38, 
    0x3b, 0x32, 0x3b, 0x32, 0x35, 0x35, 0x3b, 0x32, 0x35, 0x35, 0x3b, 0x32, 0x35, 0x35, 0x6d, 0x4d, 
    0x1b, 0x5b, 0x30, 0x6d, 0x1b, 0x5b, 0x33, 0x38, 0x3b, 0x32, 0x3b, 0x32, 0x35, 0x35, 0x3b, 0x32, 
    0x35, 0x35, 0x3b, 0x32, 0x35, 0x35, 0x6d, 0x4d, 0x1b, 0x5b, 0x30, 0x6d, 0x1b, 0x5b, 0x33, 0x38, 
    0x3b, 0x32, 0x3b, 0x32, 0x35, 0x35, 0x3b, 0x32, 0x35, 0x35, 0x3b, 0x32, 0x35, 0x35, 0x6d, 0x4d, 
    0x1b, 0x5b, 0x30, 0x6d, 0x1b, 0x5b, 0x33, 0x38, 0x3b, 0x32, 0x3b, 0x32, 0x35, 0x35, 0x3b, 0x32, 
    0x35, 0x35, 0x3b, 0x32, 0x35, 0x35, 0x6d, 0x4d, 0x1b, 0x5b, 0x30, 0x6d, 0x1b, 0x5b, 0x33, 0x38, 
    0x3b, 0x32, 0x3b, 0x32, 0x35, 0x35, 0x3b, 0x32, 0x35, 0x35, 0x3b, 0x32, 0x35, 0x35, 0x6d, 0x4d, 
    0x1b, 0x5b, 0x30, 0x6d, 0x1b, 0x5b, 0x33, 0x38, 0x3b, 0x32, 0x3b, 0x32, 0x35, 0x35, 0x3b, 0x32, 
    0x35, 0x35, 0x3b, 0x32, 0x35, 0x35, 0x6d, 0x4d, 0x1b, 0x5b, 0x30, 0x6d, 0x1b, 0x5b, 0x33, 0x38, 
    0x3b, 0x32, 0x3b, 0x32, 0x35, 0x35, 0x3b, 0x32, 0x35, 0x35, 0x3b, 0x32, 0x35, 0x35, 0x6d, 0x4d, 
    0x1b, 0x5b, 0x30, 0x6d, 0x1b, 0x5b, 0x33, 0x38, 0x3b, 0x32, 0x3b, 0x32, 0x35, 0x35, 0x3b, 0x32, 
    0x35, 0x35, 0x3b, 0x32, 0x35, 0x35, 0x6d, 0x4d, 0x1b, 0x5b, 0x30, 0x6d, 0x1b, 0x5b, 0x33, 0x38, 
    0x3b, 0x32, 0x3b, 0x32, 0x35, 0x35, 0x3b, 0x32, 0x35, 0x35, 0x3b, 0x32, 0x35, 0x35, 0x6d, 0x4d, 
    0x1b, 0x5b, 0x30, 0x6d, 0x1b, 0x5b, 0x33, 0x38, 0x3b, 0x32, 0x3b, 0x30, 0x3b, 0x30, 0x3b, 0x30, 
    0x6d, 0x20, 0x1b, 0x5b, 0x30, 0x6d, 0x1b, 0x5b, 0x33, 0x38, 0x3b, 0x32, 0x3b, 0x30, 0x3b, 0x30, 
    0x3b, 0x30, 0x6d, 0x20, 0x1b, 0x5b, 0x30, 0x6d, 0x1b, 0x5b, 0x33, 0x38, 0x3b, 0x32, 0x3b, 0x31, 
    0x32, 0x38, 0x3b, 0x31, 0x32, 0x38, 0x3b, 0x31, 0x32, 0x38, 0x6d, 0x6c, 0x1b, 0x5b, 0x30, 0x6d, 
    0x1b, 0x5b, 0x33, 0x38, 0x3b, 0x32, 0x3b, 0x32, 0x35, 0x35, 0x3b, 0x32, 0x35, 0x35, 0x3b, 0x32, 
    0x35, 0x35, 0x6d, 0x4d, 0x1b, 0x5b, 0x30, 0x6d, 0x1b, 0x5b, 0x33, 0x38, 0x3b, 0x32, 0x3b, 0x32, 
    0x35, 0x35, 0x3b, 0x32, 0x35, 0x35, 0x3b, 0x32, 0x35, 0x35, 0x6d, 0x4d, 0x1b, 0x5b, 0x30, 0x6d, 
    0x1b, 0x5b, 0x33, 0x38, 0x3b, 0x32, 0x3b, 0x30, 0x3b, 0x30, 0x3b, 0x30, 0x6d, 0x20, 0x1b, 0x5b, 
    0x30, 0x6d, 0x1b, 0x5b, 0x33, 0x38, 0x3b, 0x32, 0x3b, 0x30, 0x3b, 0x30, 0x3b, 0x30, 0x6d, 0x20, 
    0x1b, 0x5b, 0x30, 0x6d, 0x1b, 0x5b, 0x33, 0x38, 0x3b, 0x32, 0x3b, 0x30, 0x3b, 0x30, 0x3b, 0x30, 
    0x6d, 0x20, 0x1b, 0x5b, 0x30, 0x6d, 0x1b, 0x5b, 0x33, 0x38, 0x3b, 0x32, 0x3b, 0x30, 0x3b, 0x30, 
    0x3b, 0x30, 0x6d, 0x20, 0x1b, 0x5b, 0x30, 0x6d, 0x1b, 0x5b, 0x33, 0x38, 0x3b, 0x32, 0x3b, 0x31, 
    0x32, 0x38, 0x3b, 0x31, 0x32, 0x38, 0x3b, 0x31, 0x32, 0x38, 0x6d, 0x6c, 0x1b, 0x5b, 0x30, 0x6d, 
    0x1b, 0x5b, 0x33, 0x38, 0x3b, 0x32, 0x3b, 0x32, 0x35, 0x35, 0x3b, 0x32, 0x35, 0x35, 0x3b, 0x32, 
    0x35, 0x35, 0x6d, 0x4d, 0x1b, 0x5b, 0x30, 0x6d, 0x1b, 0x5b, 0x33, 0x38, 0x3b, 0x32, 0x3b, 0x32, 
    0x35, 0x35, 0x3b, 0x32, 0x35, 0x35, 0x3b, 0x32, 0x35, 0x35, 0x6d, 0x4d, 0x1b, 0x5b, 0x30, 0x6d, 
    0x1b, 0x5b, 0x33, 0x38, 0x3b, 0x32, 0x3b, 0x32, 0x35, 0x35, 0x3b, 0x32, 0x35, 0x35, 0x3b, 0x32, 
    0x35, 0x35, 0x6d, 0x4d, 0x1b, 0x5b, 0x30, 0x6d, 0x1b, 0x5b, 0x33, 0x38, 0x3b, 0x32, 0x3b, 0x32, 
    0x35, 0x35, 0x3b, 0x32, 0x35, 0x35, 0x3b, 0x32, 0x35, 0x35, 0x6d, 0x4d, 0x1b, 0x5b, 0x30, 0x6d, 
    0x1b, 0x5b, 0x33, 0x38, 0x3b, 0x32, 0x3b, 0x30, 0x3b, 0x30, 0x3b, 0x30, 0x6d, 0x20, 0x1b, 0x5b, 
    0x30, 0x6d, 0x1b, 0x5b, 0x33, 0x38, 0x3b, 0x32, 0x3b, 0x30, 0x3b, 0x30, 0x3b, 0x30, 0x6d, 0x20, 
    0x1b, 0x5b, 0x30, 0x6d, 0x1b, 0x5b, 0x33, 0x38, 0x3b, 0x32, 0x3b, 0x32, 0x35, 0x35, 0x3b, 0x32, 
    0x35, 0x35, 0x3b, 0x32, 0x35, 0x35, 0x6d, 0x4d, 0x1b, 0x5b, 0x30, 0x6d, 0x1b, 0x5b, 0x33, 0x38, 
    0x3b, 0x32, 0x3b, 0x32, 0x35, 0x35, 0x3b, 0x32, 0x35, 0x35, 0x3b, 0x32, 0x35, 0x35, 0x6d, 0x4d, 
    0x1b, 0x5b, 0x30, 0x6d, 0x1b, 0x5b, 0x33, 0x38, 0x3b, 0x32, 0x3b, 0x32, 0x35, 0x35, 0x3b, 0x32, 
    0x35, 0x35, 0x3b, 0x32, 0x35, 0x35, 0x6d, 0x4d, 0x1b, 0x5b, 0x30, 0x6d, 0x1b, 0x5b, 0x33, 0x38, 
    0x3b, 0x32, 0x3b, 0x32, 0x35, 0x35, 0x3b, 0x32, 0x35, 0x35, 0x3b, 0x32, 0x35, 0x35, 0x6d, 0x4d, 
    0x1b, 0x5b, 0x30, 0x6d, 0x1b, 0x5b, 0x33, 0x38, 0x3b, 0x32, 0x3b, 0x32, 0x35, 0x35, 0x3b, 0x32, 
    0x35, 0x35, 0x3b, 0x32, 0x35, 0x35, 0x6d, 0x4d, 0x1b, 0x5b, 0x30, 0x6d, 0x1b, 0x5b, 0x33, 0x38, 
    0x3b, 0x32, 0x3b, 0x32, 0x35, 0x35, 0x3b, 0x32, 0x35, 0x35, 0x3b, 0x32, 0x35, 0x35, 0x6d, 0x4d, 
    0x1b, 0x5b, 0x30, 0x6d, 0x1b, 0x5b, 0x33, 0x38, 0x3b, 0x32, 0x3b, 0x32, 0x35, 0x35, 0x3b, 0x32, 
    0x35, 0x35, 0x3b, 0x32, 0x35, 0x35, 0x6d, 0x4d, 0x1b, 0x5b, 0x30, 0x6d, 0x1b, 0x5b, 0x33, 0x38, 
    0x3b, 0x32, 0x3b, 0x32, 0x35, 0x35, 0x3b, 0x32, 0x35, 0x35, 0x3b, 0x32, 0x35, 0x35, 0x6d, 0x4d, 
    0x1b, 0x5b, 0x30, 0x6d, 0x1b, 0x5b, 0x33, 0x38, 0x3b, 0x32, 0x3b, 0x32, 0x35, 0x35, 0x3b, 0x32, 
    0x35, 0x35, 0x3b, 0x32, 0x35, 0x35, 0x6d, 0x4d, 0x1b, 0x5b, 0x30, 0x6d, 0x1b, 0x5b, 0x33, 0x38, 
    0x3b, 0x32, 0x3b, 0x31, 0x32, 0x38, 0x3b, 0x31, 0x32, 0x38, 0x3b, 0x31, 0x32, 0x38, 0x6d, 0x6c, 
    0x1b, 0x5b, 0x30, 0x6d, 0x1b, 0x5b, 0x33, 0x38, 0x3b, 0x32, 0x3b, 0x30, 0x3b, 0x30, 0x3b, 0x30, 
    0x6d, 0x20, 0x1b, 0x5b, 0x30, 0x6d, 0x1b, 0x5b, 0x33, 0x38, 0x3b, 0x32, 0x3b, 0x30, 0x3b, 0x30, 
    0x3b, 0x30, 0x6d, 0x20, 0x1b, 0x5b, 0x30, 0x6d, 0x1b, 0x5b, 0x33, 0x38, 0x3b, 0x32, 0x3b, 0x30, 
    0x3b, 0x30, 0x3b, 0x30, 0x6d, 0x20, 0x1b, 0x5b, 0x30, 0x6d, 0x1b, 0x5b, 0x33, 0x38, 0x3b, 0x32, 
    0x3b, 0x30, 0x3b, 0x30, 0x3b, 0x30, 0x6d, 0x20, 0x1b, 0x5b, 0x30, 0x6d, 0x1b, 0x5b, 0x33, 0x38, 
    0x3b, 0x32, 0x3b, 0x32, 0x35, 0x35, 0x3b, 0x32, 0x35, 0x35, 0x3b, 0x32, 0x35, 0x35, 0x6d, 0x4d, 
    0x1b, 0x5b, 0x30, 0x6d, 0x1b, 0x5b, 0x33, 0x38, 0x3b, 0x32, 0x3b, 0x32, 0x35, 0x35, 0x3b, 0x32, 
    0x35, 0x35, 0x3b, 0x32, 0x35, 0x35, 0x6d, 0x4d, 0x1b, 0x5b, 0x30, 0x6d, 0x1b, 0x5b, 0x33, 0x38, 
    0x3b, 0x32, 0x3b, 0x32, 0x35, 0x35, 0x3b, 0x32, 0x35, 0x35, 0x3b, 0x32, 0x35, 0x35, 0x6d, 0x4d, 
    0x1b, 0x5b, 0x30, 0x6d, 0x1b, 0x5b, 0x33, 0x38, 0x3b, 0x32, 0x3b, 0x32, 0x35, 0x35, 0x3b, 0x32, 
    0x35, 0x35, 0x3b, 0x32, 0x35, 0x35, 0x6d, 0x4d, 0x1b, 0x5b, 0x30, 0x6d, 0x1b, 0x5b, 0x33, 0x38, 
    0x3b, 0x32, 0x3b, 0x32, 0x35, 0x35, 0x3b, 0x32, 0x35, 0x35, 0x3b, 0x32, 0x35, 0x35, 0x6d, 0x4d, 
    0x1b, 0x5b, 0x30, 0x6d, 0x1b, 0x5b, 0x33, 0x38, 0x3b, 0x32, 0x3b, 0x32, 0x35, 0x35, 0x3b, 0x32, 
    0x35, 0x35, 0x3b, 0x32, 0x35, 0x35, 0x6d, 0x4d, 0x1b, 0x5b, 0x30, 0x6d, 0x1b, 0x5b, 0x33, 0x38, 
    0x3b, 0x32, 0x3b, 0x32, 0x35, 0x35, 0x3b, 0x32, 0x35, 0x35, 0x3b, 0x32, 0x35, 0x35, 0x6d, 0x4d, 
    0x1b, 0x5b, 0x30, 0x6d, 0x1b, 0x5b, 0x33, 0x38, 0x3b, 0x32, 0x3b, 0x32, 0x35, 0x35, 0x3b, 0x32, 
    0x35, 0x35, 0x3b, 0x32, 0x35, 0x35, 0x6d, 0x4d, 0x1b, 0x5b, 0x30, 0x6d, 0x1b, 0x5b, 0x33, 0x38, 
    0x3b, 0x32, 0x3b, 0x32, 0x35, 0x35, 0x3b, 0x32, 0x35, 0x35, 0x3b, 0x32, 0x35, 0x35, 0x6d, 0x4d, 
    0x1b, 0x5b, 0x30, 0x6d, 0x1b, 0x5b, 0x33, 0x38, 0x3b, 0x32, 0x3b, 0x32, 0x35, 0x35, 0x3b, 0x32, 
    0x35, 0x35, 0x3b, 0x32, 0x35, 0x35, 0x6d, 0x4d, 0x1b, 0x5b, 0x30, 0x6d, 0x1b, 0x5b, 0x33, 0x38, 
    0x3b, 0x32, 0x3b, 0x32, 0x35, 0x35, 0x3b, 0x32, 0x35, 0x35, 0x3b, 0x32, 0x35, 0x35, 0x6d, 0x4d, 
    0x1b, 0x5b, 0x30, 0x6d, 0x1b, 0x5b, 0x33, 0x38, 0x3b, 0x32, 0x3b, 0x31, 0x32, 0x38, 0x3b, 0x31, 
    0x32, 0x38, 0x3b, 0x31, 0x32, 0x38, 0x6d, 0x6c, 0x1b, 0x5b, 0x30, 0x6d, 0x1b, 0x5b, 0x33, 0x38, 
    0x3b, 0x32, 0x3b, 0x30, 0x3b, 0x30, 0x3b, 0x30, 0x6d, 0x20, 0x1b, 0x5b, 0x30, 0x6d, 0x1b, 0x5b, 
    0x33, 0x38, 0x3b, 0x32, 0x3b, 0x31, 0x32, 0x38, 0x3b, 0x31, 0x32, 0x38, 0x3b, 0x31, 0x32, 0x38, 
    0x6d, 0x6c, 0x1b, 0x5b, 0x30, 0x6d, 0x1b, 0x5b, 0x33, 0x38, 0x3b, 0x32, 0x3b, 0x32, 0x35, 0x35, 
    0x3b, 0x32, 0x35, 0x35, 0x3b, 0x32, 0x35, 0x35, 0x6d, 0x4d, 0x1b, 0x5b, 0x30, 0x6d, 0x1b, 0x5b, 
    0x33, 0x38, 0x3b, 0x32, 0x3b, 0x32, 0x35, 0x35, 0x3b, 0x32, 0x35, 0x35, 0x3b, 0x32, 0x35, 0x35, 
    0x6d, 0x4d, 0x1b, 0x5b, 0x30, 0x6d, 0x1b, 0x5b, 0x33, 0x38, 0x3b, 0x32, 0x3b, 0x32, 0x35, 0x35, 
    0x3b, 0x32, 0x35, 0x35, 0x3b, 0x32, 0x35, 0x35, 0x6d, 0x4d, 0x1b, 0x5b, 0x30, 0x6d, 0x1b, 0x5b, 
    0x33, 0x38, 0x3b, 0x32, 0x3b, 0x32, 0x35, 0x35, 0x3b, 0x32, 0x35, 0x35, 0x3b, 0x32, 0x35, 0x35, 
    0x6d, 0x4d, 0x1b, 0x5b, 0x30, 0x6d, 0x1b, 0x5b, 0x33, 0x38, 0x3b, 0x32, 0x3b, 0x30, 0x3b, 0x30, 
    0x3b, 0x30, 0x6d, 0x20, 0x1b, 0x5b, 0x30, 0x6d, 0x1b, 0x5b, 0x33, 0x38, 0x3b, 0x32, 0x3b, 0x30, 
    0x3b, 0x30, 0x3b, 0x30, 0x6d, 0x20, 0x1b, 0x5b, 0x30, 0x6d, 0x1b, 0x5b, 0x33, 0x38, 0x3b, 0x32, 
    0x3b, 0x30, 0x3b, 0x30, 0x3b, 0x30, 0x6d, 0x20, 0x1b, 0x5b, 0x30, 0x6d, 0x1b, 0x5b, 0x33, 0x38, 
    0x3b, 0x32, 0x3b, 0x30, 0x3b, 0x30, 0x3b, 0x30, 0x6d, 0x20, 0x1b, 0x5b, 0x30, 0x6d, 0x1b, 0x5b, 
    0x33, 0x38, 0x3b, 0x32, 0x3b, 0x30, 0x3b, 0x30, 0x3b, 0x30, 0x6d, 0x20, 0x1b, 0x5b, 0x30, 0x6d, 
    0x1b, 0x5b, 0x33, 0x38, 0x3b, 0x32, 0x3b, 0x30, 0x3b, 0x30, 0x3b, 0x30, 0x6d, 0x20, 0x1b, 0x5b, 
    0x30, 0x6d, 0x1b, 0x5b, 0x33, 0x38, 0x3b, 0x32, 0x3b, 0x30, 0x3b, 0x30, 0x3b, 0x30, 0x6d, 0x20, 
    0x1b, 0x5b, 0x30, 0x6d, 0x1b, 0x5b, 0x33, 0x38, 0x3b, 0x32, 0x3b, 0x30, 0x3b, 0x30, 0x3b, 0x30, 
    0x6d, 0x20, 0x1b, 0x5b, 0x30, 0x6d, 0x1b, 0x5b, 0x33, 0x38, 0x3b, 0x32, 0x3b, 0x30, 0x3b, 0x30, 
    0x3b, 0x30, 0x6d, 0x20, 0x1b, 0x5b, 0x30, 0x6d, 0x1b, 0x5b, 0x33, 0x38, 0x3b, 0x32, 0x3b, 0x30, 
    0x3b, 0x30, 0x3b, 0x30, 0x6d, 0x20, 0x1b, 0x5b, 0x30, 0x6d, 0x1b, 0x5b, 0x33, 0x38, 0x3b, 0x32, 
    0x3b, 0x30, 0x3b, 0x30, 0x3b, 0x30, 0x6d, 0x20, 0x1b, 0x5b, 0x30, 0x6d, 0x1b, 0x5b, 0x33, 0x38, 
    0x3b, 0x32, 0x3b, 0x31, 0x32, 0x38, 0x3b, 0x31, 0x32, 0x38, 0x3b, 0x31, 0x32, 0x38, 0x6d, 0x6c, 
    0x1b, 0x5b, 0x30, 0x6d, 0x1b, 0x5b, 0x33, 0x38, 0x3b, 0x32, 0x3b, 0x32, 0x35, 0x35, 0x3b, 0x32, 
    0x35, 0x35, 0x3b, 0x32, 0x35, 0x35, 0x6d, 0x4d, 0x1b, 0x5b, 0x30, 0x6d, 0x1b, 0x5b, 0x33, 0x38, 
    0x3b, 0x32, 0x3b, 0x32, 0x35, 0x35, 0x3b, 0x32, 0x35, 0x35, 0x3b, 0x32, 0x35, 0x35, 0x6d, 0x4d, 
    0x1b, 0x5b, 0x30, 0x6d, 0x1b, 0x5b, 0x33, 0x38, 0x3b, 0x32, 0x3b, 0x32, 0x35, 0x35, 0x3b, 0x32, 
    0x35, 0x35, 0x3b, 0x32, 0x35, 0x35, 0x6d, 0x4d, 0x1b, 0x5b, 0x30, 0x6d, 0x1b, 0x5b, 0x33, 0x38, 
    0x3b, 0x32, 0x3b, 0x32, 0x35, 0x35, 0x3b, 0x32, 0x35, 0x35, 0x3b, 0x32, 0x35, 0x35, 0x6d, 0x4d, 
    0x1b, 0x5b, 0x30, 0x6d, 0x1b, 0x5b, 0x33, 0x38, 0x3b, 0x32, 0x3b, 0x32, 0x35, 0x35, 0x3b, 0x32, 
    0x35, 0x35, 0x3b, 0x32, 0x35, 0x35, 0x6d, 0x4d, 0x1b, 0x5b, 0x30, 0x6d, 0x1b, 0x5b, 0x33, 0x38, 
    0x3b, 0x32, 0x3b, 0x32, 0x35, 0x35, 0x3b, 0x32, 0x35, 0x35, 0x3b, 0x32, 0x35, 0x35, 0x6d, 0x4d, 
    0x1b, 0x5b, 0x30, 0x6d, 0x0a, 0x1b, 0x5b, 0x30, 0x6d, 0x1b, 0x5b, 0x33, 0x38, 0x3b, 0x32, 0x3b, 
    0x32, 0x35, 0x35, 0x3b, 0x32, 0x35, 0x35, 0x3b, 0x32, 0x35, 0x35, 0x6d, 0x4d, 0x1b, 0x5b, 0x30, 
    0x6d, 0x1b, 0x5b, 0x33, 0x38, 0x3b, 0x32, 0x3b, 0x32, 0x35, 0x35, 0x3b, 0x32, 0x35, 0x35, 0x3b, 
    0x32, 0x35, 0x35, 0x6d, 0x4d, 0x1b, 0x5b, 0x30, 0x6d, 0x1b, 0x5b, 0x33, 0x38, 0x3b, 0x32, 0x3b, 
    0x32, 0x35, 0x35, 0x3b, 0x32, 0x35, 0x35, 0x3b, 0x32, 0x35, 0x35, 0x6d, 0x4d, 0x1b, 0x5b, 0x30, 
    0x6d, 0x1b, 0x5b, 0x33, 0x38, 0x3b, 0x32, 0x3b, 0x32, 0x35, 0x35, 0x3b, 0x32, 0x35, 0x35, 0x3b, 
    0x32, 0x35, 0x35, 0x6d, 0x4d, 0x1b, 0x5b, 0x30, 0x6d, 0x1b, 0x5b, 0x33, 0x38, 0x3b, 0x32, 0x3b, 
    0x32, 0x35, 0x35, 0x3b, 0x32, 0x35, 0x35, 0x3b, 0x32, 0x35, 0x35, 0x6d, 0x4d, 0x1b, 0x5b, 0x30, 
    0x6d, 0x1b, 0x5b, 0x33, 0x38, 0x3b, 0x32, 0x3b, 0x32, 0x35, 0x35, 0x3b, 0x32, 0x35, 0x35, 0x3b, 
    0x32, 0x35, 0x35, 0x6d, 0x4d, 0x1b, 0x5b, 0x30, 0x6d, 0x1b, 0x5b, 0x33, 0x38, 0x3b, 0x32, 0x3b, 
    0x32, 0x35, 0x35, 0x3b, 0x32, 0x35, 0x35, 0x3b, 0x32, 0x35, 0x35, 0x6d, 0x4d, 0x1b, 0x5b, 0x30, 
    0x6d, 0x1b, 0x5b, 0x33, 0x38, 0x3b, 0x32, 0x3b, 0x32, 0x35, 0x35, 0x3b, 0x32, 0x35, 0x35, 0x3b, 
    0x32, 0x35, 0x35, 0x6d, 0x4d, 0x1b, 0x5b, 0x30, 0x6d, 0x1b, 0x5b, 0x33, 0x38, 0x3b, 0x32, 0x3b, 
    0x32, 0x35, 0x35, 0x3b, 0x32, 0x35, 0x35, 0x3b, 0x32, 0x35, 0x35, 0x6d, 0x4d, 0x1b, 0x5b, 0x30, 
    0x6d, 0x1b, 0x5b, 0x33, 0x38, 0x3b, 0x32, 0x3b, 0x32, 0x35, 0x35, 0x3b, 0x32, 0x35, 0x35, 0x3b, 
    0x32, 0x35, 0x35, 0x6d, 0x4d, 0x1b, 0x5b, 0x30, 0x6d, 0x1b, 0x5b, 0x33, 0x38, 0x3b, 0x32, 0x3b, 
    0x32, 0x35, 0x35, 0x3b, 0x32, 0x35, 0x35, 0x3b, 0x32, 0x35, 0x35, 0x6d, 0x4d, 0x1b, 0x5b, 0x30, 
    0x6d, 0x1b, 0x5b, 0x33, 0x38, 0x3b, 0x32, 0x3b, 0x31, 0x35, 0x33, 0x3b, 0x31, 0x35, 0x33, 0x3b, 
    0x31, 0x35, 0x33, 0x6d, 0x64, 0x1b, 0x5b, 0x30, 0x6d, 0x1b, 0x5b, 0x33, 0x38, 0x3b, 0x32, 0x3b, 
    0x35, 0x31, 0x3b, 0x35, 0x31, 0x3b, 0x35, 0x31, 0x6d, 0x2e, 0x1b, 0x5b, 0x30, 0x6d, 0x1b, 0x5b, 
    0x33, 0x38, 0x3b, 0x32, 0x3b, 0x32, 0x36, 0x3b, 0x32, 0x36, 0x3b, 0x32, 0x36, 0x6d, 0x20, 0x1b, 
    0x5b, 0x30, 0x6d, 0x1b, 0x5b, 0x33, 0x38, 0x3b, 0x32, 0x3b, 0x30, 0x3b, 0x30, 0x3b, 0x30, 0x6d, 
    0x20, 0x1b, 0x5b, 0x30, 0x6d, 0x1b, 0x5b, 0x33, 0x38, 0x3b, 0x32, 0x3b, 0x30, 0x3b, 0x30, 0x3b, 
    0x30, 0x6d, 0x20, 0x1b, 0x5b, 0x30, 0x6d, 0x1b, 0x5b, 0x33, 0x38, 0x3b, 0x32, 0x3b, 0x35, 0x31, 
    0x3b, 0x35, 0x31, 0x3b, 0x35, 0x31, 0x6d, 0x2e, 0x1b, 0x5b, 0x30, 0x6d, 0x1b, 0x5b, 0x33, 0x38, 
    0x3b, 0x32, 0x3b, 0x35, 0x31, 0x3b, 0x35, 0x31, 0x3b, 0x35, 0x31, 0x6d, 0x2e, 0x1b, 0x5b, 0x30, 
    0x6d, 0x1b, 0x5b, 0x33, 0x38, 0x3b, 0x32, 0x3b, 0x32, 0x35, 0x35, 0x3b, 0x32, 0x35, 0x35, 0x3b, 
    0x32, 0x35, 0x35, 0x6d, 0x4d, 0x1b, 0x5b, 0x30, 0x6d, 0x1b, 0x5b, 0x33, 0x38, 0x3b, 0x32, 0x3b, 
    0x32, 0x35, 0x35, 0x3b, 0x32, 0x35, 0x35, 0x3b, 0x32, 0x35, 0x35, 0x6d, 0x4d, 0x1b, 0x5b, 0x30, 
    0x6d, 0x1b, 0x5b, 0x33, 0x38, 0x3b, 0x32, 0x3b, 0x32, 0x35, 0x35, 0x3b, 0x32, 0x35, 0x35, 0x3b, 
    0x32, 0x35, 0x35, 0x6d, 0x4d, 0x1b, 0x5b, 0x30, 0x6d, 0x1b, 0x5b, 0x33, 0x38, 0x3b, 0x32, 0x3b, 
    0x32, 0x35, 0x35, 0x3b, 0x32, 0x35, 0x35, 0x3b, 0x32, 0x35, 0x35, 0x6d, 0x4d, 0x1b, 0x5b, 0x30, 
    0x6d, 0x1b, 0x5b, 0x33, 0x38, 0x3b, 0x32, 0x3b, 0x32, 0x35, 0x35, 0x3b, 0x32, 0x35, 0x35, 0x3b, 
    0x32, 0x35, 0x35, 0x6d, 0x4d, 0x1b, 0x5b, 0x30, 0x6d, 0x1b, 0x5b, 0x33, 0x38, 0x3b, 0x32, 0x3b, 
    0x30, 0x3b, 0x30, 0x3b, 0x30, 0x6d, 0x20, 0x1b, 0x5b, 0x30, 0x6d, 0x1b, 0x5b, 0x33, 0x38, 0x3b, 
    0x32, 0x3b, 0x30, 0x3b, 0x30, 0x3b, 0x30, 0x6d, 0x20, 0x1b, 0x5b, 0x30, 0x6d, 0x1b, 0x5b, 0x33, 
    0x38, 0x3b, 0x32, 0x3b, 0x32, 0x35, 0x35, 0x3b, 0x32, 0x35, 0x35, 0x3b, 0x32, 0x35, 0x35, 0x6d, 
    0x4d, 0x1b, 0x5b, 0x30, 0x6d, 0x1b, 0x5b, 0x33, 0x38, 0x3b, 0x32, 0x3b, 0x32, 0x35, 0x35, 0x3b, 
    0x32, 0x35, 0x35, 0x3b, 0x32, 0x35, 0x35, 0x6d, 0x4d, 0x1b, 0x5b, 0x30, 0x6d, 0x1b, 0x5b, 0x33, 
    0x38, 0x3b, 0x32, 0x3b, 0x32, 0x35, 0x35, 0x3b, 0x32, 0x35, 0x35, 0x3b, 0x32, 0x35, 0x35, 0x6d, 
    0x4d, 0x1b, 0x5b, 0x30, 0x6d, 0x1b, 0x5b, 0x33, 0x38, 0x3b, 0x32, 0x3b, 0x32, 0x35, 0x35, 0x3b, 
    0x32, 0x35, 0x35, 0x3b, 0x32, 0x35, 0x35, 0x6d, 0x4d, 0x1b, 0x5b, 0x30, 0x6d, 0x1b, 0x5b, 0x33, 
    0x38, 0x3b, 0x32, 0x3b, 0x32, 0x35, 0x35, 0x3b, 0x32, 0x35, 0x35, 0x3b, 0x32, 0x35, 0x35, 0x6d, 
    0x4d, 0x1b, 0x5b, 0x30, 0x6d, 0x1b, 0x5b, 0x33, 0x38, 0x3b, 0x32, 0x3b, 0x32, 0x35, 0x35, 0x3b, 
    0x32, 0x35, 0x35, 0x3b, 0x32, 0x35, 0x35, 0x6d, 0x4d, 0x1b, 0x5b, 0x30, 0x6d, 0x1b, 0x5b, 0x33, 
    0x38, 0x3b, 0x32, 0x3b, 0x32, 0x35, 0x35, 0x3b, 0x32, 0x35, 0x35, 0x3b, 0x32, 0x35, 0x35, 0x6d, 
    0x4d, 0x1b, 0x5b, 0x30, 0x6d, 0x1b, 0x5b, 0x33, 0x38, 0x3b, 0x32, 0x3b, 0x32, 0x35, 0x35, 0x3b, 
    0x32, 0x35, 0x35, 0x3b, 0x32, 0x35, 0x35, 0x6d, 0x4d, 0x1b, 0x5b, 0x30, 0x6d, 0x1b, 0x5b, 0x33, 
    0x38, 0x3b, 0x32, 0x3b, 0x32, 0x35, 0x35, 0x3b, 0x32, 0x35, 0x35, 0x3b, 0x32, 0x35, 0x35, 0x6d, 
    0x4d, 0x1b, 0x5b, 0x30, 0x6d, 0x1b, 0x5b, 0x33, 0x38, 0x3b, 0x32, 0x3b, 0x30, 0x3b, 0x30, 0x3b, 
    0x30, 0x6d, 0x20, 0x1b, 0x5b, 0x30, 0x6d, 0x1b, 0x5b, 0x33, 0x38, 0x3b, 0x32, 0x3b, 0x30, 0x3b, 
    0x30, 0x3b, 0x30, 0x6d, 0x20, 0x1b, 0x5b, 0x30, 0x6d, 0x1b, 0x5b, 0x33, 0x38, 0x3b, 0x32, 0x3b, 
    0x31, 0x32, 0x38, 0x3b, 0x31, 0x32, 0x38, 0x3b, 0x31, 0x32, 0x38, 0x6d, 0x6c, 0x1b, 0x5b, 0x30, 
    0x6d, 0x1b, 0x5b, 0x33, 0x38, 0x3b, 0x32, 0x3b, 0x32, 0x35, 0x35, 0x3b, 0x32, 0x35, 0x35, 0x3b, 
    0x32, 0x35, 0x35, 0x6d, 0x4d, 0x1b, 0x5b, 0x30, 0x6d, 0x1b, 0x5b, 0x33, 0x38, 0x3b, 0x32, 0x3b, 
    0x32, 0x35, 0x35, 0x3b, 0x32, 0x35, 0x35, 0x3b, 0x32, 0x35, 0x35, 0x6d, 0x4d, 0x1b, 0x5b, 0x30, 
    0x6d, 0x1b, 0x5b, 0x33, 0x38, 0x3b, 0x32, 0x3b, 0x30, 0x3b, 0x30, 0x3b, 0x30, 0x6d, 0x20, 0x1b, 
    0x5b, 0x30, 0x6d, 0x1b, 0x5b, 0x33, 0x38, 0x3b, 0x32, 0x3b, 0x30, 0x3b, 0x30, 0x3b, 0x30, 0x6d, 
    0x20, 0x1b, 0x5b, 0x30, 0x6d, 0x1b, 0x5b, 0x33, 0x38, 0x3b, 0x32, 0x3b, 0x30, 0x3b, 0x30, 0x3b, 
    0x30, 0x6d, 0x20, 0x1b, 0x5b, 0x30, 0x6d, 0x1b, 0x5b, 0x33, 0x38, 0x3b, 0x32, 0x3b, 0x30, 0x3b, 
    0x30, 0x3b, 0x30, 0x6d, 0x20, 0x1b, 0x5b, 0x30, 0x6d, 0x1b, 0x5b, 0x33, 0x38, 0x3b, 0x32, 0x3b, 
    0x32, 0x36, 0x3b, 0x32, 0x36, 0x3b, 0x32, 0x36, 0x6d, 0x20, 0x1b, 0x5b, 0x30, 0x6d, 0x1b, 0x5b, 
    0x33, 0x38, 0x3b, 0x32, 0x3b, 0x35, 0x31, 0x3b, 0x35, 0x31, 0x3b, 0x35, 0x31, 0x6d, 0x2e, 0x1b, 
    0x5b, 0x30, 0x6d, 0x1b, 0x5b, 0x33, 0x38, 0x3b, 0x32, 0x3b, 0x31, 0x35, 0x33, 0x3b, 0x31, 0x35, 
    0x33, 0x3b, 0x31, 0x35, 0x33, 0x6d, 0x64, 0x1b, 0x5b, 0x30, 0x6d, 0x1b, 0x5b, 0x33, 0x38, 0x3b, 
    0x32, 0x3b, 0x32, 0x35, 0x35, 0x3b, 0x32, 0x35, 0x35, 0x3b, 0x32, 0x35, 0x35, 0x6d, 0x4d, 0x1b, 
    0x5b, 0x30, 0x6d, 0x1b, 0x5b, 0x33, 0x38, 0x3b, 0x32, 0x3b, 0x32, 0x35, 0x35, 0x3b, 0x32, 0x35, 
    0x35, 0x3b, 0x32, 0x35, 0x35, 0x6d, 0x4d, 0x1b, 0x5b, 0x30, 0x6d, 0x1b, 0x5b, 0x33, 0x38, 0x3b, 
    0x32, 0x3b, 0x30, 0x3b, 0x30, 0x3b, 0x30, 0x6d, 0x20, 0x1b, 0x5b, 0x30, 0x6d, 0x1b, 0x5b, 0x33, 
    0x38, 0x3b, 0x32, 0x3b, 0x30, 0x3b, 0x30, 0x3b, 0x30, 0x6d, 0x20, 0x1b, 0x5b, 0x30, 0x6d, 0x1b, 
    0x5b, 0x33, 0x38, 0x3b, 0x32, 0x3b, 0x32, 0x35, 0x35, 0x3b, 0x32, 0x35, 0x35, 0x3b, 0x32, 0x35, 
    0x35, 0x6d, 0x4d, 0x1b, 0x5b, 0x30, 0x6d, 0x1b, 0x5b, 0x33, 0x38, 0x3b, 0x32, 0x3b, 0x32, 0x35, 
    0x35, 0x3b, 0x32, 0x35, 0x35, 0x3b, 0x32, 0x35, 0x35, 0x6d, 0x4d, 0x1b, 0x5b, 0x30, 0x6d, 0x1b, 
    0x5b, 0x33, 0x38, 0x3b, 0x32, 0x3b, 0x32, 0x35, 0x35, 0x3b, 0x32, 0x35, 0x35, 0x3b, 0x32, 0x35, 
    0x35, 0x6d, 0x4d, 0x1b, 0x5b, 0x30, 0x6d, 0x1b, 0x5b, 0x33, 0x38, 0x3b, 0x32, 0x3b, 0x32, 0x35, 
    0x35, 0x3b, 0x32, 0x35, 0x35, 0x3b, 0x32, 0x35, 0x35, 0x6d, 0x4d, 0x1b, 0x5b, 0x30, 0x6d, 0x1b, 
    0x5b, 0x33, 0x38, 0x3b, 0x32, 0x3b, 0x32, 0x35, 0x35, 0x3b, 0x32, 0x35, 0x35, 0x3b, 0x32, 0x35, 
    0x35, 0x6d, 0x4d, 0x1b, 0x5b, 0x30, 0x6d, 0x1b, 0x5b, 0x33, 0x38, 0x3b, 0x32, 0x3b, 0x32, 0x35, 
    0x35, 0x3b, 0x32, 0x35, 0x35, 0x3b, 0x32, 0x35, 0x35, 0x6d, 0x4d, 0x1b, 0x5b, 0x30, 0x6d, 0x1b, 
    0x5b, 0x33, 0x38, 0x3b, 0x32, 0x3b, 0x32, 0x35, 0x35, 0x3b, 0x32, 0x35, 0x35, 0x3b, 0x32, 0x35, 
    0x35, 0x6d, 0x4d, 0x1b, 0x5b, 0x30, 0x6d, 0x1b, 0x5b, 0x33, 0x38, 0x3b, 0x32, 0x3b, 0x32, 0x35, 
    0x35, 0x3b, 0x32, 0x35, 0x35, 0x3b, 0x32, 0x35, 0x35, 0x6d, 0x4d, 0x1b, 0x5b, 0x30, 0x6d, 0x1b, 
    0x5b, 0x33, 0x38, 0x3b, 0x32, 0x3b, 0x32, 0x35, 0x35, 0x3b, 0x32, 0x35, 0x35, 0x3b, 0x32, 0x35, 
    0x35, 0x6d, 0x4d, 0x1b, 0x5b, 0x30, 0x6d, 0x1b, 0x5b, 0x33, 0x38, 0x3b, 0x32, 0x3b, 0x31, 0x32, 
    0x38, 0x3b, 0x31, 0x32, 0x38, 0x3b, 0x31, 0x32, 0x38, 0x6d, 0x6c, 0x1b, 0x5b, 0x30, 0x6d, 0x1b, 
    0x5b, 0x33, 0x38, 0x3b, 0x32, 0x3b, 0x30, 0x3b, 0x30, 0x3b, 0x30, 0x6d, 0x20, 0x1b, 0x5b, 0x30, 
    0x6d, 0x1b, 0x5b, 0x33, 0x38, 0x3b, 0x32, 0x3b, 0x30, 0x3b, 0x30, 0x3b, 0x30, 0x6d, 0x20, 0x1b, 
    0x5b, 0x30, 0x6d, 0x1b, 0x5b, 0x33, 0x38, 0x3b, 0x32, 0x3b, 0x30, 0x3b, 0x30, 0x3b, 0x30, 0x6d, 
    0x20, 0x1b, 0x5b, 0x30, 0x6d, 0x1b, 0x5b, 0x33, 0x38, 0x3b, 0x32, 0x3b, 0x30, 0x3b, 0x30, 0x3b, 
    0x30, 0x6d, 0x20, 0x1b, 0x5b, 0x30, 0x6d, 0x1b, 0x5b, 0x33, 0x38, 0x3b, 0x32, 0x3b, 0x35, 0x31, 
    0x3b, 0x35, 0x31, 0x3b, 0x35, 0x31, 0x6d, 0x2e, 0x1b, 0x5b, 0x30, 0x6d, 0x1b, 0x5b, 0x33, 0x38, 
    0x3b, 0x32, 0x3b, 0x35, 0x31, 0x3b, 0x35, 0x31, 0x3b, 0x35, 0x31, 0x6d, 0x2e, 0x1b, 0x5b, 0x30, 
    0x6d, 0x1b, 0x5b, 0x33, 0x38, 0x3b, 0x32, 0x3b, 0x32, 0x35, 0x35, 0x3b, 0x32, 0x35, 0x35, 0x3b, 
    0x32, 0x35, 0x35, 0x6d, 0x4d, 0x1b, 0x5b, 0x30, 0x6d, 0x1b, 0x5b, 0x33, 0x38, 0x3b, 0x32, 0x3b, 
    0x32, 0x35, 0x35, 0x3b, 0x32, 0x35, 0x35, 0x3b, 0x32, 0x35, 0x35, 0x6d, 0x4d, 0x1b, 0x5b, 0x30, 
    0x6d, 0x1b, 0x5b, 0x33, 0x38, 0x3b, 0x32, 0x3b, 0x32, 0x35, 0x35, 0x3b, 0x32, 0x35, 0x35, 0x3b, 
    0x32, 0x35, 0x35, 0x6d, 0x4d, 0x1b, 0x5b, 0x30, 0x6d, 0x1b, 0x5b, 0x33, 0x38, 0x3b, 0x32, 0x3b, 
    0x32, 0x35, 0x35, 0x3b, 0x32, 0x35, 0x35, 0x3b, 0x32, 0x35, 0x35, 0x6d, 0x4d, 0x1b, 0x5b, 0x30, 
    0x6d, 0x1b, 0x5b, 0x33, 0x38, 0x3b, 0x32, 0x3b, 0x32, 0x35, 0x35, 0x3b, 0x32, 0x35, 0x35, 0x3b, 
    0x32, 0x35, 0x35, 0x6d, 0x4d, 0x1b, 0x5b, 0x30, 0x6d, 0x1b, 0x5b, 0x33, 0x38, 0x3b, 0x32, 0x3b, 
    0x32, 0x35, 0x35, 0x3b, 0x32, 0x35, 0x35, 0x3b, 0x32, 0x35, 0x35, 0x6d, 0x4d, 0x1b, 0x5b, 0x30, 
    0x6d, 0x1b, 0x5b, 0x33, 0x38, 0x3b, 0x32, 0x3b, 0x32, 0x35, 0x35, 0x3b, 0x32, 0x35, 0x35, 0x3b, 
    0x32, 0x35, 0x35, 0x6d, 0x4d, 0x1b, 0x5b, 0x30, 0x6d, 0x1b, 0x5b, 0x33, 0x38, 0x3b, 0x32, 0x3b, 
    0x35, 0x31, 0x3b, 0x35, 0x31, 0x3b, 0x35, 0x31, 0x6d, 0x2e, 0x1b, 0x5b, 0x30, 0x6d, 0x1b, 0x5b, 
    0x33, 0x38, 0x3b, 0x32, 0x3b, 0x35, 0x31, 0x3b, 0x35, 0x31, 0x3b, 0x35, 0x31, 0x6d, 0x2e, 0x1b, 
    0x5b, 0x30, 0x6d, 0x1b, 0x5b, 0x33, 0x38, 0x3b, 0x32, 0x3b, 0x31, 0x32, 0x38, 0x3b, 0x31, 0x32, 
    0x38, 0x3b, 0x31, 0x32, 0x38, 0x6d, 0x6c, 0x1b, 0x5b, 0x30, 0x6d, 0x1b, 0x5b, 0x33, 0x38, 0x3b, 
    0x32, 0x3b, 0x32, 0x30, 0x34, 0x3b, 0x32, 0x30, 0x34, 0x3b, 0x32, 0x30, 0x34, 0x6d, 0x4b, 0x1b, 
    0x5b, 0x30, 0x6d, 0x1b, 0x5b, 0x33, 0x38, 0x3b, 0x32, 0x3b, 0x32, 0x33, 0x30, 0x3b, 0x32, 0x33, 
    0x30, 0x3b, 0x32, 0x33, 0x30, 0x6d, 0x4e, 0x1b, 0x5b, 0x30, 0x6d, 0x1b, 0x5b, 0x33, 0x38, 0x3b, 
    0x32, 0x3b, 0x32, 0x35, 0x35, 0x3b, 0x32, 0x35, 0x35, 0x3b, 0x32, 0x35, 0x35, 0x6d, 0x4d, 0x1b, 
    0x5b, 0x30, 0x6d, 0x1b, 0x5b, 0x33, 0x38, 0x3b, 0x32, 0x3b, 0x32, 0x35, 0x35, 0x3b, 0x32, 0x35, 
    0x35, 0x3b, 0x32, 0x35, 0x35, 0x6d, 0x4d, 0x1b, 0x5b, 0x30, 0x6d, 0x1b, 0x5b, 0x33, 0x38, 0x3b, 
    0x32, 0x3b, 0x35, 0x31, 0x3b, 0x35, 0x31, 0x3b, 0x35, 0x31, 0x6d, 0x2e, 0x1b, 0x5b, 0x30, 0x6d, 
    0x1b, 0x5b, 0x33, 0x38, 0x3b, 0x32, 0x3b, 0x35, 0x31, 0x3b, 0x35, 0x31, 0x3b, 0x35, 0x31, 0x6d, 
    0x2e, 0x1b, 0x5b, 0x30, 0x6d, 0x1b, 0x5b, 0x33, 0x38, 0x3b, 0x32, 0x3b, 0x30, 0x3b, 0x30, 0x3b, 
    0x30, 0x6d, 0x20, 0x1b, 0x5b, 0x30, 0x6d, 0x1b, 0x5b, 0x33, 0x38, 0x3b, 0x32, 0x3b, 0x30, 0x3b, 
    0x30, 0x3b, 0x30, 0x6d, 0x20, 0x1b, 0x5b, 0x30, 0x6d, 0x1b, 0x5b, 0x33, 0x38, 0x3b, 0x32, 0x3b, 
    0x30, 0x3b, 0x30, 0x3b, 0x30, 0x6d, 0x20, 0x1b, 0x5b, 0x30, 0x6d, 0x1b, 0x5b, 0x33, 0x38, 0x3b, 
    0x32, 0x3b, 0x30, 0x3b, 0x30, 0x3b, 0x30, 0x6d, 0x20, 0x1b, 0x5b, 0x30, 0x6d, 0x1b, 0x5b, 0x33, 
    0x38, 0x3b, 0x32, 0x3b, 0x30, 0x3b, 0x30, 0x3b, 0x30, 0x6d, 0x20, 0x1b, 0x5b, 0x30, 0x6d, 0x1b, 
    0x5b, 0x33, 0x38, 0x3b, 0x32, 0x3b, 0x30, 0x3b, 0x30, 0x3b, 0x30, 0x6d, 0x20, 0x1b, 0x5b, 0x30, 
    0x6d, 0x1b, 0x5b, 0x33, 0x38, 0x3b, 0x32, 0x3b, 0x30, 0x3b, 0x30, 0x3b, 0x30, 0x6d, 0x20, 0x1b, 
    0x5b, 0x30, 0x6d, 0x1b, 0x5b, 0x33, 0x38, 0x3b, 0x32, 0x3b, 0x30, 0x3b, 0x30, 0x3b, 0x30, 0x6d, 
    0x20, 0x1b, 0x5b, 0x30, 0x6d, 0x1b, 0x5b, 0x33, 0x38, 0x3b, 0x32, 0x3b, 0x30, 0x3b, 0x30, 0x3b, 
    0x30, 0x6d, 0x20, 0x1b, 0x5b, 0x30, 0x6d, 0x1b, 0x5b, 0x33, 0x38, 0x3b, 0x32, 0x3b, 0x31, 0x30, 
    0x32, 0x3b, 0x31, 0x30, 0x32, 0x3b, 0x31, 0x30, 0x32, 0x6d, 0x3a, 0x1b, 0x5b, 0x30, 0x6d, 0x1b, 
    0x5b, 0x33, 0x38, 0x3b, 0x32, 0x3b, 0x32, 0x30, 0x34, 0x3b, 0x32, 0x30, 0x34, 0x3b, 0x32, 0x30, 
    0x34, 0x6d, 0x4b, 0x1b, 0x5b, 0x30, 0x6d, 0x1b, 0x5b, 0x33, 0x38, 0x3b, 0x32, 0x3b, 0x32, 0x33, 
    0x30, 0x3b, 0x32, 0x33, 0x30, 0x3b, 0x32, 0x33, 0x30, 0x6d, 0x4e, 0x1b, 0x5b, 0x30, 0x6d, 0x1b, 
    0x5b, 0x33, 0x38, 0x3b, 0x32, 0x3b, 0x32, 0x35, 0x35, 0x3b, 0x32, 0x35, 0x35, 0x3b, 0x32, 0x35, 
    0x35, 0x6d, 0x4d, 0x1b, 0x5b, 0x30, 0x6d, 0x1b, 0x5b, 0x33, 0x38, 0x3b, 0x32, 0x3b, 0x32, 0x35, 
    0x35, 0x3b, 0x32, 0x35, 0x35, 0x3b, 0x32, 0x35, 0x35, 0x6d, 0x4d, 0x1b, 0x5b, 0x30, 0x6d, 0x1b, 
    0x5b, 0x33, 0x38, 0x3b, 0x32, 0x3b, 0x32, 0x35, 0x35, 0x3b, 0x32, 0x35, 0x35, 0x3b, 0x32, 0x35, 
    0x35, 0x6d, 0x4d, 0x1b, 0x5b, 0x30, 0x6d, 0x1b, 0x5b, 0x33, 0x38, 0x3b, 0x32, 0x3b, 0x32, 0x35, 
    0x35, 0x3b, 0x32, 0x35, 0x35, 0x3b, 0x32, 0x35, 0x35, 0x6d, 0x4d, 0x1b, 0x5b, 0x30, 0x6d, 0x1b, 
    0x5b, 0x33, 0x38, 0x3b, 0x32, 0x3b, 0x32, 0x35, 0x35, 0x3b, 0x32, 0x35, 0x35, 0x3b, 0x32, 0x35, 
    0x35, 0x6d, 0x4d, 0x1b, 0x5b, 0x30, 0x6d, 0x1b, 0x5b, 0x33, 0x38, 0x3b, 0x32, 0x3b, 0x32, 0x35, 
    0x35, 0x3b, 0x32, 0x35, 0x35, 0x3b, 0x32, 0x35, 0x35, 0x6d, 0x4d, 0x1b, 0x5b, 0x30, 0x6d, 0x0a, 
    0x1b, 0x5b, 0x30, 0x6d, 0x1b, 0x5b, 0x33, 0x38, 0x3b, 0x32, 0x3b, 0x32, 0x35, 0x35, 0x3b, 0x32, 
    0x35, 0x35, 0x3b, 0x32, 0x35, 0x35, 0x6d, 0x4d, 0x1b, 0x5b, 0x30, 0x6d, 0x1b, 0x5b, 0x33, 0x38, 
    0x3b, 0x32, 0x3b, 0x32, 0x35, 0x35, 0x3b, 0x32, 0x35, 0x35, 0x3b, 0x32, 0x35, 0x35, 0x6d, 0x4d, 
    0x1b, 0x5b, 0x30, 0x6d, 0x1b, 0x5b, 0x33, 0x38, 0x3b, 0x32, 0x3b, 0x32, 0x35, 0x35, 0x3b, 0x32, 
    0x35, 0x35, 0x3b, 0x32, 0x35, 0x35, 0x6d, 0x4d, 0x1b, 0x5b, 0x30, 0x6d, 0x1b, 0x5b, 0x33, 0x38, 
    0x3b, 0x32, 0x3b, 0x32, 0x35, 0x35, 0x3b, 0x32, 0x35, 0x35, 0x3b, 0x32, 0x35, 0x35, 0x6d, 0x4d, 
    0x1b, 0x5b, 0x30, 0x6d, 0x1b, 0x5b, 0x33, 0x38, 0x3b, 0x32, 0x3b, 0x32, 0x35, 0x35, 0x3b, 0x32, 
    0x35, 0x35, 0x3b, 0x32, 0x35, 0x35, 0x6d, 0x4d, 0x1b, 0x5b, 0x30, 0x6d, 0x1b, 0x5b, 0x33, 0x38, 
    0x3b, 0x32, 0x3b, 0x32, 0x35, 0x35, 0x3b, 0x32, 0x35, 0x35, 0x3b, 0x32, 0x35, 0x35, 0x6d, 0x4d, 
    0x1b, 0x5b, 0x30, 0x6d, 0x1b, 0x5b, 0x33, 0x38, 0x3b, 0x32, 0x3b, 0x32, 0x35, 0x35, 0x3b, 0x32, 
    0x35, 0x35, 0x3b, 0x32, 0x35, 0x35, 0x6d, 0x4d, 0x1b, 0x5b, 0x30, 0x6d, 0x1b, 0x5b, 0x33, 0x38, 
    0x3b, 0x32, 0x3b, 0x32, 0x35, 0x35, 0x3b, 0x32, 0x35, 0x35, 0x3b, 0x32, 0x35, 0x35, 0x6d, 0x4d, 
    0x1b, 0x5b, 0x30, 0x6d, 0x1b, 0x5b, 0x33, 0x38, 0x3b, 0x32, 0x3b, 0x32, 0x35, 0x35, 0x3b, 0x32, 
    0x35, 0x35, 0x3b, 0x32, 0x35, 0x35, 0x6d, 0x4d, 0x1b, 0x5b, 0x30, 0x6d, 0x1b, 0x5b, 0x33, 0x38, 
    0x3b, 0x32, 0x3b, 0x36, 0x34, 0x3b, 0x36, 0x34, 0x3b, 0x36, 0x34, 0x6d, 0x27, 0x1b, 0x5b, 0x30, 
    0x6d, 0x1b, 0x5b, 0x33, 0x38, 0x3b, 0x32, 0x3b, 0x36, 0x34, 0x3b, 0x36, 0x34, 0x3b, 0x36, 0x34, 
    0x6d, 0x27, 0x1b, 0x5b, 0x30, 0x6d, 0x1b, 0x5b, 0x33, 0x38, 0x3b, 0x32, 0x3b, 0x33, 0x32, 0x3b, 
    0x33, 0x32, 0x3b, 0x33, 0x32, 0x6d, 0x2e, 0x1b, 0x5b, 0x30, 0x6d, 0x1b, 0x5b, 0x33, 0x38, 0x3b, 
    0x32, 0x3b, 0x30, 0x3b, 0x30, 0x3b, 0x30, 0x6d, 0x20, 0x1b, 0x5b, 0x30, 0x6d, 0x1b, 0x5b, 0x33, 
    0x38, 0x3b, 0x32, 0x3b, 0x39, 0x36, 0x3b, 0x39, 0x36, 0x3b, 0x39, 0x36, 0x6d, 0x3b, 0x1b, 0x5b, 
    0x30, 0x6d, 0x1b, 0x5b, 0x33, 0x38, 0x3b, 0x32, 0x3b, 0x31, 0x39, 0x31, 0x3b, 0x31, 0x39, 0x31, 
    0x3b, 0x31, 0x39, 0x31, 0x6d, 0x30, 0x1b, 0x5b, 0x30, 0x6d, 0x1b, 0x5b, 0x33, 0x38, 0x3b, 0x32, 
    0x3b, 0x31, 0x39, 0x31, 0x3b, 0x31, 0x39, 0x31, 0x3b, 0x31, 0x39, 0x31, 0x6d, 0x30, 0x1b, 0x5b, 
    0x30, 0x6d, 0x1b, 0x5b, 0x33, 0x38, 0x3b, 0x32, 0x3b, 0x30, 0x3b, 0x30, 0x3b, 0x30, 0x6d, 0x20, 
    0x1b, 0x5b, 0x30, 0x6d, 0x1b, 0x5b, 0x33, 0x38, 0x3b, 0x32, 0x3b, 0x30, 0x3b, 0x30, 0x3b, 0x30, 
    0x6d, 0x20, 0x1b, 0x5b, 0x30, 0x6d, 0x1b, 0x5b, 0x33, 0x38, 0x3b, 0x32, 0x3b, 0x36, 0x34, 0x3b, 
    0x36, 0x34, 0x3b, 0x36, 0x34, 0x6d, 0x27, 0x1b, 0x5b, 0x30, 0x6d, 0x1b, 0x5b, 0x33, 0x38, 0x3b, 
    0x32, 0x3b, 0x36, 0x34, 0x3b, 0x36, 0x34, 0x3b, 0x36, 0x34, 0x6d, 0x27, 0x1b, 0x5b, 0x30, 0x6d, 
    0x1b, 0x5b, 0x33, 0x38, 0x3b, 0x32, 0x3b, 0x31, 0x35, 0x39, 0x3b, 0x31, 0x35, 0x39, 0x3b, 0x31, 
    0x35, 0x39, 0x6d, 0x78, 0x1b, 0x5b, 0x30, 0x6d, 0x1b, 0x5b, 0x33, 0x38, 0x3b, 0x32, 0x3b, 0x32, 
    0x35, 0x35, 0x3b, 0x32, 0x35, 0x35, 0x3b, 0x32, 0x35, 0x35, 0x6d, 0x4d, 0x1b, 0x5b, 0x30, 0x6d, 
    0x1b, 0x5b, 0x33, 0x38, 0x3b, 0x32, 0x3b, 0x32, 0x35, 0x35, 0x3b, 0x32, 0x35, 0x35, 0x3b, 0x32, 
    0x35, 0x35, 0x6d, 0x4d, 0x1b, 0x5b, 0x30, 0x6d, 0x1b, 0x5b, 0x33, 0x38, 0x3b, 0x32, 0x3b, 0x30, 
    0x3b, 0x30, 0x3b, 0x30, 0x6d, 0x20, 0x1b, 0x5b, 0x30, 0x6d, 0x1b, 0x5b, 0x33, 0x38, 0x3b, 0x32, 
    0x3b, 0x30, 0x3b, 0x30, 0x3b, 0x30, 0x6d, 0x20, 0x1b, 0x5b, 0x30, 0x6d, 0x1b, 0x5b, 0x33, 0x38, 
    0x3b, 0x32, 0x3b, 0x32, 0x35, 0x35, 0x3b, 0x32, 0x35, 0x35, 0x3b, 0x32, 0x35, 0x35, 0x6d, 0x4d, 
    0x1b, 0x5b, 0x30, 0x6d, 0x1b, 0x5b, 0x33, 0x38, 0x3b, 0x32, 0x3b, 0x32, 0x35, 0x35, 0x3b, 0x32, 
    0x35, 0x35, 0x3b, 0x32, 0x35, 0x35, 0x6d, 0x4d, 0x1b, 0x5b, 0x30, 0x6d, 0x1b, 0x5b, 0x33, 0x38, 
    0x3b, 0x32, 0x3b, 0x32, 0x35, 0x35, 0x3b, 0x32, 0x35, 0x35, 0x3b, 0x32, 0x35, 0x35, 0x6d, 0x4d, 
    0x1b, 0x5b, 0x30, 0x6d, 0x1b, 0x5b, 0x33, 0x38, 0x3b, 0x32, 0x3b, 0x32, 0x35, 0x35, 0x3b, 0x32, 
    0x35, 0x35, 0x3b, 0x32, 0x35, 0x35, 0x6d, 0x4d, 0x1b, 0x5b, 0x30, 0x6d, 0x1b, 0x5b, 0x33, 0x38, 
    0x3b, 0x32, 0x3b, 0x32, 0x35, 0x35, 0x3b, 0x32, 0x35, 0x35, 0x3b, 0x32, 0x35, 0x35, 0x6d, 0x4d, 
    0x1b, 0x5b, 0x30, 0x6d, 0x1b, 0x5b, 0x33, 0x38, 0x3b, 0x32, 0x3b, 0x32, 0x35, 0x35, 0x3b, 0x32, 
    0x35, 0x35, 0x3b, 0x32, 0x35, 0x35, 0x6d, 0x4d, 0x1b, 0x5b, 0x30, 0x6d, 0x1b, 0x5b, 0x33, 0x38, 
    0x3b, 0x32, 0x3b, 0x32, 0x35, 0x35, 0x3b, 0x32, 0x35, 0x35, 0x3b, 0x32, 0x35, 0x35, 0x6d, 0x4d, 
    0x1b, 0x5b, 0x30, 0x6d, 0x1b, 0x5b, 0x33, 0x38, 0x3b, 0x32, 0x3b, 0x32, 0x35, 0x35, 0x3b, 0x32, 
    0x35, 0x35, 0x3b, 0x32, 0x35, 0x35, 0x6d, 0x4d, 0x1b, 0x5b, 0x30, 0x6d, 0x1b, 0x5b, 0x33, 0x38, 
    0x3b, 0x32, 0x3b, 0x32, 0x35, 0x35, 0x3b, 0x32, 0x35, 0x35, 0x3b, 0x32, 0x35, 0x35, 0x6d, 0x4d, 
    0x1b, 0x5b, 0x30, 0x6d, 0x1b, 0x5b, 0x33, 0x38, 0x3b, 0x32, 0x3b, 0x30, 0x3b, 0x30, 0x3b, 0x30, 
    0x6d, 0x20, 0x1b, 0x5b, 0x30, 0x6d, 0x1b, 0x5b, 0x33, 0x38, 0x3b, 0x32, 0x3b, 0x30, 0x3b, 0x30, 
    0x3b, 0x30, 0x6d, 0x20, 0x1b, 0x5b, 0x30, 0x6d, 0x1b, 0x5b, 0x33, 0x38, 0x3b, 0x32, 0x3b, 0x31, 
    0x32, 0x38, 0x3b, 0x31, 0x32, 0x38, 0x3b, 0x31, 0x32, 0x38, 0x6d, 0x6c, 0x1b, 0x5b, 0x30, 0x6d, 
    0x1b, 0x5b, 0x33, 0x38, 0x3b, 0x32, 0x3b, 0x32, 0x35, 0x35, 0x3b, 0x32, 0x35, 0x35, 0x3b, 0x32, 
    0x35, 0x35, 0x6d, 0x4d, 0x1b, 0x5b, 0x30, 0x6d, 0x1b, 0x5b, 0x33, 0x38, 0x3b, 0x32, 0x3b, 0x32, 
    0x35, 0x35, 0x3b, 0x32, 0x35, 0x35, 0x3b, 0x32, 0x35, 0x35, 0x6d, 0x4d, 0x1b, 0x5b, 0x30, 0x6d, 
    0x1b, 0x5b, 0x33, 0x38, 0x3b, 0x32, 0x3b, 0x30, 0x3b, 0x30, 0x3b, 0x30, 0x6d, 0x20, 0x1b, 0x5b, 
    0x30, 0x6d, 0x1b, 0x5b, 0x33, 0x38, 0x3b, 0x32, 0x3b, 0x30, 0x3b, 0x30, 0x3b, 0x30, 0x6d, 0x20, 
    0x1b, 0x5b, 0x30, 0x6d, 0x1b, 0x5b, 0x33, 0x38, 0x3b, 0x32, 0x3b, 0x31, 0x39, 0x31, 0x3b, 0x31, 
    0x39, 0x31, 0x3b, 0x31, 0x39, 0x31, 0x6d, 0x30, 0x1b, 0x5b, 0x30, 0x6d, 0x1b, 0x5b, 0x33, 0x38, 
    0x3b, 0x32, 0x3b, 0x31, 0x39, 0x31, 0x3b, 0x31, 0x39, 0x31, 0x3b, 0x31, 0x39, 0x31, 0x6d, 0x30, 
    0x1b, 0x5b, 0x30, 0x6d, 0x1b, 0x5b, 0x33, 0x38, 0x3b, 0x32, 0x3b, 0x31, 0x39, 0x31, 0x3b, 0x31, 
    0x39, 0x31, 0x3b, 0x31, 0x39, 0x31, 0x6d, 0x30, 0x1b, 0x5b, 0x30, 0x6d, 0x1b, 0x5b, 0x33, 0x38, 
    0x3b, 0x32, 0x3b, 0x31, 0x39, 0x31, 0x3b, 0x31, 0x39, 0x31, 0x3b, 0x31, 0x39, 0x31, 0x6d, 0x30, 
    0x1b, 0x5b, 0x30, 0x6d, 0x1b, 0x5b, 0x33, 0x38, 0x3b, 0x32, 0x3b, 0x31, 0x32, 0x38, 0x3b, 0x31, 
    0x32, 0x38, 0x3b, 0x31, 0x32, 0x38, 0x6d, 0x6c, 0x1b, 0x5b, 0x30, 0x6d, 0x1b, 0x5b, 0x33, 0x38, 
    0x3b, 0x32, 0x3b, 0x36, 0x34, 0x3b, 0x36, 0x34, 0x3b, 0x36, 0x34, 0x6d, 0x27, 0x1b, 0x5b, 0x30, 
    0x6d, 0x1b, 0x5b, 0x33, 0x38, 0x3b, 0x32, 0x3b, 0x36, 0x34, 0x3b, 0x36, 0x34, 0x3b, 0x36, 0x34, 
    0x6d, 0x27, 0x1b, 0x5b, 0x30, 0x6d, 0x1b, 0x5b, 0x33, 0x38, 0x3b, 0x32, 0x3b, 0x31, 0x39, 0x31, 
    0x3b, 0x31, 0x39, 0x31, 0x3b, 0x31, 0x39, 0x31, 0x6d, 0x30, 0x1b, 0x5b, 0x30, 0x6d, 0x1b, 0x5b, 
    0x33, 0x38, 0x3b, 0x32, 0x3b, 0x31, 0x39, 0x31, 0x3b, 0x31, 0x39, 0x31, 0x3b, 0x31, 0x39, 0x31, 
    0x6d, 0x30, 0x1b, 0x5b, 0x30, 0x6d, 0x1b, 0x5b, 0x33, 0x38, 0x3b, 0x32, 0x3b, 0x32, 0x35, 0x35, 
    0x3b, 0x32, 0x35, 0x35, 0x3b, 0x32, 0x35, 0x35, 0x6d, 0x4d, 0x1b, 0x5b, 0x30, 0x6d, 0x1b, 0x5b, 
    0x33, 0x38, 0x3b, 0x32, 0x3b, 0x32, 0x35, 0x35, 0x3b, 0x32, 0x35, 0x35, 0x3b, 0x32, 0x35, 0x35, 
    0x6d, 0x4d, 0x1b, 0x5b, 0x30, 0x6d, 0x1b, 0x5b, 0x33, 0x38, 0x3b, 0x32, 0x3b, 0x32, 0x35, 0x35, 
    0x3b, 0x32, 0x35, 0x35, 0x3b, 0x32, 0x35, 0x35, 0x6d, 0x4d, 0x1b, 0x5b, 0x30, 0x6d, 0x1b, 0x5b, 
    0x33, 0x38, 0x3b, 0x32, 0x3b, 0x32, 0x35, 0x35, 0x3b, 0x32, 0x35, 0x35, 0x3b, 0x32, 0x35, 0x35, 
    0x6d, 0x4d, 0x1b, 0x5b, 0x30, 0x6d, 0x1b, 0x5b, 0x33, 0x38, 0x3b, 0x32, 0x3b, 0x32, 0x35, 0x35, 
    0x3b, 0x32, 0x35, 0x35, 0x3b, 0x32, 0x35, 0x35, 0x6d, 0x4d, 0x1b, 0x5b, 0x30, 0x6d, 0x1b, 0x5b, 
    0x33, 0x38, 0x3b, 0x32, 0x3b, 0x36, 0x34, 0x3b, 0x36, 0x34, 0x3b, 0x36, 0x34, 0x6d, 0x27, 0x1b, 
    0x5b, 0x30, 0x6d, 0x1b, 0x5b, 0x33, 0x38, 0x3b, 0x32, 0x3b, 0x36, 0x34, 0x3b, 0x36, 0x34, 0x3b, 
    0x36, 0x34, 0x6d, 0x27, 0x1b, 0x5b, 0x30, 0x6d, 0x1b, 0x5b, 0x33, 0x38, 0x3b, 0x32, 0x3b, 0x36, 
    0x34, 0x3b, 0x36, 0x34, 0x3b, 0x36, 0x34, 0x6d, 0x27, 0x1b, 0x5b, 0x30, 0x6d, 0x1b, 0x5b, 0x33, 
    0x38, 0x3b, 0x32, 0x3b, 0x36, 0x34, 0x3b, 0x36, 0x34, 0x3b, 0x36, 0x34, 0x6d, 0x27, 0x1b, 0x5b, 
    0x30, 0x6d, 0x1b, 0x5b, 0x33, 0x38, 0x3b, 0x32, 0x3b, 0x31, 0x32, 0x38, 0x3b, 0x31, 0x32, 0x38, 
    0x3b, 0x31, 0x32, 0x38, 0x6d, 0x6c, 0x1b, 0x5b, 0x30, 0x6d, 0x1b, 0x5b, 0x33, 0x38, 0x3b, 0x32, 
    0x3b, 0x31, 0x39, 0x31, 0x3b, 0x31, 0x39, 0x31, 0x3b, 0x31, 0x39, 0x31, 0x6d, 0x30, 0x1b, 0x5b, 
    0x30, 0x6d, 0x1b, 0x5b, 0x33, 0x38, 0x3b, 0x32, 0x3b, 0x39, 0x36, 0x3b, 0x39, 0x36, 0x3b, 0x39, 
    0x36, 0x6d, 0x3b, 0x1b, 0x5b, 0x30, 0x6d, 0x1b, 0x5b, 0x33, 0x38, 0x3b, 0x32, 0x3b, 0x30, 0x3b, 
    0x30, 0x3b, 0x30, 0x6d, 0x20, 0x1b, 0x5b, 0x30, 0x6d, 0x1b, 0x5b, 0x33, 0x38, 0x3b, 0x32, 0x3b, 
    0x30, 0x3b, 0x30, 0x3b, 0x30, 0x6d, 0x20, 0x1b, 0x5b, 0x30, 0x6d, 0x1b, 0x5b, 0x33, 0x38, 0x3b, 
    0x32, 0x3b, 0x30, 0x3b, 0x30, 0x3b, 0x30, 0x6d, 0x20, 0x1b, 0x5b, 0x30, 0x6d, 0x1b, 0x5b, 0x33, 
    0x38, 0x3b, 0x32, 0x3b, 0x30, 0x3b, 0x30, 0x3b, 0x30, 0x6d, 0x20, 0x1b, 0x5b, 0x30, 0x6d, 0x1b, 
    0x5b, 0x33, 0x38, 0x3b, 0x32, 0x3b, 0x36, 0x34, 0x3b, 0x36, 0x34, 0x3b, 0x36, 0x34, 0x6d, 0x27, 
    0x1b, 0x5b, 0x30, 0x6d, 0x1b, 0x5b, 0x33, 0x38, 0x3b, 0x32, 0x3b, 0x36, 0x34, 0x3b, 0x36, 0x34, 
    0x3b, 0x36, 0x34, 0x6d, 0x27, 0x1b, 0x5b, 0x30, 0x6d, 0x1b, 0x5b, 0x33, 0x38, 0x3b, 0x32, 0x3b, 
    0x31, 0x35, 0x39, 0x3b, 0x31, 0x35, 0x39, 0x3b, 0x31, 0x35, 0x39, 0x6d, 0x78, 0x1b, 0x5b, 0x30, 
    0x6d, 0x1b, 0x5b, 0x33, 0x38, 0x3b, 0x32, 0x3b, 0x32, 0x35, 0x35, 0x3b, 0x32, 0x35, 0x35, 0x3b, 
    0x32, 0x35, 0x35, 0x6d, 0x4d, 0x1b, 0x5b, 0x30, 0x6d, 0x1b, 0x5b, 0x33, 0x38, 0x3b, 0x32, 0x3b, 
    0x32, 0x35, 0x35, 0x3b, 0x32, 0x35, 0x35, 0x3b, 0x32, 0x35, 0x35, 0x6d, 0x4d, 0x1b, 0x5b, 0x30, 
    0x6d, 0x1b, 0x5b, 0x33, 0x38, 0x3b, 0x32, 0x3b, 0x32, 0x35, 0x35, 0x3b, 0x32, 0x35, 0x35, 0x3b, 
    0x32, 0x35, 0x35, 0x6d, 0x4d, 0x1b, 0x5b, 0x30, 0x6d, 0x1b, 0x5b, 0x33, 0x38, 0x3b, 0x32, 0x3b, 
    0x32, 0x35, 0x35, 0x3b, 0x32, 0x35, 0x35, 0x3b, 0x32, 0x35, 0x35, 0x6d, 0x4d, 0x1b, 0x5b, 0x30, 
    0x6d, 0x1b, 0x5b, 0x33, 0x38, 0x3b, 0x32, 0x3b, 0x30, 0x3b, 0x30, 0x3b, 0x30, 0x6d, 0x20, 0x1b, 
    0x5b, 0x30, 0x6d, 0x1b, 0x5b, 0x33, 0x38, 0x3b, 0x32, 0x3b, 0x30, 0x3b, 0x30, 0x3b, 0x30, 0x6d, 
    0x20, 0x1b, 0x5b, 0x30, 0x6d, 0x1b, 0x5b, 0x33, 0x38, 0x3b, 0x32, 0x3b, 0x31, 0x32, 0x38, 0x3b, 
    0x31, 0x32, 0x38, 0x3b, 0x31, 0x32, 0x38, 0x6d, 0x6c, 0x1b, 0x5b, 0x30, 0x6d, 0x1b, 0x5b, 0x33, 
    0x38, 0x3b, 0x32, 0x3b, 0x32, 0x35, 0x35, 0x3b, 0x32, 0x35, 0x35, 0x3b, 0x32, 0x35, 0x35, 0x6d, 
    0x4d, 0x1b, 0x5b, 0x30, 0x6d, 0x1b, 0x5b, 0x33, 0x38, 0x3b, 0x32, 0x3b, 0x31, 0x35, 0x39, 0x3b, 
    0x31, 0x35, 0x39, 0x3b, 0x31, 0x35, 0x39, 0x6d, 0x78, 0x1b, 0x5b, 0x30, 0x6d, 0x1b, 0x5b, 0x33, 
    0x38, 0x3b, 0x32, 0x3b, 0x36, 0x34, 0x3b, 0x36, 0x34, 0x3b, 0x36, 0x34, 0x6d, 0x27, 0x1b, 0x5b, 
    0x30, 0x6d, 0x1b, 0x5b, 0x33, 0x38, 0x3b, 0x32, 0x3b, 0x36, 0x34, 0x3b, 0x36, 0x34, 0x3b, 0x36, 
    0x34, 0x6d, 0x27, 0x1b, 0x5b, 0x30, 0x6d, 0x1b, 0x5b, 0x33, 0x38, 0x3b, 0x32, 0x3b, 0x30, 0x3b, 
    0x30, 0x3b, 0x30, 0x6d, 0x20, 0x1b, 0x5b, 0x30, 0x6d, 0x1b, 0x5b, 0x33, 0x38, 0x3b, 0x32, 0x3b, 
    0x30, 0x3b, 0x30, 0x3b, 0x30, 0x6d, 0x20, 0x1b, 0x5b, 0x30, 0x6d, 0x1b, 0x5b, 0x33, 0x38, 0x3b, 
    0x32, 0x3b, 0x30, 0x3b, 0x30, 0x3b, 0x30, 0x6d, 0x20, 0x1b, 0x5b, 0x30, 0x6d, 0x1b, 0x5b, 0x33, 
    0x38, 0x3b, 0x32, 0x3b, 0x30, 0x3b, 0x30, 0x3b, 0x30, 0x6d, 0x20, 0x1b, 0x5b, 0x30, 0x6d, 0x1b, 
    0x5b, 0x33, 0x38, 0x3b, 0x32, 0x3b, 0x30, 0x3b, 0x30, 0x3b, 0x30, 0x6d, 0x20, 0x1b, 0x5b, 0x30, 
    0x6d, 0x1b, 0x5b, 0x33, 0x38, 0x3b, 0x32, 0x3b, 0x30, 0x3b, 0x30, 0x3b, 0x30, 0x6d, 0x20, 0x1b, 
    0x5b, 0x30, 0x6d, 0x1b, 0x5b, 0x33, 0x38, 0x3b, 0x32, 0x3b, 0x30, 0x3b, 0x30, 0x3b, 0x30, 0x6d, 
    0x20, 0x1b, 0x5b, 0x30, 0x6d, 0x1b, 0x5b, 0x33, 0x38, 0x3b, 0x32, 0x3b, 0x30, 0x3b, 0x30, 0x3b, 
    0x30, 0x6d, 0x20, 0x1b, 0x5b, 0x30, 0x6d, 0x1b, 0x5b, 0x33, 0x38, 0x3b, 0x32, 0x3b, 0x30, 0x3b, 
    0x30, 0x3b, 0x30, 0x6d, 0x20, 0x1b, 0x5b, 0x30, 0x6d, 0x1b, 0x5b, 0x33, 0x38, 0x3b, 0x32, 0x3b, 
    0x31, 0x39, 0x31, 0x3b, 0x31, 0x39, 0x31, 0x3b, 0x31, 0x39, 0x31, 0x6d, 0x30, 0x1b, 0x5b, 0x30, 
    0x6d, 0x1b, 0x5b, 0x33, 0x38, 0x3b, 0x32, 0x3b, 0x31, 0x39, 0x31, 0x3b, 0x31, 0x39, 0x31, 0x3b, 
    0x31, 0x39, 0x31, 0x6d, 0x30, 0x1b, 0x5b, 0x30, 0x6d, 0x1b, 0x5b, 0x33, 0x38, 0x3b, 0x32, 0x3b, 
    0x32, 0x32, 0x33, 0x3b, 0x32, 0x32, 0x33, 0x3b, 0x32, 0x32, 0x33, 0x6d, 0x58, 0x1b, 0x5b, 0x30, 
    0x6d, 0x1b, 0x5b, 0x33, 0x38, 0x3b, 0x32, 0x3b, 0x32, 0x35, 0x35, 0x3b, 0x32, 0x35, 0x35, 0x3b, 
    0x32, 0x35, 0x35, 0x6d, 0x4d, 0x1b, 0x5b, 0x30, 0x6d, 0x1b, 0x5b, 0x33, 0x38, 0x3b, 0x32, 0x3b, 
    0x32, 0x35, 0x35, 0x3b, 0x32, 0x35, 0x35, 0x3b, 0x32, 0x35, 0x35, 0x6d, 0x4d, 0x1b, 0x5b, 0x30, 
    0x6d, 0x1b, 0x5b, 0x33, 0x38, 0x3b, 0x32, 0x3b, 0x32, 0x35, 0x35, 0x3b, 0x32, 0x35, 0x35, 0x3b, 
    0x32, 0x35, 0x35, 0x6d, 0x4d, 0x1b, 0x5b, 0x30, 0x6d, 0x1b, 0x5b, 0x33, 0x38, 0x3b, 0x32, 0x3b, 
    0x32, 0x35, 0x35, 0x3b, 0x32, 0x35, 0x35, 0x3b, 0x32, 0x35, 0x35, 0x6d, 0x4d, 0x1b, 0x5b, 0x30, 
    0x6d, 0x1b, 0x5b, 0x33, 0x38, 0x3b, 0x32, 0x3b, 0x32, 0x35, 0x35, 0x3b, 0x32, 0x35, 0x35, 0x3b, 
    0x32, 0x35, 0x35, 0x6d, 0x4d, 0x1b, 0x5b, 0x30, 0x6d, 0x1b, 0x5b, 0x33, 0x38, 0x3b, 0x32, 0x3b, 
    0x32, 0x35, 0x35, 0x3b, 0x32, 0x35, 0x35, 0x3b, 0x32, 0x35, 0x35, 0x6d, 0x4d, 0x1b, 0x5b, 0x30, 
    0x6d, 0x1b, 0x5b, 0x33, 0x38, 0x3b, 0x32, 0x3b, 0x32, 0x35, 0x35, 0x3b, 0x32, 0x35, 0x35, 0x3b, 
    0x32, 0x35, 0x35, 0x6d, 0x4d, 0x1b, 0x5b, 0x30, 0x6d, 0x1b, 0x5b, 0x33, 0x38, 0x3b, 0x32, 0x3b, 
    0x32, 0x35, 0x35, 0x3b, 0x32, 0x35, 0x35, 0x3b, 0x32, 0x35, 0x35, 0x6d, 0x4d, 0x1b, 0x5b, 0x30, 
    0x6d, 0x0a, 0x1b, 0x5b, 0x30, 0x6d, 0x1b, 0x5b, 0x33, 0x38, 0x3b, 0x32, 0x3b, 0x32, 0x35, 0x35, 
    0x3b, 0x32, 0x35, 0x35, 0x3b, 0x32, 0x35, 0x35, 0x6d, 0x4d, 0x1b, 0x5b, 0x30, 0x6d, 0x1b, 0x5b, 
    0x33, 0x38, 0x3b, 0x32, 0x3b, 0x32, 0x35, 0x35, 0x3b, 0x32, 0x35, 0x35, 0x3b, 0x32, 0x35, 0x35, 
    0x6d, 0x4d, 0x1b, 0x5b, 0x30, 0x6d, 0x1b, 0x5b, 0x33, 0x38, 0x3b, 0x32, 0x3b, 0x32, 0x35, 0x35, 
    0x3b, 0x32, 0x35, 0x35, 0x3b, 0x32, 0x35, 0x35, 0x6d, 0x4d, 0x1b, 0x5b, 0x30, 0x6d, 0x1b, 0x5b, 
    0x33, 0x38, 0x3b, 0x32, 0x3b, 0x32, 0x35, 0x35, 0x3b, 0x32, 0x35, 0x35, 0x3b, 0x32, 0x35, 0x35, 
    0x6d, 0x4d, 0x1b, 0x5b, 0x30, 0x6d, 0x1b, 0x5b, 0x33, 0x38, 0x3b, 0x32, 0x3b, 0x32, 0x35, 0x35, 
    0x3b, 0x32, 0x35, 0x35, 0x3b, 0x32, 0x35, 0x35, 0x6d, 0x4d, 0x1b, 0x5b, 0x30, 0x6d, 0x1b, 0x5b, 
    0x33, 0x38, 0x3b, 0x32, 0x3b, 0x32, 0x35, 0x35, 0x3b, 0x32, 0x35, 0x35, 0x3b, 0x32, 0x35, 0x35, 
    0x6d, 0x4d, 0x1b, 0x5b, 0x30, 0x6d, 0x1b, 0x5b, 0x33, 0x38, 0x3b, 0x32, 0x3b, 0x32, 0x35, 0x35, 
    0x3b, 0x32, 0x35, 0x35, 0x3b, 0x32, 0x35, 0x35, 0x6d, 0x4d, 0x1b, 0x5b, 0x30, 0x6d, 0x1b, 0x5b, 
    0x33, 0x38, 0x3b, 0x32, 0x3b, 0x32, 0x35, 0x35, 0x3b, 0x32, 0x35, 0x35, 0x3b, 0x32, 0x35, 0x35, 
    0x6d, 0x4d, 0x1b, 0x5b, 0x30, 0x6d, 0x1b, 0x5b, 0x33, 0x38, 0x3b, 0x32, 0x3b, 0x32, 0x35, 0x35, 
    0x3b, 0x32, 0x35, 0x35, 0x3b, 0x32, 0x35, 0x35, 0x6d, 0x4d, 0x1b, 0x5b, 0x30, 0x6d, 0x1b, 0x5b, 
    0x33, 0x38, 0x3b, 0x32, 0x3b, 0x30, 0x3b, 0x30, 0x3b, 0x30, 0x6d, 0x20, 0x1b, 0x5b, 0x30, 0x6d, 
    0x1b, 0x5b, 0x33, 0x38, 0x3b, 0x32, 0x3b, 0x30, 0x3b, 0x30, 0x3b, 0x30, 0x6d, 0x20, 0x1b, 0x5b, 
    0x30, 0x6d, 0x1b, 0x5b, 0x33, 0x38, 0x3b, 0x32, 0x3b, 0x37, 0x37, 0x3b, 0x37, 0x37, 0x3b, 0x37, 
    0x37, 0x6d, 0x2c, 0x1b, 0x5b, 0x30, 0x6d, 0x1b, 0x5b, 0x33, 0x38, 0x3b, 0x32, 0x3b, 0x31, 0x35, 
    0x33, 0x3b, 0x31, 0x35, 0x33, 0x3b, 0x31, 0x35, 0x33, 0x6d, 0x64, 0x1b, 0x5b, 0x30, 0x6d, 0x1b, 
    0x5b, 0x33, 0x38, 0x3b, 0x32, 0x3b, 0x32, 0x30, 0x34, 0x3b, 0x32, 0x30, 0x34, 0x3b, 0x32, 0x30, 
    0x34, 0x6d, 0x4b, 0x1b, 0x5b, 0x30, 0x6d, 0x1b, 0x5b, 0x33, 0x38, 0x3b, 0x32, 0x3b, 0x32, 0x35, 
    0x35, 0x3b, 0x32, 0x35, 0x35, 0x3b, 0x32, 0x35, 0x35, 0x6d, 0x4d, 0x1b, 0x5b, 0x30, 0x6d, 0x1b, 
    0x5b, 0x33, 0x38, 0x3b, 0x32, 0x3b, 0x32, 0x35, 0x35, 0x3b, 0x32, 0x35, 0x35, 0x3b, 0x32, 0x35, 
    0x35, 0x6d, 0x4d, 0x1b, 0x5b, 0x30, 0x6d, 0x1b, 0x5b, 0x33, 0x38, 0x3b, 0x32, 0x3b, 0x31, 0x35, 
    0x33, 0x3b, 0x31, 0x35, 0x33, 0x3b, 0x31, 0x35, 0x33, 0x6d, 0x64, 0x1b, 0x5b, 0x30, 0x6d, 0x1b, 
    0x5b, 0x33, 0x38, 0x3b, 0x32, 0x3b, 0x31, 0x35, 0x33, 0x3b, 0x31, 0x35, 0x33, 0x3b, 0x31, 0x35, 
    0x33, 0x6d, 0x64, 0x1b, 0x5b, 0x30, 0x6d, 0x1b, 0x5b, 0x33, 0x38, 0x3b, 0x32, 0x3b, 0x30, 0x3b, 
    0x30, 0x3b, 0x30, 0x6d, 0x20, 0x1b, 0x5b, 0x30, 0x6d, 0x1b, 0x5b, 0x33, 0x38, 0x3b, 0x32, 0x3b, 
    0x30, 0x3b, 0x30, 0x3b, 0x30, 0x6d, 0x20, 0x1b, 0x5b, 0x30, 0x6d, 0x1b, 0x5b, 0x33, 0x38, 0x3b, 
    0x32, 0x3b, 0x31, 0x32, 0x38, 0x3b, 0x31, 0x32, 0x38, 0x3b, 0x31, 0x32, 0x38, 0x6d, 0x6c, 0x1b, 
    0x5b, 0x30, 0x6d, 0x1b, 0x5b, 0x33, 0x38, 0x3b, 0x32, 0x3b, 0x32, 0x35, 0x35, 0x3b, 0x32, 0x35, 
    0x35, 0x3b, 0x32, 0x35, 0x35, 0x6d, 0x4d, 0x1b, 0x5b, 0x30, 0x6d, 0x1b, 0x5b, 0x33, 0x38, 0x3b, 
    0x32, 0x3b, 0x32, 0x35, 0x35, 0x3b, 0x32, 0x35, 0x35, 0x3b, 0x32, 0x35, 0x35, 0x6d, 0x4d, 0x1b, 
    0x5b, 0x30, 0x6d, 0x1b, 0x5b, 0x33, 0x38, 0x3b, 0x32, 0x3b, 0x30, 0x3b, 0x30, 0x3b, 0x30, 0x6d, 
    0x20, 0x1b, 0x5b, 0x30, 0x6d, 0x1b, 0x5b, 0x33, 0x38, 0x3b, 0x32, 0x3b, 0x30, 0x3b, 0x30, 0x3b, 
    0x30, 0x6d, 0x20, 0x1b, 0x5b, 0x30, 0x6d, 0x1b, 0x5b, 0x33, 0x38, 0x3b, 0x32, 0x3b, 0x32, 0x35, 
    0x35, 0x3b, 0x32, 0x35, 0x35, 0x3b, 0x32, 0x35, 0x35, 0x6d, 0x4d, 0x1b, 0x5b, 0x30, 0x6d, 0x1b, 
    0x5b, 0x33, 0x38, 0x3b, 0x32, 0x3b, 0x32, 0x35, 0x35, 0x3b, 0x32, 0x35, 0x35, 0x3b, 0x32, 0x35, 
    0x35, 0x6d, 0x4d, 0x1b, 0x5b, 0x30, 0x6d, 0x1b, 0x5b, 0x33, 0x38, 0x3b, 0x32, 0x3b, 0x32, 0x35, 
    0x35, 0x3b, 0x32, 0x35, 0x35, 0x3b, 0x32, 0x35, 0x35, 0x6d, 0x4d, 0x1b, 0x5b, 0x30, 0x6d, 0x1b, 
    0x5b, 0x33, 0x38, 0x3b, 0x32, 0x3b, 0x32, 0x35, 0x35, 0x3b, 0x32, 0x35, 0x35, 0x3b, 0x32, 0x35, 
    0x35, 0x6d, 0x4d, 0x1b, 0x5b, 0x30, 0x6d, 0x1b, 0x5b, 0x33, 0x38, 0x3b, 0x32, 0x3b, 0x32, 0x35, 
    0x35, 0x3b, 0x32, 0x35, 0x35, 0x3b, 0x32, 0x35, 0x35, 0x6d, 0x4d, 0x1b, 0x5b, 0x30, 0x6d, 0x1b, 
    0x5b, 0x33, 0x38, 0x3b, 0x32, 0x3b, 0x32, 0x35, 0x35, 0x3b, 0x32, 0x35, 0x35, 0x3b, 0x32, 0x35, 
    0x35, 0x6d, 0x4d, 0x1b, 0x5b, 0x30, 0x6d, 0x1b, 0x5b, 0x33, 0x38, 0x3b, 0x32, 0x3b, 0x32, 0x35, 
    0x35, 0x3b, 0x32, 0x35, 0x35, 0x3b, 0x32, 0x35, 0x35, 0x6d, 0x4d, 0x1b, 0x5b, 0x30, 0x6d, 0x1b, 
    0x5b, 0x33, 0x38, 0x3b, 0x32, 0x3b, 0x32, 0x35, 0x35, 0x3b, 0x32, 0x35, 0x35, 0x3b, 0x32, 0x35, 
    0x35, 0x6d, 0x4d, 0x1b, 0x5b, 0x30, 0x6d, 0x1b, 0x5b, 0x33, 0x38, 0x3b, 0x32, 0x3b, 0x32, 0x35, 
    0x35, 0x3b, 0x32, 0x35, 0x35, 0x3b, 0x32, 0x35, 0x35, 0x6d, 0x4d, 0x1b, 0x5b, 0x30, 0x6d, 0x1b, 
    0x5b, 0x33, 0x38, 0x3b, 0x32, 0x3b, 0x30, 0x3b, 0x30, 0x3b, 0x30, 0x6d, 0x20, 0x1b, 0x5b, 0x30, 
    0x6d, 0x1b, 0x5b, 0x33, 0x38, 0x3b, 0x32, 0x3b, 0x30, 0x3b, 0x30, 0x3b, 0x30, 0x6d, 0x20, 0x1b, 
    0x5b, 0x30, 0x6d, 0x1b, 0x5b, 0x33, 0x38, 0x3b, 0x32, 0x3b, 0x31, 0x32, 0x38, 0x3b, 0x31, 0x32, 
    0x38, 0x3b, 0x31, 0x32, 0x38, 0x6d, 0x6c, 0x1b, 0x5b, 0x30, 0x6d, 0x1b, 0x5b, 0x33, 0x38, 0x3b, 
    0x32, 0x3b, 0x32, 0x35, 0x35, 0x3b, 0x32, 0x35, 0x35, 0x3b, 0x32, 0x35, 0x35, 0x6d, 0x4d, 0x1b, 
    0x5b, 0x30, 0x6d, 0x1b, 0x5b, 0x33, 0x38, 0x3b, 0x32, 0x3b, 0x32, 0x35, 0x35, 0x3b, 0x32, 0x35, 
    0x35, 0x3b, 0x32, 0x35, 0x35, 0x6d, 0x4d, 0x1b, 0x5b, 0x30, 0x6d, 0x1b, 0x5b, 0x33, 0x38, 0x3b, 
    0x32, 0x3b, 0x30, 0x3b, 0x30, 0x3b, 0x30, 0x6d, 0x20, 0x1b, 0x5b, 0x30, 0x6d, 0x1b, 0x5b, 0x33, 
    0x38, 0x3b, 0x32, 0x3b, 0x30, 0x3b, 0x30, 0x3b, 0x30, 0x6d, 0x20, 0x1b, 0x5b, 0x30, 0x6d, 0x1b, 
    0x5b, 0x33, 0x38, 0x3b, 0x32, 0x3b, 0x32, 0x35, 0x35, 0x3b, 0x32, 0x35, 0x35, 0x3b, 0x32, 0x35, 
    0x35, 0x6d, 0x4d, 0x1b, 0x5b, 0x30, 0x6d, 0x1b, 0x5b, 0x33, 0x38, 0x3b, 0x32, 0x3b, 0x32, 0x35, 
    0x35, 0x3b, 0x32, 0x35, 0x35, 0x3b, 0x32, 0x35, 0x35, 0x6d, 0x4d, 0x1b, 0x5b, 0x30, 0x6d, 0x1b, 
    0x5b, 0x33, 0x38, 0x3b, 0x32, 0x3b, 0x32, 0x35, 0x35, 0x3b, 0x32, 0x35, 0x35, 0x3b, 0x32, 0x35, 
    0x35, 0x6d, 0x4d, 0x1b, 0x5b, 0x30, 0x6d, 0x1b, 0x5b, 0x33, 0x38, 0x3b, 0x32, 0x3b, 0x32, 0x35, 
    0x35, 0x3b, 0x32, 0x35, 0x35, 0x3b, 0x32, 0x35, 0x35, 0x6d, 0x4d, 0x1b, 0x5b, 0x30, 0x6d, 0x1b, 
    0x5b, 0x33, 0x38, 0x3b, 0x32, 0x3b, 0x32, 0x30, 0x34, 0x3b, 0x32, 0x30, 0x34, 0x3b, 0x32, 0x30, 
    0x34, 0x6d, 0x4b, 0x1b, 0x5b, 0x30, 0x6d, 0x1b, 0x5b, 0x33, 0x38, 0x3b, 0x32, 0x3b, 0x31, 0x35, 
    0x33, 0x3b, 0x31, 0x35, 0x33, 0x3b, 0x31, 0x35, 0x33, 0x6d, 0x64, 0x1b, 0x5b, 0x30, 0x6d, 0x1b, 
    0x5b, 0x33, 0x38, 0x3b, 0x32, 0x3b, 0x31, 0x35, 0x33, 0x3b, 0x31, 0x35, 0x33, 0x3b, 0x31, 0x35, 
    0x33, 0x6d, 0x64, 0x1b, 0x5b, 0x30, 0x6d, 0x1b, 0x5b, 0x33, 0x38, 0x3b, 0x32, 0x3b, 0x32, 0x35, 
    0x35, 0x3b, 0x32, 0x35, 0x35, 0x3b, 0x32, 0x35, 0x35, 0x6d, 0x4d, 0x1b, 0x5b, 0x30, 0x6d, 0x1b, 
    0x5b, 0x33, 0x38, 0x3b, 0x32, 0x3b, 0x32, 0x35, 0x35, 0x3b, 0x32, 0x35, 0x35, 0x3b, 0x32, 0x35, 
    0x35, 0x6d, 0x4d, 0x1b, 0x5b, 0x30, 0x6d, 0x1b, 0x5b, 0x33, 0x38, 0x3b, 0x32, 0x3b, 0x32, 0x35, 
    0x35, 0x3b, 0x32, 0x35, 0x35, 0x3b, 0x32, 0x35, 0x35, 0x6d, 0x4d, 0x1b, 0x5b, 0x30, 0x6d, 0x1b, 
    0x5b, 0x33, 0x38, 0x3b, 0x32, 0x3b, 0x32, 0x35, 0x35, 0x3b, 0x32, 0x35, 0x35, 0x3b, 0x32, 0x35, 
    0x35, 0x6d, 0x4d, 0x1b, 0x5b, 0x30, 0x6d, 0x1b, 0x5b, 0x33, 0x38, 0x3b, 0x32, 0x3b, 0x31, 0x37, 
    0x39, 0x3b, 0x31, 0x37, 0x39, 0x3b, 0x31, 0x37, 0x39, 0x6d, 0x6b, 0x1b, 0x5b, 0x30, 0x6d, 0x1b, 
    0x5b, 0x33, 0x38, 0x3b, 0x32, 0x3b, 0x31, 0x30, 0x32, 0x3b, 0x31, 0x30, 0x32, 0x3b, 0x31, 0x30, 
    0x32, 0x6d, 0x3a, 0x1b, 0x5b, 0x30, 0x6d, 0x1b, 0x5b, 0x33, 0x38, 0x3b, 0x32, 0x3b, 0x31, 0x30, 
    0x32, 0x3b, 0x31, 0x30, 0x32, 0x3b, 0x31, 0x30, 0x32, 0x6d, 0x3a, 0x1b, 0x5b, 0x30, 0x6d, 0x1b, 
    0x5b, 0x33, 0x38, 0x3b, 0x32, 0x3b, 0x31, 0x35, 0x33, 0x3b, 0x31, 0x35, 0x33, 0x3b, 0x31, 0x35, 
    0x33, 0x6d, 0x64, 0x1b, 0x5b, 0x30, 0x6d, 0x1b, 0x5b, 0x33, 0x38, 0x3b, 0x32, 0x3b, 0x31, 0x35, 
    0x33, 0x3b, 0x31, 0x35, 0x33, 0x3b, 0x31, 0x35, 0x33, 0x6d, 0x64, 0x1b, 0x5b, 0x30, 0x6d, 0x1b, 
    0x5b, 0x33, 0x38, 0x3b, 0x32, 0x3b, 0x31, 0x35, 0x33, 0x3b, 0x31, 0x35, 0x33, 0x3b, 0x31, 0x35, 
    0x33, 0x6d, 0x64, 0x1b, 0x5b, 0x30, 0x6d, 0x1b, 0x5b, 0x33, 0x38, 0x3b, 0x32, 0x3b, 0x31, 0x35, 
    0x33, 0x3b, 0x31, 0x35, 0x33, 0x3b, 0x31, 0x35, 0x33, 0x6d, 0x64, 0x1b, 0x5b, 0x30, 0x6d, 0x1b, 
    0x5b, 0x33, 0x38, 0x3b, 0x32, 0x3b, 0x32, 0x30, 0x34, 0x3b, 0x32, 0x30, 0x34, 0x3b, 0x32, 0x30, 
    0x34, 0x6d, 0x4b, 0x1b, 0x5b, 0x30, 0x6d, 0x1b, 0x5b, 0x33, 0x38, 0x3b, 0x32, 0x3b, 0x32, 0x35, 
    0x35, 0x3b, 0x32, 0x35, 0x35, 0x3b, 0x32, 0x35, 0x35, 0x6d, 0x4d, 0x1b, 0x5b, 0x30, 0x6d, 0x1b, 
    0x5b, 0x33, 0x38, 0x3b, 0x32, 0x3b, 0x32, 0x30, 0x34, 0x3b, 0x32, 0x30, 0x34, 0x3b, 0x32, 0x30, 
    0x34, 0x6d, 0x4b, 0x1b, 0x5b, 0x30, 0x6d, 0x1b, 0x5b, 0x33, 0x38, 0x3b, 0x32, 0x3b, 0x31, 0x35, 
    0x33, 0x3b, 0x31, 0x35, 0x33, 0x3b, 0x31, 0x35, 0x33, 0x6d, 0x64, 0x1b, 0x5b, 0x30, 0x6d, 0x1b, 
    0x5b, 0x33, 0x38, 0x3b, 0x32, 0x3b, 0x31, 0x35, 0x33, 0x3b, 0x31, 0x35, 0x33, 0x3b, 0x31, 0x35, 
    0x33, 0x6d, 0x64, 0x1b, 0x5b, 0x30, 0x6d, 0x1b, 0x5b, 0x33, 0x38, 0x3b, 0x32, 0x3b, 0x31, 0x35, 
    0x33, 0x3b, 0x31, 0x35, 0x33, 0x3b, 0x31, 0x35, 0x33, 0x6d, 0x64, 0x1b, 0x5b, 0x30, 0x6d, 0x1b, 
    0x5b, 0x33, 0x38, 0x3b, 0x32, 0x3b, 0x31, 0x35, 0x33, 0x3b, 0x31, 0x35, 0x33, 0x3b, 0x31, 0x35, 
    0x33, 0x6d, 0x64, 0x1b, 0x5b, 0x30, 0x6d, 0x1b, 0x5b, 0x33, 0x38, 0x3b, 0x32, 0x3b, 0x30, 0x3b, 
    0x30, 0x3b, 0x30, 0x6d, 0x20, 0x1b, 0x5b, 0x30, 0x6d, 0x1b, 0x5b, 0x33, 0x38, 0x3b, 0x32, 0x3b, 
    0x30, 0x3b, 0x30, 0x3b, 0x30, 0x6d, 0x20, 0x1b, 0x5b, 0x30, 0x6d, 0x1b, 0x5b, 0x33, 0x38, 0x3b, 
    0x32, 0x3b, 0x35, 0x31, 0x3b, 0x35, 0x31, 0x3b, 0x35, 0x31, 0x6d, 0x2e, 0x1b, 0x5b, 0x30, 0x6d, 
    0x1b, 0x5b, 0x33, 0x38, 0x3b, 0x32, 0x3b, 0x31, 0x30, 0x32, 0x3b, 0x31, 0x30, 0x32, 0x3b, 0x31, 
    0x30, 0x32, 0x6d, 0x3a, 0x1b, 0x5b, 0x30, 0x6d, 0x1b, 0x5b, 0x33, 0x38, 0x3b, 0x32, 0x3b, 0x31, 
    0x30, 0x32, 0x3b, 0x31, 0x30, 0x32, 0x3b, 0x31, 0x30, 0x32, 0x6d, 0x3a, 0x1b, 0x5b, 0x30, 0x6d, 
    0x1b, 0x5b, 0x33, 0x38, 0x3b, 0x32, 0x3b, 0x31, 0x30, 0x32, 0x3b, 0x31, 0x30, 0x32, 0x3b, 0x31, 
    0x30, 0x32, 0x6d, 0x3a, 0x1b, 0x5b, 0x30, 0x6d, 0x1b, 0x5b, 0x33, 0x38, 0x3b, 0x32, 0x3b, 0x31, 
    0x30, 0x32, 0x3b, 0x31, 0x30, 0x32, 0x3b, 0x31, 0x30, 0x32, 0x6d, 0x3a, 0x1b, 0x5b, 0x30, 0x6d, 
    0x1b, 0x5b, 0x33, 0x38, 0x3b, 0x32, 0x3b, 0x30, 0x3b, 0x30, 0x3b, 0x30, 0x6d, 0x20, 0x1b, 0x5b, 
    0x30, 0x6d, 0x1b, 0x5b, 0x33, 0x38, 0x3b, 0x32, 0x3b, 0x30, 0x3b, 0x30, 0x3b, 0x30, 0x6d, 0x20, 
    0x1b, 0x5b, 0x30, 0x6d, 0x1b, 0x5b, 0x33, 0x38, 0x3b, 0x32, 0x3b, 0x35, 0x31, 0x3b, 0x35, 0x31, 
    0x3b, 0x35, 0x31, 0x6d, 0x2e, 0x1b, 0x5b, 0x30, 0x6d, 0x1b, 0x5b, 0x33, 0x38, 0x3b, 0x32, 0x3b, 
    0x31, 0x30, 0x32, 0x3b, 0x31, 0x30, 0x32, 0x3b, 0x31, 0x30, 0x32, 0x6d, 0x3a, 0x1b, 0x5b, 0x30, 
    0x6d, 0x1b, 0x5b, 0x33, 0x38, 0x3b, 0x32, 0x3b, 0x35, 0x31, 0x3b, 0x35, 0x31, 0x3b, 0x35, 0x31, 
    0x6d, 0x2e, 0x1b, 0x5b, 0x30, 0x6d, 0x1b, 0x5b, 0x33, 0x38, 0x3b, 0x32, 0x3b, 0x30, 0x3b, 0x30, 
    0x3b, 0x30, 0x6d, 0x20, 0x1b, 0x5b, 0x30, 0x6d, 0x1b, 0x5b, 0x33, 0x38, 0x3b, 0x32, 0x3b, 0x30, 
    0x3b, 0x30, 0x3b, 0x30, 0x6d, 0x20, 0x1b, 0x5b, 0x30, 0x6d, 0x1b, 0x5b, 0x33, 0x38, 0x3b, 0x32, 
    0x3b, 0x30, 0x3b, 0x30, 0x3b, 0x30, 0x6d, 0x20, 0x1b, 0x5b, 0x30, 0x6d, 0x1b, 0x5b, 0x33, 0x38, 
    0x3b, 0x32, 0x3b, 0x30, 0x3b, 0x30, 0x3b, 0x30, 0x6d, 0x20, 0x1b, 0x5b, 0x30, 0x6d, 0x1b, 0x5b, 
    0x33, 0x38, 0x3b, 0x32, 0x3b, 0x30, 0x3b, 0x30, 0x3b, 0x30, 0x6d, 0x20, 0x1b, 0x5b, 0x30, 0x6d, 
    0x1b, 0x5b, 0x33, 0x38, 0x3b, 0x32, 0x3b, 0x30, 0x3b, 0x30, 0x3b, 0x30, 0x6d, 0x20, 0x1b, 0x5b, 
    0x30, 0x6d, 0x1b, 0x5b, 0x33, 0x38, 0x3b, 0x32, 0x3b, 0x30, 0x3b, 0x30, 0x3b, 0x30, 0x6d, 0x20, 
    0x1b, 0x5b, 0x30, 0x6d, 0x1b, 0x5b, 0x33, 0x38, 0x3b, 0x32, 0x3b, 0x30, 0x3b, 0x30, 0x3b, 0x30, 
    0x6d, 0x20, 0x1b, 0x5b, 0x30, 0x6d, 0x1b, 0x5b, 0x33, 0x38, 0x3b, 0x32, 0x3b, 0x30, 0x3b, 0x30, 
    0x3b, 0x30, 0x6d, 0x20, 0x1b, 0x5b, 0x30, 0x6d, 0x1b, 0x5b, 0x33, 0x38, 0x3b, 0x32, 0x3b, 0x30, 
    0x3b, 0x30, 0x3b, 0x30, 0x6d, 0x20, 0x1b, 0x5b, 0x30, 0x6d, 0x1b, 0x5b, 0x33, 0x38, 0x3b, 0x32, 
    0x3b, 0x30, 0x3b, 0x30, 0x3b, 0x30, 0x6d, 0x20, 0x1b, 0x5b, 0x30, 0x6d, 0x1b, 0x5b, 0x33, 0x38, 
    0x3b, 0x32, 0x3b, 0x31, 0x30, 0x32, 0x3b, 0x31, 0x30, 0x32, 0x3b, 0x31, 0x30, 0x32, 0x6d, 0x3a, 
    0x1b, 0x5b, 0x30, 0x6d, 0x1b, 0x5b, 0x33, 0x38, 0x3b, 0x32, 0x3b, 0x31, 0x30, 0x32, 0x3b, 0x31, 
    0x30, 0x32, 0x3b, 0x31, 0x30, 0x32, 0x6d, 0x3a, 0x1b, 0x5b, 0x30, 0x6d, 0x1b, 0x5b, 0x33, 0x38, 
    0x3b, 0x32, 0x3b, 0x31, 0x30, 0x32, 0x3b, 0x31, 0x30, 0x32, 0x3b, 0x31, 0x30, 0x32, 0x6d, 0x3a, 
    0x1b, 0x5b, 0x30, 0x6d, 0x1b, 0x5b, 0x33, 0x38, 0x3b, 0x32, 0x3b, 0x31, 0x30, 0x32, 0x3b, 0x31, 
    0x30, 0x32, 0x3b, 0x31, 0x30, 0x32, 0x6d, 0x3a, 0x1b, 0x5b, 0x30, 0x6d, 0x1b, 0x5b, 0x33, 0x38, 
    0x3b, 0x32, 0x3b, 0x31, 0x30, 0x32, 0x3b, 0x31, 0x30, 0x32, 0x3b, 0x31, 0x30, 0x32, 0x6d, 0x3a, 
    0x1b, 0x5b, 0x30, 0x6d, 0x1b, 0x5b, 0x33, 0x38, 0x3b, 0x32, 0x3b, 0x31, 0x30, 0x32, 0x3b, 0x31, 
    0x30, 0x32, 0x3b, 0x31, 0x30, 0x32, 0x6d, 0x3a, 0x1b, 0x5b, 0x30, 0x6d, 0x1b, 0x5b, 0x33, 0x38, 
    0x3b, 0x32, 0x3b, 0x31, 0x30, 0x32, 0x3b, 0x31, 0x30, 0x32, 0x3b, 0x31, 0x30, 0x32, 0x6d, 0x3a, 
    0x1b, 0x5b, 0x30, 0x6d, 0x1b, 0x5b, 0x33, 0x38, 0x3b, 0x32, 0x3b, 0x31, 0x30, 0x32, 0x3b, 0x31, 
    0x30, 0x32, 0x3b, 0x31, 0x30, 0x32, 0x6d, 0x3a, 0x1b, 0x5b, 0x30, 0x6d, 0x1b, 0x5b, 0x33, 0x38, 
    0x3b, 0x32, 0x3b, 0x31, 0x30, 0x32, 0x3b, 0x31, 0x30, 0x32, 0x3b, 0x31, 0x30, 0x32, 0x6d, 0x3a, 
    0x1b, 0x5b, 0x30, 0x6d, 0x1b, 0x5b, 0x33, 0x38, 0x3b, 0x32, 0x3b, 0x32, 0x35, 0x35, 0x3b, 0x32, 
    0x35, 0x35, 0x3b, 0x32, 0x35, 0x35, 0x6d, 0x4d, 0x1b, 0x5b, 0x30, 0x6d, 0x1b, 0x5b, 0x33, 0x38, 
    0x3b, 0x32, 0x3b, 0x32, 0x35, 0x35, 0x3b, 0x32, 0x35, 0x35, 0x3b, 0x32, 0x35, 0x35, 0x6d, 0x4d, 
    0x1b, 0x5b, 0x30, 0x6d, 0x0a, 0x1b, 0x5b, 0x30, 0x6d, 0x1b, 0x5b, 0x33, 0x38, 0x3b, 0x32, 0x3b, 
    0x32, 0x35, 0x35, 0x3b, 0x32, 0x35, 0x35, 0x3b, 0x32, 0x35, 0x35, 0x6d, 0x4d, 0x1b, 0x5b, 0x30, 
    0x6d, 0x1b, 0x5b, 0x33, 0x38, 0x3b, 0x32, 0x3b, 0x32, 0x35, 0x35, 0x3b, 0x32, 0x35, 0x35, 0x3b, 
    0x32, 0x35, 0x35, 0x6d, 0x4d, 0x1b, 0x5b, 0x30, 0x6d, 0x1b, 0x5b, 0x33, 0x38, 0x3b, 0x32, 0x3b, 
    0x32, 0x35, 0x35, 0x3b, 0x32, 0x35, 0x35, 0x3b, 0x32, 0x35, 0x35, 0x6d, 0x4d, 0x1b, 0x5b, 0x30, 
    0x6d, 0x1b, 0x5b, 0x33, 0x38, 0x3b, 0x32, 0x3b, 0x32, 0x35, 0x35, 0x3b, 0x32, 0x35, 0x35, 0x3b, 
    0x32, 0x35, 0x35, 0x6d, 0x4d, 0x1b, 0x5b, 0x30, 0x6d, 0x1b, 0x5b, 0x33, 0x38, 0x3b, 0x32, 0x3b, 
    0x32, 0x35, 0x35, 0x3b, 0x32, 0x35, 0x35, 0x3b, 0x32, 0x35, 0x35, 0x6d, 0x4d, 0x1b, 0x5b, 0x30, 
    0x6d, 0x1b, 0x5b, 0x33, 0x38, 0x3b, 0x32, 0x3b, 0x32, 0x35, 0x35, 0x3b, 0x32, 0x35, 0x35, 0x3b, 
    0x32, 0x35, 0x35, 0x6d, 0x4d, 0x1b, 0x5b, 0x30, 0x6d, 0x1b, 0x5b, 0x33, 0x38, 0x3b, 0x32, 0x3b, 
    0x32, 0x35, 0x35, 0x3b, 0x32, 0x35, 0x35, 0x3b, 0x32, 0x35, 0x35, 0x6d, 0x4d, 0x1b, 0x5b, 0x30, 
    0x6d, 0x1b, 0x5b, 0x33, 0x38, 0x3b, 0x32, 0x3b, 0x32, 0x35, 0x35, 0x3b, 0x32, 0x35, 0x35, 0x3b, 
    0x32, 0x35, 0x35, 0x6d, 0x4d, 0x1b, 0x5b, 0x30, 0x6d, 0x1b, 0x5b, 0x33, 0x38, 0x3b, 0x32, 0x3b, 
    0x32, 0x35, 0x35, 0x3b, 0x32, 0x35, 0x35, 0x3b, 0x32, 0x35, 0x35, 0x6d, 0x4d, 0x1b, 0x5b, 0x30, 
    0x6d, 0x1b, 0x5b, 0x33, 0x38, 0x3b, 0x32, 0x3b, 0x30, 0x3b, 0x30, 0x3b, 0x30, 0x6d, 0x20, 0x1b, 
    0x5b, 0x30, 0x6d, 0x1b, 0x5b, 0x33, 0x38, 0x3b, 0x32, 0x3b, 0x30, 0x3b, 0x30, 0x3b, 0x30, 0x6d, 
    0x20, 0x1b, 0x5b, 0x30, 0x6d, 0x1b, 0x5b, 0x33, 0x38, 0x3b, 0x32, 0x3b, 0x31, 0x32, 0x38, 0x3b, 
    0x31, 0x32, 0x38, 0x3b, 0x31, 0x32, 0x38, 0x6d, 0x6c, 0x1b, 0x5b, 0x30, 0x6d, 0x1b, 0x5b, 0x33, 
    0x38, 0x3b, 0x32, 0x3b, 0x32, 0x35, 0x35, 0x3b, 0x32, 0x35, 0x35, 0x3b, 0x32, 0x35, 0x35, 0x6d, 
    0x4d, 0x1b, 0x5b, 0x30, 0x6d, 0x1b, 0x5b, 0x33, 0x38, 0x3b, 0x32, 0x3b, 0x32, 0x35, 0x35, 0x3b, 
    0x32, 0x35, 0x35, 0x3b, 0x32, 0x35, 0x35, 0x6d, 0x4d, 0x1b, 0x5b, 0x30, 0x6d, 0x1b, 0x5b, 0x33, 
    0x38, 0x3b, 0x32, 0x3b, 0x32, 0x35, 0x35, 0x3b, 0x32, 0x35, 0x35, 0x3b, 0x32, 0x35, 0x35, 0x6d, 
    0x4d, 0x1b, 0x5b, 0x30, 0x6d, 0x1b, 0x5b, 0x33, 0x38, 0x3b, 0x32, 0x3b, 0x32, 0x35, 0x35, 0x3b, 
    0x32, 0x35, 0x35, 0x3b, 0x32, 0x35, 0x35, 0x6d, 0x4d, 0x1b, 0x5b, 0x30, 0x6d, 0x1b, 0x5b, 0x33, 
    0x38, 0x3b, 0x32, 0x3b, 0x32, 0x35, 0x35, 0x3b, 0x32, 0x35, 0x35, 0x3b, 0x32, 0x35, 0x35, 0x6d, 
    0x4d, 0x1b, 0x5b, 0x30, 0x6d, 0x1b, 0x5b, 0x33, 0x38, 0x3b, 0x32, 0x3b, 0x32, 0x35, 0x35, 0x3b, 
    0x32, 0x35, 0x35, 0x3b, 0x32, 0x35, 0x35, 0x6d, 0x4d, 0x1b, 0x5b, 0x30, 0x6d, 0x1b, 0x5b, 0x33, 
    0x38, 0x3b, 0x32, 0x3b, 0x30, 0x3b, 0x30, 0x3b, 0x30, 0x6d, 0x20, 0x1b, 0x5b, 0x30, 0x6d, 0x1b, 
    0x5b, 0x33, 0x38, 0x3b, 0x32, 0x3b, 0x30, 0x3b, 0x30, 0x3b, 0x30, 0x6d, 0x20, 0x1b, 0x5b, 0x30, 
    0x6d, 0x1b, 0x5b, 0x33, 0x38, 0x3b, 0x32, 0x3b, 0x36, 0x34, 0x3b, 0x36, 0x34, 0x3b, 0x36, 0x34, 
    0x6d, 0x27, 0x1b, 0x5b, 0x30, 0x6d, 0x1b, 0x5b, 0x33, 0x38, 0x3b, 0x32, 0x3b, 0x31, 0x32, 0x38, 
    0x3b, 0x31, 0x32, 0x38, 0x3b, 0x31, 0x32, 0x38, 0x6d, 0x6c, 0x1b, 0x5b, 0x30, 0x6d, 0x1b, 0x5b, 
    0x33, 0x38, 0x3b, 0x32, 0x3b, 0x31, 0x32, 0x38, 0x3b, 0x31, 0x32, 0x38, 0x3b, 0x31, 0x32, 0x38, 
    0x6d, 0x6c, 0x1b, 0x5b, 0x30, 0x6d, 0x1b, 0x5b, 0x33, 0x38, 0x3b, 0x32, 0x3b, 0x30, 0x3b, 0x30, 
    0x3b, 0x30, 0x6d, 0x20, 0x1b, 0x5b, 0x30, 0x6d, 0x1b, 0x5b, 0x33, 0x38, 0x3b, 0x32, 0x3b, 0x30, 
    0x3b, 0x30, 0x3b, 0x30, 0x6d, 0x20, 0x1b, 0x5b, 0x30, 0x6d, 0x1b, 0x5b, 0x33, 0x38, 0x3b, 0x32, 
    0x3b, 0x31, 0x32, 0x38, 0x3b, 0x31, 0x32, 0x38, 0x3b, 0x31, 0x32, 0x38, 0x6d, 0x6c, 0x1b, 0x5b, 
    0x30, 0x6d, 0x1b, 0x5b, 0x33, 0x38, 0x3b, 0x32, 0x3b, 0x31, 0x32, 0x38, 0x3b, 0x31, 0x32, 0x38, 
    0x3b, 0x31, 0x32, 0x38, 0x6d, 0x6c, 0x1b, 0x5b, 0x30, 0x6d, 0x1b, 0x5b, 0x33, 0x38, 0x3b, 0x32, 
    0x3b, 0x31, 0x39, 0x31, 0x3b, 0x31, 0x39, 0x31, 0x3b, 0x31, 0x39, 0x31, 0x6d, 0x30, 0x1b, 0x5b, 
    0x30, 0x6d, 0x1b, 0x5b, 0x33, 0x38, 0x3b, 0x32, 0x3b, 0x32, 0x35, 0x35, 0x3b, 0x32, 0x35, 0x35, 
    0x3b, 0x32, 0x35, 0x35, 0x6d, 0x4d, 0x1b, 0x5b, 0x30, 0x6d, 0x1b, 0x5b, 0x33, 0x38, 0x3b, 0x32, 
    0x3b, 0x32, 0x35, 0x35, 0x3b, 0x32, 0x35, 0x35, 0x3b, 0x32, 0x35, 0x35, 0x6d, 0x4d, 0x1b, 0x5b, 
    0x30, 0x6d, 0x1b, 0x5b, 0x33, 0x38, 0x3b, 0x32, 0x3b, 0x32, 0x35, 0x35, 0x3b, 0x32, 0x35, 0x35, 
    0x3b, 0x32, 0x35, 0x35, 0x6d, 0x4d, 0x1b, 0x5b, 0x30, 0x6d, 0x1b, 0x5b, 0x33, 0x38, 0x3b, 0x32, 
    0x3b, 0x32, 0x35, 0x35, 0x3b, 0x32, 0x35, 0x35, 0x3b, 0x32, 0x35, 0x35, 0x6d, 0x4d, 0x1b, 0x5b, 
    0x30, 0x6d, 0x1b, 0x5b, 0x33, 0x38, 0x3b, 0x32, 0x3b, 0x32, 0x35, 0x35, 0x3b, 0x32, 0x35, 0x35, 
    0x3b, 0x32, 0x35, 0x35, 0x6d, 0x4d, 0x1b, 0x5b, 0x30, 0x6d, 0x1b, 0x5b, 0x33, 0x38, 0x3b, 0x32, 
    0x3b, 0x32, 0x35, 0x35, 0x3b, 0x32, 0x35, 0x35, 0x3b, 0x32, 0x35, 0x35, 0x6d, 0x4d, 0x1b, 0x5b, 
    0x30, 0x6d, 0x1b, 0x5b, 0x33, 0x38, 0x3b, 0x32, 0x3b, 0x31, 0x32, 0x38, 0x3b, 0x31, 0x32, 0x38, 
    0x3b, 0x31, 0x32, 0x38, 0x6d, 0x6c, 0x1b, 0x5b, 0x30, 0x6d, 0x1b, 0x5b, 0x33, 0x38, 0x3b, 0x32, 
    0x3b, 0x31, 0x32, 0x38, 0x3b, 0x31, 0x32, 0x38, 0x3b, 0x31, 0x32, 0x38, 0x6d, 0x6c, 0x1b, 0x5b, 
    0x30, 0x6d, 0x1b, 0x5b, 0x33, 0x38, 0x3b, 0x32, 0x3b, 0x31, 0x39, 0x31, 0x3b, 0x31, 0x39, 0x31, 
    0x3b, 0x31, 0x39, 0x31, 0x6d, 0x30, 0x1b, 0x5b, 0x30, 0x6d, 0x1b, 0x5b, 0x33, 0x38, 0x3b, 0x32, 
    0x3b, 0x32, 0x35, 0x35, 0x3b, 0x32, 0x35, 0x35, 0x3b, 0x32, 0x35, 0x35, 0x6d, 0x4d, 0x1b, 0x5b, 
    0x30, 0x6d, 0x1b, 0x5b, 0x33, 0x38, 0x3b, 0x32, 0x3b, 0x32, 0x35, 0x35, 0x3b, 0x32, 0x35, 0x35, 
    0x3b, 0x32, 0x35, 0x35, 0x6d, 0x4d, 0x1b, 0x5b, 0x30, 0x6d, 0x1b, 0x5b, 0x33, 0x38, 0x3b, 0x32, 
    0x3b, 0x30, 0x3b, 0x30, 0x3b, 0x30, 0x6d, 0x20, 0x1b, 0x5b, 0x30, 0x6d, 0x1b, 0x5b, 0x33, 0x38, 
    0x3b, 0x32, 0x3b, 0x30, 0x3b, 0x30, 0x3b, 0x30, 0x6d, 0x20, 0x1b, 0x5b, 0x30, 0x6d, 0x1b, 0x5b, 
    0x33, 0x38, 0x3b, 0x32, 0x3b, 0x32, 0x35, 0x35, 0x3b, 0x32, 0x35, 0x35, 0x3b, 0x32, 0x35, 0x35, 
    0x6d, 0x4d, 0x1b, 0x5b, 0x30, 0x6d, 0x1b, 0x5b, 0x33, 0x38, 0x3b, 0x32, 0x3b, 0x32, 0x35, 0x35, 
    0x3b, 0x32, 0x35, 0x35, 0x3b, 0x32, 0x35, 0x35, 0x6d, 0x4d, 0x1b, 0x5b, 0x30, 0x6d, 0x1b, 0x5b, 
    0x33, 0x38, 0x3b, 0x32, 0x3b, 0x32, 0x35, 0x35, 0x3b, 0x32, 0x35, 0x35, 0x3b, 0x32, 0x35, 0x35, 
    0x6d, 0x4d, 0x1b, 0x5b, 0x30, 0x6d, 0x1b, 0x5b, 0x33, 0x38, 0x3b, 0x32, 0x3b, 0x32, 0x35, 0x35, 
    0x3b, 0x32, 0x35, 0x35, 0x3b, 0x32, 0x35, 0x35, 0x6d, 0x4d, 0x1b, 0x5b, 0x30, 0x6d, 0x1b, 0x5b, 
    0x33, 0x38, 0x3b, 0x32, 0x3b, 0x32, 0x35, 0x35, 0x3b, 0x32, 0x35, 0x35, 0x3b, 0x32, 0x35, 0x35, 
    0x6d, 0x4d, 0x1b, 0x5b, 0x30, 0x6d, 0x1b, 0x5b, 0x33, 0x38, 0x3b, 0x32, 0x3b, 0x32, 0x35, 0x35, 
    0x3b, 0x32, 0x35, 0x35, 0x3b, 0x32, 0x35, 0x35, 0x6d, 0x4d, 0x1b, 0x5b, 0x30, 0x6d, 0x1b, 0x5b, 
    0x33, 0x38, 0x3b, 0x32, 0x3b, 0x32, 0x35, 0x35, 0x3b, 0x32, 0x35, 0x35, 0x3b, 0x32, 0x35, 0x35, 
    0x6d, 0x4d, 0x1b, 0x5b, 0x30, 0x6d, 0x1b, 0x5b, 0x33, 0x38, 0x3b, 0x32, 0x3b, 0x32, 0x35, 0x35, 
    0x3b, 0x32, 0x35, 0x35, 0x3b, 0x32, 0x35, 0x35, 0x6d, 0x4d, 0x1b, 0x5b, 0x30, 0x6d, 0x1b, 0x5b, 
    0x33, 0x38, 0x3b, 0x32, 0x3b, 0x32, 0x35, 0x35, 0x3b, 0x32, 0x35, 0x35, 0x3b, 0x32, 0x35, 0x35, 
    0x6d, 0x4d, 0x1b, 0x5b, 0x30, 0x6d, 0x1b, 0x5b, 0x33, 0x38, 0x3b, 0x32, 0x3b, 0x31, 0x32, 0x38, 
    0x3b, 0x31, 0x32, 0x38, 0x3b, 0x31, 0x32, 0x38, 0x6d, 0x6c, 0x1b, 0x5b, 0x30, 0x6d, 0x1b, 0x5b, 
    0x33, 0x38, 0x3b, 0x32, 0x3b, 0x31, 0x32, 0x38, 0x3b, 0x31, 0x32, 0x38, 0x3b, 0x31, 0x32, 0x38, 
    0x6d, 0x6c, 0x1b, 0x5b, 0x30, 0x6d, 0x1b, 0x5b, 0x33, 0x38, 0x3b, 0x32, 0x3b, 0x36, 0x34, 0x3b, 
    0x36, 0x34, 0x3b, 0x36, 0x34, 0x6d, 0x27, 0x1b, 0x5b, 0x30, 0x6d, 0x1b, 0x5b, 0x33, 0x38, 0x3b, 
    0x32, 0x3b, 0x30, 0x3b, 0x30, 0x3b, 0x30, 0x6d, 0x20, 0x1b, 0x5b, 0x30, 0x6d, 0x1b, 0x5b, 0x33, 
    0x38, 0x3b, 0x32, 0x3b, 0x30, 0x3b, 0x30, 0x3b, 0x30, 0x6d, 0x20, 0x1b, 0x5b, 0x30, 0x6d, 0x1b, 
    0x5b, 0x33, 0x38, 0x3b, 0x32, 0x3b, 0x31, 0x32, 0x38, 0x3b, 0x31, 0x32, 0x38, 0x3b, 0x31, 0x32, 
    0x38, 0x6d, 0x6c, 0x1b, 0x5b, 0x30, 0x6d, 0x1b, 0x5b, 0x33, 0x38, 0x3b, 0x32, 0x3b, 0x31, 0x32, 
    0x38, 0x3b, 0x31, 0x32, 0x38, 0x3b, 0x31, 0x32, 0x38, 0x6d, 0x6c, 0x1b, 0x5b, 0x30, 0x6d, 0x1b, 
    0x5b, 0x33, 0x38, 0x3b, 0x32, 0x3b, 0x31, 0x32, 0x38, 0x3b, 0x31, 0x32, 0x38, 0x3b, 0x31, 0x32, 
    0x38, 0x6d, 0x6c, 0x1b, 0x5b, 0x30, 0x6d, 0x1b, 0x5b, 0x33, 0x38, 0x3b, 0x32, 0x3b, 0x31, 0x32, 
    0x38, 0x3b, 0x31, 0x32, 0x38, 0x3b, 0x31, 0x32, 0x38, 0x6d, 0x6c, 0x1b, 0x5b, 0x30, 0x6d, 0x1b, 
    0x5b, 0x33, 0x38, 0x3b, 0x32, 0x3b, 0x31, 0x32, 0x38, 0x3b, 0x31, 0x32, 0x38, 0x3b, 0x31, 0x32, 
    0x38, 0x6d, 0x6c, 0x1b, 0x5b, 0x30, 0x6d, 0x1b, 0x5b, 0x33, 0x38, 0x3b, 0x32, 0x3b, 0x31, 0x32, 
    0x38, 0x3b, 0x31, 0x32, 0x38, 0x3b, 0x31, 0x32, 0x38, 0x6d, 0x6c, 0x1b, 0x5b, 0x30, 0x6d, 0x1b, 
    0x5b, 0x33, 0x38, 0x3b, 0x32, 0x3b, 0x31, 0x39, 0x31, 0x3b, 0x31, 0x39, 0x31, 0x3b, 0x31, 0x39, 
    0x31, 0x6d, 0x30, 0x1b, 0x5b, 0x30, 0x6d, 0x1b, 0x5b, 0x33, 0x38, 0x3b, 0x32, 0x3b, 0x32, 0x35, 
    0x35, 0x3b, 0x32, 0x35, 0x35, 0x3b, 0x32, 0x35, 0x35, 0x6d, 0x4d, 0x1b, 0x5b, 0x30, 0x6d, 0x1b, 
    0x5b, 0x33, 0x38, 0x3b, 0x32, 0x3b, 0x32, 0x35, 0x35, 0x3b, 0x32, 0x35, 0x35, 0x3b, 0x32, 0x35, 
    0x35, 0x6d, 0x4d, 0x1b, 0x5b, 0x30, 0x6d, 0x1b, 0x5b, 0x33, 0x38, 0x3b, 0x32, 0x3b, 0x32, 0x35, 
    0x35, 0x3b, 0x32, 0x35, 0x35, 0x3b, 0x32, 0x35, 0x35, 0x6d, 0x4d, 0x1b, 0x5b, 0x30, 0x6d, 0x1b, 
    0x5b, 0x33, 0x38, 0x3b, 0x32, 0x3b, 0x32, 0x35, 0x35, 0x3b, 0x32, 0x35, 0x35, 0x3b, 0x32, 0x35, 
    0x35, 0x6d, 0x4d, 0x1b, 0x5b, 0x30, 0x6d, 0x1b, 0x5b, 0x33, 0x38, 0x3b, 0x32, 0x3b, 0x30, 0x3b, 
    0x30, 0x3b, 0x30, 0x6d, 0x20, 0x1b, 0x5b, 0x30, 0x6d, 0x1b, 0x5b, 0x33, 0x38, 0x3b, 0x32, 0x3b, 
    0x30, 0x3b, 0x30, 0x3b, 0x30, 0x6d, 0x20, 0x1b, 0x5b, 0x30, 0x6d, 0x1b, 0x5b, 0x33, 0x38, 0x3b, 
    0x32, 0x3b, 0x36, 0x34, 0x3b, 0x36, 0x34, 0x3b, 0x36, 0x34, 0x6d, 0x27, 0x1b, 0x5b, 0x30, 0x6d, 
    0x1b, 0x5b, 0x33, 0x38, 0x3b, 0x32, 0x3b, 0x31, 0x32, 0x38, 0x3b, 0x31, 0x32, 0x38, 0x3b, 0x31, 
    0x32, 0x38, 0x6d, 0x6c, 0x1b, 0x5b, 0x30, 0x6d, 0x1b, 0x5b, 0x33, 0x38, 0x3b, 0x32, 0x3b, 0x31, 
    0x32, 0x38, 0x3b, 0x31, 0x32, 0x38, 0x3b, 0x31, 0x32, 0x38, 0x6d, 0x6c, 0x1b, 0x5b, 0x30, 0x6d, 
    0x1b, 0x5b, 0x33, 0x38, 0x3b, 0x32, 0x3b, 0x31, 0x32, 0x38, 0x3b, 0x31, 0x32, 0x38, 0x3b, 0x31, 
    0x32, 0x38, 0x6d, 0x6c, 0x1b, 0x5b, 0x30, 0x6d, 0x1b, 0x5b, 0x33, 0x38, 0x3b, 0x32, 0x3b, 0x31, 
    0x32, 0x38, 0x3b, 0x31, 0x32, 0x38, 0x3b, 0x31, 0x32, 0x38, 0x6d, 0x6c, 0x1b, 0x5b, 0x30, 0x6d, 
    0x1b, 0x5b, 0x33, 0x38, 0x3b, 0x32, 0x3b, 0x30, 0x3b, 0x30, 0x3b, 0x30, 0x6d, 0x20, 0x1b, 0x5b, 
    0x30, 0x6d, 0x1b, 0x5b, 0x33, 0x38, 0x3b, 0x32, 0x3b, 0x30, 0x3b, 0x30, 0x3b, 0x30, 0x6d, 0x20, 
    0x1b, 0x5b, 0x30, 0x6d, 0x1b, 0x5b, 0x33, 0x38, 0x3b, 0x32, 0x3b, 0x30, 0x3b, 0x30, 0x3b, 0x30, 
    0x6d, 0x20, 0x1b, 0x5b, 0x30, 0x6d, 0x1b, 0x5b, 0x33, 0x38, 0x3b, 0x32, 0x3b, 0x30, 0x3b, 0x30, 
    0x3b, 0x30, 0x6d, 0x20, 0x1b, 0x5b, 0x30, 0x6d, 0x1b, 0x5b, 0x33, 0x38, 0x3b, 0x32, 0x3b, 0x30, 
    0x3b, 0x30, 0x3b, 0x30, 0x6d, 0x20, 0x1b, 0x5b, 0x30, 0x6d, 0x1b, 0x5b, 0x33, 0x38, 0x3b, 0x32, 
    0x3b, 0x30, 0x3b, 0x30, 0x3b, 0x30, 0x6d, 0x20, 0x1b, 0x5b, 0x30, 0x6d, 0x1b, 0x5b, 0x33, 0x38, 
    0x3b, 0x32, 0x3b, 0x30, 0x3b, 0x30, 0x3b, 0x30, 0x6d, 0x20, 0x1b, 0x5b, 0x30, 0x6d, 0x1b, 0x5b, 
    0x33, 0x38, 0x3b, 0x32, 0x3b, 0x30, 0x3b, 0x30, 0x3b, 0x30, 0x6d, 0x20, 0x1b, 0x5b, 0x30, 0x6d, 
    0x1b, 0x5b, 0x33, 0x38, 0x3b, 0x32, 0x3b, 0x30, 0x3b, 0x30, 0x3b, 0x30, 0x6d, 0x20, 0x1b, 0x5b, 
    0x30, 0x6d, 0x1b, 0x5b, 0x33, 0x38, 0x3b, 0x32, 0x3b, 0x30, 0x3b, 0x30, 0x3b, 0x30, 0x6d, 0x20, 
    0x1b, 0x5b, 0x30, 0x6d, 0x1b, 0x5b, 0x33, 0x38, 0x3b, 0x32, 0x3b, 0x30, 0x3b, 0x30, 0x3b, 0x30, 
    0x6d, 0x20, 0x1b, 0x5b, 0x30, 0x6d, 0x1b, 0x5b, 0x33, 0x38, 0x3b, 0x32, 0x3b, 0x30, 0x3b, 0x30, 
    0x3b, 0x30, 0x6d, 0x20, 0x1b, 0x5b, 0x30, 0x6d, 0x1b, 0x5b, 0x33, 0x38, 0x3b, 0x32, 0x3b, 0x30, 
    0x3b, 0x30, 0x3b, 0x30, 0x6d, 0x20, 0x1b, 0x5b, 0x30, 0x6d, 0x1b, 0x5b, 0x33, 0x38, 0x3b, 0x32, 
    0x3b, 0x30, 0x3b, 0x30, 0x3b, 0x30, 0x6d, 0x20, 0x1b, 0x5b, 0x30, 0x6d, 0x1b, 0x5b, 0x33, 0x38, 
    0x3b, 0x32, 0x3b, 0x30, 0x3b, 0x30, 0x3b, 0x30, 0x6d, 0x20, 0x1b, 0x5b, 0x30, 0x6d, 0x1b, 0x5b, 
    0x33, 0x38, 0x3b, 0x32, 0x3b, 0x30, 0x3b, 0x30, 0x3b, 0x30, 0x6d, 0x20, 0x1b, 0x5b, 0x30, 0x6d, 
    0x1b, 0x5b, 0x33, 0x38, 0x3b, 0x32, 0x3b, 0x30, 0x3b, 0x30, 0x3b, 0x30, 0x6d, 0x20, 0x1b, 0x5b, 
    0x30, 0x6d, 0x1b, 0x5b, 0x33, 0x38, 0x3b, 0x32, 0x3b, 0x30, 0x3b, 0x30, 0x3b, 0x30, 0x6d, 0x20, 
    0x1b, 0x5b, 0x30, 0x6d, 0x1b, 0x5b, 0x33, 0x38, 0x3b, 0x32, 0x3b, 0x30, 0x3b, 0x30, 0x3b, 0x30, 
    0x6d, 0x20, 0x1b, 0x5b, 0x30, 0x6d, 0x1b, 0x5b, 0x33, 0x38, 0x3b, 0x32, 0x3b, 0x30, 0x3b, 0x30, 
    0x3b, 0x30, 0x6d, 0x20, 0x1b, 0x5b, 0x30, 0x6d, 0x1b, 0x5b, 0x33, 0x38, 0x3b, 0x32, 0x3b, 0x30, 
    0x3b, 0x30, 0x3b, 0x30, 0x6d, 0x20, 0x1b, 0x5b, 0x30, 0x6d, 0x1b, 0x5b, 0x33, 0x38, 0x3b, 0x32, 
    0x3b, 0x30, 0x3b, 0x30, 0x3b, 0x30, 0x6d, 0x20, 0x1b, 0x5b, 0x30, 0x6d, 0x1b, 0x5b, 0x33, 0x38, 
    0x3b, 0x32, 0x3b, 0x30, 0x3b, 0x30, 0x3b, 0x30, 0x6d, 0x20, 0x1b, 0x5b, 0x30, 0x6d, 0x1b, 0x5b, 
    0x33, 0x38, 0x3b, 0x32, 0x3b, 0x30, 0x3b, 0x30, 0x3b, 0x30, 0x6d, 0x20, 0x1b, 0x5b, 0x30, 0x6d, 
    0x1b, 0x5b, 0x33, 0x38, 0x3b, 0x32, 0x3b, 0x30, 0x3b, 0x30, 0x3b, 0x30, 0x6d, 0x20, 0x1b, 0x5b, 
    0x30, 0x6d, 0x1b, 0x5b, 0x33, 0x38, 0x3b, 0x32, 0x3b, 0x32, 0x35, 0x35, 0x3b, 0x32, 0x35, 0x35, 
    0x3b, 0x32, 0x35, 0x35, 0x6d, 0x4d, 0x1b, 0x5b, 0x30, 0x6d, 0x1b, 0x5b, 0x33, 0x38, 0x3b, 0x32, 
    0x3b, 0x32, 0x35, 0x35, 0x3b, 0x32, 0x35, 0x35, 0x3b, 0x32, 0x35, 0x35, 0x6d, 0x4d, 0x1b, 0x5b, 
    0x30, 0x6d, 0x0a, 0x1b, 0x5b, 0x30, 0x6d, 0x1b, 0x5b, 0x33, 0x38, 0x3b, 0x32, 0x3b, 0x32, 0x35, 
    0x35, 0x3b, 0x32, 0x35, 0x35, 0x3b, 0x32, 0x35, 0x35, 0x6d, 0x4d, 0x1b, 0x5b, 0x30, 0x6d, 0x1b, 
    0x5b, 0x33, 0x38, 0x3b, 0x32, 0x3b, 0x32, 0x35, 0x35, 0x3b, 0x32, 0x35, 0x35, 0x3b, 0x32, 0x35, 
    0x35, 0x6d, 0x4d, 0x1b, 0x5b, 0x30, 0x6d, 0x1b, 0x5b, 0x33, 0x38, 0x3b, 0x32, 0x3b, 0x32, 0x35, 
    0x35, 0x3b, 0x32, 0x35, 0x35, 0x3b, 0x32, 0x35, 0x35, 0x6d, 0x4d, 0x1b, 0x5b, 0x30, 0x6d, 0x1b, 
    0x5b, 0x33, 0x38, 0x3b, 0x32, 0x3b, 0x32, 0x35, 0x35, 0x3b, 0x32, 0x35, 0x35, 0x3b, 0x32, 0x35, 
    0x35, 0x6d, 0x4d, 0x1b, 0x5b, 0x30, 0x6d, 0x1b, 0x5b, 0x33, 0x38, 0x3b, 0x32, 0x3b, 0x32, 0x35, 
    0x35, 0x3b, 0x32, 0x35, 0x35, 0x3b, 0x32, 0x35, 0x35, 0x6d, 0x4d, 0x1b, 0x5b, 0x30, 0x6d, 0x1b, 
    0x5b, 0x33, 0x38, 0x3b, 0x32, 0x3b, 0x32, 0x35, 0x35, 0x3b, 0x32, 0x35, 0x35, 0x3b, 0x32, 0x35, 
    0x35, 0x6d, 0x4d, 0x1b, 0x5b, 0x30, 0x6d, 0x1b, 0x5b, 0x33, 0x38, 0x3b, 0x32, 0x3b, 0x32, 0x35, 
    0x35, 0x3b, 0x32, 0x35, 0x35, 0x3b, 0x32, 0x35, 0x35, 0x6d, 0x4d, 0x1b, 0x5b, 0x30, 0x6d, 0x1b, 
    0x5b, 0x33, 0x38, 0x3b, 0x32, 0x3b, 0x32, 0x35, 0x35, 0x3b, 0x32, 0x35, 0x35, 0x3b, 0x32, 0x35, 
    0x35, 0x6d, 0x4d, 0x1b, 0x5b, 0x30, 0x6d, 0x1b, 0x5b, 0x33, 0x38, 0x3b, 0x32, 0x3b, 0x32, 0x35, 
    0x35, 0x3b, 0x32, 0x35, 0x35, 0x3b, 0x32, 0x35, 0x35, 0x6d, 0x4d, 0x1b, 0x5b, 0x30, 0x6d, 0x1b, 
    0x5b, 0x33, 0x38, 0x3b, 0x32, 0x3b, 0x30, 0x3b, 0x30, 0x3b, 0x30, 0x6d, 0x20, 0x1b, 0x5b, 0x30, 
    0x6d, 0x1b, 0x5b, 0x33, 0x38, 0x3b, 0x32, 0x3b, 0x30, 0x3b, 0x30, 0x3b, 0x30, 0x6d, 0x20, 0x1b, 
    0x5b, 0x30, 0x6d, 0x1b, 0x5b, 0x33, 0x38, 0x3b, 0x32, 0x3b, 0x31, 0x32, 0x38, 0x3b, 0x31, 0x32, 
    0x38, 0x3b, 0x31, 0x32, 0x38, 0x6d, 0x6c, 0x1b, 0x5b, 0x30, 0x6d, 0x1b, 0x5b, 0x33, 0x38, 0x3b, 
    0x32, 0x3b, 0x32, 0x35, 0x35, 0x3b, 0x32, 0x35, 0x35, 0x3b, 0x32, 0x35, 0x35, 0x6d, 0x4d, 0x1b, 
    0x5b, 0x30, 0x6d, 0x1b, 0x5b, 0x33, 0x38, 0x3b, 0x32, 0x3b, 0x32, 0x35, 0x35, 0x3b, 0x32, 0x35, 
    0x35, 0x3b, 0x32, 0x35, 0x35, 0x6d, 0x4d, 0x1b, 0x5b, 0x30, 0x6d, 0x1b, 0x5b, 0x33, 0x38, 0x3b, 
    0x32, 0x3b, 0x32, 0x35, 0x35, 0x3b, 0x32, 0x35, 0x35, 0x3b, 0x32, 0x35, 0x35, 0x6d, 0x4d, 0x1b, 
    0x5b, 0x30, 0x6d, 0x1b, 0x5b, 0x33, 0x38, 0x3b, 0x32, 0x3b, 0x32, 0x35, 0x35, 0x3b, 0x32, 0x35, 
    0x35, 0x3b, 0x32, 0x35, 0x35, 0x6d, 0x4d, 0x1b, 0x5b, 0x30, 0x6d, 0x1b, 0x5b, 0x33, 0x38, 0x3b, 
    0x32, 0x3b, 0x32, 0x35, 0x35, 0x3b, 0x32, 0x35, 0x35, 0x3b, 0x32, 0x35, 0x35, 0x6d, 0x4d, 0x1b, 
    0x5b, 0x30, 0x6d, 0x1b, 0x5b, 0x33, 0x38, 0x3b, 0x32, 0x3b, 0x32, 0x35, 0x35, 0x3b, 0x32, 0x35, 
    0x35, 0x3b, 0x32, 0x35, 0x35, 0x6d, 0x4d, 0x1b, 0x5b, 0x30, 0x6d, 0x1b, 0x5b, 0x33, 0x38, 0x3b, 
    0x32, 0x3b, 0x31, 0x30, 0x32, 0x3b, 0x31, 0x30, 0x32, 0x3b, 0x31, 0x30, 0x32, 0x6d, 0x3a, 0x1b, 
    0x5b, 0x30, 0x6d, 0x1b, 0x5b, 0x33, 0x38, 0x3b, 0x32, 0x3b, 0x31, 0x30, 0x32, 0x3b, 0x31, 0x30, 
    0x32, 0x3b, 0x31, 0x30, 0x32, 0x6d, 0x3a, 0x1b, 0x5b, 0x30, 0x6d, 0x1b, 0x5b, 0x33, 0x38, 0x3b, 
    0x32, 0x3b, 0x31, 0x30, 0x32, 0x3b, 0x31, 0x30, 0x32, 0x3b, 0x31, 0x30, 0x32, 0x6d, 0x3a, 0x1b, 
    0x5b, 0x30, 0x6d, 0x1b, 0x5b, 0x33, 0x38, 0x3b, 0x32, 0x3b, 0x31, 0x30, 0x32, 0x3b, 0x31, 0x30, 
    0x32, 0x3b, 0x31, 0x30, 0x32, 0x6d, 0x3a, 0x1b, 0x5b, 0x30, 0x6d, 0x1b, 0x5b, 0x33, 0x38, 0x3b, 
    0x32, 0x3b, 0x31, 0x30, 0x32, 0x3b, 0x31, 0x30, 0x32, 0x3b, 0x31, 0x30, 0x32, 0x6d, 0x3a, 0x1b, 
    0x5b, 0x30, 0x6d, 0x1b, 0x5b, 0x33, 0x38, 0x3b, 0x32, 0x3b, 0x30, 0x3b, 0x30, 0x3b, 0x30, 0x6d, 
    0x20, 0x1b, 0x5b, 0x30, 0x6d, 0x1b, 0x5b, 0x33, 0x38, 0x3b, 0x32, 0x3b, 0x30, 0x3b, 0x30, 0x3b, 
    0x30, 0x6d, 0x20, 0x1b, 0x5b, 0x30, 0x6d, 0x1b, 0x5b, 0x33, 0x38, 0x3b, 0x32, 0x3b, 0x30, 0x3b, 
    0x30, 0x3b, 0x30, 0x6d, 0x20, 0x1b, 0x5b, 0x30, 0x6d, 0x1b, 0x5b, 0x33, 0x38, 0x3b, 0x32, 0x3b, 
    0x30, 0x3b, 0x30, 0x3b, 0x30, 0x6d, 0x20, 0x1b, 0x5b, 0x30, 0x6d, 0x1b, 0x5b, 0x33, 0x38, 0x3b, 
    0x32, 0x3b, 0x37, 0x37, 0x3b, 0x37, 0x37, 0x3b, 0x37, 0x37, 0x6d, 0x2c, 0x1b, 0x5b, 0x30, 0x6d, 
    0x1b, 0x5b, 0x33, 0x38, 0x3b, 0x32, 0x3b, 0x31, 0x35, 0x33, 0x3b, 0x31, 0x35, 0x33, 0x3b, 0x31, 
    0x35, 0x33, 0x6d, 0x64, 0x1b, 0x5b, 0x30, 0x6d, 0x1b, 0x5b, 0x33, 0x38, 0x3b, 0x32, 0x3b, 0x32, 
    0x30, 0x34, 0x3b, 0x32, 0x30, 0x34, 0x3b, 0x32, 0x30, 0x34, 0x6d, 0x4b, 0x1b, 0x5b, 0x30, 0x6d, 
    0x1b, 0x5b, 0x33, 0x38, 0x3b, 0x32, 0x3b, 0x32, 0x35, 0x35, 0x3b, 0x32, 0x35, 0x35, 0x3b, 0x32, 
    0x35, 0x35, 0x6d, 0x4d, 0x1b, 0x5b, 0x30, 0x6d, 0x1b, 0x5b, 0x33, 0x38, 0x3b, 0x32, 0x3b, 0x32, 
    0x35, 0x35, 0x3b, 0x32, 0x35, 0x35, 0x3b, 0x32, 0x35, 0x35, 0x6d, 0x4d, 0x1b, 0x5b, 0x30, 0x6d, 
    0x1b, 0x5b, 0x33, 0x38, 0x3b, 0x32, 0x3b, 0x32, 0x35, 0x35, 0x3b, 0x32, 0x35, 0x35, 0x3b, 0x32, 
    0x35, 0x35, 0x6d, 0x4d, 0x1b, 0x5b, 0x30, 0x6d, 0x1b, 0x5b, 0x33, 0x38, 0x3b, 0x32, 0x3b, 0x32, 
    0x35, 0x35, 0x3b, 0x32, 0x35, 0x35, 0x3b, 0x32, 0x35, 0x35, 0x6d, 0x4d, 0x1b, 0x5b, 0x30, 0x6d, 
    0x1b, 0x5b, 0x33, 0x38, 0x3b, 0x32, 0x3b, 0x32, 0x35, 0x35, 0x3b, 0x32, 0x35, 0x35, 0x3b, 0x32, 
    0x35, 0x35, 0x6d, 0x4d, 0x1b, 0x5b, 0x30, 0x6d, 0x1b, 0x5b, 0x33, 0x38, 0x3b, 0x32, 0x3b, 0x32, 
    0x35, 0x35, 0x3b, 0x32, 0x35, 0x35, 0x3b, 0x32, 0x35, 0x35, 0x6d, 0x4d, 0x1b, 0x5b, 0x30, 0x6d, 
    0x1b, 0x5b, 0x33, 0x38, 0x3b, 0x32, 0x3b, 0x32, 0x35, 0x35, 0x3b, 0x32, 0x35, 0x35, 0x3b, 0x32, 
    0x35, 0x35, 0x6d, 0x4d, 0x1b, 0x5b, 0x30, 0x6d, 0x1b, 0x5b, 0x33, 0x38, 0x3b, 0x32, 0x3b, 0x32, 
    0x35, 0x35, 0x3b, 0x32, 0x35, 0x35, 0x3b, 0x32, 0x35, 0x35, 0x6d, 0x4d, 0x1b, 0x5b, 0x30, 0x6d, 
    0x1b, 0x5b, 0x33, 0x38, 0x3b, 0x32, 0x3b, 0x32, 0x35, 0x35, 0x3b, 0x32, 0x35, 0x35, 0x3b, 0x32, 
    0x35, 0x35, 0x6d, 0x4d, 0x1b, 0x5b, 0x30, 0x6d, 0x1b, 0x5b, 0x33, 0x38, 0x3b, 0x32, 0x3b, 0x30, 
    0x3b, 0x30, 0x3b, 0x30, 0x6d, 0x20, 0x1b, 0x5b, 0x30, 0x6d, 0x1b, 0x5b, 0x33, 0x38, 0x3b, 0x32, 
    0x3b, 0x30, 0x3b, 0x30, 0x3b, 0x30, 0x6d, 0x20, 0x1b, 0x5b, 0x30, 0x6d, 0x1b, 0x5b, 0x33, 0x38, 
    0x3b, 0x32, 0x3b, 0x32, 0x35, 0x35, 0x3b, 0x32, 0x35, 0x35, 0x3b, 0x32, 0x35, 0x35, 0x6d, 0x4d, 
    0x1b, 0x5b, 0x30, 0x6d, 0x1b, 0x5b, 0x33, 0x38, 0x3b, 0x32, 0x3b, 0x32, 0x35, 0x35, 0x3b, 0x32, 
    0x35, 0x35, 0x3b, 0x32, 0x35, 0x35, 0x6d, 0x4d, 0x1b, 0x5b, 0x30, 0x6d, 0x1b, 0x5b, 0x33, 0x38, 
    0x3b, 0x32, 0x3b, 0x32, 0x35, 0x35, 0x3b, 0x32, 0x35, 0x35, 0x3b, 0x32, 0x35, 0x35, 0x6d, 0x4d, 
    0x1b, 0x5b, 0x30, 0x6d, 0x1b, 0x5b, 0x33, 0x38, 0x3b, 0x32, 0x3b, 0x32, 0x35, 0x35, 0x3b, 0x32, 
    0x35, 0x35, 0x3b, 0x32, 0x35, 0x35, 0x6d, 0x4d, 0x1b, 0x5b, 0x30, 0x6d, 0x1b, 0x5b, 0x33, 0x38, 
    0x3b, 0x32, 0x3b, 0x32, 0x35, 0x35, 0x3b, 0x32, 0x35, 0x35, 0x3b, 0x32, 0x35, 0x35, 0x6d, 0x4d, 
    0x1b, 0x5b, 0x30, 0x6d, 0x1b, 0x5b, 0x33, 0x38, 0x3b, 0x32, 0x3b, 0x32, 0x35, 0x35, 0x3b, 0x32, 
    0x35, 0x35, 0x3b, 0x32, 0x35, 0x35, 0x6d, 0x4d, 0x1b, 0x5b, 0x30, 0x6d, 0x1b, 0x5b, 0x33, 0x38, 
    0x3b, 0x32, 0x3b, 0x32, 0x35, 0x35, 0x3b, 0x32, 0x35, 0x35, 0x3b, 0x32, 0x35, 0x35, 0x6d, 0x4d, 
    0x1b, 0x5b, 0x30, 0x6d, 0x1b, 0x5b, 0x33, 0x38, 0x3b, 0x32, 0x3b, 0x32, 0x35, 0x35, 0x3b, 0x32, 
    0x35, 0x35, 0x3b, 0x32, 0x35, 0x35, 0x6d, 0x4d, 0x1b, 0x5b, 0x30, 0x6d, 0x1b, 0x5b, 0x33, 0x38, 
    0x3b, 0x32, 0x3b, 0x32, 0x35, 0x35, 0x3b, 0x32, 0x35, 0x35, 0x3b, 0x32, 0x35, 0x35, 0x6d, 0x4d, 
    0x1b, 0x5b, 0x30, 0x6d, 0x1b, 0x5b, 0x33, 0x38, 0x3b, 0x32, 0x3b, 0x31, 0x30, 0x32, 0x3b, 0x31, 
    0x30, 0x32, 0x3b, 0x31, 0x30, 0x32, 0x6d, 0x3a, 0x1b, 0x5b, 0x30, 0x6d, 0x1b, 0x5b, 0x33, 0x38, 
    0x3b, 0x32, 0x3b, 0x31, 0x30, 0x32, 0x3b, 0x31, 0x30, 0x32, 0x3b, 0x31, 0x30, 0x32, 0x6d, 0x3a, 
    0x1b, 0x5b, 0x30, 0x6d, 0x1b, 0x5b, 0x33, 0x38, 0x3b, 0x32, 0x3b, 0x31, 0x30, 0x32, 0x3b, 0x31, 
    0x30, 0x32, 0x3b, 0x31, 0x30, 0x32, 0x6d, 0x3a, 0x1b, 0x5b, 0x30, 0x6d, 0x1b, 0x5b, 0x33, 0x38, 
    0x3b, 0x32, 0x3b, 0x31, 0x30, 0x32, 0x3b, 0x31, 0x30, 0x32, 0x3b, 0x31, 0x30, 0x32, 0x6d, 0x3a, 
    0x1b, 0x5b, 0x30, 0x6d, 0x1b, 0x5b, 0x33, 0x38, 0x3b, 0x32, 0x3b, 0x31, 0x30, 0x32, 0x3b, 0x31, 
    0x30, 0x32, 0x3b, 0x31, 0x30, 0x32, 0x6d, 0x3a, 0x1b, 0x5b, 0x30, 0x6d, 0x1b, 0x5b, 0x33, 0x38, 
    0x3b, 0x32, 0x3b, 0x31, 0x30, 0x32, 0x3b, 0x31, 0x30, 0x32, 0x3b, 0x31, 0x30, 0x32, 0x6d, 0x3a, 
    0x1b, 0x5b, 0x30, 0x6d, 0x1b, 0x5b, 0x33, 0x38, 0x3b, 0x32, 0x3b, 0x31, 0x30, 0x32, 0x3b, 0x31, 
    0x30, 0x32, 0x3b, 0x31, 0x30, 0x32, 0x6d, 0x3a, 0x1b, 0x5b, 0x30, 0x6d, 0x1b, 0x5b, 0x33, 0x38, 
    0x3b, 0x32, 0x3b, 0x31, 0x30, 0x32, 0x3b, 0x31, 0x30, 0x32, 0x3b, 0x31, 0x30, 0x32, 0x6d, 0x3a, 
    0x1b, 0x5b, 0x30, 0x6d, 0x1b, 0x5b, 0x33, 0x38, 0x3b, 0x32, 0x3b, 0x31, 0x30, 0x32, 0x3b, 0x31, 
    0x30, 0x32, 0x3b, 0x31, 0x30, 0x32, 0x6d, 0x3a, 0x1b, 0x5b, 0x30, 0x6d, 0x1b, 0x5b, 0x33, 0x38, 
    0x3b, 0x32, 0x3b, 0x31, 0x30, 0x32, 0x3b, 0x31, 0x30, 0x32, 0x3b, 0x31, 0x30, 0x32, 0x6d, 0x3a, 
    0x1b, 0x5b, 0x30, 0x6d, 0x1b, 0x5b, 0x33, 0x38, 0x3b, 0x32, 0x3b, 0x31, 0x30, 0x32, 0x3b, 0x31, 
    0x30, 0x32, 0x3b, 0x31, 0x30, 0x32, 0x6d, 0x3a, 0x1b, 0x5b, 0x30, 0x6d, 0x1b, 0x5b, 0x33, 0x38, 
    0x3b, 0x32, 0x3b, 0x31, 0x37, 0x39, 0x3b, 0x31, 0x37, 0x39, 0x3b, 0x31, 0x37, 0x39, 0x6d, 0x6b, 
    0x1b, 0x5b, 0x30, 0x6d, 0x1b, 0x5b, 0x33, 0x38, 0x3b, 0x32, 0x3b, 0x32, 0x35, 0x35, 0x3b, 0x32, 
    0x35, 0x35, 0x3b, 0x32, 0x35, 0x35, 0x6d, 0x4d, 0x1b, 0x5b, 0x30, 0x6d, 0x1b, 0x5b, 0x33, 0x38, 
    0x3b, 0x32, 0x3b, 0x32, 0x35, 0x35, 0x3b, 0x32, 0x35, 0x35, 0x3b, 0x32, 0x35, 0x35, 0x6d, 0x4d, 
    0x1b, 0x5b, 0x30, 0x6d, 0x1b, 0x5b, 0x33, 0x38, 0x3b, 0x32, 0x3b, 0x32, 0x35, 0x35, 0x3b, 0x32, 
    0x35, 0x35, 0x3b, 0x32, 0x35, 0x35, 0x6d, 0x4d, 0x1b, 0x5b, 0x30, 0x6d, 0x1b, 0x5b, 0x33, 0x38, 
    0x3b, 0x32, 0x3b, 0x32, 0x35, 0x35, 0x3b, 0x32, 0x35, 0x35, 0x3b, 0x32, 0x35, 0x35, 0x6d, 0x4d, 
    0x1b, 0x5b, 0x30, 0x6d, 0x1b, 0x5b, 0x33, 0x38, 0x3b, 0x32, 0x3b, 0x30, 0x3b, 0x30, 0x3b, 0x30, 
    0x6d, 0x20, 0x1b, 0x5b, 0x30, 0x6d, 0x1b, 0x5b, 0x33, 0x38, 0x3b, 0x32, 0x3b, 0x30, 0x3b, 0x30, 
    0x3b, 0x30, 0x6d, 0x20, 0x1b, 0x5b, 0x30, 0x6d, 0x1b, 0x5b, 0x33, 0x38, 0x3b, 0x32, 0x3b, 0x31, 
    0x32, 0x38, 0x3b, 0x31, 0x32, 0x38, 0x3b, 0x31, 0x32, 0x38, 0x6d, 0x6c, 0x1b, 0x5b, 0x30, 0x6d, 
    0x1b, 0x5b, 0x33, 0x38, 0x3b, 0x32, 0x3b, 0x32, 0x35, 0x35, 0x3b, 0x32, 0x35, 0x35, 0x3b, 0x32, 
    0x35, 0x35, 0x6d, 0x4d, 0x1b, 0x5b, 0x30, 0x6d, 0x1b, 0x5b, 0x33, 0x38, 0x3b, 0x32, 0x3b, 0x32, 
    0x35, 0x35, 0x3b, 0x32, 0x35, 0x35, 0x3b, 0x32, 0x35, 0x35, 0x6d, 0x4d, 0x1b, 0x5b, 0x30, 0x6d, 
    0x1b, 0x5b, 0x33, 0x38, 0x3b, 0x32, 0x3b, 0x32, 0x35, 0x35, 0x3b, 0x32, 0x35, 0x35, 0x3b, 0x32, 
    0x35, 0x35, 0x6d, 0x4d, 0x1b, 0x5b, 0x30, 0x6d, 0x1b, 0x5b, 0x33, 0x38, 0x3b, 0x32, 0x3b, 0x32, 
    0x35, 0x35, 0x3b, 0x32, 0x35, 0x35, 0x3b, 0x32, 0x35, 0x35, 0x6d, 0x4d, 0x1b, 0x5b, 0x30, 0x6d, 
    0x1b, 0x5b, 0x33, 0x38, 0x3b, 0x32, 0x3b, 0x30, 0x3b, 0x30, 0x3b, 0x30, 0x6d, 0x20, 0x1b, 0x5b, 
    0x30, 0x6d, 0x1b, 0x5b, 0x33, 0x38, 0x3b, 0x32, 0x3b, 0x30, 0x3b, 0x30, 0x3b, 0x30, 0x6d, 0x20, 
    0x1b, 0x5b, 0x30, 0x6d, 0x1b, 0x5b, 0x33, 0x38, 0x3b, 0x32, 0x3b, 0x30, 0x3b, 0x30, 0x3b, 0x30, 
    0x6d, 0x20, 0x1b, 0x5b, 0x30, 0x6d, 0x1b, 0x5b, 0x33, 0x38, 0x3b, 0x32, 0x3b, 0x30, 0x3b, 0x30, 
    0x3b, 0x30, 0x6d, 0x20, 0x1b, 0x5b, 0x30, 0x6d, 0x1b, 0x5b, 0x33, 0x38, 0x3b, 0x32, 0x3b, 0x30, 
    0x3b, 0x30, 0x3b, 0x30, 0x6d, 0x20, 0x1b, 0x5b, 0x30, 0x6d, 0x1b, 0x5b, 0x33, 0x38, 0x3b, 0x32, 
    0x3b, 0x30, 0x3b, 0x30, 0x3b, 0x30, 0x6d, 0x20, 0x1b, 0x5b, 0x30, 0x6d, 0x1b, 0x5b, 0x33, 0x38, 
    0x3b, 0x32, 0x3b, 0x30, 0x3b, 0x30, 0x3b, 0x30, 0x6d, 0x20, 0x1b, 0x5b, 0x30, 0x6d, 0x1b, 0x5b, 
    0x33, 0x38, 0x3b, 0x32, 0x3b, 0x30, 0x3b, 0x30, 0x3b, 0x30, 0x6d, 0x20, 0x1b, 0x5b, 0x30, 0x6d, 
    0x1b, 0x5b, 0x33, 0x38, 0x3b, 0x32, 0x3b, 0x30, 0x3b, 0x30, 0x3b, 0x30, 0x6d, 0x20, 0x1b, 0x5b, 
    0x30, 0x6d, 0x1b, 0x5b, 0x33, 0x38, 0x3b, 0x32, 0x3b, 0x30, 0x3b, 0x30, 0x3b, 0x30, 0x6d, 0x20, 
    0x1b, 0x5b, 0x30, 0x6d, 0x1b, 0x5b, 0x33, 0x38, 0x3b, 0x32, 0x3b, 0x30, 0x3b, 0x30, 0x3b, 0x30, 
    0x6d, 0x20, 0x1b, 0x5b, 0x30, 0x6d, 0x1b, 0x5b, 0x33, 0x38, 0x3b, 0x32, 0x3b, 0x30, 0x3b, 0x30, 
    0x3b, 0x30, 0x6d, 0x20, 0x1b, 0x5b, 0x30, 0x6d, 0x1b, 0x5b, 0x33, 0x38, 0x3b, 0x32, 0x3b, 0x30, 
    0x3b, 0x30, 0x3b, 0x30, 0x6d, 0x20, 0x1b, 0x5b, 0x30, 0x6d, 0x1b, 0x5b, 0x33, 0x38, 0x3b, 0x32, 
    0x3b, 0x30, 0x3b, 0x30, 0x3b, 0x30, 0x6d, 0x20, 0x1b, 0x5b, 0x30, 0x6d, 0x1b, 0x5b, 0x33, 0x38, 
    0x3b, 0x32, 0x3b, 0x30, 0x3b, 0x30, 0x3b, 0x30, 0x6d, 0x20, 0x1b, 0x5b, 0x30, 0x6d, 0x1b, 0x5b, 
    0x33, 0x38, 0x3b, 0x32, 0x3b, 0x30, 0x3b, 0x30, 0x3b, 0x30, 0x6d, 0x20, 0x1b, 0x5b, 0x30, 0x6d, 
    0x1b, 0x5b, 0x33, 0x38, 0x3b, 0x32, 0x3b, 0x30, 0x3b, 0x30, 0x3b, 0x30, 0x6d, 0x20, 0x1b, 0x5b, 
    0x30, 0x6d, 0x1b, 0x5b, 0x33, 0x38, 0x3b, 0x32, 0x3b, 0x30, 0x3b, 0x30, 0x3b, 0x30, 0x6d, 0x20, 
    0x1b, 0x5b, 0x30, 0x6d, 0x1b, 0x5b, 0x33, 0x38, 0x3b, 0x32, 0x3b, 0x30, 0x3b, 0x30, 0x3b, 0x30, 
    0x6d, 0x20, 0x1b, 0x5b, 0x30, 0x6d, 0x1b, 0x5b, 0x33, 0x38, 0x3b, 0x32, 0x3b, 0x30, 0x3b, 0x30, 
    0x3b, 0x30, 0x6d, 0x20, 0x1b, 0x5b, 0x30, 0x6d, 0x1b, 0x5b, 0x33, 0x38, 0x3b, 0x32, 0x3b, 0x30, 
    0x3b, 0x30, 0x3b, 0x30, 0x6d, 0x20, 0x1b, 0x5b, 0x30, 0x6d, 0x1b, 0x5b, 0x33, 0x38, 0x3b, 0x32, 
    0x3b, 0x30, 0x3b, 0x30, 0x3b, 0x30, 0x6d, 0x20, 0x1b, 0x5b, 0x30, 0x6d, 0x1b, 0x5b, 0x33, 0x38, 
    0x3b, 0x32, 0x3b, 0x30, 0x3b, 0x30, 0x3b, 0x30, 0x6d, 0x20, 0x1b, 0x5b, 0x30, 0x6d, 0x1b, 0x5b, 
    0x33, 0x38, 0x3b, 0x32, 0x3b, 0x31, 0x30, 0x32, 0x3b, 0x31, 0x30, 0x32, 0x3b, 0x31, 0x30, 0x32, 
    0x6d, 0x3a, 0x1b, 0x5b, 0x30, 0x6d, 0x1b, 0x5b, 0x33, 0x38, 0x3b, 0x32, 0x3b, 0x31, 0x30, 0x32, 
    0x3b, 0x31, 0x30, 0x32, 0x3b, 0x31, 0x30, 0x32, 0x6d, 0x3a, 0x1b, 0x5b, 0x30, 0x6d, 0x1b, 0x5b, 
    0x33, 0x38, 0x3b, 0x32, 0x3b, 0x32, 0x35, 0x35, 0x3b, 0x32, 0x35, 0x35, 0x3b, 0x32, 0x35, 0x35, 
    0x6d, 0x4d, 0x1b, 0x5b, 0x30, 0x6d, 0x1b, 0x5b, 0x33, 0x38, 0x3b, 0x32, 0x3b, 0x32, 0x35, 0x35, 
    0x3b, 0x32, 0x35, 0x35, 0x3b, 0x32, 0x35, 0x35, 0x6d, 0x4d, 0x1b, 0x5b, 0x30, 0x6d, 0x0a, 0x1b, 
    0x5b, 0x30, 0x6d, 0x1b, 0x5b, 0x33, 0x38, 0x3b, 0x32, 0x3b, 0x32, 0x35, 0x35, 0x3b, 0x32, 0x35, 
    0x35, 0x3b, 0x32, 0x35, 0x35, 0x6d, 0x4d, 0x1b, 0x5b, 0x30, 0x6d, 0x1b, 0x5b, 0x33, 0x38, 0x3b, 
    0x32, 0x3b, 0x32, 0x35, 0x35, 0x3b, 0x32, 0x35, 0x35, 0x3b, 0x32, 0x35, 0x35, 0x6d, 0x4d, 0x1b, 
    0x5b, 0x30, 0x6d, 0x1b, 0x5b, 0x33, 0x38, 0x3b, 0x32, 0x3b, 0x32, 0x35, 0x35, 0x3b, 0x32, 0x35, 
    0x35, 0x3b, 0x32, 0x35, 0x35, 0x6d, 0x4d, 0x1b, 0x5b, 0x30, 0x6d, 0x1b, 0x5b, 0x33, 0x38, 0x3b, 
    0x32, 0x3b, 0x32, 0x35, 0x35, 0x3b, 0x32, 0x35, 0x35, 0x3b, 0x32, 0x35, 0x35, 0x6d, 0x4d, 0x1b, 
    0x5b, 0x30, 0x6d, 0x1b, 0x5b, 0x33, 0x38, 0x3b, 0x32, 0x3b, 0x32, 0x35, 0x35, 0x3b, 0x32, 0x35, 
    0x35, 0x3b, 0x32, 0x35, 0x35, 0x6d, 0x4d, 0x1b, 0x5b, 0x30, 0x6d, 0x1b, 0x5b, 0x33, 0x38, 0x3b, 
    0x32, 0x3b, 0x32, 0x35, 0x35, 0x3b, 0x32, 0x35, 0x35, 0x3b, 0x32, 0x35, 0x35, 0x6d, 0x4d, 0x1b, 
    0x5b, 0x30, 0x6d, 0x1b, 0x5b, 0x33, 0x38, 0x3b, 0x32, 0x3b, 0x32, 0x35, 0x35, 0x3b, 0x32, 0x35, 
    0x35, 0x3b, 0x32, 0x35, 0x35, 0x6d, 0x4d, 0x1b, 0x5b, 0x30, 0x6d, 0x1b, 0x5b, 0x33, 0x38, 0x3b, 
    0x32, 0x3b, 0x32, 0x35, 0x35, 0x3b, 0x32, 0x35, 0x35, 0x3b, 0x32, 0x35, 0x35, 0x6d, 0x4d, 0x1b, 
    0x5b, 0x30, 0x6d, 0x1b, 0x5b, 0x33, 0x38, 0x3b, 0x32, 0x3b, 0x32, 0x35, 0x35, 0x3b, 0x32, 0x35, 
    0x35, 0x3b, 0x32, 0x35, 0x35, 0x6d, 0x4d, 0x1b, 0x5b, 0x30, 0x6d, 0x1b, 0x5b, 0x33, 0x38, 0x3b, 
    0x32, 0x3b, 0x30, 0x3b, 0x30, 0x3b, 0x30, 0x6d, 0x20, 0x1b, 0x5b, 0x30, 0x6d, 0x1b, 0x5b, 0x33, 
    0x38, 0x3b, 0x32, 0x3b, 0x30, 0x3b, 0x30, 0x3b, 0x30, 0x6d, 0x20, 0x1b, 0x5b, 0x30, 0x6d, 0x1b, 
    0x5b, 0x33, 0x38, 0x3b, 0x32, 0x3b, 0x31, 0x32, 0x38, 0x3b, 0x31, 0x32, 0x38, 0x3b, 0x31, 0x32, 
    0x38, 0x6d, 0x6c, 0x1b, 0x5b, 0x30, 0x6d, 0x1b, 0x5b, 0x33, 0x38, 0x3b, 0x32, 0x3b, 0x32, 0x35, 
    0x35, 0x3b, 0x32, 0x35, 0x35, 0x3b, 0x32, 0x35, 0x35, 0x6d, 0x4d, 0x1b, 0x5b, 0x30, 0x6d, 0x1b, 
    0x5b, 0x33, 0x38, 0x3b, 0x32, 0x3b, 0x32, 0x35, 0x35, 0x3b, 0x32, 0x35, 0x35, 0x3b, 0x32, 0x35, 
    0x35, 0x6d, 0x4d, 0x1b, 0x5b, 0x30, 0x6d, 0x1b, 0x5b, 0x33, 0x38, 0x3b, 0x32, 0x3b, 0x32, 0x35, 
    0x35, 0x3b, 0x32, 0x35, 0x35, 0x3b, 0x32, 0x35, 0x35, 0x6d, 0x4d, 0x1b, 0x5b, 0x30, 0x6d, 0x1b, 
    0x5b, 0x33, 0x38, 0x3b, 0x32, 0x3b, 0x32, 0x35, 0x35, 0x3b, 0x32, 0x35, 0x35, 0x3b, 0x32, 0x35, 
    0x35, 0x6d, 0x4d, 0x1b, 0x5b, 0x30, 0x6d, 0x1b, 0x5b, 0x33, 0x38, 0x3b, 0x32, 0x3b, 0x32, 0x35, 
    0x35, 0x3b, 0x32, 0x35, 0x35, 0x3b, 0x32, 0x35, 0x35, 0x6d, 0x4d, 0x1b, 0x5b, 0x30, 0x6d, 0x1b, 
    0x5b, 0x33, 0x38, 0x3b, 0x32, 0x3b, 0x32, 0x35, 0x35, 0x3b, 0x32, 0x35, 0x35, 0x3b, 0x32, 0x35, 
    0x35, 0x6d, 0x4d, 0x1b, 0x5b, 0x30, 0x6d, 0x1b, 0x5b, 0x33, 0x38, 0x3b, 0x32, 0x3b, 0x32, 0x35, 
    0x35, 0x3b, 0x32, 0x35, 0x35, 0x3b, 0x32, 0x35, 0x35, 0x6d, 0x4d, 0x1b, 0x5b, 0x30, 0x6d, 0x1b, 
    0x5b, 0x33, 0x38, 0x3b, 0x32, 0x3b, 0x32, 0x35, 0x35, 0x3b, 0x32, 0x35, 0x35, 0x3b, 0x32, 0x35, 
    0x35, 0x6d, 0x4d, 0x1b, 0x5b, 0x30, 0x6d, 0x1b, 0x5b, 0x33, 0x38, 0x3b, 0x32, 0x3b, 0x32, 0x32, 
    0x33, 0x3b, 0x32, 0x32, 0x33, 0x3b, 0x32, 0x32, 0x33, 0x6d, 0x58, 0x1b, 0x5b, 0x30, 0x6d, 0x1b, 
    0x5b, 0x33, 0x38, 0x3b, 0x32, 0x3b, 0x31, 0x39, 0x31, 0x3b, 0x31, 0x39, 0x31, 0x3b, 0x31, 0x39, 
    0x31, 0x6d, 0x30, 0x1b, 0x5b, 0x30, 0x6d, 0x1b, 0x5b, 0x33, 0x38, 0x3b, 0x32, 0x3b, 0x31, 0x39, 
    0x31, 0x3b, 0x31, 0x39, 0x31, 0x3b, 0x31, 0x39, 0x31, 0x6d, 0x30, 0x1b, 0x5b, 0x30, 0x6d, 0x1b, 
    0x5b, 0x33, 0x38, 0x3b, 0x32, 0x3b, 0x30, 0x3b, 0x30, 0x3b, 0x30, 0x6d, 0x20, 0x1b, 0x5b, 0x30, 
    0x6d, 0x1b, 0x5b, 0x33, 0x38, 0x3b, 0x32, 0x3b, 0x30, 0x3b, 0x30, 0x3b, 0x30, 0x6d, 0x20, 0x1b, 
    0x5b, 0x30, 0x6d, 0x1b, 0x5b, 0x33, 0x38, 0x3b, 0x32, 0x3b, 0x36, 0x34, 0x3b, 0x36, 0x34, 0x3b, 
    0x36, 0x34, 0x6d, 0x27, 0x1b, 0x5b, 0x30, 0x6d, 0x1b, 0x5b, 0x33, 0x38, 0x3b, 0x32, 0x3b, 0x36, 
    0x34, 0x3b, 0x36, 0x34, 0x3b, 0x36, 0x34, 0x6d, 0x27, 0x1b, 0x5b, 0x30, 0x6d, 0x1b, 0x5b, 0x33, 
    0x38, 0x3b, 0x32, 0x3b, 0x36, 0x34, 0x3b, 0x36, 0x34, 0x3b, 0x36, 0x34, 0x6d, 0x27, 0x1b, 0x5b, 
    0x30, 0x6d, 0x1b, 0x5b, 0x33, 0x38, 0x3b, 0x32, 0x3b, 0x36, 0x34, 0x3b, 0x36, 0x34, 0x3b, 0x36, 
    0x34, 0x6d, 0x27, 0x1b, 0x5b, 0x30, 0x6d, 0x1b, 0x5b, 0x33, 0x38, 0x3b, 0x32, 0x3b, 0x31, 0x32, 
    0x38, 0x3b, 0x31, 0x32, 0x38, 0x3b, 0x31, 0x32, 0x38, 0x6d, 0x6c, 0x1b, 0x5b, 0x30, 0x6d, 0x1b, 
    0x5b, 0x33, 0x38, 0x3b, 0x32, 0x3b, 0x31, 0x39, 0x31, 0x3b, 0x31, 0x39, 0x31, 0x3b, 0x31, 0x39, 
    0x31, 0x6d, 0x30, 0x1b, 0x5b, 0x30, 0x6d, 0x1b, 0x5b, 0x33, 0x38, 0x3b, 0x32, 0x3b, 0x31, 0x39, 
    0x31, 0x3b, 0x31, 0x39, 0x31, 0x3b, 0x31, 0x39, 0x31, 0x6d, 0x30, 0x1b, 0x5b, 0x30, 0x6d, 0x1b, 
    0x5b, 0x33, 0x38, 0x3b, 0x32, 0x3b, 0x31, 0x39, 0x31, 0x3b, 0x31, 0x39, 0x31, 0x3b, 0x31, 0x39, 
    0x31, 0x6d, 0x30, 0x1b, 0x5b, 0x30, 0x6d, 0x1b, 0x5b, 0x33, 0x38, 0x3b, 0x32, 0x3b, 0x31, 0x39, 
    0x31, 0x3b, 0x31, 0x39, 0x31, 0x3b, 0x31, 0x39, 0x31, 0x6d, 0x30, 0x1b, 0x5b, 0x30, 0x6d, 0x1b, 
    0x5b, 0x33, 0x38, 0x3b, 0x32, 0x3b, 0x31, 0x39, 0x31, 0x3b, 0x31, 0x39, 0x31, 0x3b, 0x31, 0x39, 
    0x31, 0x6d, 0x30, 0x1b, 0x5b, 0x30, 0x6d, 0x1b, 0x5b, 0x33, 0x38, 0x3b, 0x32, 0x3b, 0x31, 0x39, 
    0x31, 0x3b, 0x31, 0x39, 0x31, 0x3b, 0x31, 0x39, 0x31, 0x6d, 0x30, 0x1b, 0x5b, 0x30, 0x6d, 0x1b, 
    0x5b, 0x33, 0x38, 0x3b, 0x32, 0x3b, 0x31, 0x39, 0x31, 0x3b, 0x31, 0x39, 0x31, 0x3b, 0x31, 0x39, 
    0x31, 0x6d, 0x30, 0x1b, 0x5b, 0x30, 0x6d, 0x1b, 0x5b, 0x33, 0x38, 0x3b, 0x32, 0x3b, 0x31, 0x39, 
    0x31, 0x3b, 0x31, 0x39, 0x31, 0x3b, 0x31, 0x39, 0x31, 0x6d, 0x30, 0x1b, 0x5b, 0x30, 0x6d, 0x1b, 
    0x5b, 0x33, 0x38, 0x3b, 0x32, 0x3b, 0x31, 0x39, 0x31, 0x3b, 0x31, 0x39, 0x31, 0x3b, 0x31, 0x39, 
    0x31, 0x6d, 0x30, 0x1b, 0x5b, 0x30, 0x6d, 0x1b, 0x5b, 0x33, 0x38, 0x3b, 0x32, 0x3b, 0x36, 0x34, 
    0x3b, 0x36, 0x34, 0x3b, 0x36, 0x34, 0x6d, 0x27, 0x1b, 0x5b, 0x30, 0x6d, 0x1b, 0x5b, 0x33, 0x38, 
    0x3b, 0x32, 0x3b, 0x36, 0x34, 0x3b, 0x36, 0x34, 0x3b, 0x36, 0x34, 0x6d, 0x27, 0x1b, 0x5b, 0x30, 
    0x6d, 0x1b, 0x5b, 0x33, 0x38, 0x3b, 0x32, 0x3b, 0x32, 0x35, 0x35, 0x3b, 0x32, 0x35, 0x35, 0x3b, 
    0x32, 0x35, 0x35, 0x6d, 0x4d, 0x1b, 0x5b, 0x30, 0x6d, 0x1b, 0x5b, 0x33, 0x38, 0x3b, 0x32, 0x3b, 
    0x32, 0x35, 0x35, 0x3b, 0x32, 0x35, 0x35, 0x3b, 0x32, 0x35, 0x35, 0x6d, 0x4d, 0x1b, 0x5b, 0x30, 
    0x6d, 0x1b, 0x5b, 0x33, 0x38, 0x3b, 0x32, 0x3b, 0x32, 0x32, 0x33, 0x3b, 0x32, 0x32, 0x33, 0x3b, 
    0x32, 0x32, 0x33, 0x6d, 0x58, 0x1b, 0x5b, 0x30, 0x6d, 0x1b, 0x5b, 0x33, 0x38, 0x3b, 0x32, 0x3b, 
    0x31, 0x39, 0x31, 0x3b, 0x31, 0x39, 0x31, 0x3b, 0x31, 0x39, 0x31, 0x6d, 0x30, 0x1b, 0x5b, 0x30, 
    0x6d, 0x1b, 0x5b, 0x33, 0x38, 0x3b, 0x32, 0x3b, 0x31, 0x39, 0x31, 0x3b, 0x31, 0x39, 0x31, 0x3b, 
    0x31, 0x39, 0x31, 0x6d, 0x30, 0x1b, 0x5b, 0x30, 0x6d, 0x1b, 0x5b, 0x33, 0x38, 0x3b, 0x32, 0x3b, 
    0x31, 0x39, 0x31, 0x3b, 0x31, 0x39, 0x31, 0x3b, 0x31, 0x39, 0x31, 0x6d, 0x30, 0x1b, 0x5b, 0x30, 
    0x6d, 0x1b, 0x5b, 0x33, 0x38, 0x3b, 0x32, 0x3b, 0x31, 0x39, 0x31, 0x3b, 0x31, 0x39, 0x31, 0x3b, 
    0x31, 0x39, 0x31, 0x6d, 0x30, 0x1b, 0x5b, 0x30, 0x6d, 0x1b, 0x5b, 0x33, 0x38, 0x3b, 0x32, 0x3b, 
    0x31, 0x39, 0x31, 0x3b, 0x31, 0x39, 0x31, 0x3b, 0x31, 0x39, 0x31, 0x6d, 0x30, 0x1b, 0x5b, 0x30, 
    0x6d, 0x1b, 0x5b, 0x33, 0x38, 0x3b, 0x32, 0x3b, 0x31, 0x39, 0x31, 0x3b, 0x31, 0x39, 0x31, 0x3b, 
    0x31, 0x39, 0x31, 0x6d, 0x30, 0x1b, 0x5b, 0x30, 0x6d, 0x1b, 0x5b, 0x33, 0x38, 0x3b, 0x32, 0x3b, 
    0x32, 0x35, 0x35, 0x3b, 0x32, 0x35, 0x35, 0x3b, 0x32, 0x35, 0x35, 0x6d, 0x4d, 0x1b, 0x5b, 0x30, 
    0x6d, 0x1b, 0x5b, 0x33, 0x38, 0x3b, 0x32, 0x3b, 0x32, 0x35, 0x35, 0x3b, 0x32, 0x35, 0x35, 0x3b, 
    0x32, 0x35, 0x35, 0x6d, 0x4d, 0x1b, 0x5b, 0x30, 0x6d, 0x1b, 0x5b, 0x33, 0x38, 0x3b, 0x32, 0x3b, 
    0x32, 0x35, 0x35, 0x3b, 0x32, 0x35, 0x35, 0x3b, 0x32, 0x35, 0x35, 0x6d, 0x4d, 0x1b, 0x5b, 0x30, 
    0x6d, 0x1b, 0x5b, 0x33, 0x38, 0x3b, 0x32, 0x3b, 0x32, 0x35, 0x35, 0x3b, 0x32, 0x35, 0x35, 0x3b, 
    0x32, 0x35, 0x35, 0x6d, 0x4d, 0x1b, 0x5b, 0x30, 0x6d, 0x1b, 0x5b, 0x33, 0x38, 0x3b, 0x32, 0x3b, 
    0x32, 0x35, 0x35, 0x3b, 0x32, 0x35, 0x35, 0x3b, 0x32, 0x35, 0x35, 0x6d, 0x4d, 0x1b, 0x5b, 0x30, 
    0x6d, 0x1b, 0x5b, 0x33, 0x38, 0x3b, 0x32, 0x3b, 0x32, 0x35, 0x35, 0x3b, 0x32, 0x35, 0x35, 0x3b, 
    0x32, 0x35, 0x35, 0x6d, 0x4d, 0x1b, 0x5b, 0x30, 0x6d, 0x1b, 0x5b, 0x33, 0x38, 0x3b, 0x32, 0x3b, 
    0x32, 0x35, 0x35, 0x3b, 0x32, 0x35, 0x35, 0x3b, 0x32, 0x35, 0x35, 0x6d, 0x4d, 0x1b, 0x5b, 0x30, 
    0x6d, 0x1b, 0x5b, 0x33, 0x38, 0x3b, 0x32, 0x3b, 0x31, 0x39, 0x31, 0x3b, 0x31, 0x39, 0x31, 0x3b, 
    0x31, 0x39, 0x31, 0x6d, 0x30, 0x1b, 0x5b, 0x30, 0x6d, 0x1b, 0x5b, 0x33, 0x38, 0x3b, 0x32, 0x3b, 
    0x31, 0x39, 0x31, 0x3b, 0x31, 0x39, 0x31, 0x3b, 0x31, 0x39, 0x31, 0x6d, 0x30, 0x1b, 0x5b, 0x30, 
    0x6d, 0x1b, 0x5b, 0x33, 0x38, 0x3b, 0x32, 0x3b, 0x32, 0x32, 0x33, 0x3b, 0x32, 0x32, 0x33, 0x3b, 
    0x32, 0x32, 0x33, 0x6d, 0x58, 0x1b, 0x5b, 0x30, 0x6d, 0x1b, 0x5b, 0x33, 0x38, 0x3b, 0x32, 0x3b, 
    0x32, 0x35, 0x35, 0x3b, 0x32, 0x35, 0x35, 0x3b, 0x32, 0x35, 0x35, 0x6d, 0x4d, 0x1b, 0x5b, 0x30, 
    0x6d, 0x1b, 0x5b, 0x33, 0x38, 0x3b, 0x32, 0x3b, 0x32, 0x32, 0x33, 0x3b, 0x32, 0x32, 0x33, 0x3b, 
    0x32, 0x32, 0x33, 0x6d, 0x58, 0x1b, 0x5b, 0x30, 0x6d, 0x1b, 0x5b, 0x33, 0x38, 0x3b, 0x32, 0x3b, 
    0x31, 0x39, 0x31, 0x3b, 0x31, 0x39, 0x31, 0x3b, 0x31, 0x39, 0x31, 0x6d, 0x30, 0x1b, 0x5b, 0x30, 
    0x6d, 0x1b, 0x5b, 0x33, 0x38, 0x3b, 0x32, 0x3b, 0x31, 0x39, 0x31, 0x3b, 0x31, 0x39, 0x31, 0x3b, 
    0x31, 0x39, 0x31, 0x6d, 0x30, 0x1b, 0x5b, 0x30, 0x6d, 0x1b, 0x5b, 0x33, 0x38, 0x3b, 0x32, 0x3b, 
    0x32, 0x35, 0x35, 0x3b, 0x32, 0x35, 0x35, 0x3b, 0x32, 0x35, 0x35, 0x6d, 0x4d, 0x1b, 0x5b, 0x30, 
    0x6d, 0x1b, 0x5b, 0x33, 0x38, 0x3b, 0x32, 0x3b, 0x32, 0x35, 0x35, 0x3b, 0x32, 0x35, 0x35, 0x3b, 
    0x32, 0x35, 0x35, 0x6d, 0x4d, 0x1b, 0x5b, 0x30, 0x6d, 0x1b, 0x5b, 0x33, 0x38, 0x3b, 0x32, 0x3b, 
    0x30, 0x3b, 0x30, 0x3b, 0x30, 0x6d, 0x20, 0x1b, 0x5b, 0x30, 0x6d, 0x1b, 0x5b, 0x33, 0x38, 0x3b, 
    0x32, 0x3b, 0x30, 0x3b, 0x30, 0x3b, 0x30, 0x6d, 0x20, 0x1b, 0x5b, 0x30, 0x6d, 0x1b, 0x5b, 0x33, 
    0x38, 0x3b, 0x32, 0x3b, 0x31, 0x32, 0x38, 0x3b, 0x31, 0x32, 0x38, 0x3b, 0x31, 0x32, 0x38, 0x6d, 
    0x6c, 0x1b, 0x5b, 0x30, 0x6d, 0x1b, 0x5b, 0x33, 0x38, 0x3b, 0x32, 0x3b, 0x32, 0x35, 0x35, 0x3b, 
    0x32, 0x35, 0x35, 0x3b, 0x32, 0x35, 0x35, 0x6d, 0x4d, 0x1b, 0x5b, 0x30, 0x6d, 0x1b, 0x5b, 0x33, 
    0x38, 0x3b, 0x32, 0x3b, 0x32, 0x35, 0x35, 0x3b, 0x32, 0x35, 0x35, 0x3b, 0x32, 0x35, 0x35, 0x6d, 
    0x4d, 0x1b, 0x5b, 0x30, 0x6d, 0x1b, 0x5b, 0x33, 0x38, 0x3b, 0x32, 0x3b, 0x32, 0x35, 0x35, 0x3b, 
    0x32, 0x35, 0x35, 0x3b, 0x32, 0x35, 0x35, 0x6d, 0x4d, 0x1b, 0x5b, 0x30, 0x6d, 0x1b, 0x5b, 0x33, 
    0x38, 0x3b, 0x32, 0x3b, 0x32, 0x35, 0x35, 0x3b, 0x32, 0x35, 0x35, 0x3b, 0x32, 0x35, 0x35, 0x6d, 
    0x4d, 0x1b, 0x5b, 0x30, 0x6d, 0x1b, 0x5b, 0x33, 0x38, 0x3b, 0x32, 0x3b, 0x30, 0x3b, 0x30, 0x3b, 
    0x30, 0x6d, 0x20, 0x1b, 0x5b, 0x30, 0x6d, 0x1b, 0x5b, 0x33, 0x38, 0x3b, 0x32, 0x3b, 0x30, 0x3b, 
    0x30, 0x3b, 0x30, 0x6d, 0x20, 0x1b, 0x5b, 0x30, 0x6d, 0x1b, 0x5b, 0x33, 0x38, 0x3b, 0x32, 0x3b, 
    0x30, 0x3b, 0x30, 0x3b, 0x30, 0x6d, 0x20, 0x1b, 0x5b, 0x30, 0x6d, 0x1b, 0x5b, 0x33, 0x38, 0x3b, 
    0x32, 0x3b, 0x30, 0x3b, 0x30, 0x3b, 0x30, 0x6d, 0x20, 0x1b, 0x5b, 0x30, 0x6d, 0x1b, 0x5b, 0x33, 
    0x38, 0x3b, 0x32, 0x3b, 0x30, 0x3b, 0x30, 0x3b, 0x30, 0x6d, 0x20, 0x1b, 0x5b, 0x30, 0x6d, 0x1b, 
    0x5b, 0x33, 0x38, 0x3b, 0x32, 0x3b, 0x30, 0x3b, 0x30, 0x3b, 0x30, 0x6d, 0x20, 0x1b, 0x5b, 0x30, 
    0x6d, 0x1b, 0x5b, 0x33, 0x38, 0x3b, 0x32, 0x3b, 0x30, 0x3b, 0x30, 0x3b, 0x30, 0x6d, 0x20, 0x1b, 
    0x5b, 0x30, 0x6d, 0x1b, 0x5b, 0x33, 0x38, 0x3b, 0x32, 0x3b, 0x30, 0x3b, 0x30, 0x3b, 0x30, 0x6d, 
    0x20, 0x1b, 0x5b, 0x30, 0x6d, 0x1b, 0x5b, 0x33, 0x38, 0x3b, 0x32, 0x3b, 0x30, 0x3b, 0x30, 0x3b, 
    0x30, 0x6d, 0x20, 0x1b, 0x5b, 0x30, 0x6d, 0x1b, 0x5b, 0x33, 0x38, 0x3b, 0x32, 0x3b, 0x30, 0x3b, 
    0x30, 0x3b, 0x30, 0x6d, 0x20, 0x1b, 0x5b, 0x30, 0x6d, 0x1b, 0x5b, 0x33, 0x38, 0x3b, 0x32, 0x3b, 
    0x30, 0x3b, 0x30, 0x3b, 0x30, 0x6d, 0x20, 0x1b, 0x5b, 0x30, 0x6d, 0x1b, 0x5b, 0x33, 0x38, 0x3b, 
    0x32, 0x3b, 0x30, 0x3b, 0x30, 0x3b, 0x30, 0x6d, 0x20, 0x1b, 0x5b, 0x30, 0x6d, 0x1b, 0x5b, 0x33, 
    0x38, 0x3b, 0x32, 0x3b, 0x30, 0x3b, 0x30, 0x3b, 0x30, 0x6d, 0x20, 0x1b, 0x5b, 0x30, 0x6d, 0x1b, 
    0x5b, 0x33, 0x38, 0x3b, 0x32, 0x3b, 0x30, 0x3b, 0x30, 0x3b, 0x30, 0x6d, 0x20, 0x1b, 0x5b, 0x30, 
    0x6d, 0x1b, 0x5b, 0x33, 0x38, 0x3b, 0x32, 0x3b, 0x30, 0x3b, 0x30, 0x3b, 0x30, 0x6d, 0x20, 0x1b, 
    0x5b, 0x30, 0x6d, 0x1b, 0x5b, 0x33, 0x38, 0x3b, 0x32, 0x3b, 0x30, 0x3b, 0x30, 0x3b, 0x30, 0x6d, 
    0x20, 0x1b, 0x5b, 0x30, 0x6d, 0x1b, 0x5b, 0x33, 0x38, 0x3b, 0x32, 0x3b, 0x30, 0x3b, 0x30, 0x3b, 
    0x30, 0x6d, 0x20, 0x1b, 0x5b, 0x30, 0x6d, 0x1b, 0x5b, 0x33, 0x38, 0x3b, 0x32, 0x3b, 0x30, 0x3b, 
    0x30, 0x3b, 0x30, 0x6d, 0x20, 0x1b, 0x5b, 0x30, 0x6d, 0x1b, 0x5b, 0x33, 0x38, 0x3b, 0x32, 0x3b, 
    0x33, 0x32, 0x3b, 0x33, 0x32, 0x3b, 0x33, 0x32, 0x6d, 0x2e, 0x1b, 0x5b, 0x30, 0x6d, 0x1b, 0x5b, 
    0x33, 0x38, 0x3b, 0x32, 0x3b, 0x36, 0x34, 0x3b, 0x36, 0x34, 0x3b, 0x36, 0x34, 0x6d, 0x27, 0x1b, 
    0x5b, 0x30, 0x6d, 0x1b, 0x5b, 0x33, 0x38, 0x3b, 0x32, 0x3b, 0x36, 0x34, 0x3b, 0x36, 0x34, 0x3b, 
    0x36, 0x34, 0x6d, 0x27, 0x1b, 0x5b, 0x30, 0x6d, 0x1b, 0x5b, 0x33, 0x38, 0x3b, 0x32, 0x3b, 0x36, 
    0x34, 0x3b, 0x36, 0x34, 0x3b, 0x36, 0x34, 0x6d, 0x27, 0x1b, 0x5b, 0x30, 0x6d, 0x1b, 0x5b, 0x33, 
    0x38, 0x3b, 0x32, 0x3b, 0x36, 0x34, 0x3b, 0x36, 0x34, 0x3b, 0x36, 0x34, 0x6d, 0x27, 0x1b, 0x5b, 
    0x30, 0x6d, 0x1b, 0x5b, 0x33, 0x38, 0x3b, 0x32, 0x3b, 0x32, 0x35, 0x35, 0x3b, 0x32, 0x35, 0x35, 
    0x3b, 0x32, 0x35, 0x35, 0x6d, 0x4d, 0x1b, 0x5b, 0x30, 0x6d, 0x1b, 0x5b, 0x33, 0x38, 0x3b, 0x32, 
    0x3b, 0x32, 0x35, 0x35, 0x3b, 0x32, 0x35, 0x35, 0x3b, 0x32, 0x35, 0x35, 0x6d, 0x4d, 0x1b, 0x5b, 
    0x30, 0x6d, 0x1b, 0x5b, 0x33, 0x38, 0x3b, 0x32, 0x3b, 0x32, 0x35, 0x35, 0x3b, 0x32, 0x35, 0x35, 
    0x3b, 0x32, 0x35, 0x35, 0x6d, 0x4d, 0x1b, 0x5b, 0x30, 0x6d, 0x1b, 0x5b, 0x33, 0x38, 0x3b, 0x32, 
    0x3b, 0x32, 0x35, 0x35, 0x3b, 0x32, 0x35, 0x35, 0x3b, 0x32, 0x35, 0x35, 0x6d, 0x4d, 0x1b, 0x5b, 
    0x30, 0x6d, 0x0a, 0x1b, 0x5b, 0x30, 0x6d, 0x1b, 0x5b, 0x33, 0x38, 0x3b, 0x32, 0x3b, 0x32, 0x35, 
    0x35, 0x3b, 0x32, 0x35, 0x35, 0x3b, 0x32, 0x35, 0x35, 0x6d, 0x4d, 0x1b, 0x5b, 0x30, 0x6d, 0x1b, 
    0x5b, 0x33, 0x38, 0x3b, 0x32, 0x3b, 0x32, 0x35, 0x35, 0x3b, 0x32, 0x35, 0x35, 0x3b, 0x32, 0x35, 
    0x35, 0x6d, 0x4d, 0x1b, 0x5b, 0x30, 0x6d, 0x1b, 0x5b, 0x33, 0x38, 0x3b, 0x32, 0x3b, 0x32, 0x35, 
    0x35, 0x3b, 0x32, 0x35, 0x35, 0x3b, 0x32, 0x35, 0x35, 0x6d, 0x4d, 0x1b, 0x5b, 0x30, 0x6d, 0x1b, 
    0x5b, 0x33, 0x38, 0x3b, 0x32, 0x3b, 0x32, 0x35, 0x35, 0x3b, 0x32, 0x35, 0x35, 0x3b, 0x32, 0x35, 
    0x35, 0x6d, 0x4d, 0x1b, 0x5b, 0x30, 0x6d, 0x1b, 0x5b, 0x33, 0x38, 0x3b, 0x32, 0x3b, 0x32, 0x35, 
    0x35, 0x3b, 0x32, 0x35, 0x35, 0x3b, 0x32, 0x35, 0x35, 0x6d, 0x4d, 0x1b, 0x5b, 0x30, 0x6d, 0x1b, 
    0x5b, 0x33, 0x38, 0x3b, 0x32, 0x3b, 0x32, 0x35, 0x35, 0x3b, 0x32, 0x35, 0x35, 0x3b, 0x32, 0x35, 
    0x35, 0x6d, 0x4d, 0x1b, 0x5b, 0x30, 0x6d, 0x1b, 0x5b, 0x33, 0x38, 0x3b, 0x32, 0x3b, 0x32, 0x35, 
    0x35, 0x3b, 0x32, 0x35, 0x35, 0x3b, 0x32, 0x35, 0x35, 0x6d, 0x4d, 0x1b, 0x5b, 0x30, 0x6d, 0x1b, 
    0x5b, 0x33, 0x38, 0x3b, 0x32, 0x3b, 0x32, 0x35, 0x35, 0x3b, 0x32, 0x35, 0x35, 0x3b, 0x32, 0x35, 
    0x35, 0x6d, 0x4d, 0x1b, 0x5b, 0x30, 0x6d, 0x1b, 0x5b, 0x33, 0x38, 0x3b, 0x32, 0x3b, 0x32, 0x35, 
    0x35, 0x3b, 0x32, 0x35, 0x35, 0x3b, 0x32, 0x35, 0x35, 0x6d, 0x4d, 0x1b, 0x5b, 0x30, 0x6d, 0x1b, 
    0x5b, 0x33, 0x38, 0x3b, 0x32, 0x3b, 0x30, 0x3b, 0x30, 0x3b, 0x30, 0x6d, 0x20, 0x1b, 0x5b, 0x30, 
    0x6d, 0x1b, 0x5b, 0x33, 0x38, 0x3b, 0x32, 0x3b, 0x30, 0x3b, 0x30, 0x3b, 0x30, 0x6d, 0x20, 0x1b, 
    0x5b, 0x30, 0x6d, 0x1b, 0x5b, 0x33, 0x38, 0x3b, 0x32, 0x3b, 0x31, 0x32, 0x38, 0x3b, 0x31, 0x32, 
    0x38, 0x3b, 0x31, 0x32, 0x38, 0x6d, 0x6c, 0x1b, 0x5b, 0x30, 0x6d, 0x1b, 0x5b, 0x33, 0x38, 0x3b, 
    0x32, 0x3b, 0x32, 0x35, 0x35, 0x3b, 0x32, 0x35, 0x35, 0x3b, 0x32, 0x35, 0x35, 0x6d, 0x4d, 0x1b, 
    0x5b, 0x30, 0x6d, 0x1b, 0x5b, 0x33, 0x38, 0x3b, 0x32, 0x3b, 0x32, 0x33, 0x30, 0x3b, 0x32, 0x33, 
    0x30, 0x3b, 0x32, 0x33, 0x30, 0x6d, 0x4e, 0x1b, 0x5b, 0x30, 0x6d, 0x1b, 0x5b, 0x33, 0x38, 0x3b, 
    0x32, 0x3b, 0x32, 0x30, 0x34, 0x3b, 0x32, 0x30, 0x34, 0x3b, 0x32, 0x30, 0x34, 0x6d, 0x4b, 0x1b, 
    0x5b, 0x30, 0x6d, 0x1b, 0x5b, 0x33, 0x38, 0x3b, 0x32, 0x3b, 0x32, 0x30, 0x34, 0x3b, 0x32, 0x30, 
    0x34, 0x3b, 0x32, 0x30, 0x34, 0x6d, 0x4b, 0x1b, 0x5b, 0x30, 0x6d, 0x1b, 0x5b, 0x33, 0x38, 0x3b, 
    0x32, 0x3b, 0x32, 0x35, 0x35, 0x3b, 0x32, 0x35, 0x35, 0x3b, 0x32, 0x35, 0x35, 0x6d, 0x4d, 0x1b, 
    0x5b, 0x30, 0x6d, 0x1b, 0x5b, 0x33, 0x38, 0x3b, 0x32, 0x3b, 0x32, 0x35, 0x35, 0x3b, 0x32, 0x35, 
    0x35, 0x3b, 0x32, 0x35, 0x35, 0x6d, 0x4d, 0x1b, 0x5b, 0x30, 0x6d, 0x1b, 0x5b, 0x33, 0x38, 0x3b, 
    0x32, 0x3b, 0x32, 0x30, 0x34, 0x3b, 0x32, 0x30, 0x34, 0x3b, 0x32, 0x30, 0x34, 0x6d, 0x4b, 0x1b, 
    0x5b, 0x30, 0x6d, 0x1b, 0x5b, 0x33, 0x38, 0x3b, 0x32, 0x3b, 0x32, 0x30, 0x34, 0x3b, 0x32, 0x30, 
    0x34, 0x3b, 0x32, 0x30, 0x34, 0x6d, 0x4b, 0x1b, 0x5b, 0x30, 0x6d, 0x1b, 0x5b, 0x33, 0x38, 0x3b, 
    0x32, 0x3b, 0x31, 0x30, 0x32, 0x3b, 0x31, 0x30, 0x32, 0x3b, 0x31, 0x30, 0x32, 0x6d, 0x3a, 0x1b, 
    0x5b, 0x30, 0x6d, 0x1b, 0x5b, 0x33, 0x38, 0x3b, 0x32, 0x3b, 0x30, 0x3b, 0x30, 0x3b, 0x30, 0x6d, 
    0x20, 0x1b, 0x5b, 0x30, 0x6d, 0x1b, 0x5b, 0x33, 0x38, 0x3b, 0x32, 0x3b, 0x30, 0x3b, 0x30, 0x3b, 
    0x30, 0x6d, 0x20, 0x1b, 0x5b, 0x30, 0x6d, 0x1b, 0x5b, 0x33, 0x38, 0x3b, 0x32, 0x3b, 0x35, 0x31, 
    0x3b, 0x35, 0x31, 0x3b, 0x35, 0x31, 0x6d, 0x2e, 0x1b, 0x5b, 0x30, 0x6d, 0x1b, 0x5b, 0x33, 0x38, 
    0x3b, 0x32, 0x3b, 0x35, 0x31, 0x3b, 0x35, 0x31, 0x3b, 0x35, 0x31, 0x6d, 0x2e, 0x1b, 0x5b, 0x30, 
    0x6d, 0x1b, 0x5b, 0x33, 0x38, 0x3b, 0x32, 0x3b, 0x32, 0x35, 0x35, 0x3b, 0x32, 0x35, 0x35, 0x3b, 
    0x32, 0x35, 0x35, 0x6d, 0x4d, 0x1b, 0x5b, 0x30, 0x6d, 0x1b, 0x5b, 0x33, 0x38, 0x3b, 0x32, 0x3b, 
    0x32, 0x35, 0x35, 0x3b, 0x32, 0x35, 0x35, 0x3b, 0x32, 0x35, 0x35, 0x6d, 0x4d, 0x1b, 0x5b, 0x30, 
    0x6d, 0x1b, 0x5b, 0x33, 0x38, 0x3b, 0x32, 0x3b, 0x32, 0x33, 0x30, 0x3b, 0x32, 0x33, 0x30, 0x3b, 
    0x32, 0x33, 0x30, 0x6d, 0x4e, 0x1b, 0x5b, 0x30, 0x6d, 0x1b, 0x5b, 0x33, 0x38, 0x3b, 0x32, 0x3b, 
    0x32, 0x30, 0x34, 0x3b, 0x32, 0x30, 0x34, 0x3b, 0x32, 0x30, 0x34, 0x6d, 0x4b, 0x1b, 0x5b, 0x30, 
    0x6d, 0x1b, 0x5b, 0x33, 0x38, 0x3b, 0x32, 0x3b, 0x31, 0x32, 0x38, 0x3b, 0x31, 0x32, 0x38, 0x3b, 
    0x31, 0x32, 0x38, 0x6d, 0x6c, 0x1b, 0x5b, 0x30, 0x6d, 0x1b, 0x5b, 0x33, 0x38, 0x3b, 0x32, 0x3b, 
    0x35, 0x31, 0x3b, 0x35, 0x31, 0x3b, 0x35, 0x31, 0x6d, 0x2e, 0x1b, 0x5b, 0x30, 0x6d, 0x1b, 0x5b, 
    0x33, 0x38, 0x3b, 0x32, 0x3b, 0x35, 0x31, 0x3b, 0x35, 0x31, 0x3b, 0x35, 0x31, 0x6d, 0x2e, 0x1b, 
    0x5b, 0x30, 0x6d, 0x1b, 0x5b, 0x33, 0x38, 0x3b, 0x32, 0x3b, 0x30, 0x3b, 0x30, 0x3b, 0x30, 0x6d, 
    0x20, 0x1b, 0x5b, 0x30, 0x6d, 0x1b, 0x5b, 0x33, 0x38, 0x3b, 0x32, 0x3b, 0x30, 0x3b, 0x30, 0x3b, 
    0x30, 0x6d, 0x20, 0x1b, 0x5b, 0x30, 0x6d, 0x1b, 0x5b, 0x33, 0x38, 0x3b, 0x32, 0x3b, 0x35, 0x31, 
    0x3b, 0x35, 0x31, 0x3b, 0x35, 0x31, 0x6d, 0x2e, 0x1b, 0x5b, 0x30, 0x6d, 0x1b, 0x5b, 0x33, 0x38, 
    0x3b, 0x32, 0x3b, 0x35, 0x31, 0x3b, 0x35, 0x31, 0x3b, 0x35, 0x31, 0x6d, 0x2e, 0x1b, 0x5b, 0x30, 
    0x6d, 0x1b, 0x5b, 0x33, 0x38, 0x3b, 0x32, 0x3b, 0x35, 0x31, 0x3b, 0x35, 0x31, 0x3b, 0x35, 0x31, 
    0x6d, 0x2e, 0x1b, 0x5b, 0x30, 0x6d, 0x1b, 0x5b, 0x33, 0x38, 0x3b, 0x32, 0x3b, 0x35, 0x31, 0x3b, 
    0x35, 0x31, 0x3b, 0x35, 0x31, 0x6d, 0x2e, 0x1b, 0x5b, 0x30, 0x6d, 0x1b, 0x5b, 0x33, 0x38, 0x3b, 
    0x32, 0x3b, 0x35, 0x31, 0x3b, 0x35, 0x31, 0x3b, 0x35, 0x31, 0x6d, 0x2e, 0x1b, 0x5b, 0x30, 0x6d, 
    0x1b, 0x5b, 0x33, 0x38, 0x3b, 0x32, 0x3b, 0x32, 0x35, 0x35, 0x3b, 0x32, 0x35, 0x35, 0x3b, 0x32, 
    0x35, 0x35, 0x6d, 0x4d, 0x1b, 0x5b, 0x30, 0x6d, 0x1b, 0x5b, 0x33, 0x38, 0x3b, 0x32, 0x3b, 0x32, 
    0x35, 0x35, 0x3b, 0x32, 0x35, 0x35, 0x3b, 0x32, 0x35, 0x35, 0x6d, 0x4d, 0x1b, 0x5b, 0x30, 0x6d, 
    0x1b, 0x5b, 0x33, 0x38, 0x3b, 0x32, 0x3b, 0x32, 0x35, 0x35, 0x3b, 0x32, 0x35, 0x35, 0x3b, 0x32, 
    0x35, 0x35, 0x6d, 0x4d, 0x1b, 0x5b, 0x30, 0x6d, 0x1b, 0x5b, 0x33, 0x38, 0x3b, 0x32, 0x3b, 0x32, 
    0x35, 0x35, 0x3b, 0x32, 0x35, 0x35, 0x3b, 0x32, 0x35, 0x35, 0x6d, 0x4d, 0x1b, 0x5b, 0x30, 0x6d, 
    0x1b, 0x5b, 0x33, 0x38, 0x3b, 0x32, 0x3b, 0x31, 0x35, 0x33, 0x3b, 0x31, 0x35, 0x33, 0x3b, 0x31, 
    0x35, 0x33, 0x6d, 0x64, 0x1b, 0x5b, 0x30, 0x6d, 0x1b, 0x5b, 0x33, 0x38, 0x3b, 0x32, 0x3b, 0x35, 
    0x31, 0x3b, 0x35, 0x31, 0x3b, 0x35, 0x31, 0x6d, 0x2e, 0x1b, 0x5b, 0x30, 0x6d, 0x1b, 0x5b, 0x33, 
    0x38, 0x3b, 0x32, 0x3b, 0x35, 0x31, 0x3b, 0x35, 0x31, 0x3b, 0x35, 0x31, 0x6d, 0x2e, 0x1b, 0x5b, 
    0x30, 0x6d, 0x1b, 0x5b, 0x33, 0x38, 0x3b, 0x32, 0x3b, 0x35, 0x31, 0x3b, 0x35, 0x31, 0x3b, 0x35, 
    0x31, 0x6d, 0x2e, 0x1b, 0x5b, 0x30, 0x6d, 0x1b, 0x5b, 0x33, 0x38, 0x3b, 0x32, 0x3b, 0x35, 0x31, 
    0x3b, 0x35, 0x31, 0x3b, 0x35, 0x31, 0x6d, 0x2e, 0x1b, 0x5b, 0x30, 0x6d, 0x1b, 0x5b, 0x33, 0x38, 
    0x3b, 0x32, 0x3b, 0x35, 0x31, 0x3b, 0x35, 0x31, 0x3b, 0x35, 0x31, 0x6d, 0x2e, 0x1b, 0x5b, 0x30, 
    0x6d, 0x1b, 0x5b, 0x33, 0x38, 0x3b, 0x32, 0x3b, 0x35, 0x31, 0x3b, 0x35, 0x31, 0x3b, 0x35, 0x31, 
    0x6d, 0x2e, 0x1b, 0x5b, 0x30, 0x6d, 0x1b, 0x5b, 0x33, 0x38, 0x3b, 0x32, 0x3b, 0x32, 0x35, 0x35, 
    0x3b, 0x32, 0x35, 0x35, 0x3b, 0x32, 0x35, 0x35, 0x6d, 0x4d, 0x1b, 0x5b, 0x30, 0x6d, 0x1b, 0x5b, 
    0x33, 0x38, 0x3b, 0x32, 0x3b, 0x32, 0x35, 0x35, 0x3b, 0x32, 0x35, 0x35, 0x3b, 0x32, 0x35, 0x35, 
    0x6d, 0x4d, 0x1b, 0x5b, 0x30, 0x6d, 0x1b, 0x5b, 0x33, 0x38, 0x3b, 0x32, 0x3b, 0x32, 0x35, 0x35, 
    0x3b, 0x32, 0x35, 0x35, 0x3b, 0x32, 0x35, 0x35, 0x6d, 0x4d, 0x1b, 0x5b, 0x30, 0x6d, 0x1b, 0x5b, 
    0x33, 0x38, 0x3b, 0x32, 0x3b, 0x32, 0x35, 0x35, 0x3b, 0x32, 0x35, 0x35, 0x3b, 0x32, 0x35, 0x35, 
    0x6d, 0x4d, 0x1b, 0x5b, 0x30, 0x6d, 0x1b, 0x5b, 0x33, 0x38, 0x3b, 0x32, 0x3b, 0x32, 0x35, 0x35, 
    0x3b, 0x32, 0x35, 0x35, 0x3b, 0x32, 0x35, 0x35, 0x6d, 0x4d, 0x1b, 0x5b, 0x30, 0x6d, 0x1b, 0x5b, 
    0x33, 0x38, 0x3b, 0x32, 0x3b, 0x32, 0x30, 0x34, 0x3b, 0x32, 0x30, 0x34, 0x3b, 0x32, 0x30, 0x34, 
    0x6d, 0x4b, 0x1b, 0x5b, 0x30, 0x6d, 0x1b, 0x5b, 0x33, 0x38, 0x3b, 0x32, 0x3b, 0x32, 0x30, 0x34, 
    0x3b, 0x32, 0x30, 0x34, 0x3b, 0x32, 0x30, 0x34, 0x6d, 0x4b, 0x1b, 0x5b, 0x30, 0x6d, 0x1b, 0x5b, 
    0x33, 0x38, 0x3b, 0x32, 0x3b, 0x35, 0x31, 0x3b, 0x35, 0x31, 0x3b, 0x35, 0x31, 0x6d, 0x2e, 0x1b, 
    0x5b, 0x30, 0x6d, 0x1b, 0x5b, 0x33, 0x38, 0x3b, 0x32, 0x3b, 0x35, 0x31, 0x3b, 0x35, 0x31, 0x3b, 
    0x35, 0x31, 0x6d, 0x2e, 0x1b, 0x5b, 0x30, 0x6d, 0x1b, 0x5b, 0x33, 0x38, 0x3b, 0x32, 0x3b, 0x31, 
    0x32, 0x38, 0x3b, 0x31, 0x32, 0x38, 0x3b, 0x31, 0x32, 0x38, 0x6d, 0x6c, 0x1b, 0x5b, 0x30, 0x6d, 
    0x1b, 0x5b, 0x33, 0x38, 0x3b, 0x32, 0x3b, 0x32, 0x30, 0x34, 0x3b, 0x32, 0x30, 0x34, 0x3b, 0x32, 
    0x30, 0x34, 0x6d, 0x4b, 0x1b, 0x5b, 0x30, 0x6d, 0x1b, 0x5b, 0x33, 0x38, 0x3b, 0x32, 0x3b, 0x31, 
    0x32, 0x38, 0x3b, 0x31, 0x32, 0x38, 0x3b, 0x31, 0x32, 0x38, 0x6d, 0x6c, 0x1b, 0x5b, 0x30, 0x6d, 
    0x1b, 0x5b, 0x33, 0x38, 0x3b, 0x32, 0x3b, 0x35, 0x31, 0x3b, 0x35, 0x31, 0x3b, 0x35, 0x31, 0x6d, 
    0x2e, 0x1b, 0x5b, 0x30, 0x6d, 0x1b, 0x5b, 0x33, 0x38, 0x3b, 0x32, 0x3b, 0x35, 0x31, 0x3b, 0x35, 
    0x31, 0x3b, 0x35, 0x31, 0x6d, 0x2e, 0x1b, 0x5b, 0x30, 0x6d, 0x1b, 0x5b, 0x33, 0x38, 0x3b, 0x32, 
    0x3b, 0x32, 0x35, 0x35, 0x3b, 0x32, 0x35, 0x35, 0x3b, 0x32, 0x35, 0x35, 0x6d, 0x4d, 0x1b, 0x5b, 
    0x30, 0x6d, 0x1b, 0x5b, 0x33, 0x38, 0x3b, 0x32, 0x3b, 0x32, 0x35, 0x35, 0x3b, 0x32, 0x35, 0x35, 
    0x3b, 0x32, 0x35, 0x35, 0x6d, 0x4d, 0x1b, 0x5b, 0x30, 0x6d, 0x1b, 0x5b, 0x33, 0x38, 0x3b, 0x32, 
    0x3b, 0x30, 0x3b, 0x30, 0x3b, 0x30, 0x6d, 0x20, 0x1b, 0x5b, 0x30, 0x6d, 0x1b, 0x5b, 0x33, 0x38, 
    0x3b, 0x32, 0x3b, 0x30, 0x3b, 0x30, 0x3b, 0x30, 0x6d, 0x20, 0x1b, 0x5b, 0x30, 0x6d, 0x1b, 0x5b, 
    0x33, 0x38, 0x3b, 0x32, 0x3b, 0x31, 0x32, 0x38, 0x3b, 0x31, 0x32, 0x38, 0x3b, 0x31, 0x32, 0x38, 
    0x6d, 0x6c, 0x1b, 0x5b, 0x30, 0x6d, 0x1b, 0x5b, 0x33, 0x38, 0x3b, 0x32, 0x3b, 0x32, 0x35, 0x35, 
    0x3b, 0x32, 0x35, 0x35, 0x3b, 0x32, 0x35, 0x35, 0x6d, 0x4d, 0x1b, 0x5b, 0x30, 0x6d, 0x1b, 0x5b, 
    0x33, 0x38, 0x3b, 0x32, 0x3b, 0x32, 0x35, 0x35, 0x3b, 0x32, 0x35, 0x35, 0x3b, 0x32, 0x35, 0x35, 
    0x6d, 0x4d, 0x1b, 0x5b, 0x30, 0x6d, 0x1b, 0x5b, 0x33, 0x38, 0x3b, 0x32, 0x3b, 0x32, 0x30, 0x34, 
    0x3b, 0x32, 0x30, 0x34, 0x3b, 0x32, 0x30, 0x34, 0x6d, 0x4b, 0x1b, 0x5b, 0x30, 0x6d, 0x1b, 0x5b, 
    0x33, 0x38, 0x3b, 0x32, 0x3b, 0x32, 0x30, 0x34, 0x3b, 0x32, 0x30, 0x34, 0x3b, 0x32, 0x30, 0x34, 
    0x6d, 0x4b, 0x1b, 0x5b, 0x30, 0x6d, 0x1b, 0x5b, 0x33, 0x38, 0x3b, 0x32, 0x3b, 0x30, 0x3b, 0x30, 
    0x3b, 0x30, 0x6d, 0x20, 0x1b, 0x5b, 0x30, 0x6d, 0x1b, 0x5b, 0x33, 0x38, 0x3b, 0x32, 0x3b, 0x30, 
    0x3b, 0x30, 0x3b, 0x30, 0x6d, 0x20, 0x1b, 0x5b, 0x30, 0x6d, 0x1b, 0x5b, 0x33, 0x38, 0x3b, 0x32, 
    0x3b, 0x30, 0x3b, 0x30, 0x3b, 0x30, 0x6d, 0x20, 0x1b, 0x5b, 0x30, 0x6d, 0x1b, 0x5b, 0x33, 0x38, 
    0x3b, 0x32, 0x3b, 0x30, 0x3b, 0x30, 0x3b, 0x30, 0x6d, 0x20, 0x1b, 0x5b, 0x30, 0x6d, 0x1b, 0x5b, 
    0x33, 0x38, 0x3b, 0x32, 0x3b, 0x30, 0x3b, 0x30, 0x3b, 0x30, 0x6d, 0x20, 0x1b, 0x5b, 0x30, 0x6d, 
    0x1b, 0x5b, 0x33, 0x38, 0x3b, 0x32, 0x3b, 0x30, 0x3b, 0x30, 0x3b, 0x30, 0x6d, 0x20, 0x1b, 0x5b, 
    0x30, 0x6d, 0x1b, 0x5b, 0x33, 0x38, 0x3b, 0x32, 0x3b, 0x30, 0x3b, 0x30, 0x3b, 0x30, 0x6d, 0x20, 
    0x1b, 0x5b, 0x30, 0x6d, 0x1b, 0x5b, 0x33, 0x38, 0x3b, 0x32, 0x3b, 0x30, 0x3b, 0x30, 0x3b, 0x30, 
    0x6d, 0x20, 0x1b, 0x5b, 0x30, 0x6d, 0x1b, 0x5b, 0x33, 0x38, 0x3b, 0x32, 0x3b, 0x30, 0x3b, 0x30, 
    0x3b, 0x30, 0x6d, 0x20, 0x1b, 0x5b, 0x30, 0x6d, 0x1b, 0x5b, 0x33, 0x38, 0x3b, 0x32, 0x3b, 0x30, 
    0x3b, 0x30, 0x3b, 0x30, 0x6d, 0x20, 0x1b, 0x5b, 0x30, 0x6d, 0x1b, 0x5b, 0x33, 0x38, 0x3b, 0x32, 
    0x3b, 0x30, 0x3b, 0x30, 0x3b, 0x30, 0x6d, 0x20, 0x1b, 0x5b, 0x30, 0x6d, 0x1b, 0x5b, 0x33, 0x38, 
    0x3b, 0x32, 0x3b, 0x30, 0x3b, 0x30, 0x3b, 0x30, 0x6d, 0x20, 0x1b, 0x5b, 0x30, 0x6d, 0x1b, 0x5b, 
    0x33, 0x38, 0x3b, 0x32, 0x3b, 0x30, 0x3b, 0x30, 0x3b, 0x30, 0x6d, 0x20, 0x1b, 0x5b, 0x30, 0x6d, 
    0x1b, 0x5b, 0x33, 0x38, 0x3b, 0x32, 0x3b, 0x30, 0x3b, 0x30, 0x3b, 0x30, 0x6d, 0x20, 0x1b, 0x5b, 
    0x30, 0x6d, 0x1b, 0x5b, 0x33, 0x38, 0x3b, 0x32, 0x3b, 0x30, 0x3b, 0x30, 0x3b, 0x30, 0x6d, 0x20, 
    0x1b, 0x5b, 0x30, 0x6d, 0x1b, 0x5b, 0x33, 0x38, 0x3b, 0x32, 0x3b, 0x30, 0x3b, 0x30, 0x3b, 0x30, 
    0x6d, 0x20, 0x1b, 0x5b, 0x30, 0x6d, 0x1b, 0x5b, 0x33, 0x38, 0x3b, 0x32, 0x3b, 0x30, 0x3b, 0x30, 
    0x3b, 0x30, 0x6d, 0x20, 0x1b, 0x5b, 0x30, 0x6d, 0x1b, 0x5b, 0x33, 0x38, 0x3b, 0x32, 0x3b, 0x30, 
    0x3b, 0x30, 0x3b, 0x30, 0x6d, 0x20, 0x1b, 0x5b, 0x30, 0x6d, 0x1b, 0x5b, 0x33, 0x38, 0x3b, 0x32, 
    0x3b, 0x31, 0x32, 0x38, 0x3b, 0x31, 0x32, 0x38, 0x3b, 0x31, 0x32, 0x38, 0x6d, 0x6c, 0x1b, 0x5b, 
    0x30, 0x6d, 0x1b, 0x5b, 0x33, 0x38, 0x3b, 0x32, 0x3b, 0x32, 0x35, 0x35, 0x3b, 0x32, 0x35, 0x35, 
    0x3b, 0x32, 0x35, 0x35, 0x6d, 0x4d, 0x1b, 0x5b, 0x30, 0x6d, 0x1b, 0x5b, 0x33, 0x38, 0x3b, 0x32, 
    0x3b, 0x32, 0x35, 0x35, 0x3b, 0x32, 0x35, 0x35, 0x3b, 0x32, 0x35, 0x35, 0x6d, 0x4d, 0x1b, 0x5b, 
    0x30, 0x6d, 0x1b, 0x5b, 0x33, 0x38, 0x3b, 0x32, 0x3b, 0x32, 0x35, 0x35, 0x3b, 0x32, 0x35, 0x35, 
    0x3b, 0x32, 0x35, 0x35, 0x6d, 0x4d, 0x1b, 0x5b, 0x30, 0x6d, 0x1b, 0x5b, 0x33, 0x38, 0x3b, 0x32, 
    0x3b, 0x32, 0x35, 0x35, 0x3b, 0x32, 0x35, 0x35, 0x3b, 0x32, 0x35, 0x35, 0x6d, 0x4d, 0x1b, 0x5b, 
    0x30, 0x6d, 0x1b, 0x5b, 0x33, 0x38, 0x3b, 0x32, 0x3b, 0x32, 0x35, 0x35, 0x3b, 0x32, 0x35, 0x35, 
    0x3b, 0x32, 0x35, 0x35, 0x6d, 0x4d, 0x1b, 0x5b, 0x30, 0x6d, 0x1b, 0x5b, 0x33, 0x38, 0x3b, 0x32, 
    0x3b, 0x32, 0x35, 0x35, 0x3b, 0x32, 0x35, 0x35, 0x3b, 0x32, 0x35, 0x35, 0x6d, 0x4d, 0x1b, 0x5b, 
    0x30, 0x6d, 0x1b, 0x5b, 0x33, 0x38, 0x3b, 0x32, 0x3b, 0x32, 0x35, 0x35, 0x3b, 0x32, 0x35, 0x35, 
    0x3b, 0x32, 0x35, 0x35, 0x6d, 0x4d, 0x1b, 0x5b, 0x30, 0x6d, 0x1b, 0x5b, 0x33, 0x38, 0x3b, 0x32, 
    0x3b, 0x32, 0x35, 0x35, 0x3b, 0x32, 0x35, 0x35, 0x3b, 0x32, 0x35, 0x35, 0x6d, 0x4d, 0x1b, 0x5b, 
    0x30, 0x6d, 0x0a, 0x1b, 0x5b, 0x30, 0x6d, 0x1b, 0x5b, 0x33, 0x38, 0x3b, 0x32, 0x3b, 0x32, 0x35, 
    0x35, 0x3b, 0x32, 0x35, 0x35, 0x3b, 0x32, 0x35, 0x35, 0x6d, 0x4d, 0x1b, 0x5b, 0x30, 0x6d, 0x1b, 
    0x5b, 0x33, 0x38, 0x3b, 0x32, 0x3b, 0x32, 0x35, 0x35, 0x3b, 0x32, 0x35, 0x35, 0x3b, 0x32, 0x35, 
    0x35, 0x6d, 0x4d, 0x1b, 0x5b, 0x30, 0x6d, 0x1b, 0x5b, 0x33, 0x38, 0x3b, 0x32, 0x3b, 0x32, 0x35, 
    0x35, 0x3b, 0x32, 0x35, 0x35, 0x3b, 0x32, 0x35, 0x35, 0x6d, 0x4d, 0x1b, 0x5b, 0x30, 0x6d, 0x1b, 
    0x5b, 0x33, 0x38, 0x3b, 0x32, 0x3b, 0x32, 0x35, 0x35, 0x3b, 0x32, 0x35, 0x35, 0x3b, 0x32, 0x35, 
    0x35, 0x6d, 0x4d, 0x1b, 0x5b, 0x30, 0x6d, 0x1b, 0x5b, 0x33, 0x38, 0x3b, 0x32, 0x3b, 0x32, 0x35, 
    0x35, 0x3b, 0x32, 0x35, 0x35, 0x3b, 0x32, 0x35, 0x35, 0x6d, 0x4d, 0x1b, 0x5b, 0x30, 0x6d, 0x1b, 
    0x5b, 0x33, 0x38, 0x3b, 0x32, 0x3b, 0x32, 0x35, 0x35, 0x3b, 0x32, 0x35, 0x35, 0x3b, 0x32, 0x35, 
    0x35, 0x6d, 0x4d, 0x1b, 0x5b, 0x30, 0x6d, 0x1b, 0x5b, 0x33, 0x38, 0x3b, 0x32, 0x3b, 0x32, 0x35, 
    0x35, 0x3b, 0x32, 0x35, 0x35, 0x3b, 0x32, 0x35, 0x35, 0x6d, 0x4d, 0x1b, 0x5b, 0x30, 0x6d, 0x1b, 
    0x5b, 0x33, 0x38, 0x3b, 0x32, 0x3b, 0x32, 0x35, 0x35, 0x3b, 0x32, 0x35, 0x35, 0x3b, 0x32, 0x35, 
    0x35, 0x6d, 0x4d, 0x1b, 0x5b, 0x30, 0x6d, 0x1b, 0x5b, 0x33, 0x38, 0x3b, 0x32, 0x3b, 0x32, 0x35, 
    0x35, 0x3b, 0x32, 0x35, 0x35, 0x3b, 0x32, 0x35, 0x35, 0x6d, 0x4d, 0x1b, 0x5b, 0x30, 0x6d, 0x1b, 
    0x5b, 0x33, 0x38, 0x3b, 0x32, 0x3b, 0x30, 0x3b, 0x30, 0x3b, 0x30, 0x6d, 0x20, 0x1b, 0x5b, 0x30, 
    0x6d, 0x1b, 0x5b, 0x33, 0x38, 0x3b, 0x32, 0x3b, 0x30, 0x3b, 0x30, 0x3b, 0x30, 0x6d, 0x20, 0x1b, 
    0x5b, 0x30, 0x6d, 0x1b, 0x5b, 0x33, 0x38, 0x3b, 0x32, 0x3b, 0x31, 0x32, 0x38, 0x3b, 0x31, 0x32, 
    0x38, 0x3b, 0x31, 0x32, 0x38, 0x6d, 0x6c, 0x1b, 0x5b, 0x30, 0x6d, 0x1b, 0x5b, 0x33, 0x38, 0x3b, 
    0x32, 0x3b, 0x32, 0x35, 0x35, 0x3b, 0x32, 0x35, 0x35, 0x3b, 0x32, 0x35, 0x35, 0x6d, 0x4d, 0x1b, 
    0x5b, 0x30, 0x6d, 0x1b, 0x5b, 0x33, 0x38, 0x3b, 0x32, 0x3b, 0x31, 0x32, 0x38, 0x3b, 0x31, 0x32, 
    0x38, 0x3b, 0x31, 0x32, 0x38, 0x6d, 0x6c, 0x1b, 0x5b, 0x30, 0x6d, 0x1b, 0x5b, 0x33, 0x38, 0x3b, 
    0x32, 0x3b, 0x30, 0x3b, 0x30, 0x3b, 0x30, 0x6d, 0x20, 0x1b, 0x5b, 0x30, 0x6d, 0x1b, 0x5b, 0x33, 
    0x38, 0x3b, 0x32, 0x3b, 0x30, 0x3b, 0x30, 0x3b, 0x30, 0x6d, 0x20, 0x1b, 0x5b, 0x30, 0x6d, 0x1b, 
    0x5b, 0x33, 0x38, 0x3b, 0x32, 0x3b, 0x32, 0x30, 0x34, 0x3b, 0x32, 0x30, 0x34, 0x3b, 0x32, 0x30, 
    0x34, 0x6d, 0x4b, 0x1b, 0x5b, 0x30, 0x6d, 0x1b, 0x5b, 0x33, 0x38, 0x3b, 0x32, 0x3b, 0x32, 0x30, 
    0x34, 0x3b, 0x32, 0x30, 0x34, 0x3b, 0x32, 0x30, 0x34, 0x6d, 0x4b, 0x1b, 0x5b, 0x30, 0x6d, 0x1b, 
    0x5b, 0x33, 0x38, 0x3b, 0x32, 0x3b, 0x35, 0x31, 0x3b, 0x35, 0x31, 0x3b, 0x35, 0x31, 0x6d, 0x2e, 
    0x1b, 0x5b, 0x30, 0x6d, 0x1b, 0x5b, 0x33, 0x38, 0x3b, 0x32, 0x3b, 0x35, 0x31, 0x3b, 0x35, 0x31, 
    0x3b, 0x35, 0x31, 0x6d, 0x2e, 0x1b, 0x5b, 0x30, 0x6d, 0x1b, 0x5b, 0x33, 0x38, 0x3b, 0x32, 0x3b, 
    0x32, 0x36, 0x3b, 0x32, 0x36, 0x3b, 0x32, 0x36, 0x6d, 0x20, 0x1b, 0x5b, 0x30, 0x6d, 0x1b, 0x5b, 
    0x33, 0x38, 0x3b, 0x32, 0x3b, 0x30, 0x3b, 0x30, 0x3b, 0x30, 0x6d, 0x20, 0x1b, 0x5b, 0x30, 0x6d, 
    0x1b, 0x5b, 0x33, 0x38, 0x3b, 0x32, 0x3b, 0x30, 0x3b, 0x30, 0x3b, 0x30, 0x6d, 0x20, 0x1b, 0x5b, 
    0x30, 0x6d, 0x1b, 0x5b, 0x33, 0x38, 0x3b, 0x32, 0x3b, 0x32, 0x30, 0x34, 0x3b, 0x32, 0x30, 0x34, 
    0x3b, 0x32, 0x30, 0x34, 0x6d, 0x4b, 0x1b, 0x5b, 0x30, 0x6d, 0x1b, 0x5b, 0x33, 0x38, 0x3b, 0x32, 
    0x3b, 0x32, 0x30, 0x34, 0x3b, 0x32, 0x30, 0x34, 0x3b, 0x32, 0x30, 0x34, 0x6d, 0x4b, 0x1b, 0x5b, 
    0x30, 0x6d, 0x1b, 0x5b, 0x33, 0x38, 0x3b, 0x32, 0x3b, 0x32, 0x30, 0x34, 0x3b, 0x32, 0x30, 0x34, 
    0x3b, 0x32, 0x30, 0x34, 0x6d, 0x4b, 0x1b, 0x5b, 0x30, 0x6d, 0x1b, 0x5b, 0x33, 0x38, 0x3b, 0x32, 
    0x3b, 0x32, 0x30, 0x34, 0x3b, 0x32, 0x30, 0x34, 0x3b, 0x32, 0x30, 0x34, 0x6d, 0x4b, 0x1b, 0x5b, 
    0x30, 0x6d, 0x1b, 0x5b, 0x33, 0x38, 0x3b, 0x32, 0x3b, 0x31, 0x32, 0x38, 0x3b, 0x31, 0x32, 0x38, 
    0x3b, 0x31, 0x32, 0x38, 0x6d, 0x6c, 0x1b, 0x5b, 0x30, 0x6d, 0x1b, 0x5b, 0x33, 0x38, 0x3b, 0x32, 
    0x3b, 0x35, 0x31, 0x3b, 0x35, 0x31, 0x3b, 0x35, 0x31, 0x6d, 0x2e, 0x1b, 0x5b, 0x30, 0x6d, 0x1b, 
    0x5b, 0x33, 0x38, 0x3b, 0x32, 0x3b, 0x31, 0x32, 0x38, 0x3b, 0x31, 0x32, 0x38, 0x3b, 0x31, 0x32, 
    0x38, 0x6d, 0x6c, 0x1b, 0x5b, 0x30, 0x6d, 0x1b, 0x5b, 0x33, 0x38, 0x3b, 0x32, 0x3b, 0x32, 0x30, 
    0x34, 0x3b, 0x32, 0x30, 0x34, 0x3b, 0x32, 0x30, 0x34, 0x6d, 0x4b, 0x1b, 0x5b, 0x30, 0x6d, 0x1b, 
    0x5b, 0x33, 0x38, 0x3b, 0x32, 0x3b, 0x32, 0x30, 0x34, 0x3b, 0x32, 0x30, 0x34, 0x3b, 0x32, 0x30, 
    0x34, 0x6d, 0x4b, 0x1b, 0x5b, 0x30, 0x6d, 0x1b, 0x5b, 0x33, 0x38, 0x3b, 0x32, 0x3b, 0x35, 0x31, 
    0x3b, 0x35, 0x31, 0x3b, 0x35, 0x31, 0x6d, 0x2e, 0x1b, 0x5b, 0x30, 0x6d, 0x1b, 0x5b, 0x33, 0x38, 
    0x3b, 0x32, 0x3b, 0x35, 0x31, 0x3b, 0x35, 0x31, 0x3b, 0x35, 0x31, 0x6d, 0x2e, 0x1b, 0x5b, 0x30, 
    0x6d, 0x1b, 0x5b, 0x33, 0x38, 0x3b, 0x32, 0x3b, 0x32, 0x35, 0x35, 0x3b, 0x32, 0x35, 0x35, 0x3b, 
    0x32, 0x35, 0x35, 0x6d, 0x4d, 0x1b, 0x5b, 0x30, 0x6d, 0x1b, 0x5b, 0x33, 0x38, 0x3b, 0x32, 0x3b, 
    0x32, 0x35, 0x35, 0x3b, 0x32, 0x35, 0x35, 0x3b, 0x32, 0x35, 0x35, 0x6d, 0x4d, 0x1b, 0x5b, 0x30, 
    0x6d, 0x1b, 0x5b, 0x33, 0x38, 0x3b, 0x32, 0x3b, 0x32, 0x35, 0x35, 0x3b, 0x32, 0x35, 0x35, 0x3b, 
    0x32, 0x35, 0x35, 0x6d, 0x4d, 0x1b, 0x5b, 0x30, 0x6d, 0x1b, 0x5b, 0x33, 0x38, 0x3b, 0x32, 0x3b, 
    0x32, 0x35, 0x35, 0x3b, 0x32, 0x35, 0x35, 0x3b, 0x32, 0x35, 0x35, 0x6d, 0x4d, 0x1b, 0x5b, 0x30, 
    0x6d, 0x1b, 0x5b, 0x33, 0x38, 0x3b, 0x32, 0x3b, 0x32, 0x35, 0x35, 0x3b, 0x32, 0x35, 0x35, 0x3b, 
    0x32, 0x35, 0x35, 0x6d, 0x4d, 0x1b, 0x5b, 0x30, 0x6d, 0x1b, 0x5b, 0x33, 0x38, 0x3b, 0x32, 0x3b, 
    0x32, 0x30, 0x34, 0x3b, 0x32, 0x30, 0x34, 0x3b, 0x32, 0x30, 0x34, 0x6d, 0x4b, 0x1b, 0x5b, 0x30, 
    0x6d, 0x1b, 0x5b, 0x33, 0x38, 0x3b, 0x32, 0x3b, 0x32, 0x30, 0x34, 0x3b, 0x32, 0x30, 0x34, 0x3b, 
    0x32, 0x30, 0x34, 0x6d, 0x4b, 0x1b, 0x5b, 0x30, 0x6d, 0x1b, 0x5b, 0x33, 0x38, 0x3b, 0x32, 0x3b, 
    0x32, 0x30, 0x34, 0x3b, 0x32, 0x30, 0x34, 0x3b, 0x32, 0x30, 0x34, 0x6d, 0x4b, 0x1b, 0x5b, 0x30, 
    0x6d, 0x1b, 0x5b, 0x33, 0x38, 0x3b, 0x32, 0x3b, 0x32, 0x30, 0x34, 0x3b, 0x32, 0x30, 0x34, 0x3b, 
    0x32, 0x30, 0x34, 0x6d, 0x4b, 0x1b, 0x5b, 0x30, 0x6d, 0x1b, 0x5b, 0x33, 0x38, 0x3b, 0x32, 0x3b, 
    0x32, 0x30, 0x34, 0x3b, 0x32, 0x30, 0x34, 0x3b, 0x32, 0x30, 0x34, 0x6d, 0x4b, 0x1b, 0x5b, 0x30, 
    0x6d, 0x1b, 0x5b, 0x33, 0x38, 0x3b, 0x32, 0x3b, 0x32, 0x30, 0x34, 0x3b, 0x32, 0x30, 0x34, 0x3b, 
    0x32, 0x30, 0x34, 0x6d, 0x4b, 0x1b, 0x5b, 0x30, 0x6d, 0x1b, 0x5b, 0x33, 0x38, 0x3b, 0x32, 0x3b, 
    0x32, 0x30, 0x34, 0x3b, 0x32, 0x30, 0x34, 0x3b, 0x32, 0x30, 0x34, 0x6d, 0x4b, 0x1b, 0x5b, 0x30, 
    0x6d, 0x1b, 0x5b, 0x33, 0x38, 0x3b, 0x32, 0x3b, 0x32, 0x30, 0x34, 0x3b, 0x32, 0x30, 0x34, 0x3b, 
    0x32, 0x30, 0x34, 0x6d, 0x4b, 0x1b, 0x5b, 0x30, 0x6d, 0x1b, 0x5b, 0x33, 0x38, 0x3b, 0x32, 0x3b, 
    0x32, 0x30, 0x34, 0x3b, 0x32, 0x30, 0x34, 0x3b, 0x32, 0x30, 0x34, 0x6d, 0x4b, 0x1b, 0x5b, 0x30, 
    0x6d, 0x1b, 0x5b, 0x33, 0x38, 0x3b, 0x32, 0x3b, 0x32, 0x30, 0x34, 0x3b, 0x32, 0x30, 0x34, 0x3b, 
    0x32, 0x30, 0x34, 0x6d, 0x4b, 0x1b, 0x5b, 0x30, 0x6d, 0x1b, 0x5b, 0x33, 0x38, 0x3b, 0x32, 0x3b, 
    0x32, 0x30, 0x34, 0x3b, 0x32, 0x30, 0x34, 0x3b, 0x32, 0x30, 0x34, 0x6d, 0x4b, 0x1b, 0x5b, 0x30, 
    0x6d, 0x1b, 0x5b, 0x33, 0x38, 0x3b, 0x32, 0x3b, 0x32, 0x30, 0x34, 0x3b, 0x32, 0x30, 0x34, 0x3b, 
    0x32, 0x30, 0x34, 0x6d, 0x4b, 0x1b, 0x5b, 0x30, 0x6d, 0x1b, 0x5b, 0x33, 0x38, 0x3b, 0x32, 0x3b, 
    0x32, 0x30, 0x34, 0x3b, 0x32, 0x30, 0x34, 0x3b, 0x32, 0x30, 0x34, 0x6d, 0x4b, 0x1b, 0x5b, 0x30, 
    0x6d, 0x1b, 0x5b, 0x33, 0x38, 0x3b, 0x32, 0x3b, 0x32, 0x30, 0x34, 0x3b, 0x32, 0x30, 0x34, 0x3b, 
    0x32, 0x30, 0x34, 0x6d, 0x4b, 0x1b, 0x5b, 0x30, 0x6d, 0x1b, 0x5b, 0x33, 0x38, 0x3b, 0x32, 0x3b, 
    0x32, 0x30, 0x34, 0x3b, 0x32, 0x30, 0x34, 0x3b, 0x32, 0x30, 0x34, 0x6d, 0x4b, 0x1b, 0x5b, 0x30, 
    0x6d, 0x1b, 0x5b, 0x33, 0x38, 0x3b, 0x32, 0x3b, 0x32, 0x30, 0x34, 0x3b, 0x32, 0x30, 0x34, 0x3b, 
    0x32, 0x30, 0x34, 0x6d, 0x4b, 0x1b, 0x5b, 0x30, 0x6d, 0x1b, 0x5b, 0x33, 0x38, 0x3b, 0x32, 0x3b, 
    0x35, 0x31, 0x3b, 0x35, 0x31, 0x3b, 0x35, 0x31, 0x6d, 0x2e, 0x1b, 0x5b, 0x30, 0x6d, 0x1b, 0x5b, 
    0x33, 0x38, 0x3b, 0x32, 0x3b, 0x35, 0x31, 0x3b, 0x35, 0x31, 0x3b, 0x35, 0x31, 0x6d, 0x2e, 0x1b, 
    0x5b, 0x30, 0x6d, 0x1b, 0x5b, 0x33, 0x38, 0x3b, 0x32, 0x3b, 0x32, 0x35, 0x35, 0x3b, 0x32, 0x35, 
    0x35, 0x3b, 0x32, 0x35, 0x35, 0x6d, 0x4d, 0x1b, 0x5b, 0x30, 0x6d, 0x1b, 0x5b, 0x33, 0x38, 0x3b, 
    0x32, 0x3b, 0x32, 0x35, 0x35, 0x3b, 0x32, 0x35, 0x35, 0x3b, 0x32, 0x35, 0x35, 0x6d, 0x4d, 0x1b, 
    0x5b, 0x30, 0x6d, 0x1b, 0x5b, 0x33, 0x38, 0x3b, 0x32, 0x3b, 0x31, 0x35, 0x33, 0x3b, 0x31, 0x35, 
    0x33, 0x3b, 0x31, 0x35, 0x33, 0x6d, 0x64, 0x1b, 0x5b, 0x30, 0x6d, 0x1b, 0x5b, 0x33, 0x38, 0x3b, 
    0x32, 0x3b, 0x35, 0x31, 0x3b, 0x35, 0x31, 0x3b, 0x35, 0x31, 0x6d, 0x2e, 0x1b, 0x5b, 0x30, 0x6d, 
    0x1b, 0x5b, 0x33, 0x38, 0x3b, 0x32, 0x3b, 0x31, 0x35, 0x33, 0x3b, 0x31, 0x35, 0x33, 0x3b, 0x31, 
    0x35, 0x33, 0x6d, 0x64, 0x1b, 0x5b, 0x30, 0x6d, 0x1b, 0x5b, 0x33, 0x38, 0x3b, 0x32, 0x3b, 0x32, 
    0x35, 0x35, 0x3b, 0x32, 0x35, 0x35, 0x3b, 0x32, 0x35, 0x35, 0x6d, 0x4d, 0x1b, 0x5b, 0x30, 0x6d, 
    0x1b, 0x5b, 0x33, 0x38, 0x3b, 0x32, 0x3b, 0x32, 0x35, 0x35, 0x3b, 0x32, 0x35, 0x35, 0x3b, 0x32, 
    0x35, 0x35, 0x6d, 0x4d, 0x1b, 0x5b, 0x30, 0x6d, 0x1b, 0x5b, 0x33, 0x38, 0x3b, 0x32, 0x3b, 0x32, 
    0x35, 0x35, 0x3b, 0x32, 0x35, 0x35, 0x3b, 0x32, 0x35, 0x35, 0x6d, 0x4d, 0x1b, 0x5b, 0x30, 0x6d, 
    0x1b, 0x5b, 0x33, 0x38, 0x3b, 0x32, 0x3b, 0x32, 0x35, 0x35, 0x3b, 0x32, 0x35, 0x35, 0x3b, 0x32, 
    0x35, 0x35, 0x6d, 0x4d, 0x1b, 0x5b, 0x30, 0x6d, 0x1b, 0x5b, 0x33, 0x38, 0x3b, 0x32, 0x3b, 0x30, 
    0x3b, 0x30, 0x3b, 0x30, 0x6d, 0x20, 0x1b, 0x5b, 0x30, 0x6d, 0x1b, 0x5b, 0x33, 0x38, 0x3b, 0x32, 
    0x3b, 0x30, 0x3b, 0x30, 0x3b, 0x30, 0x6d, 0x20, 0x1b, 0x5b, 0x30, 0x6d, 0x1b, 0x5b, 0x33, 0x38, 
    0x3b, 0x32, 0x3b, 0x31, 0x30, 0x32, 0x3b, 0x31, 0x30, 0x32, 0x3b, 0x31, 0x30, 0x32, 0x6d, 0x3a, 
    0x1b, 0x5b, 0x30, 0x6d, 0x1b, 0x5b, 0x33, 0x38, 0x3b, 0x32, 0x3b, 0x32, 0x30, 0x34, 0x3b, 0x32, 
    0x30, 0x34, 0x3b, 0x32, 0x30, 0x34, 0x6d, 0x4b, 0x1b, 0x5b, 0x30, 0x6d, 0x1b, 0x5b, 0x33, 0x38, 
    0x3b, 0x32, 0x3b, 0x32, 0x30, 0x34, 0x3b, 0x32, 0x30, 0x34, 0x3b, 0x32, 0x30, 0x34, 0x6d, 0x4b, 
    0x1b, 0x5b, 0x30, 0x6d, 0x1b, 0x5b, 0x33, 0x38, 0x3b, 0x32, 0x3b, 0x30, 0x3b, 0x30, 0x3b, 0x30, 
    0x6d, 0x20, 0x1b, 0x5b, 0x30, 0x6d, 0x1b, 0x5b, 0x33, 0x38, 0x3b, 0x32, 0x3b, 0x30, 0x3b, 0x30, 
    0x3b, 0x30, 0x6d, 0x20, 0x1b, 0x5b, 0x30, 0x6d, 0x1b, 0x5b, 0x33, 0x38, 0x3b, 0x32, 0x3b, 0x35, 
    0x31, 0x3b, 0x35, 0x31, 0x3b, 0x35, 0x31, 0x6d, 0x2e, 0x1b, 0x5b, 0x30, 0x6d, 0x1b, 0x5b, 0x33, 
    0x38, 0x3b, 0x32, 0x3b, 0x35, 0x31, 0x3b, 0x35, 0x31, 0x3b, 0x35, 0x31, 0x6d, 0x2e, 0x1b, 0x5b, 
    0x30, 0x6d, 0x1b, 0x5b, 0x33, 0x38, 0x3b, 0x32, 0x3b, 0x32, 0x36, 0x3b, 0x32, 0x36, 0x3b, 0x32, 
    0x36, 0x6d, 0x20, 0x1b, 0x5b, 0x30, 0x6d, 0x1b, 0x5b, 0x33, 0x38, 0x3b, 0x32, 0x3b, 0x30, 0x3b, 
    0x30, 0x3b, 0x30, 0x6d, 0x20, 0x1b, 0x5b, 0x30, 0x6d, 0x1b, 0x5b, 0x33, 0x38, 0x3b, 0x32, 0x3b, 
    0x30, 0x3b, 0x30, 0x3b, 0x30, 0x6d, 0x20, 0x1b, 0x5b, 0x30, 0x6d, 0x1b, 0x5b, 0x33, 0x38, 0x3b, 
    0x32, 0x3b, 0x30, 0x3b, 0x30, 0x3b, 0x30, 0x6d, 0x20, 0x1b, 0x5b, 0x30, 0x6d, 0x1b, 0x5b, 0x33, 
    0x38, 0x3b, 0x32, 0x3b, 0x30, 0x3b, 0x30, 0x3b, 0x30, 0x6d, 0x20, 0x1b, 0x5b, 0x30, 0x6d, 0x1b, 
    0x5b, 0x33, 0x38, 0x3b, 0x32, 0x3b, 0x30, 0x3b, 0x30, 0x3b, 0x30, 0x6d, 0x20, 0x1b, 0x5b, 0x30, 
    0x6d, 0x1b, 0x5b, 0x33, 0x38, 0x3b, 0x32, 0x3b, 0x30, 0x3b, 0x30, 0x3b, 0x30, 0x6d, 0x20, 0x1b, 
    0x5b, 0x30, 0x6d, 0x1b, 0x5b, 0x33, 0x38, 0x3b, 0x32, 0x3b, 0x30, 0x3b, 0x30, 0x3b, 0x30, 0x6d, 
    0x20, 0x1b, 0x5b, 0x30, 0x6d, 0x1b, 0x5b, 0x33, 0x38, 0x3b, 0x32, 0x3b, 0x30, 0x3b, 0x30, 0x3b, 
    0x30, 0x6d, 0x20, 0x1b, 0x5b, 0x30, 0x6d, 0x1b, 0x5b, 0x33, 0x38, 0x3b, 0x32, 0x3b, 0x30, 0x3b, 
    0x30, 0x3b, 0x30, 0x6d, 0x20, 0x1b, 0x5b, 0x30, 0x6d, 0x1b, 0x5b, 0x33, 0x38, 0x3b, 0x32, 0x3b, 
    0x30, 0x3b, 0x30, 0x3b, 0x30, 0x6d, 0x20, 0x1b, 0x5b, 0x30, 0x6d, 0x1b, 0x5b, 0x33, 0x38, 0x3b, 
    0x32, 0x3b, 0x30, 0x3b, 0x30, 0x3b, 0x30, 0x6d, 0x20, 0x1b, 0x5b, 0x30, 0x6d, 0x1b, 0x5b, 0x33, 
    0x38, 0x3b, 0x32, 0x3b, 0x30, 0x3b, 0x30, 0x3b, 0x30, 0x6d, 0x20, 0x1b, 0x5b, 0x30, 0x6d, 0x1b, 
    0x5b, 0x33, 0x38, 0x3b, 0x32, 0x3b, 0x30, 0x3b, 0x30, 0x3b, 0x30, 0x6d, 0x20, 0x1b, 0x5b, 0x30, 
    0x6d, 0x1b, 0x5b, 0x33, 0x38, 0x3b, 0x32, 0x3b, 0x30, 0x3b, 0x30, 0x3b, 0x30, 0x6d, 0x20, 0x1b, 
    0x5b, 0x30, 0x6d, 0x1b, 0x5b, 0x33, 0x38, 0x3b, 0x32, 0x3b, 0x30, 0x3b, 0x30, 0x3b, 0x30, 0x6d, 
    0x20, 0x1b, 0x5b, 0x30, 0x6d, 0x1b, 0x5b, 0x33, 0x38, 0x3b, 0x32, 0x3b, 0x31, 0x32, 0x38, 0x3b, 
    0x31, 0x32, 0x38, 0x3b, 0x31, 0x32, 0x38, 0x6d, 0x6c, 0x1b, 0x5b, 0x30, 0x6d, 0x1b, 0x5b, 0x33, 
    0x38, 0x3b, 0x32, 0x3b, 0x32, 0x35, 0x35, 0x3b, 0x32, 0x35, 0x35, 0x3b, 0x32, 0x35, 0x35, 0x6d, 
    0x4d, 0x1b, 0x5b, 0x30, 0x6d, 0x1b, 0x5b, 0x33, 0x38, 0x3b, 0x32, 0x3b, 0x32, 0x35, 0x35, 0x3b, 
    0x32, 0x35, 0x35, 0x3b, 0x32, 0x35, 0x35, 0x6d, 0x4d, 0x1b, 0x5b, 0x30, 0x6d, 0x1b, 0x5b, 0x33, 
    0x38, 0x3b, 0x32, 0x3b, 0x32, 0x35, 0x35, 0x3b, 0x32, 0x35, 0x35, 0x3b, 0x32, 0x35, 0x35, 0x6d, 
    0x4d, 0x1b, 0x5b, 0x30, 0x6d, 0x1b, 0x5b, 0x33, 0x38, 0x3b, 0x32, 0x3b, 0x32, 0x35, 0x35, 0x3b, 
    0x32, 0x35, 0x35, 0x3b, 0x32, 0x35, 0x35, 0x6d, 0x4d, 0x1b, 0x5b, 0x30, 0x6d, 0x1b, 0x5b, 0x33, 
    0x38, 0x3b, 0x32, 0x3b, 0x32, 0x35, 0x35, 0x3b, 0x32, 0x35, 0x35, 0x3b, 0x32, 0x35, 0x35, 0x6d, 
    0x4d, 0x1b, 0x5b, 0x30, 0x6d, 0x1b, 0x5b, 0x33, 0x38, 0x3b, 0x32, 0x3b, 0x32, 0x35, 0x35, 0x3b, 
    0x32, 0x35, 0x35, 0x3b, 0x32, 0x35, 0x35, 0x6d, 0x4d, 0x1b, 0x5b, 0x30, 0x6d, 0x1b, 0x5b, 0x33, 
    0x38, 0x3b, 0x32, 0x3b, 0x32, 0x35, 0x35, 0x3b, 0x32, 0x35, 0x35, 0x3b, 0x32, 0x35, 0x35, 0x6d, 
    0x4d, 0x1b, 0x5b, 0x30, 0x6d, 0x1b, 0x5b, 0x33, 0x38, 0x3b, 0x32, 0x3b, 0x32, 0x35, 0x35, 0x3b, 
    0x32, 0x35, 0x35, 0x3b, 0x32, 0x35, 0x35, 0x6d, 0x4d, 0x1b, 0x5b, 0x30, 0x6d, 0x0a, 0x1b, 0x5b, 
    0x30, 0x6d, 0x1b, 0x5b, 0x33, 0x38, 0x3b, 0x32, 0x3b, 0x32, 0x35, 0x35, 0x3b, 0x32, 0x35, 0x35, 
    0x3b, 0x32, 0x35, 0x35, 0x6d, 0x4d, 0x1b, 0x5b, 0x30, 0x6d, 0x1b, 0x5b, 0x33, 0x38, 0x3b, 0x32, 
    0x3b, 0x32, 0x35, 0x35, 0x3b, 0x32, 0x35, 0x35, 0x3b, 0x32, 0x35, 0x35, 0x6d, 0x4d, 0x1b, 0x5b, 
    0x30, 0x6d, 0x1b, 0x5b, 0x33, 0x38, 0x3b, 0x32, 0x3b, 0x32, 0x35, 0x35, 0x3b, 0x32, 0x35, 0x35, 
    0x3b, 0x32, 0x35, 0x35, 0x6d, 0x4d, 0x1b, 0x5b, 0x30, 0x6d, 0x1b, 0x5b, 0x33, 0x38, 0x3b, 0x32, 
    0x3b, 0x32, 0x35, 0x35, 0x3b, 0x32, 0x35, 0x35, 0x3b, 0x32, 0x35, 0x35, 0x6d, 0x4d, 0x1b, 0x5b, 
    0x30, 0x6d, 0x1b, 0x5b, 0x33, 0x38, 0x3b, 0x32, 0x3b, 0x32, 0x35, 0x35, 0x3b, 0x32, 0x35, 0x35, 
    0x3b, 0x32, 0x35, 0x35, 0x6d, 0x4d, 0x1b, 0x5b, 0x30, 0x6d, 0x1b, 0x5b, 0x33, 0x38, 0x3b, 0x32, 
    0x3b, 0x32, 0x35, 0x35, 0x3b, 0x32, 0x35, 0x35, 0x3b, 0x32, 0x35, 0x35, 0x6d, 0x4d, 0x1b, 0x5b, 
    0x30, 0x6d, 0x1b, 0x5b, 0x33, 0x38, 0x3b, 0x32, 0x3b, 0x32, 0x35, 0x35, 0x3b, 0x32, 0x35, 0x35, 
    0x3b, 0x32, 0x35, 0x35, 0x6d, 0x4d, 0x1b, 0x5b, 0x30, 0x6d, 0x1b, 0x5b, 0x33, 0x38, 0x3b, 0x32, 
    0x3b, 0x32, 0x35, 0x35, 0x3b, 0x32, 0x35, 0x35, 0x3b, 0x32, 0x35, 0x35, 0x6d, 0x4d, 0x1b, 0x5b, 
    0x30, 0x6d, 0x1b, 0x5b, 0x33, 0x38, 0x3b, 0x32, 0x3b, 0x32, 0x35, 0x35, 0x3b, 0x32, 0x35, 0x35, 
    0x3b, 0x32, 0x35, 0x35, 0x6d, 0x4d, 0x1b, 0x5b, 0x30, 0x6d, 0x1b, 0x5b, 0x33, 0x38, 0x3b, 0x32, 
    0x3b, 0x30, 0x3b, 0x30, 0x3b, 0x30, 0x6d, 0x20, 0x1b, 0x5b, 0x30, 0x6d, 0x1b, 0x5b, 0x33, 0x38, 
    0x3b, 0x32, 0x3b, 0x30, 0x3b, 0x30, 0x3b, 0x30, 0x6d, 0x20, 0x1b, 0x5b, 0x30, 0x6d, 0x1b, 0x5b, 
    0x33, 0x38, 0x3b, 0x32, 0x3b, 0x31, 0x32, 0x38, 0x3b, 0x31, 0x32, 0x38, 0x3b, 0x31, 0x32, 0x38, 
    0x6d, 0x6c, 0x1b, 0x5b, 0x30, 0x6d, 0x1b, 0x5b, 0x33, 0x38, 0x3b, 0x32, 0x3b, 0x32, 0x35, 0x35, 
    0x3b, 0x32, 0x35, 0x35, 0x3b, 0x32, 0x35, 0x35, 0x6d, 0x4d, 0x1b, 0x5b, 0x30, 0x6d, 0x1b, 0x5b, 
    0x33, 0x38, 0x3b, 0x32, 0x3b, 0x31, 0x32, 0x38, 0x3b, 0x31, 0x32, 0x38, 0x3b, 0x31, 0x32, 0x38, 
    0x6d, 0x6c, 0x1b, 0x5b, 0x30, 0x6d, 0x1b, 0x5b, 0x33, 0x38, 0x3b, 0x32, 0x3b, 0x30, 0x3b, 0x30, 
    0x3b, 0x30, 0x6d, 0x20, 0x1b, 0x5b, 0x30, 0x6d, 0x1b, 0x5b, 0x33, 0x38, 0x3b, 0x32, 0x3b, 0x30, 
    0x3b, 0x30, 0x3b, 0x30, 0x6d, 0x20, 0x1b, 0x5b, 0x30, 0x6d, 0x1b, 0x5b, 0x33, 0x38, 0x3b, 0x32, 
    0x3b, 0x30, 0x3b, 0x30, 0x3b, 0x30, 0x6d, 0x20, 0x1b, 0x5b, 0x30, 0x6d, 0x1b, 0x5b, 0x33, 0x38, 
    0x3b, 0x32, 0x3b, 0x30, 0x3b, 0x30, 0x3b, 0x30, 0x6d, 0x20, 0x1b, 0x5b, 0x30, 0x6d, 0x1b, 0x5b, 
    0x33, 0x38, 0x3b, 0x32, 0x3b, 0x32, 0x35, 0x35, 0x3b, 0x32, 0x35, 0x35, 0x3b, 0x32, 0x35, 0x35, 
    0x6d, 0x4d, 0x1b, 0x5b, 0x30, 0x6d, 0x1b, 0x5b, 0x33, 0x38, 0x3b, 0x32, 0x3b, 0x32, 0x35, 0x35, 
    0x3b, 0x32, 0x35, 0x35, 0x3b, 0x32, 0x35, 0x35, 0x6d, 0x4d, 0x1b, 0x5b, 0x30, 0x6d, 0x1b, 0x5b, 
    0x33, 0x38, 0x3b, 0x32, 0x3b, 0x31, 0x32, 0x38, 0x3b, 0x31, 0x32, 0x38, 0x3b, 0x31, 0x32, 0x38, 
    0x6d, 0x6c, 0x1b, 0x5b, 0x30, 0x6d, 0x1b, 0x5b, 0x33, 0x38, 0x3b, 0x32, 0x3b, 0x30, 0x3b, 0x30, 
    0x3b, 0x30, 0x6d, 0x20, 0x1b, 0x5b, 0x30, 0x6d, 0x1b, 0x5b, 0x33, 0x38, 0x3b, 0x32, 0x3b, 0x30, 
    0x3b, 0x30, 0x3b, 0x30, 0x6d, 0x20, 0x1b, 0x5b, 0x30, 0x6d, 0x1b, 0x5b, 0x33, 0x38, 0x3b, 0x32, 
    0x3b, 0x30, 0x3b, 0x30, 0x3b, 0x30, 0x6d, 0x20, 0x1b, 0x5b, 0x30, 0x6d, 0x1b, 0x5b, 0x33, 0x38, 
    0x3b, 0x32, 0x3b, 0x30, 0x3b, 0x30, 0x3b, 0x30, 0x6d, 0x20, 0x1b, 0x5b, 0x30, 0x6d, 0x1b, 0x5b, 
    0x33, 0x38, 0x3b, 0x32, 0x3b, 0x30, 0x3b, 0x30, 0x3b, 0x30, 0x6d, 0x20, 0x1b, 0x5b, 0x30, 0x6d, 
    0x1b, 0x5b, 0x33, 0x38, 0x3b, 0x32, 0x3b, 0x30, 0x3b, 0x30, 0x3b, 0x30, 0x6d, 0x20, 0x1b, 0x5b, 
    0x30, 0x6d, 0x1b, 0x5b, 0x33, 0x38, 0x3b, 0x32, 0x3b, 0x31, 0x32, 0x38, 0x3b, 0x31, 0x32, 0x38, 
    0x3b, 0x31, 0x32, 0x38, 0x6d, 0x6c, 0x1b, 0x5b, 0x30, 0x6d, 0x1b, 0x5b, 0x33, 0x38, 0x3b, 0x32, 
    0x3b, 0x32, 0x35, 0x35, 0x3b, 0x32, 0x35, 0x35, 0x3b, 0x32, 0x35, 0x35, 0x6d, 0x4d, 0x1b, 0x5b, 
    0x30, 0x6d, 0x1b, 0x5b, 0x33, 0x38, 0x3b, 0x32, 0x3b, 0x31, 0x32, 0x38, 0x3b, 0x31, 0x32, 0x38, 
    0x3b, 0x31, 0x32, 0x38, 0x6d, 0x6c, 0x1b, 0x5b, 0x30, 0x6d, 0x1b, 0x5b, 0x33, 0x38, 0x3b, 0x32, 
    0x3b, 0x30, 0x3b, 0x30, 0x3b, 0x30, 0x6d, 0x20, 0x1b, 0x5b, 0x30, 0x6d, 0x1b, 0x5b, 0x33, 0x38, 
    0x3b, 0x32, 0x3b, 0x30, 0x3b, 0x30, 0x3b, 0x30, 0x6d, 0x20, 0x1b, 0x5b, 0x30, 0x6d, 0x1b, 0x5b, 
    0x33, 0x38, 0x3b, 0x32, 0x3b, 0x32, 0x35, 0x35, 0x3b, 0x32, 0x35, 0x35, 0x3b, 0x32, 0x35, 0x35, 
    0x6d, 0x4d, 0x1b, 0x5b, 0x30, 0x6d, 0x1b, 0x5b, 0x33, 0x38, 0x3b, 0x32, 0x3b, 0x32, 0x35, 0x35, 
    0x3b, 0x32, 0x35, 0x35, 0x3b, 0x32, 0x35, 0x35, 0x6d, 0x4d, 0x1b, 0x5b, 0x30, 0x6d, 0x1b, 0x5b, 
    0x33, 0x38, 0x3b, 0x32, 0x3b, 0x32, 0x35, 0x35, 0x3b, 0x32, 0x35, 0x35, 0x3b, 0x32, 0x35, 0x35, 
    0x6d, 0x4d, 0x1b, 0x5b, 0x30, 0x6d, 0x1b, 0x5b, 0x33, 0x38, 0x3b, 0x32, 0x3b, 0x32, 0x35, 0x35, 
    0x3b, 0x32, 0x35, 0x35, 0x3b, 0x32, 0x35, 0x35, 0x6d, 0x4d, 0x1b, 0x5b, 0x30, 0x6d, 0x1b, 0x5b, 
    0x33, 0x38, 0x3b, 0x32, 0x3b, 0x32, 0x35, 0x35, 0x3b, 0x32, 0x35, 0x35, 0x3b, 0x32, 0x35, 0x35, 
    0x6d, 0x4d, 0x1b, 0x5b, 0x30, 0x6d, 0x1b, 0x5b, 0x33, 0x38, 0x3b, 0x32, 0x3b, 0x32, 0x35, 0x35, 
    0x3b, 0x32, 0x35, 0x35, 0x3b, 0x32, 0x35, 0x35, 0x6d, 0x4d, 0x1b, 0x5b, 0x30, 0x6d, 0x1b, 0x5b, 
    0x33, 0x38, 0x3b, 0x32, 0x3b, 0x32, 0x35, 0x35, 0x3b, 0x32, 0x35, 0x35, 0x3b, 0x32, 0x35, 0x35, 
    0x6d, 0x4d, 0x1b, 0x5b, 0x30, 0x6d, 0x1b, 0x5b, 0x33, 0x38, 0x3b, 0x32, 0x3b, 0x30, 0x3b, 0x30, 
    0x3b, 0x30, 0x6d, 0x20, 0x1b, 0x5b, 0x30, 0x6d, 0x1b, 0x5b, 0x33, 0x38, 0x3b, 0x32, 0x3b, 0x30, 
    0x3b, 0x30, 0x3b, 0x30, 0x6d, 0x20, 0x1b, 0x5b, 0x30, 0x6d, 0x1b, 0x5b, 0x33, 0x38, 0x3b, 0x32, 
    0x3b, 0x30, 0x3b, 0x30, 0x3b, 0x30, 0x6d, 0x20, 0x1b, 0x5b, 0x30, 0x6d, 0x1b, 0x5b, 0x33, 0x38, 
    0x3b, 0x32, 0x3b, 0x30, 0x3b, 0x30, 0x3b, 0x30, 0x6d, 0x20, 0x1b, 0x5b, 0x30, 0x6d, 0x1b, 0x5b, 
    0x33, 0x38, 0x3b, 0x32, 0x3b, 0x30, 0x3b, 0x30, 0x3b, 0x30, 0x6d, 0x20, 0x1b, 0x5b, 0x30, 0x6d, 
    0x1b, 0x5b, 0x33, 0x38, 0x3b, 0x32, 0x3b, 0x30, 0x3b, 0x30, 0x3b, 0x30, 0x6d, 0x20, 0x1b, 0x5b, 
    0x30, 0x6d, 0x1b, 0x5b, 0x33, 0x38, 0x3b, 0x32, 0x3b, 0x30, 0x3b, 0x30, 0x3b, 0x30, 0x6d, 0x20, 
    0x1b, 0x5b, 0x30, 0x6d, 0x1b, 0x5b, 0x33, 0x38, 0x3b, 0x32, 0x3b, 0x30, 0x3b, 0x30, 0x3b, 0x30, 
    0x6d, 0x20, 0x1b, 0x5b, 0x30, 0x6d, 0x1b, 0x5b, 0x33, 0x38, 0x3b, 0x32, 0x3b, 0x30, 0x3b, 0x30, 
    0x3b, 0x30, 0x6d, 0x20, 0x1b, 0x5b, 0x30, 0x6d, 0x1b, 0x5b, 0x33, 0x38, 0x3b, 0x32, 0x3b, 0x30, 
    0x3b, 0x30, 0x3b, 0x30, 0x6d, 0x20, 0x1b, 0x5b, 0x30, 0x6d, 0x1b, 0x5b, 0x33, 0x38, 0x3b, 0x32, 
    0x3b, 0x30, 0x3b, 0x30, 0x3b, 0x30, 0x6d, 0x20, 0x1b, 0x5b, 0x30, 0x6d, 0x1b, 0x5b, 0x33, 0x38, 
    0x3b, 0x32, 0x3b, 0x30, 0x3b, 0x30, 0x3b, 0x30, 0x6d, 0x20, 0x1b, 0x5b, 0x30, 0x6d, 0x1b, 0x5b, 
    0x33, 0x38, 0x3b, 0x32, 0x3b, 0x30, 0x3b, 0x30, 0x3b, 0x30, 0x6d, 0x20, 0x1b, 0x5b, 0x30, 0x6d, 
    0x1b, 0x5b, 0x33, 0x38, 0x3b, 0x32, 0x3b, 0x30, 0x3b, 0x30, 0x3b, 0x30, 0x6d, 0x20, 0x1b, 0x5b, 
    0x30, 0x6d, 0x1b, 0x5b, 0x33, 0x38, 0x3b, 0x32, 0x3b, 0x30, 0x3b, 0x30, 0x3b, 0x30, 0x6d, 0x20, 
    0x1b, 0x5b, 0x30, 0x6d, 0x1b, 0x5b, 0x33, 0x38, 0x3b, 0x32, 0x3b, 0x30, 0x3b, 0x30, 0x3b, 0x30, 
    0x6d, 0x20, 0x1b, 0x5b, 0x30, 0x6d, 0x1b, 0x5b, 0x33, 0x38, 0x3b, 0x32, 0x3b, 0x32, 0x35, 0x35, 
    0x3b, 0x32, 0x35, 0x35, 0x3b, 0x32, 0x35, 0x35, 0x6d, 0x4d, 0x1b, 0x5b, 0x30, 0x6d, 0x1b, 0x5b, 
    0x33, 0x38, 0x3b, 0x32, 0x3b, 0x32, 0x35, 0x35, 0x3b, 0x32, 0x35, 0x35, 0x3b, 0x32, 0x35, 0x35, 
    0x6d, 0x4d, 0x1b, 0x5b, 0x30, 0x6d, 0x1b, 0x5b, 0x33, 0x38, 0x3b, 0x32, 0x3b, 0x32, 0x35, 0x35, 
    0x3b, 0x32, 0x35, 0x35, 0x3b, 0x32, 0x35, 0x35, 0x6d, 0x4d, 0x1b, 0x5b, 0x30, 0x6d, 0x1b, 0x5b, 
    0x33, 0x38, 0x3b, 0x32, 0x3b, 0x32, 0x35, 0x35, 0x3b, 0x32, 0x35, 0x35, 0x3b, 0x32, 0x35, 0x35, 
    0x6d, 0x4d, 0x1b, 0x5b, 0x30, 0x6d, 0x1b, 0x5b, 0x33, 0x38, 0x3b, 0x32, 0x3b, 0x32, 0x35, 0x35, 
    0x3b, 0x32, 0x35, 0x35, 0x3b, 0x32, 0x35, 0x35, 0x6d, 0x4d, 0x1b, 0x5b, 0x30, 0x6d, 0x1b, 0x5b, 
    0x33, 0x38, 0x3b, 0x32, 0x3b, 0x32, 0x35, 0x35, 0x3b, 0x32, 0x35, 0x35, 0x3b, 0x32, 0x35, 0x35, 
    0x6d, 0x4d, 0x1b, 0x5b, 0x30, 0x6d, 0x1b, 0x5b, 0x33, 0x38, 0x3b, 0x32, 0x3b, 0x32, 0x35, 0x35, 
    0x3b, 0x32, 0x35, 0x35, 0x3b, 0x32, 0x35, 0x35, 0x6d, 0x4d, 0x1b, 0x5b, 0x30, 0x6d, 0x1b, 0x5b, 
    0x33, 0x38, 0x3b, 0x32, 0x3b, 0x32, 0x35, 0x35, 0x3b, 0x32, 0x35, 0x35, 0x3b, 0x32, 0x35, 0x35, 
    0x6d, 0x4d, 0x1b, 0x5b, 0x30, 0x6d, 0x1b, 0x5b, 0x33, 0x38, 0x3b, 0x32, 0x3b, 0x32, 0x35, 0x35, 
    0x3b, 0x32, 0x35, 0x35, 0x3b, 0x32, 0x35, 0x35, 0x6d, 0x4d, 0x1b, 0x5b, 0x30, 0x6d, 0x1b, 0x5b, 
    0x33, 0x38, 0x3b, 0x32, 0x3b, 0x32, 0x35, 0x35, 0x3b, 0x32, 0x35, 0x35, 0x3b, 0x32, 0x35, 0x35, 
    0x6d, 0x4d, 0x1b, 0x5b, 0x30, 0x6d, 0x1b, 0x5b, 0x33, 0x38, 0x3b, 0x32, 0x3b, 0x32, 0x35, 0x35, 
    0x3b, 0x32, 0x35, 0x35, 0x3b, 0x32, 0x35, 0x35, 0x6d, 0x4d, 0x1b, 0x5b, 0x30, 0x6d, 0x1b, 0x5b, 
    0x33, 0x38, 0x3b, 0x32, 0x3b, 0x30, 0x3b, 0x30, 0x3b, 0x30, 0x6d, 0x20, 0x1b, 0x5b, 0x30, 0x6d, 
    0x1b, 0x5b, 0x33, 0x38, 0x3b, 0x32, 0x3b, 0x30, 0x3b, 0x30, 0x3b, 0x30, 0x6d, 0x20, 0x1b, 0x5b, 
    0x30, 0x6d, 0x1b, 0x5b, 0x33, 0x38, 0x3b, 0x32, 0x3b, 0x30, 0x3b, 0x30, 0x3b, 0x30, 0x6d, 0x20, 
    0x1b, 0x5b, 0x30, 0x6d, 0x1b, 0x5b, 0x33, 0x38, 0x3b, 0x32, 0x3b, 0x30, 0x3b, 0x30, 0x3b, 0x30, 
    0x6d, 0x20, 0x1b, 0x5b, 0x30, 0x6d, 0x1b, 0x5b, 0x33, 0x38, 0x3b, 0x32, 0x3b, 0x30, 0x3b, 0x30, 
    0x3b, 0x30, 0x6d, 0x20, 0x1b, 0x5b, 0x30, 0x6d, 0x1b, 0x5b, 0x33, 0x38, 0x3b, 0x32, 0x3b, 0x30, 
    0x3b, 0x30, 0x3b, 0x30, 0x6d, 0x20, 0x1b, 0x5b, 0x30, 0x6d, 0x1b, 0x5b, 0x33, 0x38, 0x3b, 0x32, 
    0x3b, 0x30, 0x3b, 0x30, 0x3b, 0x30, 0x6d, 0x20, 0x1b, 0x5b, 0x30, 0x6d, 0x1b, 0x5b, 0x33, 0x38, 
    0x3b, 0x32, 0x3b, 0x32, 0x35, 0x35, 0x3b, 0x32, 0x35, 0x35, 0x3b, 0x32, 0x35, 0x35, 0x6d, 0x4d, 
    0x1b, 0x5b, 0x30, 0x6d, 0x1b, 0x5b, 0x33, 0x38, 0x3b, 0x32, 0x3b, 0x32, 0x35, 0x35, 0x3b, 0x32, 
    0x35, 0x35, 0x3b, 0x32, 0x35, 0x35, 0x6d, 0x4d, 0x1b, 0x5b, 0x30, 0x6d, 0x1b, 0x5b, 0x33, 0x38, 
    0x3b, 0x32, 0x3b, 0x31, 0x32, 0x38, 0x3b, 0x31, 0x32, 0x38, 0x3b, 0x31, 0x32, 0x38, 0x6d, 0x6c, 
    0x1b, 0x5b, 0x30, 0x6d, 0x1b, 0x5b, 0x33, 0x38, 0x3b, 0x32, 0x3b, 0x30, 0x3b, 0x30, 0x3b, 0x30, 
    0x6d, 0x20, 0x1b, 0x5b, 0x30, 0x6d, 0x1b, 0x5b, 0x33, 0x38, 0x3b, 0x32, 0x3b, 0x30, 0x3b, 0x30, 
    0x3b, 0x30, 0x6d, 0x20, 0x1b, 0x5b, 0x30, 0x6d, 0x1b, 0x5b, 0x33, 0x38, 0x3b, 0x32, 0x3b, 0x30, 
    0x3b, 0x30, 0x3b, 0x30, 0x6d, 0x20, 0x1b, 0x5b, 0x30, 0x6d, 0x1b, 0x5b, 0x33, 0x38, 0x3b, 0x32, 
    0x3b, 0x30, 0x3b, 0x30, 0x3b, 0x30, 0x6d, 0x20, 0x1b, 0x5b, 0x30, 0x6d, 0x1b, 0x5b, 0x33, 0x38, 
    0x3b, 0x32, 0x3b, 0x30, 0x3b, 0x30, 0x3b, 0x30, 0x6d, 0x20, 0x1b, 0x5b, 0x30, 0x6d, 0x1b, 0x5b, 
    0x33, 0x38, 0x3b, 0x32, 0x3b, 0x30, 0x3b, 0x30, 0x3b, 0x30, 0x6d, 0x20, 0x1b, 0x5b, 0x30, 0x6d, 
    0x1b, 0x5b, 0x33, 0x38, 0x3b, 0x32, 0x3b, 0x30, 0x3b, 0x30, 0x3b, 0x30, 0x6d, 0x20, 0x1b, 0x5b, 
    0x30, 0x6d, 0x1b, 0x5b, 0x33, 0x38, 0x3b, 0x32, 0x3b, 0x30, 0x3b, 0x30, 0x3b, 0x30, 0x6d, 0x20, 
    0x1b, 0x5b, 0x30, 0x6d, 0x1b, 0x5b, 0x33, 0x38, 0x3b, 0x32, 0x3b, 0x30, 0x3b, 0x30, 0x3b, 0x30, 
    0x6d, 0x20, 0x1b, 0x5b, 0x30, 0x6d, 0x1b, 0x5b, 0x33, 0x38, 0x3b, 0x32, 0x3b, 0x30, 0x3b, 0x30, 
    0x3b, 0x30, 0x6d, 0x20, 0x1b, 0x5b, 0x30, 0x6d, 0x1b, 0x5b, 0x33, 0x38, 0x3b, 0x32, 0x3b, 0x30, 
    0x3b, 0x30, 0x3b, 0x30, 0x6d, 0x20, 0x1b, 0x5b, 0x30, 0x6d, 0x1b, 0x5b, 0x33, 0x38, 0x3b, 0x32, 
    0x3b, 0x30, 0x3b, 0x30, 0x3b, 0x30, 0x6d, 0x20, 0x1b, 0x5b, 0x30, 0x6d, 0x1b, 0x5b, 0x33, 0x38, 
    0x3b, 0x32, 0x3b, 0x30, 0x3b, 0x30, 0x3b, 0x30, 0x6d, 0x20, 0x1b, 0x5b, 0x30, 0x6d, 0x1b, 0x5b, 
    0x33, 0x38, 0x3b, 0x32, 0x3b, 0x30, 0x3b, 0x30, 0x3b, 0x30, 0x6d, 0x20, 0x1b, 0x5b, 0x30, 0x6d, 
    0x1b, 0x5b, 0x33, 0x38, 0x3b, 0x32, 0x3b, 0x30, 0x3b, 0x30, 0x3b, 0x30, 0x6d, 0x20, 0x1b, 0x5b, 
    0x30, 0x6d, 0x1b, 0x5b, 0x33, 0x38, 0x3b, 0x32, 0x3b, 0x31, 0x32, 0x38, 0x3b, 0x31, 0x32, 0x38, 
    0x3b, 0x31, 0x32, 0x38, 0x6d, 0x6c, 0x1b, 0x5b, 0x30, 0x6d, 0x1b, 0x5b, 0x33, 0x38, 0x3b, 0x32, 
    0x3b, 0x32, 0x35, 0x35, 0x3b, 0x32, 0x35, 0x35, 0x3b, 0x32, 0x35, 0x35, 0x6d, 0x4d, 0x1b, 0x5b, 
    0x30, 0x6d, 0x1b, 0x5b, 0x33, 0x38, 0x3b, 0x32, 0x3b, 0x32, 0x35, 0x35, 0x3b, 0x32, 0x35, 0x35, 
    0x3b, 0x32, 0x35, 0x35, 0x6d, 0x4d, 0x1b, 0x5b, 0x30, 0x6d, 0x1b, 0x5b, 0x33, 0x38, 0x3b, 0x32, 
    0x3b, 0x32, 0x35, 0x35, 0x3b, 0x32, 0x35, 0x35, 0x3b, 0x32, 0x35, 0x35, 0x6d, 0x4d, 0x1b, 0x5b, 
    0x30, 0x6d, 0x1b, 0x5b, 0x33, 0x38, 0x3b, 0x32, 0x3b, 0x32, 0x35, 0x35, 0x3b, 0x32, 0x35, 0x35, 
    0x3b, 0x32, 0x35, 0x35, 0x6d, 0x4d, 0x1b, 0x5b, 0x30, 0x6d, 0x1b, 0x5b, 0x33, 0x38, 0x3b, 0x32, 
    0x3b, 0x32, 0x35, 0x35, 0x3b, 0x32, 0x35, 0x35, 0x3b, 0x32, 0x35, 0x35, 0x6d, 0x4d, 0x1b, 0x5b, 
    0x30, 0x6d, 0x1b, 0x5b, 0x33, 0x38, 0x3b, 0x32, 0x3b, 0x32, 0x35, 0x35, 0x3b, 0x32, 0x35, 0x35, 
    0x3b, 0x32, 0x35, 0x35, 0x6d, 0x4d, 0x1b, 0x5b, 0x30, 0x6d, 0x1b, 0x5b, 0x33, 0x38, 0x3b, 0x32, 
    0x3b, 0x32, 0x35, 0x35, 0x3b, 0x32, 0x35, 0x35, 0x3b, 0x32, 0x35, 0x35, 0x6d, 0x4d, 0x1b, 0x5b, 
    0x30, 0x6d, 0x1b, 0x5b, 0x33, 0x38, 0x3b, 0x32, 0x3b, 0x32, 0x35, 0x35, 0x3b, 0x32, 0x35, 0x35, 
    0x3b, 0x32, 0x35, 0x35, 0x6d, 0x4d, 0x1b, 0x5b, 0x30, 0x6d, 0x0a, 0x1b, 0x5b, 0x30, 0x6d, 0x1b, 
    0x5b, 0x33, 0x38, 0x3b, 0x32, 0x3b, 0x32, 0x35, 0x35, 0x3b, 0x32, 0x35, 0x35, 0x3b, 0x32, 0x35, 
    0x35, 0x6d, 0x4d, 0x1b, 0x5b, 0x30, 0x6d, 0x1b, 0x5b, 0x33, 0x38, 0x3b, 0x32, 0x3b, 0x32, 0x35, 
    0x35, 0x3b, 0x32, 0x35, 0x35, 0x3b, 0x32, 0x35, 0x35, 0x6d, 0x4d, 0x1b, 0x5b, 0x30, 0x6d, 0x1b, 
    0x5b, 0x33, 0x38, 0x3b, 0x32, 0x3b, 0x32, 0x35, 0x35, 0x3b, 0x32, 0x35, 0x35, 0x3b, 0x32, 0x35, 
    0x35, 0x6d, 0x4d, 0x1b, 0x5b, 0x30, 0x6d, 0x1b, 0x5b, 0x33, 0x38, 0x3b, 0x32, 0x3b, 0x32, 0x35, 
    0x35, 0x3b, 0x32, 0x35, 0x35, 0x3b, 0x32, 0x35, 0x35, 0x6d, 0x4d, 0x1b, 0x5b, 0x30, 0x6d, 0x1b, 
    0x5b, 0x33, 0x38, 0x3b, 0x32, 0x3b, 0x32, 0x35, 0x35, 0x3b, 0x32, 0x35, 0x35, 0x3b, 0x32, 0x35, 
    0x35, 0x6d, 0x4d, 0x1b, 0x5b, 0x30, 0x6d, 0x1b, 0x5b, 0x33, 0x38, 0x3b, 0x32, 0x3b, 0x32, 0x35, 
    0x35, 0x3b, 0x32, 0x35, 0x35, 0x3b, 0x32, 0x35, 0x35, 0x6d, 0x4d, 0x1b, 0x5b, 0x30, 0x6d, 0x1b, 
    0x5b, 0x33, 0x38, 0x3b, 0x32, 0x3b, 0x32, 0x35, 0x35, 0x3b, 0x32, 0x35, 0x35, 0x3b, 0x32, 0x35, 
    0x35, 0x6d, 0x4d, 0x1b, 0x5b, 0x30, 0x6d, 0x1b, 0x5b, 0x33, 0x38, 0x3b, 0x32, 0x3b, 0x32, 0x35, 
    0x35, 0x3b, 0x32, 0x35, 0x35, 0x3b, 0x32, 0x35, 0x35, 0x6d, 0x4d, 0x1b, 0x5b, 0x30, 0x6d, 0x1b, 
    0x5b, 0x33, 0x38, 0x3b, 0x32, 0x3b, 0x32, 0x35, 0x35, 0x3b, 0x32, 0x35, 0x35, 0x3b, 0x32, 0x35, 
    0x35, 0x6d, 0x4d, 0x1b, 0x5b, 0x30, 0x6d, 0x1b, 0x5b, 0x33, 0x38, 0x3b, 0x32, 0x3b, 0x32, 0x30, 
    0x34, 0x3b, 0x32, 0x30, 0x34, 0x3b, 0x32, 0x30, 0x34, 0x6d, 0x4b, 0x1b, 0x5b, 0x30, 0x6d, 0x1b, 
    0x5b, 0x33, 0x38, 0x3b, 0x32, 0x3b, 0x32, 0x30, 0x34, 0x3b, 0x32, 0x30, 0x34, 0x3b, 0x32, 0x30, 
    0x34, 0x6d, 0x4b, 0x1b, 0x5b, 0x30, 0x6d, 0x1b, 0x5b, 0x33, 0x38, 0x3b, 0x32, 0x3b, 0x31, 0x32, 
    0x38, 0x3b, 0x31, 0x32, 0x38, 0x3b, 0x31, 0x32, 0x38, 0x6d, 0x6c, 0x1b, 0x5b, 0x30, 0x6d, 0x1b, 
    0x5b, 0x33, 0x38, 0x3b, 0x32, 0x3b, 0x35, 0x31, 0x3b, 0x35, 0x31, 0x3b, 0x35, 0x31, 0x6d, 0x2e, 
    0x1b, 0x5b, 0x30, 0x6d, 0x1b, 0x5b, 0x33, 0x38, 0x3b, 0x32, 0x3b, 0x31, 0x32, 0x38, 0x3b, 0x31, 
    0x32, 0x38, 0x3b, 0x31, 0x32, 0x38, 0x6d, 0x6c, 0x1b, 0x5b, 0x30, 0x6d, 0x1b, 0x5b, 0x33, 0x38, 
    0x3b, 0x32, 0x3b, 0x32, 0x30, 0x34, 0x3b, 0x32, 0x30, 0x34, 0x3b, 0x32, 0x30, 0x34, 0x6d, 0x4b, 
    0x1b, 0x5b, 0x30, 0x6d, 0x1b, 0x5b, 0x33, 0x38, 0x3b, 0x32, 0x3b, 0x32, 0x30, 0x34, 0x3b, 0x32, 
    0x30, 0x34, 0x3b, 0x32, 0x30, 0x34, 0x6d, 0x4b, 0x1b, 0x5b, 0x30, 0x6d, 0x1b, 0x5b, 0x33, 0x38, 
    0x3b, 0x32, 0x3b, 0x30, 0x3b, 0x30, 0x3b, 0x30, 0x6d, 0x20, 0x1b, 0x5b, 0x30, 0x6d, 0x1b, 0x5b, 
    0x33, 0x38, 0x3b, 0x32, 0x3b, 0x30, 0x3b, 0x30, 0x3b, 0x30, 0x6d, 0x20, 0x1b, 0x5b, 0x30, 0x6d, 
    0x1b, 0x5b, 0x33, 0x38, 0x3b, 0x32, 0x3b, 0x35, 0x31, 0x3b, 0x35, 0x31, 0x3b, 0x35, 0x31, 0x6d, 
    0x2e, 0x1b, 0x5b, 0x30, 0x6d, 0x1b, 0x5b, 0x33, 0x38, 0x3b, 0x32, 0x3b, 0x35, 0x31, 0x3b, 0x35, 
    0x31, 0x3b, 0x35, 0x31, 0x6d, 0x2e, 0x1b, 0x5b, 0x30, 0x6d, 0x1b, 0x5b, 0x33, 0x38, 0x3b, 0x32, 
    0x3b, 0x32, 0x36, 0x3b, 0x32, 0x36, 0x3b, 0x32, 0x36, 0x6d, 0x20, 0x1b, 0x5b, 0x30, 0x6d, 0x1b, 
    0x5b, 0x33, 0x38, 0x3b, 0x32, 0x3b, 0x30, 0x3b, 0x30, 0x3b, 0x30, 0x6d, 0x20, 0x1b, 0x5b, 0x30, 
    0x6d, 0x1b, 0x5b, 0x33, 0x38, 0x3b, 0x32, 0x3b, 0x30, 0x3b, 0x30, 0x3b, 0x30, 0x6d, 0x20, 0x1b, 
    0x5b, 0x30, 0x6d, 0x1b, 0x5b, 0x33, 0x38, 0x3b, 0x32, 0x3b, 0x30, 0x3b, 0x30, 0x3b, 0x30, 0x6d, 
    0x20, 0x1b, 0x5b, 0x30, 0x6d, 0x1b, 0x5b, 0x33, 0x38, 0x3b, 0x32, 0x3b, 0x30, 0x3b, 0x30, 0x3b, 
    0x30, 0x6d, 0x20, 0x1b, 0x5b, 0x30, 0x6d, 0x1b, 0x5b, 0x33, 0x38, 0x3b, 0x32, 0x3b, 0x32, 0x30, 
    0x34, 0x3b, 0x32, 0x30, 0x34, 0x3b, 0x32, 0x30, 0x34, 0x6d, 0x4b, 0x1b, 0x5b, 0x30, 0x6d, 0x1b, 
    0x5b, 0x33, 0x38, 0x3b, 0x32, 0x3b, 0x32, 0x30, 0x34, 0x3b, 0x32, 0x30, 0x34, 0x3b, 0x32, 0x30, 
    0x34, 0x6d, 0x4b, 0x1b, 0x5b, 0x30, 0x6d, 0x1b, 0x5b, 0x33, 0x38, 0x3b, 0x32, 0x3b, 0x32, 0x33, 
    0x30, 0x3b, 0x32, 0x33, 0x30, 0x3b, 0x32, 0x33, 0x30, 0x6d, 0x4e, 0x1b, 0x5b, 0x30, 0x6d, 0x1b, 
    0x5b, 0x33, 0x38, 0x3b, 0x32, 0x3b, 0x32, 0x35, 0x35, 0x3b, 0x32, 0x35, 0x35, 0x3b, 0x32, 0x35, 
    0x35, 0x6d, 0x4d, 0x1b, 0x5b, 0x30, 0x6d, 0x1b, 0x5b, 0x33, 0x38, 0x3b, 0x32, 0x3b, 0x32, 0x33, 
    0x30, 0x3b, 0x32, 0x33, 0x30, 0x3b, 0x32, 0x33, 0x30, 0x6d, 0x4e, 0x1b, 0x5b, 0x30, 0x6d, 0x1b, 
    0x5b, 0x33, 0x38, 0x3b, 0x32, 0x3b, 0x32, 0x30, 0x34, 0x3b, 0x32, 0x30, 0x34, 0x3b, 0x32, 0x30, 
    0x34, 0x6d, 0x4b, 0x1b, 0x5b, 0x30, 0x6d, 0x1b, 0x5b, 0x33, 0x38, 0x3b, 0x32, 0x3b, 0x32, 0x30, 
    0x34, 0x3b, 0x32, 0x30, 0x34, 0x3b, 0x32, 0x30, 0x34, 0x6d, 0x4b, 0x1b, 0x5b, 0x30, 0x6d, 0x1b, 
    0x5b, 0x33, 0x38, 0x3b, 0x32, 0x3b, 0x32, 0x35, 0x35, 0x3b, 0x32, 0x35, 0x35, 0x3b, 0x32, 0x35, 
    0x35, 0x6d, 0x4d, 0x1b, 0x5b, 0x30, 0x6d, 0x1b, 0x5b, 0x33, 0x38, 0x3b, 0x32, 0x3b, 0x32, 0x35, 
    0x35, 0x3b, 0x32, 0x35, 0x35, 0x3b, 0x32, 0x35, 0x35, 0x6d, 0x4d, 0x1b, 0x5b, 0x30, 0x6d, 0x1b, 
    0x5b, 0x33, 0x38, 0x3b, 0x32, 0x3b, 0x32, 0x35, 0x35, 0x3b, 0x32, 0x35, 0x35, 0x3b, 0x32, 0x35, 
    0x35, 0x6d, 0x4d, 0x1b, 0x5b, 0x30, 0x6d, 0x1b, 0x5b, 0x33, 0x38, 0x3b, 0x32, 0x3b, 0x32, 0x35, 
    0x35, 0x3b, 0x32, 0x35, 0x35, 0x3b, 0x32, 0x35, 0x35, 0x6d, 0x4d, 0x1b, 0x5b, 0x30, 0x6d, 0x1b, 
    0x5b, 0x33, 0x38, 0x3b, 0x32, 0x3b, 0x31, 0x35, 0x33, 0x3b, 0x31, 0x35, 0x33, 0x3b, 0x31, 0x35, 
    0x33, 0x6d, 0x64, 0x1b, 0x5b, 0x30, 0x6d, 0x1b, 0x5b, 0x33, 0x38, 0x3b, 0x32, 0x3b, 0x35, 0x31, 
    0x3b, 0x35, 0x31, 0x3b, 0x35, 0x31, 0x6d, 0x2e, 0x1b, 0x5b, 0x30, 0x6d, 0x1b, 0x5b, 0x33, 0x38, 
    0x3b, 0x32, 0x3b, 0x35, 0x31, 0x3b, 0x35, 0x31, 0x3b, 0x35, 0x31, 0x6d, 0x2e, 0x1b, 0x5b, 0x30, 
    0x6d, 0x1b, 0x5b, 0x33, 0x38, 0x3b, 0x32, 0x3b, 0x30, 0x3b, 0x30, 0x3b, 0x30, 0x6d, 0x20, 0x1b, 
    0x5b, 0x30, 0x6d, 0x1b, 0x5b, 0x33, 0x38, 0x3b, 0x32, 0x3b, 0x30, 0x3b, 0x30, 0x3b, 0x30, 0x6d, 
    0x20, 0x1b, 0x5b, 0x30, 0x6d, 0x1b, 0x5b, 0x33, 0x38, 0x3b, 0x32, 0x3b, 0x30, 0x3b, 0x30, 0x3b, 
    0x30, 0x6d, 0x20, 0x1b, 0x5b, 0x30, 0x6d, 0x1b, 0x5b, 0x33, 0x38, 0x3b, 0x32, 0x3b, 0x30, 0x3b, 
    0x30, 0x3b, 0x30, 0x6d, 0x20, 0x1b, 0x5b, 0x30, 0x6d, 0x1b, 0x5b, 0x33, 0x38, 0x3b, 0x32, 0x3b, 
    0x31, 0x30, 0x32, 0x3b, 0x31, 0x30, 0x32, 0x3b, 0x31, 0x30, 0x32, 0x6d, 0x3a, 0x1b, 0x5b, 0x30, 
    0x6d, 0x1b, 0x5b, 0x33, 0x38, 0x3b, 0x32, 0x3b, 0x32, 0x30, 0x34, 0x3b, 0x32, 0x30, 0x34, 0x3b, 
    0x32, 0x30, 0x34, 0x6d, 0x4b, 0x1b, 0x5b, 0x30, 0x6d, 0x1b, 0x5b, 0x33, 0x38, 0x3b, 0x32, 0x3b, 
    0x32, 0x30, 0x34, 0x3b, 0x32, 0x30, 0x34, 0x3b, 0x32, 0x30, 0x34, 0x6d, 0x4b, 0x1b, 0x5b, 0x30, 
    0x6d, 0x1b, 0x5b, 0x33, 0x38, 0x3b, 0x32, 0x3b, 0x32, 0x30, 0x34, 0x3b, 0x32, 0x30, 0x34, 0x3b, 
    0x32, 0x30, 0x34, 0x6d, 0x4b, 0x1b, 0x5b, 0x30, 0x6d, 0x1b, 0x5b, 0x33, 0x38, 0x3b, 0x32, 0x3b, 
    0x32, 0x30, 0x34, 0x3b, 0x32, 0x30, 0x34, 0x3b, 0x32, 0x30, 0x34, 0x6d, 0x4b, 0x1b, 0x5b, 0x30, 
    0x6d, 0x1b, 0x5b, 0x33, 0x38, 0x3b, 0x32, 0x3b, 0x32, 0x30, 0x34, 0x3b, 0x32, 0x30, 0x34, 0x3b, 
    0x32, 0x30, 0x34, 0x6d, 0x4b, 0x1b, 0x5b, 0x30, 0x6d, 0x1b, 0x5b, 0x33, 0x38, 0x3b, 0x32, 0x3b, 
    0x32, 0x30, 0x34, 0x3b, 0x32, 0x30, 0x34, 0x3b, 0x32, 0x30, 0x34, 0x6d, 0x4b, 0x1b, 0x5b, 0x30, 
    0x6d, 0x1b, 0x5b, 0x33, 0x38, 0x3b, 0x32, 0x3b, 0x30, 0x3b, 0x30, 0x3b, 0x30, 0x6d, 0x20, 0x1b, 
    0x5b, 0x30, 0x6d, 0x1b, 0x5b, 0x33, 0x38, 0x3b, 0x32, 0x3b, 0x30, 0x3b, 0x30, 0x3b, 0x30, 0x6d, 
    0x20, 0x1b, 0x5b, 0x30, 0x6d, 0x1b, 0x5b, 0x33, 0x38, 0x3b, 0x32, 0x3b, 0x31, 0x30, 0x32, 0x3b, 
    0x31, 0x30, 0x32, 0x3b, 0x31, 0x30, 0x32, 0x6d, 0x3a, 0x1b, 0x5b, 0x30, 0x6d, 0x1b, 0x5b, 0x33, 
    0x38, 0x3b, 0x32, 0x3b, 0x32, 0x30, 0x34, 0x3b, 0x32, 0x30, 0x34, 0x3b, 0x32, 0x30, 0x34, 0x6d, 
    0x4b, 0x1b, 0x5b, 0x30, 0x6d, 0x1b, 0x5b, 0x33, 0x38, 0x3b, 0x32, 0x3b, 0x32, 0x30, 0x34, 0x3b, 
    0x32, 0x30, 0x34, 0x3b, 0x32, 0x30, 0x34, 0x6d, 0x4b, 0x1b, 0x5b, 0x30, 0x6d, 0x1b, 0x5b, 0x33, 
    0x38, 0x3b, 0x32, 0x3b, 0x32, 0x35, 0x35, 0x3b, 0x32, 0x35, 0x35, 0x3b, 0x32, 0x35, 0x35, 0x6d, 
    0x4d, 0x1b, 0x5b, 0x30, 0x6d, 0x1b, 0x5b, 0x33, 0x38, 0x3b, 0x32, 0x3b, 0x32, 0x35, 0x35, 0x3b, 
    0x32, 0x35, 0x35, 0x3b, 0x32, 0x35, 0x35, 0x6d, 0x4d, 0x1b, 0x5b, 0x30, 0x6d, 0x1b, 0x5b, 0x33, 
    0x38, 0x3b, 0x32, 0x3b, 0x32, 0x35, 0x35, 0x3b, 0x32, 0x35, 0x35, 0x3b, 0x32, 0x35, 0x35, 0x6d, 
    0x4d, 0x1b, 0x5b, 0x30, 0x6d, 0x1b, 0x5b, 0x33, 0x38, 0x3b, 0x32, 0x3b, 0x32, 0x35, 0x35, 0x3b, 
    0x32, 0x35, 0x35, 0x3b, 0x32, 0x35, 0x35, 0x6d, 0x4d, 0x1b, 0x5b, 0x30, 0x6d, 0x1b, 0x5b, 0x33, 
    0x38, 0x3b, 0x32, 0x3b, 0x31, 0x35, 0x33, 0x3b, 0x31, 0x35, 0x33, 0x3b, 0x31, 0x35, 0x33, 0x6d, 
    0x64, 0x1b, 0x5b, 0x30, 0x6d, 0x1b, 0x5b, 0x33, 0x38, 0x3b, 0x32, 0x3b, 0x35, 0x31, 0x3b, 0x35, 
    0x31, 0x3b, 0x35, 0x31, 0x6d, 0x2e, 0x1b, 0x5b, 0x30, 0x6d, 0x1b, 0x5b, 0x33, 0x38, 0x3b, 0x32, 
    0x3b, 0x35, 0x31, 0x3b, 0x35, 0x31, 0x3b, 0x35, 0x31, 0x6d, 0x2e, 0x1b, 0x5b, 0x30, 0x6d, 0x1b, 
    0x5b, 0x33, 0x38, 0x3b, 0x32, 0x3b, 0x35, 0x31, 0x3b, 0x35, 0x31, 0x3b, 0x35, 0x31, 0x6d, 0x2e, 
    0x1b, 0x5b, 0x30, 0x6d, 0x1b, 0x5b, 0x33, 0x38, 0x3b, 0x32, 0x3b, 0x35, 0x31, 0x3b, 0x35, 0x31, 
    0x3b, 0x35, 0x31, 0x6d, 0x2e, 0x1b, 0x5b, 0x30, 0x6d, 0x1b, 0x5b, 0x33, 0x38, 0x3b, 0x32, 0x3b, 
    0x35, 0x31, 0x3b, 0x35, 0x31, 0x3b, 0x35, 0x31, 0x6d, 0x2e, 0x1b, 0x5b, 0x30, 0x6d, 0x1b, 0x5b, 
    0x33, 0x38, 0x3b, 0x32, 0x3b, 0x35, 0x31, 0x3b, 0x35, 0x31, 0x3b, 0x35, 0x31, 0x6d, 0x2e, 0x1b, 
    0x5b, 0x30, 0x6d, 0x1b, 0x5b, 0x33, 0x38, 0x3b, 0x32, 0x3b, 0x30, 0x3b, 0x30, 0x3b, 0x30, 0x6d, 
    0x20, 0x1b, 0x5b, 0x30, 0x6d, 0x1b, 0x5b, 0x33, 0x38, 0x3b, 0x32, 0x3b, 0x30, 0x3b, 0x30, 0x3b, 
    0x30, 0x6d, 0x20, 0x1b, 0x5b, 0x30, 0x6d, 0x1b, 0x5b, 0x33, 0x38, 0x3b, 0x32, 0x3b, 0x31, 0x30, 
    0x32, 0x3b, 0x31, 0x30, 0x32, 0x3b, 0x31, 0x30, 0x32, 0x6d, 0x3a, 0x1b, 0x5b, 0x30, 0x6d, 0x1b, 
    0x5b, 0x33, 0x38, 0x3b, 0x32, 0x3b, 0x32, 0x30, 0x34, 0x3b, 0x32, 0x30, 0x34, 0x3b, 0x32, 0x30, 
    0x34, 0x6d, 0x4b, 0x1b, 0x5b, 0x30, 0x6d, 0x1b, 0x5b, 0x33, 0x38, 0x3b, 0x32, 0x3b, 0x32, 0x30, 
    0x34, 0x3b, 0x32, 0x30, 0x34, 0x3b, 0x32, 0x30, 0x34, 0x6d, 0x4b, 0x1b, 0x5b, 0x30, 0x6d, 0x1b, 
    0x5b, 0x33, 0x38, 0x3b, 0x32, 0x3b, 0x30, 0x3b, 0x30, 0x3b, 0x30, 0x6d, 0x20, 0x1b, 0x5b, 0x30, 
    0x6d, 0x1b, 0x5b, 0x33, 0x38, 0x3b, 0x32, 0x3b, 0x30, 0x3b, 0x30, 0x3b, 0x30, 0x6d, 0x20, 0x1b, 
    0x5b, 0x30, 0x6d, 0x1b, 0x5b, 0x33, 0x38, 0x3b, 0x32, 0x3b, 0x35, 0x31, 0x3b, 0x35, 0x31, 0x3b, 
    0x35, 0x31, 0x6d, 0x2e, 0x1b, 0x5b, 0x30, 0x6d, 0x1b, 0x5b, 0x33, 0x38, 0x3b, 0x32, 0x3b, 0x35, 
    0x31, 0x3b, 0x35, 0x31, 0x3b, 0x35, 0x31, 0x6d, 0x2e, 0x1b, 0x5b, 0x30, 0x6d, 0x1b, 0x5b, 0x33, 
    0x38, 0x3b, 0x32, 0x3b, 0x32, 0x36, 0x3b, 0x32, 0x36, 0x3b, 0x32, 0x36, 0x6d, 0x20, 0x1b, 0x5b, 
    0x30, 0x6d, 0x1b, 0x5b, 0x33, 0x38, 0x3b, 0x32, 0x3b, 0x30, 0x3b, 0x30, 0x3b, 0x30, 0x6d, 0x20, 
    0x1b, 0x5b, 0x30, 0x6d, 0x1b, 0x5b, 0x33, 0x38, 0x3b, 0x32, 0x3b, 0x30, 0x3b, 0x30, 0x3b, 0x30, 
    0x6d, 0x20, 0x1b, 0x5b, 0x30, 0x6d, 0x1b, 0x5b, 0x33, 0x38, 0x3b, 0x32, 0x3b, 0x30, 0x3b, 0x30, 
    0x3b, 0x30, 0x6d, 0x20, 0x1b, 0x5b, 0x30, 0x6d, 0x1b, 0x5b, 0x33, 0x38, 0x3b, 0x32, 0x3b, 0x30, 
    0x3b, 0x30, 0x3b, 0x30, 0x6d, 0x20, 0x1b, 0x5b, 0x30, 0x6d, 0x1b, 0x5b, 0x33, 0x38, 0x3b, 0x32, 
    0x3b, 0x30, 0x3b, 0x30, 0x3b, 0x30, 0x6d, 0x20, 0x1b, 0x5b, 0x30, 0x6d, 0x1b, 0x5b, 0x33, 0x38, 
    0x3b, 0x32, 0x3b, 0x30, 0x3b, 0x30, 0x3b, 0x30, 0x6d, 0x20, 0x1b, 0x5b, 0x30, 0x6d, 0x1b, 0x5b, 
    0x33, 0x38, 0x3b, 0x32, 0x3b, 0x30, 0x3b, 0x30, 0x3b, 0x30, 0x6d, 0x20, 0x1b, 0x5b, 0x30, 0x6d, 
    0x1b, 0x5b, 0x33, 0x38, 0x3b, 0x32, 0x3b, 0x30, 0x3b, 0x30, 0x3b, 0x30, 0x6d, 0x20, 0x1b, 0x5b, 
    0x30, 0x6d, 0x1b, 0x5b, 0x33, 0x38, 0x3b, 0x32, 0x3b, 0x30, 0x3b, 0x30, 0x3b, 0x30, 0x6d, 0x20, 
    0x1b, 0x5b, 0x30, 0x6d, 0x1b, 0x5b, 0x33, 0x38, 0x3b, 0x32, 0x3b, 0x30, 0x3b, 0x30, 0x3b, 0x30, 
    0x6d, 0x20, 0x1b, 0x5b, 0x30, 0x6d, 0x1b, 0x5b, 0x33, 0x38, 0x3b, 0x32, 0x3b, 0x30, 0x3b, 0x30, 
    0x3b, 0x30, 0x6d, 0x20, 0x1b, 0x5b, 0x30, 0x6d, 0x1b, 0x5b, 0x33, 0x38, 0x3b, 0x32, 0x3b, 0x30, 
    0x3b, 0x30, 0x3b, 0x30, 0x6d, 0x20, 0x1b, 0x5b, 0x30, 0x6d, 0x1b, 0x5b, 0x33, 0x38, 0x3b, 0x32, 
    0x3b, 0x30, 0x3b, 0x30, 0x3b, 0x30, 0x6d, 0x20, 0x1b, 0x5b, 0x30, 0x6d, 0x1b, 0x5b, 0x33, 0x38, 
    0x3b, 0x32, 0x3b, 0x32, 0x30, 0x34, 0x3b, 0x32, 0x30, 0x34, 0x3b, 0x32, 0x30, 0x34, 0x6d, 0x4b, 
    0x1b, 0x5b, 0x30, 0x6d, 0x1b, 0x5b, 0x33, 0x38, 0x3b, 0x32, 0x3b, 0x32, 0x30, 0x34, 0x3b, 0x32, 
    0x30, 0x34, 0x3b, 0x32, 0x30, 0x34, 0x6d, 0x4b, 0x1b, 0x5b, 0x30, 0x6d, 0x1b, 0x5b, 0x33, 0x38, 
    0x3b, 0x32, 0x3b, 0x32, 0x33, 0x30, 0x3b, 0x32, 0x33, 0x30, 0x3b, 0x32, 0x33, 0x30, 0x6d, 0x4e, 
    0x1b, 0x5b, 0x30, 0x6d, 0x1b, 0x5b, 0x33, 0x38, 0x3b, 0x32, 0x3b, 0x32, 0x35, 0x35, 0x3b, 0x32, 
    0x35, 0x35, 0x3b, 0x32, 0x35, 0x35, 0x6d, 0x4d, 0x1b, 0x5b, 0x30, 0x6d, 0x1b, 0x5b, 0x33, 0x38, 
    0x3b, 0x32, 0x3b, 0x32, 0x35, 0x35, 0x3b, 0x32, 0x35, 0x35, 0x3b, 0x32, 0x35, 0x35, 0x6d, 0x4d, 
    0x1b, 0x5b, 0x30, 0x6d, 0x1b, 0x5b, 0x33, 0x38, 0x3b, 0x32, 0x3b, 0x32, 0x35, 0x35, 0x3b, 0x32, 
    0x35, 0x35, 0x3b, 0x32, 0x35, 0x35, 0x6d, 0x4d, 0x1b, 0x5b, 0x30, 0x6d, 0x1b, 0x5b, 0x33, 0x38, 
    0x3b, 0x32, 0x3b, 0x32, 0x35, 0x35, 0x3b, 0x32, 0x35, 0x35, 0x3b, 0x32, 0x35, 0x35, 0x6d, 0x4d, 
    0x1b, 0x5b, 0x30, 0x6d, 0x1b, 0x5b, 0x33, 0x38, 0x3b, 0x32, 0x3b, 0x32, 0x35, 0x35, 0x3b, 0x32, 
    0x35, 0x35, 0x3b, 0x32, 0x35, 0x35, 0x6d, 0x4d, 0x1b, 0x5b, 0x30, 0x6d, 0x1b, 0x5b, 0x33, 0x38, 
    0x3b, 0x32, 0x3b, 0x32, 0x35, 0x35, 0x3b, 0x32, 0x35, 0x35, 0x3b, 0x32, 0x35, 0x35, 0x6d, 0x4d, 
    0x1b, 0x5b, 0x30, 0x6d, 0x1b, 0x5b, 0x33, 0x38, 0x3b, 0x32, 0x3b, 0x32, 0x35, 0x35, 0x3b, 0x32, 
    0x35, 0x35, 0x3b, 0x32, 0x35, 0x35, 0x6d, 0x4d, 0x1b, 0x5b, 0x30, 0x6d, 0x1b, 0x5b, 0x33, 0x38, 
    0x3b, 0x32, 0x3b, 0x32, 0x35, 0x35, 0x3b, 0x32, 0x35, 0x35, 0x3b, 0x32, 0x35, 0x35, 0x6d, 0x4d, 
    0x1b, 0x5b, 0x30, 0x6d, 0x0a, 0x1b, 0x5b, 0x30, 0x6d, 0x1b, 0x5b, 0x33, 0x38, 0x3b, 0x32, 0x3b, 
    0x32, 0x35, 0x35, 0x3b, 0x32, 0x35, 0x35, 0x3b, 0x32, 0x35, 0x35, 0x6d, 0x4d, 0x1b, 0x5b, 0x30, 
    0x6d, 0x1b, 0x5b, 0x33, 0x38, 0x3b, 0x32, 0x3b, 0x32, 0x35, 0x35, 0x3b, 0x32, 0x35, 0x35, 0x3b, 
    0x32, 0x35, 0x35, 0x6d, 0x4d, 0x1b, 0x5b, 0x30, 0x6d, 0x1b, 0x5b, 0x33, 0x38, 0x3b, 0x32, 0x3b, 
    0x32, 0x35, 0x35, 0x3b, 0x32, 0x35, 0x35, 0x3b, 0x32, 0x35, 0x35, 0x6d, 0x4d, 0x1b, 0x5b, 0x30, 
    0x6d, 0x1b, 0x5b, 0x33, 0x38, 0x3b, 0x32, 0x3b, 0x32, 0x35, 0x35, 0x3b, 0x32, 0x35, 0x35, 0x3b, 
    0x32, 0x35, 0x35, 0x6d, 0x4d, 0x1b, 0x5b, 0x30, 0x6d, 0x1b, 0x5b, 0x33, 0x38, 0x3b, 0x32, 0x3b, 
    0x32, 0x35, 0x35, 0x3b, 0x32, 0x35, 0x35, 0x3b, 0x32, 0x35, 0x35, 0x6d, 0x4d, 0x1b, 0x5b, 0x30, 
    0x6d, 0x1b, 0x5b, 0x33, 0x38, 0x3b, 0x32, 0x3b, 0x32, 0x35, 0x35, 0x3b, 0x32, 0x35, 0x35, 0x3b, 
    0x32, 0x35, 0x35, 0x6d, 0x4d, 0x1b, 0x5b, 0x30, 0x6d, 0x1b, 0x5b, 0x33, 0x38, 0x3b, 0x32, 0x3b, 
    0x32, 0x35, 0x35, 0x3b, 0x32, 0x35, 0x35, 0x3b, 0x32, 0x35, 0x35, 0x6d, 0x4d, 0x1b, 0x5b, 0x30, 
    0x6d, 0x1b, 0x5b, 0x33, 0x38, 0x3b, 0x32, 0x3b, 0x32, 0x35, 0x35, 0x3b, 0x32, 0x35, 0x35, 0x3b, 
    0x32, 0x35, 0x35, 0x6d, 0x4d, 0x1b, 0x5b, 0x30, 0x6d, 0x1b, 0x5b, 0x33, 0x38, 0x3b, 0x32, 0x3b, 
    0x32, 0x35, 0x35, 0x3b, 0x32, 0x35, 0x35, 0x3b, 0x32, 0x35, 0x35, 0x6d, 0x4d, 0x1b, 0x5b, 0x30, 
    0x6d, 0x1b, 0x5b, 0x33, 0x38, 0x3b, 0x32, 0x3b, 0x32, 0x35, 0x35, 0x3b, 0x32, 0x35, 0x35, 0x3b, 
    0x32, 0x35, 0x35, 0x6d, 0x4d, 0x1b, 0x5b, 0x30, 0x6d, 0x1b, 0x5b, 0x33, 0x38, 0x3b, 0x32, 0x3b, 
    0x32, 0x35, 0x35, 0x3b, 0x32, 0x35, 0x35, 0x3b, 0x32, 0x35, 0x35, 0x6d, 0x4d, 0x1b, 0x5b, 0x30, 
    0x6d, 0x1b, 0x5b, 0x33, 0x38, 0x3b, 0x32, 0x3b, 0x32, 0x32, 0x33, 0x3b, 0x32, 0x32, 0x33, 0x3b, 
    0x32, 0x32, 0x33, 0x6d, 0x58, 0x1b, 0x5b, 0x30, 0x6d, 0x1b, 0x5b, 0x33, 0x38, 0x3b, 0x32, 0x3b, 
    0x31, 0x39, 0x31, 0x3b, 0x31, 0x39, 0x31, 0x3b, 0x31, 0x39, 0x31, 0x6d, 0x30, 0x1b, 0x5b, 0x30, 
    0x6d, 0x1b, 0x5b, 0x33, 0x38, 0x3b, 0x32, 0x3b, 0x32, 0x32, 0x33, 0x3b, 0x32, 0x32, 0x33, 0x3b, 
    0x32, 0x32, 0x33, 0x6d, 0x58, 0x1b, 0x5b, 0x30, 0x6d, 0x1b, 0x5b, 0x33, 0x38, 0x3b, 0x32, 0x3b, 
    0x32, 0x35, 0x35, 0x3b, 0x32, 0x35, 0x35, 0x3b, 0x32, 0x35, 0x35, 0x6d, 0x4d, 0x1b, 0x5b, 0x30, 
    0x6d, 0x1b, 0x5b, 0x33, 0x38, 0x3b, 0x32, 0x3b, 0x32, 0x35, 0x35, 0x3b, 0x32, 0x35, 0x35, 0x3b, 
    0x32, 0x35, 0x35, 0x6d, 0x4d, 0x1b, 0x5b, 0x30, 0x6d, 0x1b, 0x5b, 0x33, 0x38, 0x3b, 0x32, 0x3b, 
    0x31, 0x39, 0x31, 0x3b, 0x31, 0x39, 0x31, 0x3b, 0x31, 0x39, 0x31, 0x6d, 0x30, 0x1b, 0x5b, 0x30, 
    0x6d, 0x1b, 0x5b, 0x33, 0x38, 0x3b, 0x32, 0x3b, 0x31, 0x39, 0x31, 0x3b, 0x31, 0x39, 0x31, 0x3b, 
    0x31, 0x39, 0x31, 0x6d, 0x30, 0x1b, 0x5b, 0x30, 0x6d, 0x1b, 0x5b, 0x33, 0x38, 0x3b, 0x32, 0x3b, 
    0x31, 0x39, 0x31, 0x3b, 0x31, 0x39, 0x31, 0x3b, 0x31, 0x39, 0x31, 0x6d, 0x30, 0x1b, 0x5b, 0x30, 
    0x6d, 0x1b, 0x5b, 0x33, 0x38, 0x3b, 0x32, 0x3b, 0x31, 0x39, 0x31, 0x3b, 0x31, 0x39, 0x31, 0x3b, 
    0x31, 0x39, 0x31, 0x6d, 0x30, 0x1b, 0x5b, 0x30, 0x6d, 0x1b, 0x5b, 0x33, 0x38, 0x3b, 0x32, 0x3b, 
    0x39, 0x36, 0x3b, 0x39, 0x36, 0x3b, 0x39, 0x36, 0x6d, 0x3b, 0x1b, 0x5b, 0x30, 0x6d, 0x1b, 0x5b, 
    0x33, 0x38, 0x3b, 0x32, 0x3b, 0x30, 0x3b, 0x30, 0x3b, 0x30, 0x6d, 0x20, 0x1b, 0x5b, 0x30, 0x6d, 
    0x1b, 0x5b, 0x33, 0x38, 0x3b, 0x32, 0x3b, 0x30, 0x3b, 0x30, 0x3b, 0x30, 0x6d, 0x20, 0x1b, 0x5b, 
    0x30, 0x6d, 0x1b, 0x5b, 0x33, 0x38, 0x3b, 0x32, 0x3b, 0x31, 0x39, 0x31, 0x3b, 0x31, 0x39, 0x31, 
    0x3b, 0x31, 0x39, 0x31, 0x6d, 0x30, 0x1b, 0x5b, 0x30, 0x6d, 0x1b, 0x5b, 0x33, 0x38, 0x3b, 0x32, 
    0x3b, 0x31, 0x39, 0x31, 0x3b, 0x31, 0x39, 0x31, 0x3b, 0x31, 0x39, 0x31, 0x6d, 0x30, 0x1b, 0x5b, 
    0x30, 0x6d, 0x1b, 0x5b, 0x33, 0x38, 0x3b, 0x32, 0x3b, 0x36, 0x34, 0x3b, 0x36, 0x34, 0x3b, 0x36, 
    0x34, 0x6d, 0x27, 0x1b, 0x5b, 0x30, 0x6d, 0x1b, 0x5b, 0x33, 0x38, 0x3b, 0x32, 0x3b, 0x36, 0x34, 
    0x3b, 0x36, 0x34, 0x3b, 0x36, 0x34, 0x6d, 0x27, 0x1b, 0x5b, 0x30, 0x6d, 0x1b, 0x5b, 0x33, 0x38, 
    0x3b, 0x32, 0x3b, 0x36, 0x34, 0x3b, 0x36, 0x34, 0x3b, 0x36, 0x34, 0x6d, 0x27, 0x1b, 0x5b, 0x30, 
    0x6d, 0x1b, 0x5b, 0x33, 0x38, 0x3b, 0x32, 0x3b, 0x36, 0x34, 0x3b, 0x36, 0x34, 0x3b, 0x36, 0x34, 
    0x6d, 0x27, 0x1b, 0x5b, 0x30, 0x6d, 0x1b, 0x5b, 0x33, 0x38, 0x3b, 0x32, 0x3b, 0x36, 0x34, 0x3b, 
    0x36, 0x34, 0x3b, 0x36, 0x34, 0x6d, 0x27, 0x1b, 0x5b, 0x30, 0x6d, 0x1b, 0x5b, 0x33, 0x38, 0x3b, 
    0x32, 0x3b, 0x36, 0x34, 0x3b, 0x36, 0x34, 0x3b, 0x36, 0x34, 0x6d, 0x27, 0x1b, 0x5b, 0x30, 0x6d, 
    0x1b, 0x5b, 0x33, 0x38, 0x3b, 0x32, 0x3b, 0x36, 0x34, 0x3b, 0x36, 0x34, 0x3b, 0x36, 0x34, 0x6d, 
    0x27, 0x1b, 0x5b, 0x30, 0x6d, 0x1b, 0x5b, 0x33, 0x38, 0x3b, 0x32, 0x3b, 0x36, 0x34, 0x3b, 0x36, 
    0x34, 0x3b, 0x36, 0x34, 0x6d, 0x27, 0x1b, 0x5b, 0x30, 0x6d, 0x1b, 0x5b, 0x33, 0x38, 0x3b, 0x32, 
    0x3b, 0x36, 0x34, 0x3b, 0x36, 0x34, 0x3b, 0x36, 0x34, 0x6d, 0x27, 0x1b, 0x5b, 0x30, 0x6d, 0x1b, 
    0x5b, 0x33, 0x38, 0x3b, 0x32, 0x3b, 0x36, 0x34, 0x3b, 0x36, 0x34, 0x3b, 0x36, 0x34, 0x6d, 0x27, 
    0x1b, 0x5b, 0x30, 0x6d, 0x1b, 0x5b, 0x33, 0x38, 0x3b, 0x32, 0x3b, 0x36, 0x34, 0x3b, 0x36, 0x34, 
    0x3b, 0x36, 0x34, 0x6d, 0x27, 0x1b, 0x5b, 0x30, 0x6d, 0x1b, 0x5b, 0x33, 0x38, 0x3b, 0x32, 0x3b, 
    0x33, 0x32, 0x3b, 0x33, 0x32, 0x3b, 0x33, 0x32, 0x6d, 0x2e, 0x1b, 0x5b, 0x30, 0x6d, 0x1b, 0x5b, 
    0x33, 0x38, 0x3b, 0x32, 0x3b, 0x30, 0x3b, 0x30, 0x3b, 0x30, 0x6d, 0x20, 0x1b, 0x5b, 0x30, 0x6d, 
    0x1b, 0x5b, 0x33, 0x38, 0x3b, 0x32, 0x3b, 0x30, 0x3b, 0x30, 0x3b, 0x30, 0x6d, 0x20, 0x1b, 0x5b, 
    0x30, 0x6d, 0x1b, 0x5b, 0x33, 0x38, 0x3b, 0x32, 0x3b, 0x30, 0x3b, 0x30, 0x3b, 0x30, 0x6d, 0x20, 
    0x1b, 0x5b, 0x30, 0x6d, 0x1b, 0x5b, 0x33, 0x38, 0x3b, 0x32, 0x3b, 0x30, 0x3b, 0x30, 0x3b, 0x30, 
    0x6d, 0x20, 0x1b, 0x5b, 0x30, 0x6d, 0x1b, 0x5b, 0x33, 0x38, 0x3b, 0x32, 0x3b, 0x30, 0x3b, 0x30, 
    0x3b, 0x30, 0x6d, 0x20, 0x1b, 0x5b, 0x30, 0x6d, 0x1b, 0x5b, 0x33, 0x38, 0x3b, 0x32, 0x3b, 0x30, 
    0x3b, 0x30, 0x3b, 0x30, 0x6d, 0x20, 0x1b, 0x5b, 0x30, 0x6d, 0x1b, 0x5b, 0x33, 0x38, 0x3b, 0x32, 
    0x3b, 0x33, 0x32, 0x3b, 0x33, 0x32, 0x3b, 0x33, 0x32, 0x6d, 0x2e, 0x1b, 0x5b, 0x30, 0x6d, 0x1b, 
    0x5b, 0x33, 0x38, 0x3b, 0x32, 0x3b, 0x36, 0x34, 0x3b, 0x36, 0x34, 0x3b, 0x36, 0x34, 0x6d, 0x27, 
    0x1b, 0x5b, 0x30, 0x6d, 0x1b, 0x5b, 0x33, 0x38, 0x3b, 0x32, 0x3b, 0x31, 0x35, 0x39, 0x3b, 0x31, 
    0x35, 0x39, 0x3b, 0x31, 0x35, 0x39, 0x6d, 0x78, 0x1b, 0x5b, 0x30, 0x6d, 0x1b, 0x5b, 0x33, 0x38, 
    0x3b, 0x32, 0x3b, 0x32, 0x35, 0x35, 0x3b, 0x32, 0x35, 0x35, 0x3b, 0x32, 0x35, 0x35, 0x6d, 0x4d, 
    0x1b, 0x5b, 0x30, 0x6d, 0x1b, 0x5b, 0x33, 0x38, 0x3b, 0x32, 0x3b, 0x32, 0x35, 0x35, 0x3b, 0x32, 
    0x35, 0x35, 0x3b, 0x32, 0x35, 0x35, 0x6d, 0x4d, 0x1b, 0x5b, 0x30, 0x6d, 0x1b, 0x5b, 0x33, 0x38, 
    0x3b, 0x32, 0x3b, 0x32, 0x35, 0x35, 0x3b, 0x32, 0x35, 0x35, 0x3b, 0x32, 0x35, 0x35, 0x6d, 0x4d, 
    0x1b, 0x5b, 0x30, 0x6d, 0x1b, 0x5b, 0x33, 0x38, 0x3b, 0x32, 0x3b, 0x32, 0x35, 0x35, 0x3b, 0x32, 
    0x35, 0x35, 0x3b, 0x32, 0x35, 0x35, 0x6d, 0x4d, 0x1b, 0x5b, 0x30, 0x6d, 0x1b, 0x5b, 0x33, 0x38, 
    0x3b, 0x32, 0x3b, 0x30, 0x3b, 0x30, 0x3b, 0x30, 0x6d, 0x20, 0x1b, 0x5b, 0x30, 0x6d, 0x1b, 0x5b, 
    0x33, 0x38, 0x3b, 0x32, 0x3b, 0x30, 0x3b, 0x30, 0x3b, 0x30, 0x6d, 0x20, 0x1b, 0x5b, 0x30, 0x6d, 
    0x1b, 0x5b, 0x33, 0x38, 0x3b, 0x32, 0x3b, 0x33, 0x32, 0x3b, 0x33, 0x32, 0x3b, 0x33, 0x32, 0x6d, 
    0x2e, 0x1b, 0x5b, 0x30, 0x6d, 0x1b, 0x5b, 0x33, 0x38, 0x3b, 0x32, 0x3b, 0x36, 0x34, 0x3b, 0x36, 
    0x34, 0x3b, 0x36, 0x34, 0x6d, 0x27, 0x1b, 0x5b, 0x30, 0x6d, 0x1b, 0x5b, 0x33, 0x38, 0x3b, 0x32, 
    0x3b, 0x36, 0x34, 0x3b, 0x36, 0x34, 0x3b, 0x36, 0x34, 0x6d, 0x27, 0x1b, 0x5b, 0x30, 0x6d, 0x1b, 
    0x5b, 0x33, 0x38, 0x3b, 0x32, 0x3b, 0x36, 0x34, 0x3b, 0x36, 0x34, 0x3b, 0x36, 0x34, 0x6d, 0x27, 
    0x1b, 0x5b, 0x30, 0x6d, 0x1b, 0x5b, 0x33, 0x38, 0x3b, 0x32, 0x3b, 0x36, 0x34, 0x3b, 0x36, 0x34, 
    0x3b, 0x36, 0x34, 0x6d, 0x27, 0x1b, 0x5b, 0x30, 0x6d, 0x1b, 0x5b, 0x33, 0x38, 0x3b, 0x32, 0x3b, 
    0x36, 0x34, 0x3b, 0x36, 0x34, 0x3b, 0x36, 0x34, 0x6d, 0x27, 0x1b, 0x5b, 0x30, 0x6d, 0x1b, 0x5b, 
    0x33, 0x38, 0x3b, 0x32, 0x3b, 0x36, 0x34, 0x3b, 0x36, 0x34, 0x3b, 0x36, 0x34, 0x6d, 0x27, 0x1b, 
    0x5b, 0x30, 0x6d, 0x1b, 0x5b, 0x33, 0x38, 0x3b, 0x32, 0x3b, 0x33, 0x32, 0x3b, 0x33, 0x32, 0x3b, 
    0x33, 0x32, 0x6d, 0x2e, 0x1b, 0x5b, 0x30, 0x6d, 0x1b, 0x5b, 0x33, 0x38, 0x3b, 0x32, 0x3b, 0x30, 
    0x3b, 0x30, 0x3b, 0x30, 0x6d, 0x20, 0x1b, 0x5b, 0x30, 0x6d, 0x1b, 0x5b, 0x33, 0x38, 0x3b, 0x32, 
    0x3b, 0x39, 0x36, 0x3b, 0x39, 0x36, 0x3b, 0x39, 0x36, 0x6d, 0x3b, 0x1b, 0x5b, 0x30, 0x6d, 0x1b, 
    0x5b, 0x33, 0x38, 0x3b, 0x32, 0x3b, 0x31, 0x39, 0x31, 0x3b, 0x31, 0x39, 0x31, 0x3b, 0x31, 0x39, 
    0x31, 0x6d, 0x30, 0x1b, 0x5b, 0x30, 0x6d, 0x1b, 0x5b, 0x33, 0x38, 0x3b, 0x32, 0x3b, 0x31, 0x39, 
    0x31, 0x3b, 0x31, 0x39, 0x31, 0x3b, 0x31, 0x39, 0x31, 0x6d, 0x30, 0x1b, 0x5b, 0x30, 0x6d, 0x1b, 
    0x5b, 0x33, 0x38, 0x3b, 0x32, 0x3b, 0x31, 0x39, 0x31, 0x3b, 0x31, 0x39, 0x31, 0x3b, 0x31, 0x39, 
    0x31, 0x6d, 0x30, 0x1b, 0x5b, 0x30, 0x6d, 0x1b, 0x5b, 0x33, 0x38, 0x3b, 0x32, 0x3b, 0x31, 0x39, 
    0x31, 0x3b, 0x31, 0x39, 0x31, 0x3b, 0x31, 0x39, 0x31, 0x6d, 0x30, 0x1b, 0x5b, 0x30, 0x6d, 0x1b, 
    0x5b, 0x33, 0x38, 0x3b, 0x32, 0x3b, 0x30, 0x3b, 0x30, 0x3b, 0x30, 0x6d, 0x20, 0x1b, 0x5b, 0x30, 
    0x6d, 0x1b, 0x5b, 0x33, 0x38, 0x3b, 0x32, 0x3b, 0x30, 0x3b, 0x30, 0x3b, 0x30, 0x6d, 0x20, 0x1b, 
    0x5b, 0x30, 0x6d, 0x1b, 0x5b, 0x33, 0x38, 0x3b, 0x32, 0x3b, 0x31, 0x32, 0x38, 0x3b, 0x31, 0x32, 
    0x38, 0x3b, 0x31, 0x32, 0x38, 0x6d, 0x6c, 0x1b, 0x5b, 0x30, 0x6d, 0x1b, 0x5b, 0x33, 0x38, 0x3b, 
    0x32, 0x3b, 0x32, 0x35, 0x35, 0x3b, 0x32, 0x35, 0x35, 0x3b, 0x32, 0x35, 0x35, 0x6d, 0x4d, 0x1b, 
    0x5b, 0x30, 0x6d, 0x1b, 0x5b, 0x33, 0x38, 0x3b, 0x32, 0x3b, 0x32, 0x35, 0x35, 0x3b, 0x32, 0x35, 
    0x35, 0x3b, 0x32, 0x35, 0x35, 0x6d, 0x4d, 0x1b, 0x5b, 0x30, 0x6d, 0x1b, 0x5b, 0x33, 0x38, 0x3b, 
    0x32, 0x3b, 0x31, 0x39, 0x31, 0x3b, 0x31, 0x39, 0x31, 0x3b, 0x31, 0x39, 0x31, 0x6d, 0x30, 0x1b, 
    0x5b, 0x30, 0x6d, 0x1b, 0x5b, 0x33, 0x38, 0x3b, 0x32, 0x3b, 0x31, 0x39, 0x31, 0x3b, 0x31, 0x39, 
    0x31, 0x3b, 0x31, 0x39, 0x31, 0x6d, 0x30, 0x1b, 0x5b, 0x30, 0x6d, 0x1b, 0x5b, 0x33, 0x38, 0x3b, 
    0x32, 0x3b, 0x30, 0x3b, 0x30, 0x3b, 0x30, 0x6d, 0x20, 0x1b, 0x5b, 0x30, 0x6d, 0x1b, 0x5b, 0x33, 
    0x38, 0x3b, 0x32, 0x3b, 0x30, 0x3b, 0x30, 0x3b, 0x30, 0x6d, 0x20, 0x1b, 0x5b, 0x30, 0x6d, 0x1b, 
    0x5b, 0x33, 0x38, 0x3b, 0x32, 0x3b, 0x30, 0x3b, 0x30, 0x3b, 0x30, 0x6d, 0x20, 0x1b, 0x5b, 0x30, 
    0x6d, 0x1b, 0x5b, 0x33, 0x38, 0x3b, 0x32, 0x3b, 0x30, 0x3b, 0x30, 0x3b, 0x30, 0x6d, 0x20, 0x1b, 
    0x5b, 0x30, 0x6d, 0x1b, 0x5b, 0x33, 0x38, 0x3b, 0x32, 0x3b, 0x30, 0x3b, 0x30, 0x3b, 0x30, 0x6d, 
    0x20, 0x1b, 0x5b, 0x30, 0x6d, 0x1b, 0x5b, 0x33, 0x38, 0x3b, 0x32, 0x3b, 0x30, 0x3b, 0x30, 0x3b, 
    0x30, 0x6d, 0x20, 0x1b, 0x5b, 0x30, 0x6d, 0x1b, 0x5b, 0x33, 0x38, 0x3b, 0x32, 0x3b, 0x30, 0x3b, 
    0x30, 0x3b, 0x30, 0x6d, 0x20, 0x1b, 0x5b, 0x30, 0x6d, 0x1b, 0x5b, 0x33, 0x38, 0x3b, 0x32, 0x3b, 
    0x30, 0x3b, 0x30, 0x3b, 0x30, 0x6d, 0x20, 0x1b, 0x5b, 0x30, 0x6d, 0x1b, 0x5b, 0x33, 0x38, 0x3b, 
    0x32, 0x3b, 0x30, 0x3b, 0x30, 0x3b, 0x30, 0x6d, 0x20, 0x1b, 0x5b, 0x30, 0x6d, 0x1b, 0x5b, 0x33, 
    0x38, 0x3b, 0x32, 0x3b, 0x30, 0x3b, 0x30, 0x3b, 0x30, 0x6d, 0x20, 0x1b, 0x5b, 0x30, 0x6d, 0x1b, 
    0x5b, 0x33, 0x38, 0x3b, 0x32, 0x3b, 0x30, 0x3b, 0x30, 0x3b, 0x30, 0x6d, 0x20, 0x1b, 0x5b, 0x30, 
    0x6d, 0x1b, 0x5b, 0x33, 0x38, 0x3b, 0x32, 0x3b, 0x30, 0x3b, 0x30, 0x3b, 0x30, 0x6d, 0x20, 0x1b, 
    0x5b, 0x30, 0x6d, 0x1b, 0x5b, 0x33, 0x38, 0x3b, 0x32, 0x3b, 0x30, 0x3b, 0x30, 0x3b, 0x30, 0x6d, 
    0x20, 0x1b, 0x5b, 0x30, 0x6d, 0x1b, 0x5b, 0x33, 0x38, 0x3b, 0x32, 0x3b, 0x30, 0x3b, 0x30, 0x3b, 
    0x30, 0x6d, 0x20, 0x1b, 0x5b, 0x30, 0x6d, 0x1b, 0x5b, 0x33, 0x38, 0x3b, 0x32, 0x3b, 0x31, 0x39, 
    0x31, 0x3b, 0x31, 0x39, 0x31, 0x3b, 0x31, 0x39, 0x31, 0x6d, 0x30, 0x1b, 0x5b, 0x30, 0x6d, 0x1b, 
    0x5b, 0x33, 0x38, 0x3b, 0x32, 0x3b, 0x31, 0x39, 0x31, 0x3b, 0x31, 0x39, 0x31, 0x3b, 0x31, 0x39, 
    0x31, 0x6d, 0x30, 0x1b, 0x5b, 0x30, 0x6d, 0x1b, 0x5b, 0x33, 0x38, 0x3b, 0x32, 0x3b, 0x32, 0x35, 
    0x35, 0x3b, 0x32, 0x35, 0x35, 0x3b, 0x32, 0x35, 0x35, 0x6d, 0x4d, 0x1b, 0x5b, 0x30, 0x6d, 0x1b, 
    0x5b, 0x33, 0x38, 0x3b, 0x32, 0x3b, 0x32, 0x35, 0x35, 0x3b, 0x32, 0x35, 0x35, 0x3b, 0x32, 0x35, 
    0x35, 0x6d, 0x4d, 0x1b, 0x5b, 0x30, 0x6d, 0x1b, 0x5b, 0x33, 0x38, 0x3b, 0x32, 0x3b, 0x32, 0x35, 
    0x35, 0x3b, 0x32, 0x35, 0x35, 0x3b, 0x32, 0x35, 0x35, 0x6d, 0x4d, 0x1b, 0x5b, 0x30, 0x6d, 0x1b, 
    0x5b, 0x33, 0x38, 0x3b, 0x32, 0x3b, 0x32, 0x35, 0x35, 0x3b, 0x32, 0x35, 0x35, 0x3b, 0x32, 0x35, 
    0x35, 0x6d, 0x4d, 0x1b, 0x5b, 0x30, 0x6d, 0x1b, 0x5b, 0x33, 0x38, 0x3b, 0x32, 0x3b, 0x32, 0x35, 
    0x35, 0x3b, 0x32, 0x35, 0x35, 0x3b, 0x32, 0x35, 0x35, 0x6d, 0x4d, 0x1b, 0x5b, 0x30, 0x6d, 0x1b, 
    0x5b, 0x33, 0x38, 0x3b, 0x32, 0x3b, 0x32, 0x35, 0x35, 0x3b, 0x32, 0x35, 0x35, 0x3b, 0x32, 0x35, 
    0x35, 0x6d, 0x4d, 0x1b, 0x5b, 0x30, 0x6d, 0x1b, 0x5b, 0x33, 0x38, 0x3b, 0x32, 0x3b, 0x32, 0x35, 
    0x35, 0x3b, 0x32, 0x35, 0x35, 0x3b, 0x32, 0x35, 0x35, 0x6d, 0x4d, 0x1b, 0x5b, 0x30, 0x6d, 0x1b, 
    0x5b, 0x33, 0x38, 0x3b, 0x32, 0x3b, 0x32, 0x35, 0x35, 0x3b, 0x32, 0x35, 0x35, 0x3b, 0x32, 0x35, 
    0x35, 0x6d, 0x4d, 0x1b, 0x5b, 0x30, 0x6d, 0x1b, 0x5b, 0x33, 0x38, 0x3b, 0x32, 0x3b, 0x32, 0x35, 
    0x35, 0x3b, 0x32, 0x35, 0x35, 0x3b, 0x32, 0x35, 0x35, 0x6d, 0x4d, 0x1b, 0x5b, 0x30, 0x6d, 0x1b, 
    0x5b, 0x33, 0x38, 0x3b, 0x32, 0x3b, 0x32, 0x35, 0x35, 0x3b, 0x32, 0x35, 0x35, 0x3b, 0x32, 0x35, 
    0x35, 0x6d, 0x4d, 0x1b, 0x5b, 0x30, 0x6d, 0x1b, 0x5b, 0x33, 0x38, 0x3b, 0x32, 0x3b, 0x32, 0x35, 
    0x35, 0x3b, 0x32, 0x35, 0x35, 0x3b, 0x32, 0x35, 0x35, 0x6d, 0x4d, 0x1b, 0x5b, 0x30, 0x6d, 0x0a, 
    0x1b, 0x5b, 0x30, 0x6d, 0x1b, 0x5b, 0x33, 0x38, 0x3b, 0x32, 0x3b, 0x32, 0x35, 0x35, 0x3b, 0x32, 
    0x35, 0x35, 0x3b, 0x32, 0x35, 0x35, 0x6d, 0x4d, 0x1b, 0x5b, 0x30, 0x6d, 0x1b, 0x5b, 0x33, 0x38, 
    0x3b, 0x32, 0x3b, 0x32, 0x35, 0x35, 0x3b, 0x32, 0x35, 0x35, 0x3b, 0x32, 0x35, 0x35, 0x6d, 0x4d, 
    0x1b, 0x5b, 0x30, 0x6d, 0x1b, 0x5b, 0x33, 0x38, 0x3b, 0x32, 0x3b, 0x32, 0x35, 0x35, 0x3b, 0x32, 
    0x35, 0x35, 0x3b, 0x32, 0x35, 0x35, 0x6d, 0x4d, 0x1b, 0x5b, 0x30, 0x6d, 0x1b, 0x5b, 0x33, 0x38, 
    0x3b, 0x32, 0x3b, 0x32, 0x35, 0x35, 0x3b, 0x32, 0x35, 0x35, 0x3b, 0x32, 0x35, 0x35, 0x6d, 0x4d, 
    0x1b, 0x5b, 0x30, 0x6d, 0x1b, 0x5b, 0x33, 0x38, 0x3b, 0x32, 0x3b, 0x32, 0x35, 0x35, 0x3b, 0x32, 
    0x35, 0x35, 0x3b, 0x32, 0x35, 0x35, 0x6d, 0x4d, 0x1b, 0x5b, 0x30, 0x6d, 0x1b, 0x5b, 0x33, 0x38, 
    0x3b, 0x32, 0x3b, 0x32, 0x35, 0x35, 0x3b, 0x32, 0x35, 0x35, 0x3b, 0x32, 0x35, 0x35, 0x6d, 0x4d, 
    0x1b, 0x5b, 0x30, 0x6d, 0x1b, 0x5b, 0x33, 0x38, 0x3b, 0x32, 0x3b, 0x32, 0x35, 0x35, 0x3b, 0x32, 
    0x35, 0x35, 0x3b, 0x32, 0x35, 0x35, 0x6d, 0x4d, 0x1b, 0x5b, 0x30, 0x6d, 0x1b, 0x5b, 0x33, 0x38, 
    0x3b, 0x32, 0x3b, 0x32, 0x35, 0x35, 0x3b, 0x32, 0x35, 0x35, 0x3b, 0x32, 0x35, 0x35, 0x6d, 0x4d, 
    0x1b, 0x5b, 0x30, 0x6d, 0x1b, 0x5b, 0x33, 0x38, 0x3b, 0x32, 0x3b, 0x32, 0x35, 0x35, 0x3b, 0x32, 
    0x35, 0x35, 0x3b, 0x32, 0x35, 0x35, 0x6d, 0x4d, 0x1b, 0x5b, 0x30, 0x6d, 0x1b, 0x5b, 0x33, 0x38, 
    0x3b, 0x32, 0x3b, 0x32, 0x35, 0x35, 0x3b, 0x32, 0x35, 0x35, 0x3b, 0x32, 0x35, 0x35, 0x6d, 0x4d, 
    0x1b, 0x5b, 0x30, 0x6d, 0x1b, 0x5b, 0x33, 0x38, 0x3b, 0x32, 0x3b, 0x32, 0x35, 0x35, 0x3b, 0x32, 
    0x35, 0x35, 0x3b, 0x32, 0x35, 0x35, 0x6d, 0x4d, 0x1b, 0x5b, 0x30, 0x6d, 0x1b, 0x5b, 0x33, 0x38, 
    0x3b, 0x32, 0x3b, 0x32, 0x35, 0x35, 0x3b, 0x32, 0x35, 0x35, 0x3b, 0x32, 0x35, 0x35, 0x6d, 0x4d, 
    0x1b, 0x5b, 0x30, 0x6d, 0x1b, 0x5b, 0x33, 0x38, 0x3b, 0x32, 0x3b, 0x32, 0x35, 0x35, 0x3b, 0x32, 
    0x35, 0x35, 0x3b, 0x32, 0x35, 0x35, 0x6d, 0x4d, 0x1b, 0x5b, 0x30, 0x6d, 0x1b, 0x5b, 0x33, 0x38, 
    0x3b, 0x32, 0x3b, 0x32, 0x35, 0x35, 0x3b, 0x32, 0x35, 0x35, 0x3b, 0x32, 0x35, 0x35, 0x6d, 0x4d, 
    0x1b, 0x5b, 0x30, 0x6d, 0x1b, 0x5b, 0x33, 0x38, 0x3b, 0x32, 0x3b, 0x32, 0x35, 0x35, 0x3b, 0x32, 
    0x35, 0x35, 0x3b, 0x32, 0x35, 0x35, 0x6d, 0x4d, 0x1b, 0x5b, 0x30, 0x6d, 0x1b, 0x5b, 0x33, 0x38, 
    0x3b, 0x32, 0x3b, 0x32, 0x35, 0x35, 0x3b, 0x32, 0x35, 0x35, 0x3b, 0x32, 0x35, 0x35, 0x6d, 0x4d, 
    0x1b, 0x5b, 0x30, 0x6d, 0x1b, 0x5b, 0x33, 0x38, 0x3b, 0x32, 0x3b, 0x32, 0x35, 0x35, 0x3b, 0x32, 
    0x35, 0x35, 0x3b, 0x32, 0x35, 0x35, 0x6d, 0x4d, 0x1b, 0x5b, 0x30, 0x6d, 0x1b, 0x5b, 0x33, 0x38, 
    0x3b, 0x32, 0x3b, 0x32, 0x35, 0x35, 0x3b, 0x32, 0x35, 0x35, 0x3b, 0x32, 0x35, 0x35, 0x6d, 0x4d, 
    0x1b, 0x5b, 0x30, 0x6d, 0x1b, 0x5b, 0x33, 0x38, 0x3b, 0x32, 0x3b, 0x32, 0x35, 0x35, 0x3b, 0x32, 
    0x35, 0x35, 0x3b, 0x32, 0x35, 0x35, 0x6d, 0x4d, 0x1b, 0x5b, 0x30, 0x6d, 0x1b, 0x5b, 0x33, 0x38, 
    0x3b, 0x32, 0x3b, 0x32, 0x35, 0x35, 0x3b, 0x32, 0x35, 0x35, 0x3b, 0x32, 0x35, 0x35, 0x6d, 0x4d, 
    0x1b, 0x5b, 0x30, 0x6d, 0x1b, 0x5b, 0x33, 0x38, 0x3b, 0x32, 0x3b, 0x31, 0x32, 0x38, 0x3b, 0x31, 
    0x32, 0x38, 0x3b, 0x31, 0x32, 0x38, 0x6d, 0x6c, 0x1b, 0x5b, 0x30, 0x6d, 0x1b, 0x5b, 0x33, 0x38, 
    0x3b, 0x32, 0x3b, 0x30, 0x3b, 0x30, 0x3b, 0x30, 0x6d, 0x20, 0x1b, 0x5b, 0x30, 0x6d, 0x1b, 0x5b, 
    0x33, 0x38, 0x3b, 0x32, 0x3b, 0x30, 0x3b, 0x30, 0x3b, 0x30, 0x6d, 0x20, 0x1b, 0x5b, 0x30, 0x6d, 
    0x1b, 0x5b, 0x33, 0x38, 0x3b, 0x32, 0x3b, 0x32, 0x35, 0x35, 0x3b, 0x32, 0x35, 0x35, 0x3b, 0x32, 
    0x35, 0x35, 0x6d, 0x4d, 0x1b, 0x5b, 0x30, 0x6d, 0x1b, 0x5b, 0x33, 0x38, 0x3b, 0x32, 0x3b, 0x32, 
    0x35, 0x35, 0x3b, 0x32, 0x35, 0x35, 0x3b, 0x32, 0x35, 0x35, 0x6d, 0x4d, 0x1b, 0x5b, 0x30, 0x6d, 
    0x1b, 0x5b, 0x33, 0x38, 0x3b, 0x32, 0x3b, 0x30, 0x3b, 0x30, 0x3b, 0x30, 0x6d, 0x20, 0x1b, 0x5b, 
    0x30, 0x6d, 0x1b, 0x5b, 0x33, 0x38, 0x3b, 0x32, 0x3b, 0x30, 0x3b, 0x30, 0x3b, 0x30, 0x6d, 0x20, 
    0x1b, 0x5b, 0x30, 0x6d, 0x1b, 0x5b, 0x33, 0x38, 0x3b, 0x32, 0x3b, 0x30, 0x3b, 0x30, 0x3b, 0x30, 
    0x6d, 0x20, 0x1b, 0x5b, 0x30, 0x6d, 0x1b, 0x5b, 0x33, 0x38, 0x3b, 0x32, 0x3b, 0x30, 0x3b, 0x30, 
    0x3b, 0x30, 0x6d, 0x20, 0x1b, 0x5b, 0x30, 0x6d, 0x1b, 0x5b, 0x33, 0x38, 0x3b, 0x32, 0x3b, 0x30, 
    0x3b, 0x30, 0x3b, 0x30, 0x6d, 0x20, 0x1b, 0x5b, 0x30, 0x6d, 0x1b, 0x5b, 0x33, 0x38, 0x3b, 0x32, 
    0x3b, 0x30, 0x3b, 0x30, 0x3b, 0x30, 0x6d, 0x20, 0x1b, 0x5b, 0x30, 0x6d, 0x1b, 0x5b, 0x33, 0x38, 
    0x3b, 0x32, 0x3b, 0x30, 0x3b, 0x30, 0x3b, 0x30, 0x6d, 0x20, 0x1b, 0x5b, 0x30, 0x6d, 0x1b, 0x5b, 
    0x33, 0x38, 0x3b, 0x32, 0x3b, 0x31, 0x35, 0x33, 0x3b, 0x31, 0x35, 0x33, 0x3b, 0x31, 0x35, 0x33, 
    0x6d, 0x64, 0x1b, 0x5b, 0x30, 0x6d, 0x1b, 0x5b, 0x33, 0x38, 0x3b, 0x32, 0x3b, 0x31, 0x35, 0x33, 
    0x3b, 0x31, 0x35, 0x33, 0x3b, 0x31, 0x35, 0x33, 0x6d, 0x64, 0x1b, 0x5b, 0x30, 0x6d, 0x1b, 0x5b, 
    0x33, 0x38, 0x3b, 0x32, 0x3b, 0x30, 0x3b, 0x30, 0x3b, 0x30, 0x6d, 0x20, 0x1b, 0x5b, 0x30, 0x6d, 
    0x1b, 0x5b, 0x33, 0x38, 0x3b, 0x32, 0x3b, 0x30, 0x3b, 0x30, 0x3b, 0x30, 0x6d, 0x20, 0x1b, 0x5b, 
    0x30, 0x6d, 0x1b, 0x5b, 0x33, 0x38, 0x3b, 0x32, 0x3b, 0x37, 0x37, 0x3b, 0x37, 0x37, 0x3b, 0x37, 
    0x37, 0x6d, 0x2c, 0x1b, 0x5b, 0x30, 0x6d, 0x1b, 0x5b, 0x33, 0x38, 0x3b, 0x32, 0x3b, 0x31, 0x35, 
    0x33, 0x3b, 0x31, 0x35, 0x33, 0x3b, 0x31, 0x35, 0x33, 0x6d, 0x64, 0x1b, 0x5b, 0x30, 0x6d, 0x1b, 
    0x5b, 0x33, 0x38, 0x3b, 0x32, 0x3b, 0x31, 0x35, 0x33, 0x3b, 0x31, 0x35, 0x33, 0x3b, 0x31, 0x35, 
    0x33, 0x6d, 0x64, 0x1b, 0x5b, 0x30, 0x6d, 0x1b, 0x5b, 0x33, 0x38, 0x3b, 0x32, 0x3b, 0x31, 0x35, 
    0x33, 0x3b, 0x31, 0x35, 0x33, 0x3b, 0x31, 0x35, 0x33, 0x6d, 0x64, 0x1b, 0x5b, 0x30, 0x6d, 0x1b, 
    0x5b, 0x33, 0x38, 0x3b, 0x32, 0x3b, 0x31, 0x35, 0x33, 0x3b, 0x31, 0x35, 0x33, 0x3b, 0x31, 0x35, 
    0x33, 0x6d, 0x64, 0x1b, 0x5b, 0x30, 0x6d, 0x1b, 0x5b, 0x33, 0x38, 0x3b, 0x32, 0x3b, 0x30, 0x3b, 
    0x30, 0x3b, 0x30, 0x6d, 0x20, 0x1b, 0x5b, 0x30, 0x6d, 0x1b, 0x5b, 0x33, 0x38, 0x3b, 0x32, 0x3b, 
    0x30, 0x3b, 0x30, 0x3b, 0x30, 0x6d, 0x20, 0x1b, 0x5b, 0x30, 0x6d, 0x1b, 0x5b, 0x33, 0x38, 0x3b, 
    0x32, 0x3b, 0x30, 0x3b, 0x30, 0x3b, 0x30, 0x6d, 0x20, 0x1b, 0x5b, 0x30, 0x6d, 0x1b, 0x5b, 0x33, 
    0x38, 0x3b, 0x32, 0x3b, 0x30, 0x3b, 0x30, 0x3b, 0x30, 0x6d, 0x20, 0x1b, 0x5b, 0x30, 0x6d, 0x1b, 
    0x5b, 0x33, 0x38, 0x3b, 0x32, 0x3b, 0x35, 0x31, 0x3b, 0x35, 0x31, 0x3b, 0x35, 0x31, 0x6d, 0x2e, 
    0x1b, 0x5b, 0x30, 0x6d, 0x1b, 0x5b, 0x33, 0x38, 0x3b, 0x32, 0x3b, 0x31, 0x30, 0x32, 0x3b, 0x31, 
    0x30, 0x32, 0x3b, 0x31, 0x30, 0x32, 0x6d, 0x3a, 0x1b, 0x5b, 0x30, 0x6d, 0x1b, 0x5b, 0x33, 0x38, 
    0x3b, 0x32, 0x3b, 0x31, 0x30, 0x32, 0x3b, 0x31, 0x30, 0x32, 0x3b, 0x31, 0x30, 0x32, 0x6d, 0x3a, 
    0x1b, 0x5b, 0x30, 0x6d, 0x1b, 0x5b, 0x33, 0x38, 0x3b, 0x32, 0x3b, 0x31, 0x30, 0x32, 0x3b, 0x31, 
    0x30, 0x32, 0x3b, 0x31, 0x30, 0x32, 0x6d, 0x3a, 0x1b, 0x5b, 0x30, 0x6d, 0x1b, 0x5b, 0x33, 0x38, 
    0x3b, 0x32, 0x3b, 0x31, 0x30, 0x32, 0x3b, 0x31, 0x30, 0x32, 0x3b, 0x31, 0x30, 0x32, 0x6d, 0x3a, 
    0x1b, 0x5b, 0x30, 0x6d, 0x1b, 0x5b, 0x33, 0x38, 0x3b, 0x32, 0x3b, 0x30, 0x3b, 0x30, 0x3b, 0x30, 
    0x6d, 0x20, 0x1b, 0x5b, 0x30, 0x6d, 0x1b, 0x5b, 0x33, 0x38, 0x3b, 0x32, 0x3b, 0x30, 0x3b, 0x30, 
    0x3b, 0x30, 0x6d, 0x20, 0x1b, 0x5b, 0x30, 0x6d, 0x1b, 0x5b, 0x33, 0x38, 0x3b, 0x32, 0x3b, 0x37, 
    0x37, 0x3b, 0x37, 0x37, 0x3b, 0x37, 0x37, 0x6d, 0x2c, 0x1b, 0x5b, 0x30, 0x6d, 0x1b, 0x5b, 0x33, 
    0x38, 0x3b, 0x32, 0x3b, 0x31, 0x35, 0x33, 0x3b, 0x31, 0x35, 0x33, 0x3b, 0x31, 0x35, 0x33, 0x6d, 
    0x64, 0x1b, 0x5b, 0x30, 0x6d, 0x1b, 0x5b, 0x33, 0x38, 0x3b, 0x32, 0x3b, 0x31, 0x35, 0x33, 0x3b, 
    0x31, 0x35, 0x33, 0x3b, 0x31, 0x35, 0x33, 0x6d, 0x64, 0x1b, 0x5b, 0x30, 0x6d, 0x1b, 0x5b, 0x33, 
    0x38, 0x3b, 0x32, 0x3b, 0x31, 0x35, 0x33, 0x3b, 0x31, 0x35, 0x33, 0x3b, 0x31, 0x35, 0x33, 0x6d, 
    0x64, 0x1b, 0x5b, 0x30, 0x6d, 0x1b, 0x5b, 0x33, 0x38, 0x3b, 0x32, 0x3b, 0x31, 0x35, 0x33, 0x3b, 
    0x31, 0x35, 0x33, 0x3b, 0x31, 0x35, 0x33, 0x6d, 0x64, 0x1b, 0x5b, 0x30, 0x6d, 0x1b, 0x5b, 0x33, 
    0x38, 0x3b, 0x32, 0x3b, 0x31, 0x35, 0x33, 0x3b, 0x31, 0x35, 0x33, 0x3b, 0x31, 0x35, 0x33, 0x6d, 
    0x64, 0x1b, 0x5b, 0x30, 0x6d, 0x1b, 0x5b, 0x33, 0x38, 0x3b, 0x32, 0x3b, 0x31, 0x35, 0x33, 0x3b, 
    0x31, 0x35, 0x33, 0x3b, 0x31, 0x35, 0x33, 0x6d, 0x64, 0x1b, 0x5b, 0x30, 0x6d, 0x1b, 0x5b, 0x33, 
    0x38, 0x3b, 0x32, 0x3b, 0x31, 0x35, 0x33, 0x3b, 0x31, 0x35, 0x33, 0x3b, 0x31, 0x35, 0x33, 0x6d, 
    0x64, 0x1b, 0x5b, 0x30, 0x6d, 0x1b, 0x5b, 0x33, 0x38, 0x3b, 0x32, 0x3b, 0x31, 0x35, 0x33, 0x3b, 
    0x31, 0x35, 0x33, 0x3b, 0x31, 0x35, 0x33, 0x6d, 0x64, 0x1b, 0x5b, 0x30, 0x6d, 0x1b, 0x5b, 0x33, 
    0x38, 0x3b, 0x32, 0x3b, 0x32, 0x30, 0x34, 0x3b, 0x32, 0x30, 0x34, 0x3b, 0x32, 0x30, 0x34, 0x6d, 
    0x4b, 0x1b, 0x5b, 0x30, 0x6d, 0x1b, 0x5b, 0x33, 0x38, 0x3b, 0x32, 0x3b, 0x32, 0x35, 0x35, 0x3b, 
    0x32, 0x35, 0x35, 0x3b, 0x32, 0x35, 0x35, 0x6d, 0x4d, 0x1b, 0x5b, 0x30, 0x6d, 0x1b, 0x5b, 0x33, 
    0x38, 0x3b, 0x32, 0x3b, 0x32, 0x35, 0x35, 0x3b, 0x32, 0x35, 0x35, 0x3b, 0x32, 0x35, 0x35, 0x6d, 
    0x4d, 0x1b, 0x5b, 0x30, 0x6d, 0x1b, 0x5b, 0x33, 0x38, 0x3b, 0x32, 0x3b, 0x32, 0x35, 0x35, 0x3b, 
    0x32, 0x35, 0x35, 0x3b, 0x32, 0x35, 0x35, 0x6d, 0x4d, 0x1b, 0x5b, 0x30, 0x6d, 0x1b, 0x5b, 0x33, 
    0x38, 0x3b, 0x32, 0x3b, 0x32, 0x35, 0x35, 0x3b, 0x32, 0x35, 0x35, 0x3b, 0x32, 0x35, 0x35, 0x6d, 
    0x4d, 0x1b, 0x5b, 0x30, 0x6d, 0x1b, 0x5b, 0x33, 0x38, 0x3b, 0x32, 0x3b, 0x30, 0x3b, 0x30, 0x3b, 
    0x30, 0x6d, 0x20, 0x1b, 0x5b, 0x30, 0x6d, 0x1b, 0x5b, 0x33, 0x38, 0x3b, 0x32, 0x3b, 0x30, 0x3b, 
    0x30, 0x3b, 0x30, 0x6d, 0x20, 0x1b, 0x5b, 0x30, 0x6d, 0x1b, 0x5b, 0x33, 0x38, 0x3b, 0x32, 0x3b, 
    0x31, 0x32, 0x38, 0x3b, 0x31, 0x32, 0x38, 0x3b, 0x31, 0x32, 0x38, 0x6d, 0x6c, 0x1b, 0x5b, 0x30, 
    0x6d, 0x1b, 0x5b, 0x33, 0x38, 0x3b, 0x32, 0x3b, 0x32, 0x35, 0x35, 0x3b, 0x32, 0x35, 0x35, 0x3b, 
    0x32, 0x35, 0x35, 0x6d, 0x4d, 0x1b, 0x5b, 0x30, 0x6d, 0x1b, 0x5b, 0x33, 0x38, 0x3b, 0x32, 0x3b, 
    0x32, 0x35, 0x35, 0x3b, 0x32, 0x35, 0x35, 0x3b, 0x32, 0x35, 0x35, 0x6d, 0x4d, 0x1b, 0x5b, 0x30, 
    0x6d, 0x1b, 0x5b, 0x33, 0x38, 0x3b, 0x32, 0x3b, 0x32, 0x35, 0x35, 0x3b, 0x32, 0x35, 0x35, 0x3b, 
    0x32, 0x35, 0x35, 0x6d, 0x4d, 0x1b, 0x5b, 0x30, 0x6d, 0x1b, 0x5b, 0x33, 0x38, 0x3b, 0x32, 0x3b, 
    0x32, 0x35, 0x35, 0x3b, 0x32, 0x35, 0x35, 0x3b, 0x32, 0x35, 0x35, 0x6d, 0x4d, 0x1b, 0x5b, 0x30, 
    0x6d, 0x1b, 0x5b, 0x33, 0x38, 0x3b, 0x32, 0x3b, 0x31, 0x35, 0x33, 0x3b, 0x31, 0x35, 0x33, 0x3b, 
    0x31, 0x35, 0x33, 0x6d, 0x64, 0x1b, 0x5b, 0x30, 0x6d, 0x1b, 0x5b, 0x33, 0x38, 0x3b, 0x32, 0x3b, 
    0x31, 0x35, 0x33, 0x3b, 0x31, 0x35, 0x33, 0x3b, 0x31, 0x35, 0x33, 0x6d, 0x64, 0x1b, 0x5b, 0x30, 
    0x6d, 0x1b, 0x5b, 0x33, 0x38, 0x3b, 0x32, 0x3b, 0x37, 0x37, 0x3b, 0x37, 0x37, 0x3b, 0x37, 0x37, 
    0x6d, 0x2c, 0x1b, 0x5b, 0x30, 0x6d, 0x1b, 0x5b, 0x33, 0x38, 0x3b, 0x32, 0x3b, 0x30, 0x3b, 0x30, 
    0x3b, 0x30, 0x6d, 0x20, 0x1b, 0x5b, 0x30, 0x6d, 0x1b, 0x5b, 0x33, 0x38, 0x3b, 0x32, 0x3b, 0x30, 
    0x3b, 0x30, 0x3b, 0x30, 0x6d, 0x20, 0x1b, 0x5b, 0x30, 0x6d, 0x1b, 0x5b, 0x33, 0x38, 0x3b, 0x32, 
    0x3b, 0x30, 0x3b, 0x30, 0x3b, 0x30, 0x6d, 0x20, 0x1b, 0x5b, 0x30, 0x6d, 0x1b, 0x5b, 0x33, 0x38, 
    0x3b, 0x32, 0x3b, 0x30, 0x3b, 0x30, 0x3b, 0x30, 0x6d, 0x20, 0x1b, 0x5b, 0x30, 0x6d, 0x1b, 0x5b, 
    0x33, 0x38, 0x3b, 0x32, 0x3b, 0x30, 0x3b, 0x30, 0x3b, 0x30, 0x6d, 0x20, 0x1b, 0x5b, 0x30, 0x6d, 
    0x1b, 0x5b, 0x33, 0x38, 0x3b, 0x32, 0x3b, 0x30, 0x3b, 0x30, 0x3b, 0x30, 0x6d, 0x20, 0x1b, 0x5b, 
    0x30, 0x6d, 0x1b, 0x5b, 0x33, 0x38, 0x3b, 0x32, 0x3b, 0x30, 0x3b, 0x30, 0x3b, 0x30, 0x6d, 0x20, 
    0x1b, 0x5b, 0x30, 0x6d, 0x1b, 0x5b, 0x33, 0x38, 0x3b, 0x32, 0x3b, 0x30, 0x3b, 0x30, 0x3b, 0x30, 
    0x6d, 0x20, 0x1b, 0x5b, 0x30, 0x6d, 0x1b, 0x5b, 0x33, 0x38, 0x3b, 0x32, 0x3b, 0x30, 0x3b, 0x30, 
    0x3b, 0x30, 0x6d, 0x20, 0x1b, 0x5b, 0x30, 0x6d, 0x1b, 0x5b, 0x33, 0x38, 0x3b, 0x32, 0x3b, 0x30, 
    0x3b, 0x30, 0x3b, 0x30, 0x6d, 0x20, 0x1b, 0x5b, 0x30, 0x6d, 0x1b, 0x5b, 0x33, 0x38, 0x3b, 0x32, 
    0x3b, 0x30, 0x3b, 0x30, 0x3b, 0x30, 0x6d, 0x20, 0x1b, 0x5b, 0x30, 0x6d, 0x1b, 0x5b, 0x33, 0x38, 
    0x3b, 0x32, 0x3b, 0x32, 0x35, 0x35, 0x3b, 0x32, 0x35, 0x35, 0x3b, 0x32, 0x35, 0x35, 0x6d, 0x4d, 
    0x1b, 0x5b, 0x30, 0x6d, 0x1b, 0x5b, 0x33, 0x38, 0x3b, 0x32, 0x3b, 0x32, 0x35, 0x35, 0x3b, 0x32, 
    0x35, 0x35, 0x3b, 0x32, 0x35, 0x35, 0x6d, 0x4d, 0x1b, 0x5b, 0x30, 0x6d, 0x1b, 0x5b, 0x33, 0x38, 
    0x3b, 0x32, 0x3b, 0x32, 0x35, 0x35, 0x3b, 0x32, 0x35, 0x35, 0x3b, 0x32, 0x35, 0x35, 0x6d, 0x4d, 
    0x1b, 0x5b, 0x30, 0x6d, 0x1b, 0x5b, 0x33, 0x38, 0x3b, 0x32, 0x3b, 0x32, 0x35, 0x35, 0x3b, 0x32, 
    0x35, 0x35, 0x3b, 0x32, 0x35, 0x35, 0x6d, 0x4d, 0x1b, 0x5b, 0x30, 0x6d, 0x1b, 0x5b, 0x33, 0x38, 
    0x3b, 0x32, 0x3b, 0x32, 0x35, 0x35, 0x3b, 0x32, 0x35, 0x35, 0x3b, 0x32, 0x35, 0x35, 0x6d, 0x4d, 
    0x1b, 0x5b, 0x30, 0x6d, 0x1b, 0x5b, 0x33, 0x38, 0x3b, 0x32, 0x3b, 0x32, 0x35, 0x35, 0x3b, 0x32, 
    0x35, 0x35, 0x3b, 0x32, 0x35, 0x35, 0x6d, 0x4d, 0x1b, 0x5b, 0x30, 0x6d, 0x1b, 0x5b, 0x33, 0x38, 
    0x3b, 0x32, 0x3b, 0x32, 0x35, 0x35, 0x3b, 0x32, 0x35, 0x35, 0x3b, 0x32, 0x35, 0x35, 0x6d, 0x4d, 
    0x1b, 0x5b, 0x30, 0x6d, 0x1b, 0x5b, 0x33, 0x38, 0x3b, 0x32, 0x3b, 0x32, 0x35, 0x35, 0x3b, 0x32, 
    0x35, 0x35, 0x3b, 0x32, 0x35, 0x35, 0x6d, 0x4d, 0x1b, 0x5b, 0x30, 0x6d, 0x1b, 0x5b, 0x33, 0x38, 
    0x3b, 0x32, 0x3b, 0x32, 0x35, 0x35, 0x3b, 0x32, 0x35, 0x35, 0x3b, 0x32, 0x35, 0x35, 0x6d, 0x4d, 
    0x1b, 0x5b, 0x30, 0x6d, 0x1b, 0x5b, 0x33, 0x38, 0x3b, 0x32, 0x3b, 0x32, 0x35, 0x35, 0x3b, 0x32, 
    0x35, 0x35, 0x3b, 0x32, 0x35, 0x35, 0x6d, 0x4d, 0x1b, 0x5b, 0x30, 0x6d, 0x1b, 0x5b, 0x33, 0x38, 
    0x3b, 0x32, 0x3b, 0x32, 0x35, 0x35, 0x3b, 0x32, 0x35, 0x35, 0x3b, 0x32, 0x35, 0x35, 0x6d, 0x4d, 
    0x1b, 0x5b, 0x30, 0x6d, 0x1b, 0x5b, 0x33, 0x38, 0x3b, 0x32, 0x3b, 0x32, 0x35, 0x35, 0x3b, 0x32, 
    0x35, 0x35, 0x3b, 0x32, 0x35, 0x35, 0x6d, 0x4d, 0x1b, 0x5b, 0x30, 0x6d, 0x1b, 0x5b, 0x33, 0x38, 
    0x3b, 0x32, 0x3b, 0x32, 0x35, 0x35, 0x3b, 0x32, 0x35, 0x35, 0x3b, 0x32, 0x35, 0x35, 0x6d, 0x4d, 
    0x1b, 0x5b, 0x30, 0x6d, 0x0a, 0x1b, 0x5b, 0x30, 0x6d, 0x1b, 0x5b, 0x33, 0x38, 0x3b, 0x32, 0x3b, 
    0x32, 0x35, 0x35, 0x3b, 0x32, 0x35, 0x35, 0x3b, 0x32, 0x35, 0x35, 0x6d, 0x4d, 0x1b, 0x5b, 0x30, 
    0x6d, 0x1b, 0x5b, 0x33, 0x38, 0x3b, 0x32, 0x3b, 0x32, 0x35, 0x35, 0x3b, 0x32, 0x35, 0x35, 0x3b, 
    0x32, 0x35, 0x35, 0x6d, 0x4d, 0x1b, 0x5b, 0x30, 0x6d, 0x1b, 0x5b, 0x33, 0x38, 0x3b, 0x32, 0x3b, 
    0x32, 0x35, 0x35, 0x3b, 0x32, 0x35, 0x35, 0x3b, 0x32, 0x35, 0x35, 0x6d, 0x4d, 0x1b, 0x5b, 0x30, 
    0x6d, 0x1b, 0x5b, 0x33, 0x38, 0x3b, 0x32, 0x3b, 0x32, 0x35, 0x35, 0x3b, 0x32, 0x35, 0x35, 0x3b, 
    0x32, 0x35, 0x35, 0x6d, 0x4d, 0x1b, 0x5b, 0x30, 0x6d, 0x1b, 0x5b, 0x33, 0x38, 0x3b, 0x32, 0x3b, 
    0x32, 0x35, 0x35, 0x3b, 0x32, 0x35, 0x35, 0x3b, 0x32, 0x35, 0x35, 0x6d, 0x4d, 0x1b, 0x5b, 0x30, 
    0x6d, 0x1b, 0x5b, 0x33, 0x38, 0x3b, 0x32, 0x3b, 0x32, 0x35, 0x35, 0x3b, 0x32, 0x35, 0x35, 0x3b, 
    0x32, 0x35, 0x35, 0x6d, 0x4d, 0x1b, 0x5b, 0x30, 0x6d, 0x1b, 0x5b, 0x33, 0x38, 0x3b, 0x32, 0x3b, 
    0x32, 0x35, 0x35, 0x3b, 0x32, 0x35, 0x35, 0x3b, 0x32, 0x35, 0x35, 0x6d, 0x4d, 0x1b, 0x5b, 0x30, 
    0x6d, 0x1b, 0x5b, 0x33, 0x38, 0x3b, 0x32, 0x3b, 0x32, 0x35, 0x35, 0x3b, 0x32, 0x35, 0x35, 0x3b, 
    0x32, 0x35, 0x35, 0x6d, 0x4d, 0x1b, 0x5b, 0x30, 0x6d, 0x1b, 0x5b, 0x33, 0x38, 0x3b, 0x32, 0x3b, 
    0x32, 0x35, 0x35, 0x3b, 0x32, 0x35, 0x35, 0x3b, 0x32, 0x35, 0x35, 0x6d, 0x4d, 0x1b, 0x5b, 0x30, 
    0x6d, 0x1b, 0x5b, 0x33, 0x38, 0x3b, 0x32, 0x3b, 0x32, 0x35, 0x35, 0x3b, 0x32, 0x35, 0x35, 0x3b, 
    0x32, 0x35, 0x35, 0x6d, 0x4d, 0x1b, 0x5b, 0x30, 0x6d, 0x1b, 0x5b, 0x33, 0x38, 0x3b, 0x32, 0x3b, 
    0x32, 0x35, 0x35, 0x3b, 0x32, 0x35, 0x35, 0x3b, 0x32, 0x35, 0x35, 0x6d, 0x4d, 0x1b, 0x5b, 0x30, 
    0x6d, 0x1b, 0x5b, 0x33, 0x38, 0x3b, 0x32, 0x3b, 0x32, 0x35, 0x35, 0x3b, 0x32, 0x35, 0x35, 0x3b, 
    0x32, 0x35, 0x35, 0x6d, 0x4d, 0x1b, 0x5b, 0x30, 0x6d, 0x1b, 0x5b, 0x33, 0x38, 0x3b, 0x32, 0x3b, 
    0x32, 0x35, 0x35, 0x3b, 0x32, 0x35, 0x35, 0x3b, 0x32, 0x35, 0x35, 0x6d, 0x4d, 0x1b, 0x5b, 0x30, 
    0x6d, 0x1b, 0x5b, 0x33, 0x38, 0x3b, 0x32, 0x3b, 0x32, 0x35, 0x35, 0x3b, 0x32, 0x35, 0x35, 0x3b, 
    0x32, 0x35, 0x35, 0x6d, 0x4d, 0x1b, 0x5b, 0x30, 0x6d, 0x1b, 0x5b, 0x33, 0x38, 0x3b, 0x32, 0x3b, 
    0x32, 0x35, 0x35, 0x3b, 0x32, 0x35, 0x35, 0x3b, 0x32, 0x35, 0x35, 0x6d, 0x4d, 0x1b, 0x5b, 0x30, 
    0x6d, 0x1b, 0x5b, 0x33, 0x38, 0x3b, 0x32, 0x3b, 0x32, 0x35, 0x35, 0x3b, 0x32, 0x35, 0x35, 0x3b, 
    0x32, 0x35, 0x35, 0x6d, 0x4d, 0x1b, 0x5b, 0x30, 0x6d, 0x1b, 0x5b, 0x33, 0x38, 0x3b, 0x32, 0x3b, 
    0x32, 0x35, 0x35, 0x3b, 0x32, 0x35, 0x35, 0x3b, 0x32, 0x35, 0x35, 0x6d, 0x4d, 0x1b, 0x5b, 0x30, 
    0x6d, 0x1b, 0x5b, 0x33, 0x38, 0x3b, 0x32, 0x3b, 0x32, 0x35, 0x35, 0x3b, 0x32, 0x35, 0x35, 0x3b, 
    0x32, 0x35, 0x35, 0x6d, 0x4d, 0x1b, 0x5b, 0x30, 0x6d, 0x1b, 0x5b, 0x33, 0x38, 0x3b, 0x32, 0x3b, 
    0x32, 0x35, 0x35, 0x3b, 0x32, 0x35, 0x35, 0x3b, 0x32, 0x35, 0x35, 0x6d, 0x4d, 0x1b, 0x5b, 0x30, 
    0x6d, 0x1b, 0x5b, 0x33, 0x38, 0x3b, 0x32, 0x3b, 0x32, 0x35, 0x35, 0x3b, 0x32, 0x35, 0x35, 0x3b, 
    0x32, 0x35, 0x35, 0x6d, 0x4d, 0x1b, 0x5b, 0x30, 0x6d, 0x1b, 0x5b, 0x33, 0x38, 0x3b, 0x32, 0x3b, 
    0x31, 0x32, 0x38, 0x3b, 0x31, 0x32, 0x38, 0x3b, 0x31, 0x32, 0x38, 0x6d, 0x6c, 0x1b, 0x5b, 0x30, 
    0x6d, 0x1b, 0x5b, 0x33, 0x38, 0x3b, 0x32, 0x3b, 0x30, 0x3b, 0x30, 0x3b, 0x30, 0x6d, 0x20, 0x1b, 
    0x5b, 0x30, 0x6d, 0x1b, 0x5b, 0x33, 0x38, 0x3b, 0x32, 0x3b, 0x30, 0x3b, 0x30, 0x3b, 0x30, 0x6d, 
    0x20, 0x1b, 0x5b, 0x30, 0x6d, 0x1b, 0x5b, 0x33, 0x38, 0x3b, 0x32, 0x3b, 0x32, 0x35, 0x35, 0x3b, 
    0x32, 0x35, 0x35, 0x3b, 0x32, 0x35, 0x35, 0x6d, 0x4d, 0x1b, 0x5b, 0x30, 0x6d, 0x1b, 0x5b, 0x33, 
    0x38, 0x3b, 0x32, 0x3b, 0x32, 0x35, 0x35, 0x3b, 0x32, 0x35, 0x35, 0x3b, 0x32, 0x35, 0x35, 0x6d, 
    0x4d, 0x1b, 0x5b, 0x30, 0x6d, 0x1b, 0x5b, 0x33, 0x38, 0x3b, 0x32, 0x3b, 0x30, 0x3b, 0x30, 0x3b, 
    0x30, 0x6d, 0x20, 0x1b, 0x5b, 0x30, 0x6d, 0x1b, 0x5b, 0x33, 0x38, 0x3b, 0x32, 0x3b, 0x30, 0x3b, 
    0x30, 0x3b, 0x30, 0x6d, 0x20, 0x1b, 0x5b, 0x30, 0x6d, 0x1b, 0x5b, 0x33, 0x38, 0x3b, 0x32, 0x3b, 
    0x36, 0x34, 0x3b, 0x36, 0x34, 0x3b, 0x36, 0x34, 0x6d, 0x27, 0x1b, 0x5b, 0x30, 0x6d, 0x1b, 0x5b, 
    0x33, 0x38, 0x3b, 0x32, 0x3b, 0x31, 0x32, 0x38, 0x3b, 0x31, 0x32, 0x38, 0x3b, 0x31, 0x32, 0x38, 
    0x6d, 0x6c, 0x1b, 0x5b, 0x30, 0x6d, 0x1b, 0x5b, 0x33, 0x38, 0x3b, 0x32, 0x3b, 0x31, 0x32, 0x38, 
    0x3b, 0x31, 0x32, 0x38, 0x3b, 0x31, 0x32, 0x38, 0x6d, 0x6c, 0x1b, 0x5b, 0x30, 0x6d, 0x1b, 0x5b, 
    0x33, 0x38, 0x3b, 0x32, 0x3b, 0x31, 0x32, 0x38, 0x3b, 0x31, 0x32, 0x38, 0x3b, 0x31, 0x32, 0x38, 
    0x6d, 0x6c, 0x1b, 0x5b, 0x30, 0x6d, 0x1b, 0x5b, 0x33, 0x38, 0x3b, 0x32, 0x3b, 0x31, 0x32, 0x38, 
    0x3b, 0x31, 0x32, 0x38, 0x3b, 0x31, 0x32, 0x38, 0x6d, 0x6c, 0x1b, 0x5b, 0x30, 0x6d, 0x1b, 0x5b, 
    0x33, 0x38, 0x3b, 0x32, 0x3b, 0x32, 0x35, 0x35, 0x3b, 0x32, 0x35, 0x35, 0x3b, 0x32, 0x35, 0x35, 
    0x6d, 0x4d, 0x1b, 0x5b, 0x30, 0x6d, 0x1b, 0x5b, 0x33, 0x38, 0x3b, 0x32, 0x3b, 0x32, 0x35, 0x35, 
    0x3b, 0x32, 0x35, 0x35, 0x3b, 0x32, 0x35, 0x35, 0x6d, 0x4d, 0x1b, 0x5b, 0x30, 0x6d, 0x1b, 0x5b, 
    0x33, 0x38, 0x3b, 0x32, 0x3b, 0x30, 0x3b, 0x30, 0x3b, 0x30, 0x6d, 0x20, 0x1b, 0x5b, 0x30, 0x6d, 
    0x1b, 0x5b, 0x33, 0x38, 0x3b, 0x32, 0x3b, 0x30, 0x3b, 0x30, 0x3b, 0x30, 0x6d, 0x20, 0x1b, 0x5b, 
    0x30, 0x6d, 0x1b, 0x5b, 0x33, 0x38, 0x3b, 0x32, 0x3b, 0x31, 0x32, 0x38, 0x3b, 0x31, 0x32, 0x38, 
    0x3b, 0x31, 0x32, 0x38, 0x6d, 0x6c, 0x1b, 0x5b, 0x30, 0x6d, 0x1b, 0x5b, 0x33, 0x38, 0x3b, 0x32, 
    0x3b, 0x32, 0x35, 0x35, 0x3b, 0x32, 0x35, 0x35, 0x3b, 0x32, 0x35, 0x35, 0x6d, 0x4d, 0x1b, 0x5b, 
    0x30, 0x6d, 0x1b, 0x5b, 0x33, 0x38, 0x3b, 0x32, 0x3b, 0x32, 0x35, 0x35, 0x3b, 0x32, 0x35, 0x35, 
    0x3b, 0x32, 0x35, 0x35, 0x6d, 0x4d, 0x1b, 0x5b, 0x30, 0x6d, 0x1b, 0x5b, 0x33, 0x38, 0x3b, 0x32, 
    0x3b, 0x32, 0x35, 0x35, 0x3b, 0x32, 0x35, 0x35, 0x3b, 0x32, 0x35, 0x35, 0x6d, 0x4d, 0x1b, 0x5b, 
    0x30, 0x6d, 0x1b, 0x5b, 0x33, 0x38, 0x3b, 0x32, 0x3b, 0x32, 0x35, 0x35, 0x3b, 0x32, 0x35, 0x35, 
    0x3b, 0x32, 0x35, 0x35, 0x6d, 0x4d, 0x1b, 0x5b, 0x30, 0x6d, 0x1b, 0x5b, 0x33, 0x38, 0x3b, 0x32, 
    0x3b, 0x30, 0x3b, 0x30, 0x3b, 0x30, 0x6d, 0x20, 0x1b, 0x5b, 0x30, 0x6d, 0x1b, 0x5b, 0x33, 0x38, 
    0x3b, 0x32, 0x3b, 0x30, 0x3b, 0x30, 0x3b, 0x30, 0x6d, 0x20, 0x1b, 0x5b, 0x30, 0x6d, 0x1b, 0x5b, 
    0x33, 0x38, 0x3b, 0x32, 0x3b, 0x36, 0x34, 0x3b, 0x36, 0x34, 0x3b, 0x36, 0x34, 0x6d, 0x27, 0x1b, 
    0x5b, 0x30, 0x6d, 0x1b, 0x5b, 0x33, 0x38, 0x3b, 0x32, 0x3b, 0x31, 0x32, 0x38, 0x3b, 0x31, 0x32, 
    0x38, 0x3b, 0x31, 0x32, 0x38, 0x6d, 0x6c, 0x1b, 0x5b, 0x30, 0x6d, 0x1b, 0x5b, 0x33, 0x38, 0x3b, 
    0x32, 0x3b, 0x31, 0x32, 0x38, 0x3b, 0x31, 0x32, 0x38, 0x3b, 0x31, 0x32, 0x38, 0x6d, 0x6c, 0x1b, 
    0x5b, 0x30, 0x6d, 0x1b, 0x5b, 0x33, 0x38, 0x3b, 0x32, 0x3b, 0x31, 0x32, 0x38, 0x3b, 0x31, 0x32, 
    0x38, 0x3b, 0x31, 0x32, 0x38, 0x6d, 0x6c, 0x1b, 0x5b, 0x30, 0x6d, 0x1b, 0x5b, 0x33, 0x38, 0x3b, 
    0x32, 0x3b, 0x31, 0x32, 0x38, 0x3b, 0x31, 0x32, 0x38, 0x3b, 0x31, 0x32, 0x38, 0x6d, 0x6c, 0x1b, 
    0x5b, 0x30, 0x6d, 0x1b, 0x5b, 0x33, 0x38, 0x3b, 0x32, 0x3b, 0x30, 0x3b, 0x30, 0x3b, 0x30, 0x6d, 
    0x20, 0x1b, 0x5b, 0x30, 0x6d, 0x1b, 0x5b, 0x33, 0x38, 0x3b, 0x32, 0x3b, 0x30, 0x3b, 0x30, 0x3b, 
    0x30, 0x6d, 0x20, 0x1b, 0x5b, 0x30, 0x6d, 0x1b, 0x5b, 0x33, 0x38, 0x3b, 0x32, 0x3b, 0x31, 0x32, 
    0x38, 0x3b, 0x31, 0x32, 0x38, 0x3b, 0x31, 0x32, 0x38, 0x6d, 0x6c, 0x1b, 0x5b, 0x30, 0x6d, 0x1b, 
    0x5b, 0x33, 0x38, 0x3b, 0x32, 0x3b, 0x31, 0x32, 0x38, 0x3b, 0x31, 0x32, 0x38, 0x3b, 0x31, 0x32, 
    0x38, 0x6d, 0x6c, 0x1b, 0x5b, 0x30, 0x6d, 0x1b, 0x5b, 0x33, 0x38, 0x3b, 0x32, 0x3b, 0x31, 0x32, 
    0x38, 0x3b, 0x31, 0x32, 0x38, 0x3b, 0x31, 0x32, 0x38, 0x6d, 0x6c, 0x1b, 0x5b, 0x30, 0x6d, 0x1b, 
    0x5b, 0x33, 0x38, 0x3b, 0x32, 0x3b, 0x31, 0x32, 0x38, 0x3b, 0x31, 0x32, 0x38, 0x3b, 0x31, 0x32, 
    0x38, 0x6d, 0x6c, 0x1b, 0x5b, 0x30, 0x6d, 0x1b, 0x5b, 0x33, 0x38, 0x3b, 0x32, 0x3b, 0x31, 0x32, 
    0x38, 0x3b, 0x31, 0x32, 0x38, 0x3b, 0x31, 0x32, 0x38, 0x6d, 0x6c, 0x1b, 0x5b, 0x30, 0x6d, 0x1b, 
    0x5b, 0x33, 0x38, 0x3b, 0x32, 0x3b, 0x32, 0x35, 0x35, 0x3b, 0x32, 0x35, 0x35, 0x3b, 0x32, 0x35, 
    0x35, 0x6d, 0x4d, 0x1b, 0x5b, 0x30, 0x6d, 0x1b, 0x5b, 0x33, 0x38, 0x3b, 0x32, 0x3b, 0x32, 0x35, 
    0x35, 0x3b, 0x32, 0x35, 0x35, 0x3b, 0x32, 0x35, 0x35, 0x6d, 0x4d, 0x1b, 0x5b, 0x30, 0x6d, 0x1b, 
    0x5b, 0x33, 0x38, 0x3b, 0x32, 0x3b, 0x32, 0x35, 0x35, 0x3b, 0x32, 0x35, 0x35, 0x3b, 0x32, 0x35, 
    0x35, 0x6d, 0x4d, 0x1b, 0x5b, 0x30, 0x6d, 0x1b, 0x5b, 0x33, 0x38, 0x3b, 0x32, 0x3b, 0x32, 0x35, 
    0x35, 0x3b, 0x32, 0x35, 0x35, 0x3b, 0x32, 0x35, 0x35, 0x6d, 0x4d, 0x1b, 0x5b, 0x30, 0x6d, 0x1b, 
    0x5b, 0x33, 0x38, 0x3b, 0x32, 0x3b, 0x32, 0x35, 0x35, 0x3b, 0x32, 0x35, 0x35, 0x3b, 0x32, 0x35, 
    0x35, 0x6d, 0x4d, 0x1b, 0x5b, 0x30, 0x6d, 0x1b, 0x5b, 0x33, 0x38, 0x3b, 0x32, 0x3b, 0x32, 0x35, 
    0x35, 0x3b, 0x32, 0x35, 0x35, 0x3b, 0x32, 0x35, 0x35, 0x6d, 0x4d, 0x1b, 0x5b, 0x30, 0x6d, 0x1b, 
    0x5b, 0x33, 0x38, 0x3b, 0x32, 0x3b, 0x32, 0x35, 0x35, 0x3b, 0x32, 0x35, 0x35, 0x3b, 0x32, 0x35, 
    0x35, 0x6d, 0x4d, 0x1b, 0x5b, 0x30, 0x6d, 0x1b, 0x5b, 0x33, 0x38, 0x3b, 0x32, 0x3b, 0x32, 0x35, 
    0x35, 0x3b, 0x32, 0x35, 0x35, 0x3b, 0x32, 0x35, 0x35, 0x6d, 0x4d, 0x1b, 0x5b, 0x30, 0x6d, 0x1b, 
    0x5b, 0x33, 0x38, 0x3b, 0x32, 0x3b, 0x32, 0x35, 0x35, 0x3b, 0x32, 0x35, 0x35, 0x3b, 0x32, 0x35, 
    0x35, 0x6d, 0x4d, 0x1b, 0x5b, 0x30, 0x6d, 0x1b, 0x5b, 0x33, 0x38, 0x3b, 0x32, 0x3b, 0x32, 0x35, 
    0x35, 0x3b, 0x32, 0x35, 0x35, 0x3b, 0x32, 0x35, 0x35, 0x6d, 0x4d, 0x1b, 0x5b, 0x30, 0x6d, 0x1b, 
    0x5b, 0x33, 0x38, 0x3b, 0x32, 0x3b, 0x32, 0x35, 0x35, 0x3b, 0x32, 0x35, 0x35, 0x3b, 0x32, 0x35, 
    0x35, 0x6d, 0x4d, 0x1b, 0x5b, 0x30, 0x6d, 0x1b, 0x5b, 0x33, 0x38, 0x3b, 0x32, 0x3b, 0x30, 0x3b, 
    0x30, 0x3b, 0x30, 0x6d, 0x20, 0x1b, 0x5b, 0x30, 0x6d, 0x1b, 0x5b, 0x33, 0x38, 0x3b, 0x32, 0x3b, 
    0x30, 0x3b, 0x30, 0x3b, 0x30, 0x6d, 0x20, 0x1b, 0x5b, 0x30, 0x6d, 0x1b, 0x5b, 0x33, 0x38, 0x3b, 
    0x32, 0x3b, 0x31, 0x32, 0x38, 0x3b, 0x31, 0x32, 0x38, 0x3b, 0x31, 0x32, 0x38, 0x6d, 0x6c, 0x1b, 
    0x5b, 0x30, 0x6d, 0x1b, 0x5b, 0x33, 0x38, 0x3b, 0x32, 0x3b, 0x32, 0x35, 0x35, 0x3b, 0x32, 0x35, 
    0x35, 0x3b, 0x32, 0x35, 0x35, 0x6d, 0x4d, 0x1b, 0x5b, 0x30, 0x6d, 0x1b, 0x5b, 0x33, 0x38, 0x3b, 
    0x32, 0x3b, 0x32, 0x35, 0x35, 0x3b, 0x32, 0x35, 0x35, 0x3b, 0x32, 0x35, 0x35, 0x6d, 0x4d, 0x1b, 
    0x5b, 0x30, 0x6d, 0x1b, 0x5b, 0x33, 0x38, 0x3b, 0x32, 0x3b, 0x32, 0x35, 0x35, 0x3b, 0x32, 0x35, 
    0x35, 0x3b, 0x32, 0x35, 0x35, 0x6d, 0x4d, 0x1b, 0x5b, 0x30, 0x6d, 0x1b, 0x5b, 0x33, 0x38, 0x3b, 
    0x32, 0x3b, 0x32, 0x35, 0x35, 0x3b, 0x32, 0x35, 0x35, 0x3b, 0x32, 0x35, 0x35, 0x6d, 0x4d, 0x1b, 
    0x5b, 0x30, 0x6d, 0x1b, 0x5b, 0x33, 0x38, 0x3b, 0x32, 0x3b, 0x32, 0x35, 0x35, 0x3b, 0x32, 0x35, 
    0x35, 0x3b, 0x32, 0x35, 0x35, 0x6d, 0x4d, 0x1b, 0x5b, 0x30, 0x6d, 0x1b, 0x5b, 0x33, 0x38, 0x3b, 
    0x32, 0x3b, 0x32, 0x35, 0x35, 0x3b, 0x32, 0x35, 0x35, 0x3b, 0x32, 0x35, 0x35, 0x6d, 0x4d, 0x1b, 
    0x5b, 0x30, 0x6d, 0x1b, 0x5b, 0x33, 0x38, 0x3b, 0x32, 0x3b, 0x31, 0x32, 0x38, 0x3b, 0x31, 0x32, 
    0x38, 0x3b, 0x31, 0x32, 0x38, 0x6d, 0x6c, 0x1b, 0x5b, 0x30, 0x6d, 0x1b, 0x5b, 0x33, 0x38, 0x3b, 
    0x32, 0x3b, 0x30, 0x3b, 0x30, 0x3b, 0x30, 0x6d, 0x20, 0x1b, 0x5b, 0x30, 0x6d, 0x1b, 0x5b, 0x33, 
    0x38, 0x3b, 0x32, 0x3b, 0x30, 0x3b, 0x30, 0x3b, 0x30, 0x6d, 0x20, 0x1b, 0x5b, 0x30, 0x6d, 0x1b, 
    0x5b, 0x33, 0x38, 0x3b, 0x32, 0x3b, 0x30, 0x3b, 0x30, 0x3b, 0x30, 0x6d, 0x20, 0x1b, 0x5b, 0x30, 
    0x6d, 0x1b, 0x5b, 0x33, 0x38, 0x3b, 0x32, 0x3b, 0x30, 0x3b, 0x30, 0x3b, 0x30, 0x6d, 0x20, 0x1b, 
    0x5b, 0x30, 0x6d, 0x1b, 0x5b, 0x33, 0x38, 0x3b, 0x32, 0x3b, 0x30, 0x3b, 0x30, 0x3b, 0x30, 0x6d, 
    0x20, 0x1b, 0x5b, 0x30, 0x6d, 0x1b, 0x5b, 0x33, 0x38, 0x3b, 0x32, 0x3b, 0x30, 0x3b, 0x30, 0x3b, 
    0x30, 0x6d, 0x20, 0x1b, 0x5b, 0x30, 0x6d, 0x1b, 0x5b, 0x33, 0x38, 0x3b, 0x32, 0x3b, 0x30, 0x3b, 
    0x30, 0x3b, 0x30, 0x6d, 0x20, 0x1b, 0x5b, 0x30, 0x6d, 0x1b, 0x5b, 0x33, 0x38, 0x3b, 0x32, 0x3b, 
    0x30, 0x3b, 0x30, 0x3b, 0x30, 0x6d, 0x20, 0x1b, 0x5b, 0x30, 0x6d, 0x1b, 0x5b, 0x33, 0x38, 0x3b, 
    0x32, 0x3b, 0x30, 0x3b, 0x30, 0x3b, 0x30, 0x6d, 0x20, 0x1b, 0x5b, 0x30, 0x6d, 0x1b, 0x5b, 0x33, 
    0x38, 0x3b, 0x32, 0x3b, 0x30, 0x3b, 0x30, 0x3b, 0x30, 0x6d, 0x20, 0x1b, 0x5b, 0x30, 0x6d, 0x1b, 
    0x5b, 0x33, 0x38, 0x3b, 0x32, 0x3b, 0x30, 0x3b, 0x30, 0x3b, 0x30, 0x6d, 0x20, 0x1b, 0x5b, 0x30, 
    0x6d, 0x1b, 0x5b, 0x33, 0x38, 0x3b, 0x32, 0x3b, 0x31, 0x32, 0x38, 0x3b, 0x31, 0x32, 0x38, 0x3b, 
    0x31, 0x32, 0x38, 0x6d, 0x6c, 0x1b, 0x5b, 0x30, 0x6d, 0x1b, 0x5b, 0x33, 0x38, 0x3b, 0x32, 0x3b, 
    0x31, 0x32, 0x38, 0x3b, 0x31, 0x32, 0x38, 0x3b, 0x31, 0x32, 0x38, 0x6d, 0x6c, 0x1b, 0x5b, 0x30, 
    0x6d, 0x1b, 0x5b, 0x33, 0x38, 0x3b, 0x32, 0x3b, 0x32, 0x35, 0x35, 0x3b, 0x32, 0x35, 0x35, 0x3b, 
    0x32, 0x35, 0x35, 0x6d, 0x4d, 0x1b, 0x5b, 0x30, 0x6d, 0x1b, 0x5b, 0x33, 0x38, 0x3b, 0x32, 0x3b, 
    0x32, 0x35, 0x35, 0x3b, 0x32, 0x35, 0x35, 0x3b, 0x32, 0x35, 0x35, 0x6d, 0x4d, 0x1b, 0x5b, 0x30, 
    0x6d, 0x1b, 0x5b, 0x33, 0x38, 0x3b, 0x32, 0x3b, 0x32, 0x35, 0x35, 0x3b, 0x32, 0x35, 0x35, 0x3b, 
    0x32, 0x35, 0x35, 0x6d, 0x4d, 0x1b, 0x5b, 0x30, 0x6d, 0x1b, 0x5b, 0x33, 0x38, 0x3b, 0x32, 0x3b, 
    0x32, 0x35, 0x35, 0x3b, 0x32, 0x35, 0x35, 0x3b, 0x32, 0x35, 0x35, 0x6d, 0x4d, 0x1b, 0x5b, 0x30, 
    0x6d, 0x1b, 0x5b, 0x33, 0x38, 0x3b, 0x32, 0x3b, 0x32, 0x35, 0x35, 0x3b, 0x32, 0x35, 0x35, 0x3b, 
    0x32, 0x35, 0x35, 0x6d, 0x4d, 0x1b, 0x5b, 0x30, 0x6d, 0x1b, 0x5b, 0x33, 0x38, 0x3b, 0x32, 0x3b, 
    0x32, 0x35, 0x35, 0x3b, 0x32, 0x35, 0x35, 0x3b, 0x32, 0x35, 0x35, 0x6d, 0x4d, 0x1b, 0x5b, 0x30, 
    0x6d, 0x1b, 0x5b, 0x33, 0x38, 0x3b, 0x32, 0x3b, 0x32, 0x35, 0x35, 0x3b, 0x32, 0x35, 0x35, 0x3b, 
    0x32, 0x35, 0x35, 0x6d, 0x4d, 0x1b, 0x5b, 0x30, 0x6d, 0x1b, 0x5b, 0x33, 0x38, 0x3b, 0x32, 0x3b, 
    0x32, 0x35, 0x35, 0x3b, 0x32, 0x35, 0x35, 0x3b, 0x32, 0x35, 0x35, 0x6d, 0x4d, 0x1b, 0x5b, 0x30, 
    0x6d, 0x1b, 0x5b, 0x33, 0x38, 0x3b, 0x32, 0x3b, 0x32, 0x35, 0x35, 0x3b, 0x32, 0x35, 0x35, 0x3b, 
    0x32, 0x35, 0x35, 0x6d, 0x4d, 0x1b, 0x5b, 0x30, 0x6d, 0x1b, 0x5b, 0x33, 0x38, 0x3b, 0x32, 0x3b, 
    0x32, 0x35, 0x35, 0x3b, 0x32, 0x35, 0x35, 0x3b, 0x32, 0x35, 0x35, 0x6d, 0x4d, 0x1b, 0x5b, 0x30, 
    0x6d, 0x1b, 0x5b, 0x33, 0x38, 0x3b, 0x32, 0x3b, 0x32, 0x35, 0x35, 0x3b, 0x32, 0x35, 0x35, 0x3b, 
    0x32, 0x35, 0x35, 0x6d, 0x4d, 0x1b, 0x5b, 0x30, 0x6d, 0x0a, 0x1b, 0x5b, 0x30, 0x6d, 0x1b, 0x5b, 
    0x33, 0x38, 0x3b, 0x32, 0x3b, 0x32, 0x35, 0x35, 0x3b, 0x32, 0x35, 0x35, 0x3b, 0x32, 0x35, 0x35, 
    0x6d, 0x4d, 0x1b, 0x5b, 0x30, 0x6d, 0x1b, 0x5b, 0x33, 0x38, 0x3b, 0x32, 0x3b, 0x32, 0x35, 0x35, 
    0x3b, 0x32, 0x35, 0x35, 0x3b, 0x32, 0x35, 0x35, 0x6d, 0x4d, 0x1b, 0x5b, 0x30, 0x6d, 0x1b, 0x5b, 
    0x33, 0x38, 0x3b, 0x32, 0x3b, 0x32, 0x35, 0x35, 0x3b, 0x32, 0x35, 0x35, 0x3b, 0x32, 0x35, 0x35, 
    0x6d, 0x4d, 0x1b, 0x5b, 0x30, 0x6d, 0x1b, 0x5b, 0x33, 0x38, 0x3b, 0x32, 0x3b, 0x32, 0x35, 0x35, 
    0x3b, 0x32, 0x35, 0x35, 0x3b, 0x32, 0x35, 0x35, 0x6d, 0x4d, 0x1b, 0x5b, 0x30, 0x6d, 0x1b, 0x5b, 
    0x33, 0x38, 0x3b, 0x32, 0x3b, 0x32, 0x35, 0x35, 0x3b, 0x32, 0x35, 0x35, 0x3b, 0x32, 0x35, 0x35, 
    0x6d, 0x4d, 0x1b, 0x5b, 0x30, 0x6d, 0x1b, 0x5b, 0x33, 0x38, 0x3b, 0x32, 0x3b, 0x32, 0x35, 0x35, 
    0x3b, 0x32, 0x35, 0x35, 0x3b, 0x32, 0x35, 0x35, 0x6d, 0x4d, 0x1b, 0x5b, 0x30, 0x6d, 0x1b, 0x5b, 
    0x33, 0x38, 0x3b, 0x32, 0x3b, 0x32, 0x35, 0x35, 0x3b, 0x32, 0x35, 0x35, 0x3b, 0x32, 0x35, 0x35, 
    0x6d, 0x4d, 0x1b, 0x5b, 0x30, 0x6d, 0x1b, 0x5b, 0x33, 0x38, 0x3b, 0x32, 0x3b, 0x32, 0x35, 0x35, 
    0x3b, 0x32, 0x35, 0x35, 0x3b, 0x32, 0x35, 0x35, 0x6d, 0x4d, 0x1b, 0x5b, 0x30, 0x6d, 0x1b, 0x5b, 
    0x33, 0x38, 0x3b, 0x32, 0x3b, 0x32, 0x35, 0x35, 0x3b, 0x32, 0x35, 0x35, 0x3b, 0x32, 0x35, 0x35, 
    0x6d, 0x4d, 0x1b, 0x5b, 0x30, 0x6d, 0x1b, 0x5b, 0x33, 0x38, 0x3b, 0x32, 0x3b, 0x32, 0x35, 0x35, 
    0x3b, 0x32, 0x35, 0x35, 0x3b, 0x32, 0x35, 0x35, 0x6d, 0x4d, 0x1b, 0x5b, 0x30, 0x6d, 0x1b, 0x5b, 
    0x33, 0x38, 0x3b, 0x32, 0x3b, 0x32, 0x35, 0x35, 0x3b, 0x32, 0x35, 0x35, 0x3b, 0x32, 0x35, 0x35, 
    0x6d, 0x4d, 0x1b, 0x5b, 0x30, 0x6d, 0x1b, 0x5b, 0x33, 0x38, 0x3b, 0x32, 0x3b, 0x32, 0x35, 0x35, 
    0x3b, 0x32, 0x35, 0x35, 0x3b, 0x32, 0x35, 0x35, 0x6d, 0x4d, 0x1b, 0x5b, 0x30, 0x6d, 0x1b, 0x5b, 
    0x33, 0x38, 0x3b, 0x32, 0x3b, 0x32, 0x35, 0x35, 0x3b, 0x32, 0x35, 0x35, 0x3b, 0x32, 0x35, 0x35, 
    0x6d, 0x4d, 0x1b, 0x5b, 0x30, 0x6d, 0x1b, 0x5b, 0x33, 0x38, 0x3b, 0x32, 0x3b, 0x32, 0x35, 0x35, 
    0x3b, 0x32, 0x35, 0x35, 0x3b, 0x32, 0x35, 0x35, 0x6d, 0x4d, 0x1b, 0x5b, 0x30, 0x6d, 0x1b, 0x5b, 
    0x33, 0x38, 0x3b, 0x32, 0x3b, 0x32, 0x35, 0x35, 0x3b, 0x32, 0x35, 0x35, 0x3b, 0x32, 0x35, 0x35, 
    0x6d, 0x4d, 0x1b, 0x5b, 0x30, 0x6d, 0x1b, 0x5b, 0x33, 0x38, 0x3b, 0x32, 0x3b, 0x32, 0x35, 0x35, 
    0x3b, 0x32, 0x35, 0x35, 0x3b, 0x32, 0x35, 0x35, 0x6d, 0x4d, 0x1b, 0x5b, 0x30, 0x6d, 0x1b, 0x5b, 
    0x33, 0x38, 0x3b, 0x32, 0x3b, 0x32, 0x35, 0x35, 0x3b, 0x32, 0x35, 0x35, 0x3b, 0x32, 0x35, 0x35, 
    0x6d, 0x4d, 0x1b, 0x5b, 0x30, 0x6d, 0x1b, 0x5b, 0x33, 0x38, 0x3b, 0x32, 0x3b, 0x32, 0x35, 0x35, 
    0x3b, 0x32, 0x35, 0x35, 0x3b, 0x32, 0x35, 0x35, 0x6d, 0x4d, 0x1b, 0x5b, 0x30, 0x6d, 0x1b, 0x5b, 
    0x33, 0x38, 0x3b, 0x32, 0x3b, 0x31, 0x35, 0x33, 0x3b, 0x31, 0x35, 0x33, 0x3b, 0x31, 0x35, 0x33, 
    0x6d, 0x64, 0x1b, 0x5b, 0x30, 0x6d, 0x1b, 0x5b, 0x33, 0x38, 0x3b, 0x32, 0x3b, 0x31, 0x35, 0x33, 
    0x3b, 0x31, 0x35, 0x33, 0x3b, 0x31, 0x35, 0x33, 0x6d, 0x64, 0x1b, 0x5b, 0x30, 0x6d, 0x1b, 0x5b, 
    0x33, 0x38, 0x3b, 0x32, 0x3b, 0x31, 0x32, 0x38, 0x3b, 0x31, 0x32, 0x38, 0x3b, 0x31, 0x32, 0x38, 
    0x6d, 0x6c, 0x1b, 0x5b, 0x30, 0x6d, 0x1b, 0x5b, 0x33, 0x38, 0x3b, 0x32, 0x3b, 0x31, 0x30, 0x32, 
    0x3b, 0x31, 0x30, 0x32, 0x3b, 0x31, 0x30, 0x32, 0x6d, 0x3a, 0x1b, 0x5b, 0x30, 0x6d, 0x1b, 0x5b, 
    0x33, 0x38, 0x3b, 0x32, 0x3b, 0x31, 0x30, 0x32, 0x3b, 0x31, 0x30, 0x32, 0x3b, 0x31, 0x30, 0x32, 
    0x6d, 0x3a, 0x1b, 0x5b, 0x30, 0x6d, 0x1b, 0x5b, 0x33, 0x38, 0x3b, 0x32, 0x3b, 0x31, 0x35, 0x33, 
    0x3b, 0x31, 0x35, 0x33, 0x3b, 0x31, 0x35, 0x33, 0x6d, 0x64, 0x1b, 0x5b, 0x30, 0x6d, 0x1b, 0x5b, 
    0x33, 0x38, 0x3b, 0x32, 0x3b, 0x31, 0x35, 0x33, 0x3b, 0x31, 0x35, 0x33, 0x3b, 0x31, 0x35, 0x33, 
    0x6d, 0x64, 0x1b, 0x5b, 0x30, 0x6d, 0x1b, 0x5b, 0x33, 0x38, 0x3b, 0x32, 0x3b, 0x31, 0x30, 0x32, 
    0x3b, 0x31, 0x30, 0x32, 0x3b, 0x31, 0x30, 0x32, 0x6d, 0x3a, 0x1b, 0x5b, 0x30, 0x6d, 0x1b, 0x5b, 
    0x33, 0x38, 0x3b, 0x32, 0x3b, 0x31, 0x30, 0x32, 0x3b, 0x31, 0x30, 0x32, 0x3b, 0x31, 0x30, 0x32, 
    0x6d, 0x3a, 0x1b, 0x5b, 0x30, 0x6d, 0x1b, 0x5b, 0x33, 0x38, 0x3b, 0x32, 0x3b, 0x31, 0x37, 0x39, 
    0x3b, 0x31, 0x37, 0x39, 0x3b, 0x31, 0x37, 0x39, 0x6d, 0x6b, 0x1b, 0x5b, 0x30, 0x6d, 0x1b, 0x5b, 
    0x33, 0x38, 0x3b, 0x32, 0x3b, 0x32, 0x35, 0x35, 0x3b, 0x32, 0x35, 0x35, 0x3b, 0x32, 0x35, 0x35, 
    0x6d, 0x4d, 0x1b, 0x5b, 0x30, 0x6d, 0x1b, 0x5b, 0x33, 0x38, 0x3b, 0x32, 0x3b, 0x32, 0x35, 0x35, 
    0x3b, 0x32, 0x35, 0x35, 0x3b, 0x32, 0x35, 0x35, 0x6d, 0x4d, 0x1b, 0x5b, 0x30, 0x6d, 0x1b, 0x5b, 
    0x33, 0x38, 0x3b, 0x32, 0x3b, 0x32, 0x35, 0x35, 0x3b, 0x32, 0x35, 0x35, 0x3b, 0x32, 0x35, 0x35, 
    0x6d, 0x4d, 0x1b, 0x5b, 0x30, 0x6d, 0x1b, 0x5b, 0x33, 0x38, 0x3b, 0x32, 0x3b, 0x32, 0x35, 0x35, 
    0x3b, 0x32, 0x35, 0x35, 0x3b, 0x32, 0x35, 0x35, 0x6d, 0x4d, 0x1b, 0x5b, 0x30, 0x6d, 0x1b, 0x5b, 
    0x33, 0x38, 0x3b, 0x32, 0x3b, 0x32, 0x35, 0x35, 0x3b, 0x32, 0x35, 0x35, 0x3b, 0x32, 0x35, 0x35, 
    0x6d, 0x4d, 0x1b, 0x5b, 0x30, 0x6d, 0x1b, 0x5b, 0x33, 0x38, 0x3b, 0x32, 0x3b, 0x32, 0x35, 0x35, 
    0x3b, 0x32, 0x35, 0x35, 0x3b, 0x32, 0x35, 0x35, 0x6d, 0x4d, 0x1b, 0x5b, 0x30, 0x6d, 0x1b, 0x5b, 
    0x33, 0x38, 0x3b, 0x32, 0x3b, 0x30, 0x3b, 0x30, 0x3b, 0x30, 0x6d, 0x20, 0x1b, 0x5b, 0x30, 0x6d, 
    0x1b, 0x5b, 0x33, 0x38, 0x3b, 0x32, 0x3b, 0x30, 0x3b, 0x30, 0x3b, 0x30, 0x6d, 0x20, 0x1b, 0x5b, 
    0x30, 0x6d, 0x1b, 0x5b, 0x33, 0x38, 0x3b, 0x32, 0x3b, 0x31, 0x32, 0x38, 0x3b, 0x31, 0x32, 0x38, 
    0x3b, 0x31, 0x32, 0x38, 0x6d, 0x6c, 0x1b, 0x5b, 0x30, 0x6d, 0x1b, 0x5b, 0x33, 0x38, 0x3b, 0x32, 
    0x3b, 0x32, 0x35, 0x35, 0x3b, 0x32, 0x35, 0x35, 0x3b, 0x32, 0x35, 0x35, 0x6d, 0x4d, 0x1b, 0x5b, 
    0x30, 0x6d, 0x1b, 0x5b, 0x33, 0x38, 0x3b, 0x32, 0x3b, 0x32, 0x35, 0x35, 0x3b, 0x32, 0x35, 0x35, 
    0x3b, 0x32, 0x35, 0x35, 0x6d, 0x4d, 0x1b, 0x5b, 0x30, 0x6d, 0x1b, 0x5b, 0x33, 0x38, 0x3b, 0x32, 
    0x3b, 0x32, 0x35, 0x35, 0x3b, 0x32, 0x35, 0x35, 0x3b, 0x32, 0x35, 0x35, 0x6d, 0x4d, 0x1b, 0x5b, 
    0x30, 0x6d, 0x1b, 0x5b, 0x33, 0x38, 0x3b, 0x32, 0x3b, 0x32, 0x35, 0x35, 0x3b, 0x32, 0x35, 0x35, 
    0x3b, 0x32, 0x35, 0x35, 0x6d, 0x4d, 0x1b, 0x5b, 0x30, 0x6d, 0x1b, 0x5b, 0x33, 0x38, 0x3b, 0x32, 
    0x3b, 0x30, 0x3b, 0x30, 0x3b, 0x30, 0x6d, 0x20, 0x1b, 0x5b, 0x30, 0x6d, 0x1b, 0x5b, 0x33, 0x38, 
    0x3b, 0x32, 0x3b, 0x30, 0x3b, 0x30, 0x3b, 0x30, 0x6d, 0x20, 0x1b, 0x5b, 0x30, 0x6d, 0x1b, 0x5b, 
    0x33, 0x38, 0x3b, 0x32, 0x3b, 0x31, 0x32, 0x38, 0x3b, 0x31, 0x32, 0x38, 0x3b, 0x31, 0x32, 0x38, 
    0x6d, 0x6c, 0x1b, 0x5b, 0x30, 0x6d, 0x1b, 0x5b, 0x33, 0x38, 0x3b, 0x32, 0x3b, 0x32, 0x35, 0x35, 
    0x3b, 0x32, 0x35, 0x35, 0x3b, 0x32, 0x35, 0x35, 0x6d, 0x4d, 0x1b, 0x5b, 0x30, 0x6d, 0x1b, 0x5b, 
    0x33, 0x38, 0x3b, 0x32, 0x3b, 0x32, 0x35, 0x35, 0x3b, 0x32, 0x35, 0x35, 0x3b, 0x32, 0x35, 0x35, 
    0x6d, 0x4d, 0x1b, 0x5b, 0x30, 0x6d, 0x1b, 0x5b, 0x33, 0x38, 0x3b, 0x32, 0x3b, 0x32, 0x35, 0x35, 
    0x3b, 0x32, 0x35, 0x35, 0x3b, 0x32, 0x35, 0x35, 0x6d, 0x4d, 0x1b, 0x5b, 0x30, 0x6d, 0x1b, 0x5b, 
    0x33, 0x38, 0x3b, 0x32, 0x3b, 0x32, 0x35, 0x35, 0x3b, 0x32, 0x35, 0x35, 0x3b, 0x32, 0x35, 0x35, 
    0x6d, 0x4d, 0x1b, 0x5b, 0x30, 0x6d, 0x1b, 0x5b, 0x33, 0x38, 0x3b, 0x32, 0x3b, 0x30, 0x3b, 0x30, 
    0x3b, 0x30, 0x6d, 0x20, 0x1b, 0x5b, 0x30, 0x6d, 0x1b, 0x5b, 0x33, 0x38, 0x3b, 0x32, 0x3b, 0x30, 
    0x3b, 0x30, 0x3b, 0x30, 0x6d, 0x20, 0x1b, 0x5b, 0x30, 0x6d, 0x1b, 0x5b, 0x33, 0x38, 0x3b, 0x32, 
    0x3b, 0x32, 0x35, 0x35, 0x3b, 0x32, 0x35, 0x35, 0x3b, 0x32, 0x35, 0x35, 0x6d, 0x4d, 0x1b, 0x5b, 
    0x30, 0x6d, 0x1b, 0x5b, 0x33, 0x38, 0x3b, 0x32, 0x3b, 0x32, 0x35, 0x35, 0x3b, 0x32, 0x35, 0x35, 
    0x3b, 0x32, 0x35, 0x35, 0x6d, 0x4d, 0x1b, 0x5b, 0x30, 0x6d, 0x1b, 0x5b, 0x33, 0x38, 0x3b, 0x32, 
    0x3b, 0x31, 0x37, 0x39, 0x3b, 0x31, 0x37, 0x39, 0x3b, 0x31, 0x37, 0x39, 0x6d, 0x6b, 0x1b, 0x5b, 
    0x30, 0x6d, 0x1b, 0x5b, 0x33, 0x38, 0x3b, 0x32, 0x3b, 0x31, 0x30, 0x32, 0x3b, 0x31, 0x30, 0x32, 
    0x3b, 0x31, 0x30, 0x32, 0x6d, 0x3a, 0x1b, 0x5b, 0x30, 0x6d, 0x1b, 0x5b, 0x33, 0x38, 0x3b, 0x32, 
    0x3b, 0x31, 0x30, 0x32, 0x3b, 0x31, 0x30, 0x32, 0x3b, 0x31, 0x30, 0x32, 0x6d, 0x3a, 0x1b, 0x5b, 
    0x30, 0x6d, 0x1b, 0x5b, 0x33, 0x38, 0x3b, 0x32, 0x3b, 0x32, 0x35, 0x35, 0x3b, 0x32, 0x35, 0x35, 
    0x3b, 0x32, 0x35, 0x35, 0x6d, 0x4d, 0x1b, 0x5b, 0x30, 0x6d, 0x1b, 0x5b, 0x33, 0x38, 0x3b, 0x32, 
    0x3b, 0x32, 0x35, 0x35, 0x3b, 0x32, 0x35, 0x35, 0x3b, 0x32, 0x35, 0x35, 0x6d, 0x4d, 0x1b, 0x5b, 
    0x30, 0x6d, 0x1b, 0x5b, 0x33, 0x38, 0x3b, 0x32, 0x3b, 0x32, 0x35, 0x35, 0x3b, 0x32, 0x35, 0x35, 
    0x3b, 0x32, 0x35, 0x35, 0x6d, 0x4d, 0x1b, 0x5b, 0x30, 0x6d, 0x1b, 0x5b, 0x33, 0x38, 0x3b, 0x32, 
    0x3b, 0x32, 0x35, 0x35, 0x3b, 0x32, 0x35, 0x35, 0x3b, 0x32, 0x35, 0x35, 0x6d, 0x4d, 0x1b, 0x5b, 
    0x30, 0x6d, 0x1b, 0x5b, 0x33, 0x38, 0x3b, 0x32, 0x3b, 0x32, 0x35, 0x35, 0x3b, 0x32, 0x35, 0x35, 
    0x3b, 0x32, 0x35, 0x35, 0x6d, 0x4d, 0x1b, 0x5b, 0x30, 0x6d, 0x1b, 0x5b, 0x33, 0x38, 0x3b, 0x32, 
    0x3b, 0x32, 0x35, 0x35, 0x3b, 0x32, 0x35, 0x35, 0x3b, 0x32, 0x35, 0x35, 0x6d, 0x4d, 0x1b, 0x5b, 
    0x30, 0x6d, 0x1b, 0x5b, 0x33, 0x38, 0x3b, 0x32, 0x3b, 0x32, 0x35, 0x35, 0x3b, 0x32, 0x35, 0x35, 
    0x3b, 0x32, 0x35, 0x35, 0x6d, 0x4d, 0x1b, 0x5b, 0x30, 0x6d, 0x1b, 0x5b, 0x33, 0x38, 0x3b, 0x32, 
    0x3b, 0x32, 0x35, 0x35, 0x3b, 0x32, 0x35, 0x35, 0x3b, 0x32, 0x35, 0x35, 0x6d, 0x4d, 0x1b, 0x5b, 
    0x30, 0x6d, 0x1b, 0x5b, 0x33, 0x38, 0x3b, 0x32, 0x3b, 0x32, 0x35, 0x35, 0x3b, 0x32, 0x35, 0x35, 
    0x3b, 0x32, 0x35, 0x35, 0x6d, 0x4d, 0x1b, 0x5b, 0x30, 0x6d, 0x1b, 0x5b, 0x33, 0x38, 0x3b, 0x32, 
    0x3b, 0x32, 0x35, 0x35, 0x3b, 0x32, 0x35, 0x35, 0x3b, 0x32, 0x35, 0x35, 0x6d, 0x4d, 0x1b, 0x5b, 
    0x30, 0x6d, 0x1b, 0x5b, 0x33, 0x38, 0x3b, 0x32, 0x3b, 0x32, 0x35, 0x35, 0x3b, 0x32, 0x35, 0x35, 
    0x3b, 0x32, 0x35, 0x35, 0x6d, 0x4d, 0x1b, 0x5b, 0x30, 0x6d, 0x1b, 0x5b, 0x33, 0x38, 0x3b, 0x32, 
    0x3b, 0x30, 0x3b, 0x30, 0x3b, 0x30, 0x6d, 0x20, 0x1b, 0x5b, 0x30, 0x6d, 0x1b, 0x5b, 0x33, 0x38, 
    0x3b, 0x32, 0x3b, 0x30, 0x3b, 0x30, 0x3b, 0x30, 0x6d, 0x20, 0x1b, 0x5b, 0x30, 0x6d, 0x1b, 0x5b, 
    0x33, 0x38, 0x3b, 0x32, 0x3b, 0x31, 0x32, 0x38, 0x3b, 0x31, 0x32, 0x38, 0x3b, 0x31, 0x32, 0x38, 
    0x6d, 0x6c, 0x1b, 0x5b, 0x30, 0x6d, 0x1b, 0x5b, 0x33, 0x38, 0x3b, 0x32, 0x3b, 0x32, 0x35, 0x35, 
    0x3b, 0x32, 0x35, 0x35, 0x3b, 0x32, 0x35, 0x35, 0x6d, 0x4d, 0x1b, 0x5b, 0x30, 0x6d, 0x1b, 0x5b, 
    0x33, 0x38, 0x3b, 0x32, 0x3b, 0x32, 0x35, 0x35, 0x3b, 0x32, 0x35, 0x35, 0x3b, 0x32, 0x35, 0x35, 
    0x6d, 0x4d, 0x1b, 0x5b, 0x30, 0x6d, 0x1b, 0x5b, 0x33, 0x38, 0x3b, 0x32, 0x3b, 0x32, 0x35, 0x35, 
    0x3b, 0x32, 0x35, 0x35, 0x3b, 0x32, 0x35, 0x35, 0x6d, 0x4d, 0x1b, 0x5b, 0x30, 0x6d, 0x1b, 0x5b, 
    0x33, 0x38, 0x3b, 0x32, 0x3b, 0x32, 0x35, 0x35, 0x3b, 0x32, 0x35, 0x35, 0x3b, 0x32, 0x35, 0x35, 
    0x6d, 0x4d, 0x1b, 0x5b, 0x30, 0x6d, 0x1b, 0x5b, 0x33, 0x38, 0x3b, 0x32, 0x3b, 0x32, 0x35, 0x35, 
    0x3b, 0x32, 0x35, 0x35, 0x3b, 0x32, 0x35, 0x35, 0x6d, 0x4d, 0x1b, 0x5b, 0x30, 0x6d, 0x1b, 0x5b, 
    0x33, 0x38, 0x3b, 0x32, 0x3b, 0x32, 0x35, 0x35, 0x3b, 0x32, 0x35, 0x35, 0x3b, 0x32, 0x35, 0x35, 
    0x6d, 0x4d, 0x1b, 0x5b, 0x30, 0x6d, 0x1b, 0x5b, 0x33, 0x38, 0x3b, 0x32, 0x3b, 0x31, 0x37, 0x39, 
    0x3b, 0x31, 0x37, 0x39, 0x3b, 0x31, 0x37, 0x39, 0x6d, 0x6b, 0x1b, 0x5b, 0x30, 0x6d, 0x1b, 0x5b, 
    0x33, 0x38, 0x3b, 0x32, 0x3b, 0x31, 0x30, 0x32, 0x3b, 0x31, 0x30, 0x32, 0x3b, 0x31, 0x30, 0x32, 
    0x6d, 0x3a, 0x1b, 0x5b, 0x30, 0x6d, 0x1b, 0x5b, 0x33, 0x38, 0x3b, 0x32, 0x3b, 0x35, 0x31, 0x3b, 
    0x35, 0x31, 0x3b, 0x35, 0x31, 0x6d, 0x2e, 0x1b, 0x5b, 0x30, 0x6d, 0x1b, 0x5b, 0x33, 0x38, 0x3b, 
    0x32, 0x3b, 0x30, 0x3b, 0x30, 0x3b, 0x30, 0x6d, 0x20, 0x1b, 0x5b, 0x30, 0x6d, 0x1b, 0x5b, 0x33, 
    0x38, 0x3b, 0x32, 0x3b, 0x30, 0x3b, 0x30, 0x3b, 0x30, 0x6d, 0x20, 0x1b, 0x5b, 0x30, 0x6d, 0x1b, 
    0x5b, 0x33, 0x38, 0x3b, 0x32, 0x3b, 0x30, 0x3b, 0x30, 0x3b, 0x30, 0x6d, 0x20, 0x1b, 0x5b, 0x30, 
    0x6d, 0x1b, 0x5b, 0x33, 0x38, 0x3b, 0x32, 0x3b, 0x30, 0x3b, 0x30, 0x3b, 0x30, 0x6d, 0x20, 0x1b, 
    0x5b, 0x30, 0x6d, 0x1b, 0x5b, 0x33, 0x38, 0x3b, 0x32, 0x3b, 0x30, 0x3b, 0x30, 0x3b, 0x30, 0x6d, 
    0x20, 0x1b, 0x5b, 0x30, 0x6d, 0x1b, 0x5b, 0x33, 0x38, 0x3b, 0x32, 0x3b, 0x30, 0x3b, 0x30, 0x3b, 
    0x30, 0x6d, 0x20, 0x1b, 0x5b, 0x30, 0x6d, 0x1b, 0x5b, 0x33, 0x38, 0x3b, 0x32, 0x3b, 0x30, 0x3b, 
    0x30, 0x3b, 0x30, 0x6d, 0x20, 0x1b, 0x5b, 0x30, 0x6d, 0x1b, 0x5b, 0x33, 0x38, 0x3b, 0x32, 0x3b, 
    0x30, 0x3b, 0x30, 0x3b, 0x30, 0x6d, 0x20, 0x1b, 0x5b, 0x30, 0x6d, 0x1b, 0x5b, 0x33, 0x38, 0x3b, 
    0x32, 0x3b, 0x30, 0x3b, 0x30, 0x3b, 0x30, 0x6d, 0x20, 0x1b, 0x5b, 0x30, 0x6d, 0x1b, 0x5b, 0x33, 
    0x38, 0x3b, 0x32, 0x3b, 0x30, 0x3b, 0x30, 0x3b, 0x30, 0x6d, 0x20, 0x1b, 0x5b, 0x30, 0x6d, 0x1b, 
    0x5b, 0x33, 0x38, 0x3b, 0x32, 0x3b, 0x30, 0x3b, 0x30, 0x3b, 0x30, 0x6d, 0x20, 0x1b, 0x5b, 0x30, 
    0x6d, 0x1b, 0x5b, 0x33, 0x38, 0x3b, 0x32, 0x3b, 0x32, 0x35, 0x35, 0x3b, 0x32, 0x35, 0x35, 0x3b, 
    0x32, 0x35, 0x35, 0x6d, 0x4d, 0x1b, 0x5b, 0x30, 0x6d, 0x1b, 0x5b, 0x33, 0x38, 0x3b, 0x32, 0x3b, 
    0x32, 0x35, 0x35, 0x3b, 0x32, 0x35, 0x35, 0x3b, 0x32, 0x35, 0x35, 0x6d, 0x4d, 0x1b, 0x5b, 0x30, 
    0x6d, 0x1b, 0x5b, 0x33, 0x38, 0x3b, 0x32, 0x3b, 0x32, 0x35, 0x35, 0x3b, 0x32, 0x35, 0x35, 0x3b, 
    0x32, 0x35, 0x35, 0x6d, 0x4d, 0x1b, 0x5b, 0x30, 0x6d, 0x1b, 0x5b, 0x33, 0x38, 0x3b, 0x32, 0x3b, 
    0x32, 0x35, 0x35, 0x3b, 0x32, 0x35, 0x35, 0x3b, 0x32, 0x35, 0x35, 0x6d, 0x4d, 0x1b, 0x5b, 0x30, 
    0x6d, 0x1b, 0x5b, 0x33, 0x38, 0x3b, 0x32, 0x3b, 0x32, 0x35, 0x35, 0x3b, 0x32, 0x35, 0x35, 0x3b, 
    0x32, 0x35, 0x35, 0x6d, 0x4d, 0x1b, 0x5b, 0x30, 0x6d, 0x1b, 0x5b, 0x33, 0x38, 0x3b, 0x32, 0x3b, 
    0x32, 0x35, 0x35, 0x3b, 0x32, 0x35, 0x35, 0x3b, 0x32, 0x35, 0x35, 0x6d, 0x4d, 0x1b, 0x5b, 0x30, 
    0x6d, 0x1b, 0x5b, 0x33, 0x38, 0x3b, 0x32, 0x3b, 0x32, 0x35, 0x35, 0x3b, 0x32, 0x35, 0x35, 0x3b, 
    0x32, 0x35, 0x35, 0x6d, 0x4d, 0x1b, 0x5b, 0x30, 0x6d, 0x1b, 0x5b, 0x33, 0x38, 0x3b, 0x32, 0x3b, 
    0x32, 0x35, 0x35, 0x3b, 0x32, 0x35, 0x35, 0x3b, 0x32, 0x35, 0x35, 0x6d, 0x4d, 0x1b, 0x5b, 0x30, 
    0x6d, 0x1b, 0x5b, 0x33, 0x38, 0x3b, 0x32, 0x3b, 0x32, 0x35, 0x35, 0x3b, 0x32, 0x35, 0x35, 0x3b, 
    0x32, 0x35, 0x35, 0x6d, 0x4d, 0x1b, 0x5b, 0x30, 0x6d, 0x1b, 0x5b, 0x33, 0x38, 0x3b, 0x32, 0x3b, 
    0x32, 0x35, 0x35, 0x3b, 0x32, 0x35, 0x35, 0x3b, 0x32, 0x35, 0x35, 0x6d, 0x4d, 0x1b, 0x5b, 0x30, 
    0x6d, 0x1b, 0x5b, 0x33, 0x38, 0x3b, 0x32, 0x3b, 0x32, 0x35, 0x35, 0x3b, 0x32, 0x35, 0x35, 0x3b, 
    0x32, 0x35, 0x35, 0x6d, 0x4d, 0x1b, 0x5b, 0x30, 0x6d, 0x0a, 0x1b, 0x5b, 0x30, 0x6d, 0x1b, 0x5b, 
    0x33, 0x38, 0x3b, 0x32, 0x3b, 0x32, 0x35, 0x35, 0x3b, 0x32, 0x35, 0x35, 0x3b, 0x32, 0x35, 0x35, 
    0x6d, 0x4d, 0x1b, 0x5b, 0x30, 0x6d, 0x1b, 0x5b, 0x33, 0x38, 0x3b, 0x32, 0x3b, 0x32, 0x35, 0x35, 
    0x3b, 0x32, 0x35, 0x35, 0x3b, 0x32, 0x35, 0x35, 0x6d, 0x4d, 0x1b, 0x5b, 0x30, 0x6d, 0x1b, 0x5b, 
    0x33, 0x38, 0x3b, 0x32, 0x3b, 0x32, 0x35, 0x35, 0x3b, 0x32, 0x35, 0x35, 0x3b, 0x32, 0x35, 0x35, 
    0x6d, 0x4d, 0x1b, 0x5b, 0x30, 0x6d, 0x1b, 0x5b, 0x33, 0x38, 0x3b, 0x32, 0x3b, 0x32, 0x35, 0x35, 
    0x3b, 0x32, 0x35, 0x35, 0x3b, 0x32, 0x35, 0x35, 0x6d, 0x4d, 0x1b, 0x5b, 0x30, 0x6d, 0x1b, 0x5b, 
    0x33, 0x38, 0x3b, 0x32, 0x3b, 0x32, 0x35, 0x35, 0x3b, 0x32, 0x35, 0x35, 0x3b, 0x32, 0x35, 0x35, 
    0x6d, 0x4d, 0x1b, 0x5b, 0x30, 0x6d, 0x1b, 0x5b, 0x33, 0x38, 0x3b, 0x32, 0x3b, 0x32, 0x35, 0x35, 
    0x3b, 0x32, 0x35, 0x35, 0x3b, 0x32, 0x35, 0x35, 0x6d, 0x4d, 0x1b, 0x5b, 0x30, 0x6d, 0x1b, 0x5b, 
    0x33, 0x38, 0x3b, 0x32, 0x3b, 0x32, 0x35, 0x35, 0x3b, 0x32, 0x35, 0x35, 0x3b, 0x32, 0x35, 0x35, 
    0x6d, 0x4d, 0x1b, 0x5b, 0x30, 0x6d, 0x1b, 0x5b, 0x33, 0x38, 0x3b, 0x32, 0x3b, 0x32, 0x35, 0x35, 
    0x3b, 0x32, 0x35, 0x35, 0x3b, 0x32, 0x35, 0x35, 0x6d, 0x4d, 0x1b, 0x5b, 0x30, 0x6d, 0x1b, 0x5b, 
    0x33, 0x38, 0x3b, 0x32, 0x3b, 0x32, 0x35, 0x35, 0x3b, 0x32, 0x35, 0x35, 0x3b, 0x32, 0x35, 0x35, 
    0x6d, 0x4d, 0x1b, 0x5b, 0x30, 0x6d, 0x1b, 0x5b, 0x33, 0x38, 0x3b, 0x32, 0x3b, 0x32, 0x35, 0x35, 
    0x3b, 0x32, 0x35, 0x35, 0x3b, 0x32, 0x35, 0x35, 0x6d, 0x4d, 0x1b, 0x5b, 0x30, 0x6d, 0x1b, 0x5b, 
    0x33, 0x38, 0x3b, 0x32, 0x3b, 0x32, 0x35, 0x35, 0x3b, 0x32, 0x35, 0x35, 0x3b, 0x32, 0x35, 0x35, 
    0x6d, 0x4d, 0x1b, 0x5b, 0x30, 0x6d, 0x1b, 0x5b, 0x33, 0x38, 0x3b, 0x32, 0x3b, 0x32, 0x35, 0x35, 
    0x3b, 0x32, 0x35, 0x35, 0x3b, 0x32, 0x35, 0x35, 0x6d, 0x4d, 0x1b, 0x5b, 0x30, 0x6d, 0x1b, 0x5b, 
    0x33, 0x38, 0x3b, 0x32, 0x3b, 0x32, 0x35, 0x35, 0x3b, 0x32, 0x35, 0x35, 0x3b, 0x32, 0x35, 0x35, 
    0x6d, 0x4d, 0x1b, 0x5b, 0x30, 0x6d, 0x1b, 0x5b, 0x33, 0x38, 0x3b, 0x32, 0x3b, 0x32, 0x35, 0x35, 
    0x3b, 0x32, 0x35, 0x35, 0x3b, 0x32, 0x35, 0x35, 0x6d, 0x4d, 0x1b, 0x5b, 0x30, 0x6d, 0x1b, 0x5b, 
    0x33, 0x38, 0x3b, 0x32, 0x3b, 0x32, 0x35, 0x35, 0x3b, 0x32, 0x35, 0x35, 0x3b, 0x32, 0x35, 0x35, 
    0x6d, 0x4d, 0x1b, 0x5b, 0x30, 0x6d, 0x1b, 0x5b, 0x33, 0x38, 0x3b, 0x32, 0x3b, 0x32, 0x35, 0x35, 
    0x3b, 0x32, 0x35, 0x35, 0x3b, 0x32, 0x35, 0x35, 0x6d, 0x4d, 0x1b, 0x5b, 0x30, 0x6d, 0x1b, 0x5b, 
    0x33, 0x38, 0x3b, 0x32, 0x3b, 0x32, 0x35, 0x35, 0x3b, 0x32, 0x35, 0x35, 0x3b, 0x32, 0x35, 0x35, 
    0x6d, 0x4d, 0x1b, 0x5b, 0x30, 0x6d, 0x1b, 0x5b, 0x33, 0x38, 0x3b, 0x32, 0x3b, 0x32, 0x35, 0x35, 
    0x3b, 0x32, 0x35, 0x35, 0x3b, 0x32, 0x35, 0x35, 0x6d, 0x4d, 0x1b, 0x5b, 0x30, 0x6d, 0x1b, 0x5b, 
    0x33, 0x38, 0x3b, 0x32, 0x3b, 0x30, 0x3b, 0x30, 0x3b, 0x30, 0x6d, 0x20, 0x1b, 0x5b, 0x30, 0x6d, 
    0x1b, 0x5b, 0x33, 0x38, 0x3b, 0x32, 0x3b, 0x30, 0x3b, 0x30, 0x3b, 0x30, 0x6d, 0x20, 0x1b, 0x5b, 
    0x30, 0x6d, 0x1b, 0x5b, 0x33, 0x38, 0x3b, 0x32, 0x3b, 0x31, 0x32, 0x38, 0x3b, 0x31, 0x32, 0x38, 
    0x3b, 0x31, 0x32, 0x38, 0x6d, 0x6c, 0x1b, 0x5b, 0x30, 0x6d, 0x1b, 0x5b, 0x33, 0x38, 0x3b, 0x32, 
    0x3b, 0x32, 0x35, 0x35, 0x3b, 0x32, 0x35, 0x35, 0x3b, 0x32, 0x35, 0x35, 0x6d, 0x4d, 0x1b, 0x5b, 
    0x30, 0x6d, 0x1b, 0x5b, 0x33, 0x38, 0x3b, 0x32, 0x3b, 0x32, 0x35, 0x35, 0x3b, 0x32, 0x35, 0x35, 
    0x3b, 0x32, 0x35, 0x35, 0x6d, 0x4d, 0x1b, 0x5b, 0x30, 0x6d, 0x1b, 0x5b, 0x33, 0x38, 0x3b, 0x32, 
    0x3b, 0x30, 0x3b, 0x30, 0x3b, 0x30, 0x6d, 0x20, 0x1b, 0x5b, 0x30, 0x6d, 0x1b, 0x5b, 0x33, 0x38, 
    0x3b, 0x32, 0x3b, 0x30, 0x3b, 0x30, 0x3b, 0x30, 0x6d, 0x20, 0x1b, 0x5b, 0x30, 0x6d, 0x1b, 0x5b, 
    0x33, 0x38, 0x3b, 0x32, 0x3b, 0x32, 0x35, 0x35, 0x3b, 0x32, 0x35, 0x35, 0x3b, 0x32, 0x35, 0x35, 
    0x6d, 0x4d, 0x1b, 0x5b, 0x30, 0x6d, 0x1b, 0x5b, 0x33, 0x38, 0x3b, 0x32, 0x3b, 0x32, 0x35, 0x35, 
    0x3b, 0x32, 0x35, 0x35, 0x3b, 0x32, 0x35, 0x35, 0x6d, 0x4d, 0x1b, 0x5b, 0x30, 0x6d, 0x1b, 0x5b, 
    0x33, 0x38, 0x3b, 0x32, 0x3b, 0x32, 0x35, 0x35, 0x3b, 0x32, 0x35, 0x35, 0x3b, 0x32, 0x35, 0x35, 
    0x6d, 0x4d, 0x1b, 0x5b, 0x30, 0x6d, 0x1b, 0x5b, 0x33, 0x38, 0x3b, 0x32, 0x3b, 0x32, 0x35, 0x35, 
    0x3b, 0x32, 0x35, 0x35, 0x3b, 0x32, 0x35, 0x35, 0x6d, 0x4d, 0x1b, 0x5b, 0x30, 0x6d, 0x1b, 0x5b, 
    0x33, 0x38, 0x3b, 0x32, 0x3b, 0x32, 0x35, 0x35, 0x3b, 0x32, 0x35, 0x35, 0x3b, 0x32, 0x35, 0x35, 
    0x6d, 0x4d, 0x1b, 0x5b, 0x30, 0x6d, 0x1b, 0x5b, 0x33, 0x38, 0x3b, 0x32, 0x3b, 0x32, 0x35, 0x35, 
    0x3b, 0x32, 0x35, 0x35, 0x3b, 0x32, 0x35, 0x35, 0x6d, 0x4d, 0x1b, 0x5b, 0x30, 0x6d, 0x1b, 0x5b, 
    0x33, 0x38, 0x3b, 0x32, 0x3b, 0x32, 0x35, 0x35, 0x3b, 0x32, 0x35, 0x35, 0x3b, 0x32, 0x35, 0x35, 
    0x6d, 0x4d, 0x1b, 0x5b, 0x30, 0x6d, 0x1b, 0x5b, 0x33, 0x38, 0x3b, 0x32, 0x3b, 0x32, 0x35, 0x35, 
    0x3b, 0x32, 0x35, 0x35, 0x3b, 0x32, 0x35, 0x35, 0x6d, 0x4d, 0x1b, 0x5b, 0x30, 0x6d, 0x1b, 0x5b, 
    0x33, 0x38, 0x3b, 0x32, 0x3b, 0x32, 0x35, 0x35, 0x3b, 0x32, 0x35, 0x35, 0x3b, 0x32, 0x35, 0x35, 
    0x6d, 0x4d, 0x1b, 0x5b, 0x30, 0x6d, 0x1b, 0x5b, 0x33, 0x38, 0x3b, 0x32, 0x3b, 0x30, 0x3b, 0x30, 
    0x3b, 0x30, 0x6d, 0x20, 0x1b, 0x5b, 0x30, 0x6d, 0x1b, 0x5b, 0x33, 0x38, 0x3b, 0x32, 0x3b, 0x30, 
    0x3b, 0x30, 0x3b, 0x30, 0x6d, 0x20, 0x1b, 0x5b, 0x30, 0x6d, 0x1b, 0x5b, 0x33, 0x38, 0x3b, 0x32, 
    0x3b, 0x31, 0x32, 0x38, 0x3b, 0x31, 0x32, 0x38, 0x3b, 0x31, 0x32, 0x38, 0x6d, 0x6c, 0x1b, 0x5b, 
    0x30, 0x6d, 0x1b, 0x5b, 0x33, 0x38, 0x3b, 0x32, 0x3b, 0x32, 0x35, 0x35, 0x3b, 0x32, 0x35, 0x35, 
    0x3b, 0x32, 0x35, 0x35, 0x6d, 0x4d, 0x1b, 0x5b, 0x30, 0x6d, 0x1b, 0x5b, 0x33, 0x38, 0x3b, 0x32, 
    0x3b, 0x32, 0x35, 0x35, 0x3b, 0x32, 0x35, 0x35, 0x3b, 0x32, 0x35, 0x35, 0x6d, 0x4d, 0x1b, 0x5b, 
    0x30, 0x6d, 0x1b, 0x5b, 0x33, 0x38, 0x3b, 0x32, 0x3b, 0x32, 0x35, 0x35, 0x3b, 0x32, 0x35, 0x35, 
    0x3b, 0x32, 0x35, 0x35, 0x6d, 0x4d, 0x1b, 0x5b, 0x30, 0x6d, 0x1b, 0x5b, 0x33, 0x38, 0x3b, 0x32, 
    0x3b, 0x32, 0x35, 0x35, 0x3b, 0x32, 0x35, 0x35, 0x3b, 0x32, 0x35, 0x35, 0x6d, 0x4d, 0x1b, 0x5b, 
    0x30, 0x6d, 0x1b, 0x5b, 0x33, 0x38, 0x3b, 0x32, 0x3b, 0x36, 0x34, 0x3b, 0x36, 0x34, 0x3b, 0x36, 
    0x34, 0x6d, 0x27, 0x1b, 0x5b, 0x30, 0x6d, 0x1b, 0x5b, 0x33, 0x38, 0x3b, 0x32, 0x3b, 0x36, 0x34, 
    0x3b, 0x36, 0x34, 0x3b, 0x36, 0x34, 0x6d, 0x27, 0x1b, 0x5b, 0x30, 0x6d, 0x1b, 0x5b, 0x33, 0x38, 
    0x3b, 0x32, 0x3b, 0x31, 0x35, 0x39, 0x3b, 0x31, 0x35, 0x39, 0x3b, 0x31, 0x35, 0x39, 0x6d, 0x78, 
    0x1b, 0x5b, 0x30, 0x6d, 0x1b, 0x5b, 0x33, 0x38, 0x3b, 0x32, 0x3b, 0x32, 0x35, 0x35, 0x3b, 0x32, 
    0x35, 0x35, 0x3b, 0x32, 0x35, 0x35, 0x6d, 0x4d, 0x1b, 0x5b, 0x30, 0x6d, 0x1b, 0x5b, 0x33, 0x38, 
    0x3b, 0x32, 0x3b, 0x32, 0x35, 0x35, 0x3b, 0x32, 0x35, 0x35, 0x3b, 0x32, 0x35, 0x35, 0x6d, 0x4d, 
    0x1b, 0x5b, 0x30, 0x6d, 0x1b, 0x5b, 0x33, 0x38, 0x3b, 0x32, 0x3b, 0x32, 0x35, 0x35, 0x3b, 0x32, 
    0x35, 0x35, 0x3b, 0x32, 0x35, 0x35, 0x6d, 0x4d, 0x1b, 0x5b, 0x30, 0x6d, 0x1b, 0x5b, 0x33, 0x38, 
    0x3b, 0x32, 0x3b, 0x32, 0x35, 0x35, 0x3b, 0x32, 0x35, 0x35, 0x3b, 0x32, 0x35, 0x35, 0x6d, 0x4d, 
    0x1b, 0x5b, 0x30, 0x6d, 0x1b, 0x5b, 0x33, 0x38, 0x3b, 0x32, 0x3b, 0x30, 0x3b, 0x30, 0x3b, 0x30, 
    0x6d, 0x20, 0x1b, 0x5b, 0x30, 0x6d, 0x1b, 0x5b, 0x33, 0x38, 0x3b, 0x32, 0x3b, 0x30, 0x3b, 0x30, 
    0x3b, 0x30, 0x6d, 0x20, 0x1b, 0x5b, 0x30, 0x6d, 0x1b, 0x5b, 0x33, 0x38, 0x3b, 0x32, 0x3b, 0x32, 
    0x35, 0x35, 0x3b, 0x32, 0x35, 0x35, 0x3b, 0x32, 0x35, 0x35, 0x6d, 0x4d, 0x1b, 0x5b, 0x30, 0x6d, 
    0x1b, 0x5b, 0x33, 0x38, 0x3b, 0x32, 0x3b, 0x32, 0x35, 0x35, 0x3b, 0x32, 0x35, 0x35, 0x3b, 0x32, 
    0x35, 0x35, 0x6d, 0x4d, 0x1b, 0x5b, 0x30, 0x6d, 0x1b, 0x5b, 0x33, 0x38, 0x3b, 0x32, 0x3b, 0x32, 
    0x35, 0x35, 0x3b, 0x32, 0x35, 0x35, 0x3b, 0x32, 0x35, 0x35, 0x6d, 0x4d, 0x1b, 0x5b, 0x30, 0x6d, 
    0x1b, 0x5b, 0x33, 0x38, 0x3b, 0x32, 0x3b, 0x32, 0x35, 0x35, 0x3b, 0x32, 0x35, 0x35, 0x3b, 0x32, 
    0x35, 0x35, 0x6d, 0x4d, 0x1b, 0x5b, 0x30, 0x6d, 0x1b, 0x5b, 0x33, 0x38, 0x3b, 0x32, 0x3b, 0x32, 
    0x35, 0x35, 0x3b, 0x32, 0x35, 0x35, 0x3b, 0x32, 0x35, 0x35, 0x6d, 0x4d, 0x1b, 0x5b, 0x30, 0x6d, 
    0x1b, 0x5b, 0x33, 0x38, 0x3b, 0x32, 0x3b, 0x32, 0x35, 0x35, 0x3b, 0x32, 0x35, 0x35, 0x3b, 0x32, 
    0x35, 0x35, 0x6d, 0x4d, 0x1b, 0x5b, 0x30, 0x6d, 0x1b, 0x5b, 0x33, 0x38, 0x3b, 0x32, 0x3b, 0x32, 
    0x35, 0x35, 0x3b, 0x32, 0x35, 0x35, 0x3b, 0x32, 0x35, 0x35, 0x6d, 0x4d, 0x1b, 0x5b, 0x30, 0x6d, 
    0x1b, 0x5b, 0x33, 0x38, 0x3b, 0x32, 0x3b, 0x32, 0x35, 0x35, 0x3b, 0x32, 0x35, 0x35, 0x3b, 0x32, 
    0x35, 0x35, 0x6d, 0x4d, 0x1b, 0x5b, 0x30, 0x6d, 0x1b, 0x5b, 0x33, 0x38, 0x3b, 0x32, 0x3b, 0x32, 
    0x35, 0x35, 0x3b, 0x32, 0x35, 0x35, 0x3b, 0x32, 0x35, 0x35, 0x6d, 0x4d, 0x1b, 0x5b, 0x30, 0x6d, 
    0x1b, 0x5b, 0x33, 0x38, 0x3b, 0x32, 0x3b, 0x32, 0x35, 0x35, 0x3b, 0x32, 0x35, 0x35, 0x3b, 0x32, 
    0x35, 0x35, 0x6d, 0x4d, 0x1b, 0x5b, 0x30, 0x6d, 0x1b, 0x5b, 0x33, 0x38, 0x3b, 0x32, 0x3b, 0x32, 
    0x35, 0x35, 0x3b, 0x32, 0x35, 0x35, 0x3b, 0x32, 0x35, 0x35, 0x6d, 0x4d, 0x1b, 0x5b, 0x30, 0x6d, 
    0x1b, 0x5b, 0x33, 0x38, 0x3b, 0x32, 0x3b, 0x32, 0x35, 0x35, 0x3b, 0x32, 0x35, 0x35, 0x3b, 0x32, 
    0x35, 0x35, 0x6d, 0x4d, 0x1b, 0x5b, 0x30, 0x6d, 0x1b, 0x5b, 0x33, 0x38, 0x3b, 0x32, 0x3b, 0x32, 
    0x35, 0x35, 0x3b, 0x32, 0x35, 0x35, 0x3b, 0x32, 0x35, 0x35, 0x6d, 0x4d, 0x1b, 0x5b, 0x30, 0x6d, 
    0x1b, 0x5b, 0x33, 0x38, 0x3b, 0x32, 0x3b, 0x32, 0x35, 0x35, 0x3b, 0x32, 0x35, 0x35, 0x3b, 0x32, 
    0x35, 0x35, 0x6d, 0x4d, 0x1b, 0x5b, 0x30, 0x6d, 0x1b, 0x5b, 0x33, 0x38, 0x3b, 0x32, 0x3b, 0x31, 
    0x39, 0x31, 0x3b, 0x31, 0x39, 0x31, 0x3b, 0x31, 0x39, 0x31, 0x6d, 0x30, 0x1b, 0x5b, 0x30, 0x6d, 
    0x1b, 0x5b, 0x33, 0x38, 0x3b, 0x32, 0x3b, 0x31, 0x39, 0x31, 0x3b, 0x31, 0x39, 0x31, 0x3b, 0x31, 
    0x39, 0x31, 0x6d, 0x30, 0x1b, 0x5b, 0x30, 0x6d, 0x1b, 0x5b, 0x33, 0x38, 0x3b, 0x32, 0x3b, 0x30, 
    0x3b, 0x30, 0x3b, 0x30, 0x6d, 0x20, 0x1b, 0x5b, 0x30, 0x6d, 0x1b, 0x5b, 0x33, 0x38, 0x3b, 0x32, 
    0x3b, 0x30, 0x3b, 0x30, 0x3b, 0x30, 0x6d, 0x20, 0x1b, 0x5b, 0x30, 0x6d, 0x1b, 0x5b, 0x33, 0x38, 
    0x3b, 0x32, 0x3b, 0x31, 0x32, 0x38, 0x3b, 0x31, 0x32, 0x38, 0x3b, 0x31, 0x32, 0x38, 0x6d, 0x6c, 
    0x1b, 0x5b, 0x30, 0x6d, 0x1b, 0x5b, 0x33, 0x38, 0x3b, 0x32, 0x3b, 0x32, 0x35, 0x35, 0x3b, 0x32, 
    0x35, 0x35, 0x3b, 0x32, 0x35, 0x35, 0x6d, 0x4d, 0x1b, 0x5b, 0x30, 0x6d, 0x1b, 0x5b, 0x33, 0x38, 
    0x3b, 0x32, 0x3b, 0x32, 0x35, 0x35, 0x3b, 0x32, 0x35, 0x35, 0x3b, 0x32, 0x35, 0x35, 0x6d, 0x4d, 
    0x1b, 0x5b, 0x30, 0x6d, 0x1b, 0x5b, 0x33, 0x38, 0x3b, 0x32, 0x3b, 0x32, 0x35, 0x35, 0x3b, 0x32, 
    0x35, 0x35, 0x3b, 0x32, 0x35, 0x35, 0x6d, 0x4d, 0x1b, 0x5b, 0x30, 0x6d, 0x1b, 0x5b, 0x33, 0x38, 
    0x3b, 0x32, 0x3b, 0x32, 0x35, 0x35, 0x3b, 0x32, 0x35, 0x35, 0x3b, 0x32, 0x35, 0x35, 0x6d, 0x4d, 
    0x1b, 0x5b, 0x30, 0x6d, 0x1b, 0x5b, 0x33, 0x38, 0x3b, 0x32, 0x3b, 0x32, 0x35, 0x35, 0x3b, 0x32, 
    0x35, 0x35, 0x3b, 0x32, 0x35, 0x35, 0x6d, 0x4d, 0x1b, 0x5b, 0x30, 0x6d, 0x1b, 0x5b, 0x33, 0x38, 
    0x3b, 0x32, 0x3b, 0x32, 0x35, 0x35, 0x3b, 0x32, 0x35, 0x35, 0x3b, 0x32, 0x35, 0x35, 0x6d, 0x4d, 
    0x1b, 0x5b, 0x30, 0x6d, 0x1b, 0x5b, 0x33, 0x38, 0x3b, 0x32, 0x3b, 0x32, 0x35, 0x35, 0x3b, 0x32, 
    0x35, 0x35, 0x3b, 0x32, 0x35, 0x35, 0x6d, 0x4d, 0x1b, 0x5b, 0x30, 0x6d, 0x1b, 0x5b, 0x33, 0x38, 
    0x3b, 0x32, 0x3b, 0x32, 0x35, 0x35, 0x3b, 0x32, 0x35, 0x35, 0x3b, 0x32, 0x35, 0x35, 0x6d, 0x4d, 
    0x1b, 0x5b, 0x30, 0x6d, 0x1b, 0x5b, 0x33, 0x38, 0x3b, 0x32, 0x3b, 0x31, 0x32, 0x38, 0x3b, 0x31, 
    0x32, 0x38, 0x3b, 0x31, 0x32, 0x38, 0x6d, 0x6c, 0x1b, 0x5b, 0x30, 0x6d, 0x1b, 0x5b, 0x33, 0x38, 
    0x3b, 0x32, 0x3b, 0x30, 0x3b, 0x30, 0x3b, 0x30, 0x6d, 0x20, 0x1b, 0x5b, 0x30, 0x6d, 0x1b, 0x5b, 
    0x33, 0x38, 0x3b, 0x32, 0x3b, 0x30, 0x3b, 0x30, 0x3b, 0x30, 0x6d, 0x20, 0x1b, 0x5b, 0x30, 0x6d, 
    0x1b, 0x5b, 0x33, 0x38, 0x3b, 0x32, 0x3b, 0x30, 0x3b, 0x30, 0x3b, 0x30, 0x6d, 0x20, 0x1b, 0x5b, 
    0x30, 0x6d, 0x1b, 0x5b, 0x33, 0x38, 0x3b, 0x32, 0x3b, 0x30, 0x3b, 0x30, 0x3b, 0x30, 0x6d, 0x20, 
    0x1b, 0x5b, 0x30, 0x6d, 0x1b, 0x5b, 0x33, 0x38, 0x3b, 0x32, 0x3b, 0x30, 0x3b, 0x30, 0x3b, 0x30, 
    0x6d, 0x20, 0x1b, 0x5b, 0x30, 0x6d, 0x1b, 0x5b, 0x33, 0x38, 0x3b, 0x32, 0x3b, 0x30, 0x3b, 0x30, 
    0x3b, 0x30, 0x6d, 0x20, 0x1b, 0x5b, 0x30, 0x6d, 0x1b, 0x5b, 0x33, 0x38, 0x3b, 0x32, 0x3b, 0x30, 
    0x3b, 0x30, 0x3b, 0x30, 0x6d, 0x20, 0x1b, 0x5b, 0x30, 0x6d, 0x1b, 0x5b, 0x33, 0x38, 0x3b, 0x32, 
    0x3b, 0x30, 0x3b, 0x30, 0x3b, 0x30, 0x6d, 0x20, 0x1b, 0x5b, 0x30, 0x6d, 0x1b, 0x5b, 0x33, 0x38, 
    0x3b, 0x32, 0x3b, 0x30, 0x3b, 0x30, 0x3b, 0x30, 0x6d, 0x20, 0x1b, 0x5b, 0x30, 0x6d, 0x1b, 0x5b, 
    0x33, 0x38, 0x3b, 0x32, 0x3b, 0x30, 0x3b, 0x30, 0x3b, 0x30, 0x6d, 0x20, 0x1b, 0x5b, 0x30, 0x6d, 
    0x1b, 0x5b, 0x33, 0x38, 0x3b, 0x32, 0x3b, 0x30, 0x3b, 0x30, 0x3b, 0x30, 0x6d, 0x20, 0x1b, 0x5b, 
    0x30, 0x6d, 0x1b, 0x5b, 0x33, 0x38, 0x3b, 0x32, 0x3b, 0x31, 0x39, 0x31, 0x3b, 0x31, 0x39, 0x31, 
    0x3b, 0x31, 0x39, 0x31, 0x6d, 0x30, 0x1b, 0x5b, 0x30, 0x6d, 0x1b, 0x5b, 0x33, 0x38, 0x3b, 0x32, 
    0x3b, 0x31, 0x39, 0x31, 0x3b, 0x31, 0x39, 0x31, 0x3b, 0x31, 0x39, 0x31, 0x6d, 0x30, 0x1b, 0x5b, 
    0x30, 0x6d, 0x1b, 0x5b, 0x33, 0x38, 0x3b, 0x32, 0x3b, 0x32, 0x32, 0x33, 0x3b, 0x32, 0x32, 0x33, 
    0x3b, 0x32, 0x32, 0x33, 0x6d, 0x58, 0x1b, 0x5b, 0x30, 0x6d, 0x1b, 0x5b, 0x33, 0x38, 0x3b, 0x32, 
    0x3b, 0x32, 0x35, 0x35, 0x3b, 0x32, 0x35, 0x35, 0x3b, 0x32, 0x35, 0x35, 0x6d, 0x4d, 0x1b, 0x5b, 
    0x30, 0x6d, 0x1b, 0x5b, 0x33, 0x38, 0x3b, 0x32, 0x3b, 0x32, 0x35, 0x35, 0x3b, 0x32, 0x35, 0x35, 
    0x3b, 0x32, 0x35, 0x35, 0x6d, 0x4d, 0x1b, 0x5b, 0x30, 0x6d, 0x1b, 0x5b, 0x33, 0x38, 0x3b, 0x32, 
    0x3b, 0x32, 0x35, 0x35, 0x3b, 0x32, 0x35, 0x35, 0x3b, 0x32, 0x35, 0x35, 0x6d, 0x4d, 0x1b, 0x5b, 
    0x30, 0x6d, 0x1b, 0x5b, 0x33, 0x38, 0x3b, 0x32, 0x3b, 0x32, 0x35, 0x35, 0x3b, 0x32, 0x35, 0x35, 
    0x3b, 0x32, 0x35, 0x35, 0x6d, 0x4d, 0x1b, 0x5b, 0x30, 0x6d, 0x1b, 0x5b, 0x33, 0x38, 0x3b, 0x32, 
    0x3b, 0x32, 0x35, 0x35, 0x3b, 0x32, 0x35, 0x35, 0x3b, 0x32, 0x35, 0x35, 0x6d, 0x4d, 0x1b, 0x5b, 
    0x30, 0x6d, 0x1b, 0x5b, 0x33, 0x38, 0x3b, 0x32, 0x3b, 0x32, 0x35, 0x35, 0x3b, 0x32, 0x35, 0x35, 
    0x3b, 0x32, 0x35, 0x35, 0x6d, 0x4d, 0x1b, 0x5b, 0x30, 0x6d, 0x1b, 0x5b, 0x33, 0x38, 0x3b, 0x32, 
    0x3b, 0x32, 0x35, 0x35, 0x3b, 0x32, 0x35, 0x35, 0x3b, 0x32, 0x35, 0x35, 0x6d, 0x4d, 0x1b, 0x5b, 
    0x30, 0x6d, 0x1b, 0x5b, 0x33, 0x38, 0x3b, 0x32, 0x3b, 0x32, 0x35, 0x35, 0x3b, 0x32, 0x35, 0x35, 
    0x3b, 0x32, 0x35, 0x35, 0x6d, 0x4d, 0x1b, 0x5b, 0x30, 0x6d, 0x0a, 0x1b, 0x5b, 0x30, 0x6d, 0x1b, 
    0x5b, 0x33, 0x38, 0x3b, 0x32, 0x3b, 0x32, 0x35, 0x35, 0x3b, 0x32, 0x35, 0x35, 0x3b, 0x32, 0x35, 
    0x35, 0x6d, 0x4d, 0x1b, 0x5b, 0x30, 0x6d, 0x1b, 0x5b, 0x33, 0x38, 0x3b, 0x32, 0x3b, 0x32, 0x35, 
    0x35, 0x3b, 0x32, 0x35, 0x35, 0x3b, 0x32, 0x35, 0x35, 0x6d, 0x4d, 0x1b, 0x5b, 0x30, 0x6d, 0x1b, 
    0x5b, 0x33, 0x38, 0x3b, 0x32, 0x3b, 0x32, 0x35, 0x35, 0x3b, 0x32, 0x35, 0x35, 0x3b, 0x32, 0x35, 
    0x35, 0x6d, 0x4d, 0x1b, 0x5b, 0x30, 0x6d, 0x1b, 0x5b, 0x33, 0x38, 0x3b, 0x32, 0x3b, 0x32, 0x35, 
    0x35, 0x3b, 0x32, 0x35, 0x35, 0x3b, 0x32, 0x35, 0x35, 0x6d, 0x4d, 0x1b, 0x5b, 0x30, 0x6d, 0x1b, 
    0x5b, 0x33, 0x38, 0x3b, 0x32, 0x3b, 0x32, 0x35, 0x35, 0x3b, 0x32, 0x35, 0x35, 0x3b, 0x32, 0x35, 
    0x35, 0x6d, 0x4d, 0x1b, 0x5b, 0x30, 0x6d, 0x1b, 0x5b, 0x33, 0x38, 0x3b, 0x32, 0x3b, 0x32, 0x35, 
    0x35, 0x3b, 0x32, 0x35, 0x35, 0x3b, 0x32, 0x35, 0x35, 0x6d, 0x4d, 0x1b, 0x5b, 0x30, 0x6d, 0x1b, 
    0x5b, 0x33, 0x38, 0x3b, 0x32, 0x3b, 0x32, 0x35, 0x35, 0x3b, 0x32, 0x35, 0x35, 0x3b, 0x32, 0x35, 
    0x35, 0x6d, 0x4d, 0x1b, 0x5b, 0x30, 0x6d, 0x1b, 0x5b, 0x33, 0x38, 0x3b, 0x32, 0x3b, 0x32, 0x35, 
    0x35, 0x3b, 0x32, 0x35, 0x35, 0x3b, 0x32, 0x35, 0x35, 0x6d, 0x4d, 0x1b, 0x5b, 0x30, 0x6d, 0x1b, 
    0x5b, 0x33, 0x38, 0x3b, 0x32, 0x3b, 0x32, 0x35, 0x35, 0x3b, 0x32, 0x35, 0x35, 0x3b, 0x32, 0x35, 
    0x35, 0x6d, 0x4d, 0x1b, 0x5b, 0x30, 0x6d, 0x1b, 0x5b, 0x33, 0x38, 0x3b, 0x32, 0x3b, 0x32, 0x35, 
    0x35, 0x3b, 0x32, 0x35, 0x35, 0x3b, 0x32, 0x35, 0x35, 0x6d, 0x4d, 0x1b, 0x5b, 0x30, 0x6d, 0x1b, 
    0x5b, 0x33, 0x38, 0x3b, 0x32, 0x3b, 0x32, 0x35, 0x35, 0x3b, 0x32, 0x35, 0x35, 0x3b, 0x32, 0x35, 
    0x35, 0x6d, 0x4d, 0x1b, 0x5b, 0x30, 0x6d, 0x1b, 0x5b, 0x33, 0x38, 0x3b, 0x32, 0x3b, 0x32, 0x35, 
    0x35, 0x3b, 0x32, 0x35, 0x35, 0x3b, 0x32, 0x35, 0x35, 0x6d, 0x4d, 0x1b, 0x5b, 0x30, 0x6d, 0x1b, 
    0x5b, 0x33, 0x38, 0x3b, 0x32, 0x3b, 0x32, 0x35, 0x35, 0x3b, 0x32, 0x35, 0x35, 0x3b, 0x32, 0x35, 
    0x35, 0x6d, 0x4d, 0x1b, 0x5b, 0x30, 0x6d, 0x1b, 0x5b, 0x33, 0x38, 0x3b, 0x32, 0x3b, 0x32, 0x35, 
    0x35, 0x3b, 0x32, 0x35, 0x35, 0x3b, 0x32, 0x35, 0x35, 0x6d, 0x4d, 0x1b, 0x5b, 0x30, 0x6d, 0x1b, 
    0x5b, 0x33, 0x38, 0x3b, 0x32, 0x3b, 0x32, 0x35, 0x35, 0x3b, 0x32, 0x35, 0x35, 0x3b, 0x32, 0x35, 
    0x35, 0x6d, 0x4d, 0x1b, 0x5b, 0x30, 0x6d, 0x1b, 0x5b, 0x33, 0x38, 0x3b, 0x32, 0x3b, 0x32, 0x35, 
    0x35, 0x3b, 0x32, 0x35, 0x35, 0x3b, 0x32, 0x35, 0x35, 0x6d, 0x4d, 0x1b, 0x5b, 0x30, 0x6d, 0x1b, 
    0x5b, 0x33, 0x38, 0x3b, 0x32, 0x3b, 0x32, 0x35, 0x35, 0x3b, 0x32, 0x35, 0x35, 0x3b, 0x32, 0x35, 
    0x35, 0x6d, 0x4d, 0x1b, 0x5b, 0x30, 0x6d, 0x1b, 0x5b, 0x33, 0x38, 0x3b, 0x32, 0x3b, 0x32, 0x35, 
    0x35, 0x3b, 0x32, 0x35, 0x35, 0x3b, 0x32, 0x35, 0x35, 0x6d, 0x4d, 0x1b, 0x5b, 0x30, 0x6d, 0x1b, 
    0x5b, 0x33, 0x38, 0x3b, 0x32, 0x3b, 0x30, 0x3b, 0x30, 0x3b, 0x30, 0x6d, 0x20, 0x1b, 0x5b, 0x30, 
    0x6d, 0x1b, 0x5b, 0x33, 0x38, 0x3b, 0x32, 0x3b, 0x30, 0x3b, 0x30, 0x3b, 0x30, 0x6d, 0x20, 0x1b, 
    0x5b, 0x30, 0x6d, 0x1b, 0x5b, 0x33, 0x38, 0x3b, 0x32, 0x3b, 0x31, 0x32, 0x38, 0x3b, 0x31, 0x32, 
    0x38, 0x3b, 0x31, 0x32, 0x38, 0x6d, 0x6c, 0x1b, 0x5b, 0x30, 0x6d, 0x1b, 0x5b, 0x33, 0x38, 0x3b, 
    0x32, 0x3b, 0x32, 0x35, 0x35, 0x3b, 0x32, 0x35, 0x35, 0x3b, 0x32, 0x35, 0x35, 0x6d, 0x4d, 0x1b, 
    0x5b, 0x30, 0x6d, 0x1b, 0x5b, 0x33, 0x38, 0x3b, 0x32, 0x3b, 0x32, 0x35, 0x35, 0x3b, 0x32, 0x35, 
    0x35, 0x3b, 0x32, 0x35, 0x35, 0x6d, 0x4d, 0x1b, 0x5b, 0x30, 0x6d, 0x1b, 0x5b, 0x33, 0x38, 0x3b, 
    0x32, 0x3b, 0x30, 0x3b, 0x30, 0x3b, 0x30, 0x6d, 0x20, 0x1b, 0x5b, 0x30, 0x6d, 0x1b, 0x5b, 0x33, 
    0x38, 0x3b, 0x32, 0x3b, 0x30, 0x3b, 0x30, 0x3b, 0x30, 0x6d, 0x20, 0x1b, 0x5b, 0x30, 0x6d, 0x1b, 
    0x5b, 0x33, 0x38, 0x3b, 0x32, 0x3b, 0x32, 0x35, 0x35, 0x3b, 0x32, 0x35, 0x35, 0x3b, 0x32, 0x35, 
    0x35, 0x6d, 0x4d, 0x1b, 0x5b, 0x30, 0x6d, 0x1b, 0x5b, 0x33, 0x38, 0x3b, 0x32, 0x3b, 0x32, 0x35, 
    0x35, 0x3b, 0x32, 0x35, 0x35, 0x3b, 0x32, 0x35, 0x35, 0x6d, 0x4d, 0x1b, 0x5b, 0x30, 0x6d, 0x1b, 
    0x5b, 0x33, 0x38, 0x3b, 0x32, 0x3b, 0x32, 0x35, 0x35, 0x3b, 0x32, 0x35, 0x35, 0x3b, 0x32, 0x35, 
    0x35, 0x6d, 0x4d, 0x1b, 0x5b, 0x30, 0x6d, 0x1b, 0x5b, 0x33, 0x38, 0x3b, 0x32, 0x3b, 0x32, 0x35, 
    0x35, 0x3b, 0x32, 0x35, 0x35, 0x3b, 0x32, 0x35, 0x35, 0x6d, 0x4d, 0x1b, 0x5b, 0x30, 0x6d, 0x1b, 
    0x5b, 0x33, 0x38, 0x3b, 0x32, 0x3b, 0x32, 0x35, 0x35, 0x3b, 0x32, 0x35, 0x35, 0x3b, 0x32, 0x35, 
    0x35, 0x6d, 0x4d, 0x1b, 0x5b, 0x30, 0x6d, 0x1b, 0x5b, 0x33, 0x38, 0x3b, 0x32, 0x3b, 0x32, 0x35, 
    0x35, 0x3b, 0x32, 0x35, 0x35, 0x3b, 0x32, 0x35, 0x35, 0x6d, 0x4d, 0x1b, 0x5b, 0x30, 0x6d, 0x1b, 
    0x5b, 0x33, 0x38, 0x3b, 0x32, 0x3b, 0x32, 0x35, 0x35, 0x3b, 0x32, 0x35, 0x35, 0x3b, 0x32, 0x35, 
    0x35, 0x6d, 0x4d, 0x1b, 0x5b, 0x30, 0x6d, 0x1b, 0x5b, 0x33, 0x38, 0x3b, 0x32, 0x3b, 0x32, 0x35, 
    0x35, 0x3b, 0x32, 0x35, 0x35, 0x3b, 0x32, 0x35, 0x35, 0x6d, 0x4d, 0x1b, 0x5b, 0x30, 0x6d, 0x1b, 
    0x5b, 0x33, 0x38, 0x3b, 0x32, 0x3b, 0x32, 0x35, 0x35, 0x3b, 0x32, 0x35, 0x35, 0x3b, 0x32, 0x35, 
    0x35, 0x6d, 0x4d, 0x1b, 0x5b, 0x30, 0x6d, 0x1b, 0x5b, 0x33, 0x38, 0x3b, 0x32, 0x3b, 0x30, 0x3b, 
    0x30, 0x3b, 0x30, 0x6d, 0x20, 0x1b, 0x5b, 0x30, 0x6d, 0x1b, 0x5b, 0x33, 0x38, 0x3b, 0x32, 0x3b, 
    0x30, 0x3b, 0x30, 0x3b, 0x30, 0x6d, 0x20, 0x1b, 0x5b, 0x30, 0x6d, 0x1b, 0x5b, 0x33, 0x38, 0x3b, 
    0x32, 0x3b, 0x31, 0x30, 0x32, 0x3b, 0x31, 0x30, 0x32, 0x3b, 0x31, 0x30, 0x32, 0x6d, 0x3a, 0x1b, 
    0x5b, 0x30, 0x6d, 0x1b, 0x5b, 0x33, 0x38, 0x3b, 0x32, 0x3b, 0x32, 0x30, 0x34, 0x3b, 0x32, 0x30, 
    0x34, 0x3b, 0x32, 0x30, 0x34, 0x6d, 0x4b, 0x1b, 0x5b, 0x30, 0x6d, 0x1b, 0x5b, 0x33, 0x38, 0x3b, 
    0x32, 0x3b, 0x32, 0x30, 0x34, 0x3b, 0x32, 0x30, 0x34, 0x3b, 0x32, 0x30, 0x34, 0x6d, 0x4b, 0x1b, 
    0x5b, 0x30, 0x6d, 0x1b, 0x5b, 0x33, 0x38, 0x3b, 0x32, 0x3b, 0x32, 0x35, 0x35, 0x3b, 0x32, 0x35, 
    0x35, 0x3b, 0x32, 0x35, 0x35, 0x6d, 0x4d, 0x1b, 0x5b, 0x30, 0x6d, 0x1b, 0x5b, 0x33, 0x38, 0x3b, 
    0x32, 0x3b, 0x32, 0x35, 0x35, 0x3b, 0x32, 0x35, 0x35, 0x3b, 0x32, 0x35, 0x35, 0x6d, 0x4d, 0x1b, 
    0x5b, 0x30, 0x6d, 0x1b, 0x5b, 0x33, 0x38, 0x3b, 0x32, 0x3b, 0x32, 0x35, 0x35, 0x3b, 0x32, 0x35, 
    0x35, 0x3b, 0x32, 0x35, 0x35, 0x6d, 0x4d, 0x1b, 0x5b, 0x30, 0x6d, 0x1b, 0x5b, 0x33, 0x38, 0x3b, 
    0x32, 0x3b, 0x32, 0x35, 0x35, 0x3b, 0x32, 0x35, 0x35, 0x3b, 0x32, 0x35, 0x35, 0x6d, 0x4d, 0x1b, 
    0x5b, 0x30, 0x6d, 0x1b, 0x5b, 0x33, 0x38, 0x3b, 0x32, 0x3b, 0x32, 0x35, 0x35, 0x3b, 0x32, 0x35, 
    0x35, 0x3b, 0x32, 0x35, 0x35, 0x6d, 0x4d, 0x1b, 0x5b, 0x30, 0x6d, 0x1b, 0x5b, 0x33, 0x38, 0x3b, 
    0x32, 0x3b, 0x32, 0x35, 0x35, 0x3b, 0x32, 0x35, 0x35, 0x3b, 0x32, 0x35, 0x35, 0x6d, 0x4d, 0x1b, 
    0x5b, 0x30, 0x6d, 0x1b, 0x5b, 0x33, 0x38, 0x3b, 0x32, 0x3b, 0x32, 0x35, 0x35, 0x3b, 0x32, 0x35, 
    0x35, 0x3b, 0x32, 0x35, 0x35, 0x6d, 0x4d, 0x1b, 0x5b, 0x30, 0x6d, 0x1b, 0x5b, 0x33, 0x38, 0x3b, 
    0x32, 0x3b, 0x32, 0x35, 0x35, 0x3b, 0x32, 0x35, 0x35, 0x3b, 0x32, 0x35, 0x35, 0x6d, 0x4d, 0x1b, 
    0x5b, 0x30, 0x6d, 0x1b, 0x5b, 0x33, 0x38, 0x3b, 0x32, 0x3b, 0x32, 0x35, 0x35, 0x3b, 0x32, 0x35, 
    0x35, 0x3b, 0x32, 0x35, 0x35, 0x6d, 0x4d, 0x1b, 0x5b, 0x30, 0x6d, 0x1b, 0x5b, 0x33, 0x38, 0x3b, 
    0x32, 0x3b, 0x30, 0x3b, 0x30, 0x3b, 0x30, 0x6d, 0x20, 0x1b, 0x5b, 0x30, 0x6d, 0x1b, 0x5b, 0x33, 
    0x38, 0x3b, 0x32, 0x3b, 0x30, 0x3b, 0x30, 0x3b, 0x30, 0x6d, 0x20, 0x1b, 0x5b, 0x30, 0x6d, 0x1b, 
    0x5b, 0x33, 0x38, 0x3b, 0x32, 0x3b, 0x32, 0x30, 0x34, 0x3b, 0x32, 0x30, 0x34, 0x3b, 0x32, 0x30, 
    0x34, 0x6d, 0x4b, 0x1b, 0x5b, 0x30, 0x6d, 0x1b, 0x5b, 0x33, 0x38, 0x3b, 0x32, 0x3b, 0x32, 0x30, 
    0x34, 0x3b, 0x32, 0x30, 0x34, 0x3b, 0x32, 0x30, 0x34, 0x6d, 0x4b, 0x1b, 0x5b, 0x30, 0x6d, 0x1b, 
    0x5b, 0x33, 0x38, 0x3b, 0x32, 0x3b, 0x32, 0x30, 0x34, 0x3b, 0x32, 0x30, 0x34, 0x3b, 0x32, 0x30, 
    0x34, 0x6d, 0x4b, 0x1b, 0x5b, 0x30, 0x6d, 0x1b, 0x5b, 0x33, 0x38, 0x3b, 0x32, 0x3b, 0x32, 0x30, 
    0x34, 0x3b, 0x32, 0x30, 0x34, 0x3b, 0x32, 0x30, 0x34, 0x6d, 0x4b, 0x1b, 0x5b, 0x30, 0x6d, 0x1b, 
    0x5b, 0x33, 0x38, 0x3b, 0x32, 0x3b, 0x32, 0x30, 0x34, 0x3b, 0x32, 0x30, 0x34, 0x3b, 0x32, 0x30, 
    0x34, 0x6d, 0x4b, 0x1b, 0x5b, 0x30, 0x6d, 0x1b, 0x5b, 0x33, 0x38, 0x3b, 0x32, 0x3b, 0x32, 0x35, 
    0x35, 0x3b, 0x32, 0x35, 0x35, 0x3b, 0x32, 0x35, 0x35, 0x6d, 0x4d, 0x1b, 0x5b, 0x30, 0x6d, 0x1b, 
    0x5b, 0x33, 0x38, 0x3b, 0x32, 0x3b, 0x32, 0x35, 0x35, 0x3b, 0x32, 0x35, 0x35, 0x3b, 0x32, 0x35, 
    0x35, 0x6d, 0x4d, 0x1b, 0x5b, 0x30, 0x6d, 0x1b, 0x5b, 0x33, 0x38, 0x3b, 0x32, 0x3b, 0x32, 0x35, 
    0x35, 0x3b, 0x32, 0x35, 0x35, 0x3b, 0x32, 0x35, 0x35, 0x6d, 0x4d, 0x1b, 0x5b, 0x30, 0x6d, 0x1b, 
    0x5b, 0x33, 0x38, 0x3b, 0x32, 0x3b, 0x32, 0x35, 0x35, 0x3b, 0x32, 0x35, 0x35, 0x3b, 0x32, 0x35, 
    0x35, 0x6d, 0x4d, 0x1b, 0x5b, 0x30, 0x6d, 0x1b, 0x5b, 0x33, 0x38, 0x3b, 0x32, 0x3b, 0x32, 0x35, 
    0x35, 0x3b, 0x32, 0x35, 0x35, 0x3b, 0x32, 0x35, 0x35, 0x6d, 0x4d, 0x1b, 0x5b, 0x30, 0x6d, 0x1b, 
    0x5b, 0x33, 0x38, 0x3b, 0x32, 0x3b, 0x32, 0x35, 0x35, 0x3b, 0x32, 0x35, 0x35, 0x3b, 0x32, 0x35, 
    0x35, 0x6d, 0x4d, 0x1b, 0x5b, 0x30, 0x6d, 0x1b, 0x5b, 0x33, 0x38, 0x3b, 0x32, 0x3b, 0x32, 0x35, 
    0x35, 0x3b, 0x32, 0x35, 0x35, 0x3b, 0x32, 0x35, 0x35, 0x6d, 0x4d, 0x1b, 0x5b, 0x30, 0x6d, 0x1b, 
    0x5b, 0x33, 0x38, 0x3b, 0x32, 0x3b, 0x32, 0x35, 0x35, 0x3b, 0x32, 0x35, 0x35, 0x3b, 0x32, 0x35, 
    0x35, 0x6d, 0x4d, 0x1b, 0x5b, 0x30, 0x6d, 0x1b, 0x5b, 0x33, 0x38, 0x3b, 0x32, 0x3b, 0x32, 0x35, 
    0x35, 0x3b, 0x32, 0x35, 0x35, 0x3b, 0x32, 0x35, 0x35, 0x6d, 0x4d, 0x1b, 0x5b, 0x30, 0x6d, 0x1b, 
    0x5b, 0x33, 0x38, 0x3b, 0x32, 0x3b, 0x30, 0x3b, 0x30, 0x3b, 0x30, 0x6d, 0x20, 0x1b, 0x5b, 0x30, 
    0x6d, 0x1b, 0x5b, 0x33, 0x38, 0x3b, 0x32, 0x3b, 0x30, 0x3b, 0x30, 0x3b, 0x30, 0x6d, 0x20, 0x1b, 
    0x5b, 0x30, 0x6d, 0x1b, 0x5b, 0x33, 0x38, 0x3b, 0x32, 0x3b, 0x30, 0x3b, 0x30, 0x3b, 0x30, 0x6d, 
    0x20, 0x1b, 0x5b, 0x30, 0x6d, 0x1b, 0x5b, 0x33, 0x38, 0x3b, 0x32, 0x3b, 0x30, 0x3b, 0x30, 0x3b, 
    0x30, 0x6d, 0x20, 0x1b, 0x5b, 0x30, 0x6d, 0x1b, 0x5b, 0x33, 0x38, 0x3b, 0x32, 0x3b, 0x31, 0x30, 
    0x32, 0x3b, 0x31, 0x30, 0x32, 0x3b, 0x31, 0x30, 0x32, 0x6d, 0x3a, 0x1b, 0x5b, 0x30, 0x6d, 0x1b, 
    0x5b, 0x33, 0x38, 0x3b, 0x32, 0x3b, 0x32, 0x30, 0x34, 0x3b, 0x32, 0x30, 0x34, 0x3b, 0x32, 0x30, 
    0x34, 0x6d, 0x4b, 0x1b, 0x5b, 0x30, 0x6d, 0x1b, 0x5b, 0x33, 0x38, 0x3b, 0x32, 0x3b, 0x32, 0x30, 
    0x34, 0x3b, 0x32, 0x30, 0x34, 0x3b, 0x32, 0x30, 0x34, 0x6d, 0x4b, 0x1b, 0x5b, 0x30, 0x6d, 0x1b, 
    0x5b, 0x33, 0x38, 0x3b, 0x32, 0x3b, 0x32, 0x30, 0x34, 0x3b, 0x32, 0x30, 0x34, 0x3b, 0x32, 0x30, 
    0x34, 0x6d, 0x4b, 0x1b, 0x5b, 0x30, 0x6d, 0x1b, 0x5b, 0x33, 0x38, 0x3b, 0x32, 0x3b, 0x32, 0x30, 
    0x34, 0x3b, 0x32, 0x30, 0x34, 0x3b, 0x32, 0x30, 0x34, 0x6d, 0x4b, 0x1b, 0x5b, 0x30, 0x6d, 0x1b, 
    0x5b, 0x33, 0x38, 0x3b, 0x32, 0x3b, 0x32, 0x30, 0x34, 0x3b, 0x32, 0x30, 0x34, 0x3b, 0x32, 0x30, 
    0x34, 0x6d, 0x4b, 0x1b, 0x5b, 0x30, 0x6d, 0x1b, 0x5b, 0x33, 0x38, 0x3b, 0x32, 0x3b, 0x32, 0x30, 
    0x34, 0x3b, 0x32, 0x30, 0x34, 0x3b, 0x32, 0x30, 0x34, 0x6d, 0x4b, 0x1b, 0x5b, 0x30, 0x6d, 0x1b, 
    0x5b, 0x33, 0x38, 0x3b, 0x32, 0x3b, 0x32, 0x33, 0x30, 0x3b, 0x32, 0x33, 0x30, 0x3b, 0x32, 0x33, 
    0x30, 0x6d, 0x4e, 0x1b, 0x5b, 0x30, 0x6d, 0x1b, 0x5b, 0x33, 0x38, 0x3b, 0x32, 0x3b, 0x32, 0x35, 
    0x35, 0x3b, 0x32, 0x35, 0x35, 0x3b, 0x32, 0x35, 0x35, 0x6d, 0x4d, 0x1b, 0x5b, 0x30, 0x6d, 0x1b, 
    0x5b, 0x33, 0x38, 0x3b, 0x32, 0x3b, 0x31, 0x35, 0x33, 0x3b, 0x31, 0x35, 0x33, 0x3b, 0x31, 0x35, 
    0x33, 0x6d, 0x64, 0x1b, 0x5b, 0x30, 0x6d, 0x1b, 0x5b, 0x33, 0x38, 0x3b, 0x32, 0x3b, 0x35, 0x31, 
    0x3b, 0x35, 0x31, 0x3b, 0x35, 0x31, 0x6d, 0x2e, 0x1b, 0x5b, 0x30, 0x6d, 0x1b, 0x5b, 0x33, 0x38, 
    0x3b, 0x32, 0x3b, 0x35, 0x31, 0x3b, 0x35, 0x31, 0x3b, 0x35, 0x31, 0x6d, 0x2e, 0x1b, 0x5b, 0x30, 
    0x6d, 0x1b, 0x5b, 0x33, 0x38, 0x3b, 0x32, 0x3b, 0x30, 0x3b, 0x30, 0x3b, 0x30, 0x6d, 0x20, 0x1b, 
    0x5b, 0x30, 0x6d, 0x1b, 0x5b, 0x33, 0x38, 0x3b, 0x32, 0x3b, 0x30, 0x3b, 0x30, 0x3b, 0x30, 0x6d, 
    0x20, 0x1b, 0x5b, 0x30, 0x6d, 0x1b, 0x5b, 0x33, 0x38, 0x3b, 0x32, 0x3b, 0x30, 0x3b, 0x30, 0x3b, 
    0x30, 0x6d, 0x20, 0x1b, 0x5b, 0x30, 0x6d, 0x1b, 0x5b, 0x33, 0x38, 0x3b, 0x32, 0x3b, 0x30, 0x3b, 
    0x30, 0x3b, 0x30, 0x6d, 0x20, 0x1b, 0x5b, 0x30, 0x6d, 0x1b, 0x5b, 0x33, 0x38, 0x3b, 0x32, 0x3b, 
    0x30, 0x3b, 0x30, 0x3b, 0x30, 0x6d, 0x20, 0x1b, 0x5b, 0x30, 0x6d, 0x1b, 0x5b, 0x33, 0x38, 0x3b, 
    0x32, 0x3b, 0x30, 0x3b, 0x30, 0x3b, 0x30, 0x6d, 0x20, 0x1b, 0x5b, 0x30, 0x6d, 0x1b, 0x5b, 0x33, 
    0x38, 0x3b, 0x32, 0x3b, 0x30, 0x3b, 0x30, 0x3b, 0x30, 0x6d, 0x20, 0x1b, 0x5b, 0x30, 0x6d, 0x1b, 
    0x5b, 0x33, 0x38, 0x3b, 0x32, 0x3b, 0x30, 0x3b, 0x30, 0x3b, 0x30, 0x6d, 0x20, 0x1b, 0x5b, 0x30, 
    0x6d, 0x1b, 0x5b, 0x33, 0x38, 0x3b, 0x32, 0x3b, 0x30, 0x3b, 0x30, 0x3b, 0x30, 0x6d, 0x20, 0x1b, 
    0x5b, 0x30, 0x6d, 0x1b, 0x5b, 0x33, 0x38, 0x3b, 0x32, 0x3b, 0x30, 0x3b, 0x30, 0x3b, 0x30, 0x6d, 
    0x20, 0x1b, 0x5b, 0x30, 0x6d, 0x1b, 0x5b, 0x33, 0x38, 0x3b, 0x32, 0x3b, 0x30, 0x3b, 0x30, 0x3b, 
    0x30, 0x6d, 0x20, 0x1b, 0x5b, 0x30, 0x6d, 0x1b, 0x5b, 0x33, 0x38, 0x3b, 0x32, 0x3b, 0x31, 0x32, 
    0x38, 0x3b, 0x31, 0x32, 0x38, 0x3b, 0x31, 0x32, 0x38, 0x6d, 0x6c, 0x1b, 0x5b, 0x30, 0x6d, 0x1b, 
    0x5b, 0x33, 0x38, 0x3b, 0x32, 0x3b, 0x32, 0x35, 0x35, 0x3b, 0x32, 0x35, 0x35, 0x3b, 0x32, 0x35, 
    0x35, 0x6d, 0x4d, 0x1b, 0x5b, 0x30, 0x6d, 0x1b, 0x5b, 0x33, 0x38, 0x3b, 0x32, 0x3b, 0x32, 0x35, 
    0x35, 0x3b, 0x32, 0x35, 0x35, 0x3b, 0x32, 0x35, 0x35, 0x6d, 0x4d, 0x1b, 0x5b, 0x30, 0x6d, 0x1b, 
    0x5b, 0x33, 0x38, 0x3b, 0x32, 0x3b, 0x32, 0x35, 0x35, 0x3b, 0x32, 0x35, 0x35, 0x3b, 0x32, 0x35, 
    0x35, 0x6d, 0x4d, 0x1b, 0x5b, 0x30, 0x6d, 0x1b, 0x5b, 0x33, 0x38, 0x3b, 0x32, 0x3b, 0x32, 0x35, 
    0x35, 0x3b, 0x32, 0x35, 0x35, 0x3b, 0x32, 0x35, 0x35, 0x6d, 0x4d, 0x1b, 0x5b, 0x30, 0x6d, 0x1b, 
    0x5b, 0x33, 0x38, 0x3b, 0x32, 0x3b, 0x32, 0x35, 0x35, 0x3b, 0x32, 0x35, 0x35, 0x3b, 0x32, 0x35, 
    0x35, 0x6d, 0x4d, 0x1b, 0x5b, 0x30, 0x6d, 0x1b, 0x5b, 0x33, 0x38, 0x3b, 0x32, 0x3b, 0x32, 0x35, 
    0x35, 0x3b, 0x32, 0x35, 0x35, 0x3b, 0x32, 0x35, 0x35, 0x6d, 0x4d, 0x1b, 0x5b, 0x30, 0x6d, 0x1b, 
    0x5b, 0x33, 0x38, 0x3b, 0x32, 0x3b, 0x32, 0x35, 0x35, 0x3b, 0x32, 0x35, 0x35, 0x3b, 0x32, 0x35, 
    0x35, 0x6d, 0x4d, 0x1b, 0x5b, 0x30, 0x6d, 0x1b, 0x5b, 0x33, 0x38, 0x3b, 0x32, 0x3b, 0x32, 0x35, 
    0x35, 0x3b, 0x32, 0x35, 0x35, 0x3b, 0x32, 0x35, 0x35, 0x6d, 0x4d, 0x1b, 0x5b, 0x30, 0x6d, 0x0a, 
    0x1b, 0x5b, 0x30, 0x6d, 0x1b, 0x5b, 0x33, 0x38, 0x3b, 0x32, 0x3b, 0x32, 0x35, 0x35, 0x3b, 0x32, 
    0x35, 0x35, 0x3b, 0x32, 0x35, 0x35, 0x6d, 0x4d, 0x1b, 0x5b, 0x30, 0x6d, 0x1b, 0x5b, 0x33, 0x38, 
    0x3b, 0x32, 0x3b, 0x32, 0x35, 0x35, 0x3b, 0x32, 0x35, 0x35, 0x3b, 0x32, 0x35, 0x35, 0x6d, 0x4d, 
    0x1b, 0x5b, 0x30, 0x6d, 0x1b, 0x5b, 0x33, 0x38, 0x3b, 0x32, 0x3b, 0x32, 0x35, 0x35, 0x3b, 0x32, 
    0x35, 0x35, 0x3b, 0x32, 0x35, 0x35, 0x6d, 0x4d, 0x1b, 0x5b, 0x30, 0x6d, 0x1b, 0x5b, 0x33, 0x38, 
    0x3b, 0x32, 0x3b, 0x32, 0x35, 0x35, 0x3b, 0x32, 0x35, 0x35, 0x3b, 0x32, 0x35, 0x35, 0x6d, 0x4d, 
    0x1b, 0x5b, 0x30, 0x6d, 0x1b, 0x5b, 0x33, 0x38, 0x3b, 0x32, 0x3b, 0x32, 0x35, 0x35, 0x3b, 0x32, 
    0x35, 0x35, 0x3b, 0x32, 0x35, 0x35, 0x6d, 0x4d, 0x1b, 0x5b, 0x30, 0x6d, 0x1b, 0x5b, 0x33, 0x38, 
    0x3b, 0x32, 0x3b, 0x32, 0x35, 0x35, 0x3b, 0x32, 0x35, 0x35, 0x3b, 0x32, 0x35, 0x35, 0x6d, 0x4d, 
    0x1b, 0x5b, 0x30, 0x6d, 0x1b, 0x5b, 0x33, 0x38, 0x3b, 0x32, 0x3b, 0x32, 0x35, 0x35, 0x3b, 0x32, 
    0x35, 0x35, 0x3b, 0x32, 0x35, 0x35, 0x6d, 0x4d, 0x1b, 0x5b, 0x30, 0x6d, 0x1b, 0x5b, 0x33, 0x38, 
    0x3b, 0x32, 0x3b, 0x32, 0x35, 0x35, 0x3b, 0x32, 0x35, 0x35, 0x3b, 0x32, 0x35, 0x35, 0x6d, 0x4d, 
    0x1b, 0x5b, 0x30, 0x6d, 0x1b, 0x5b, 0x33, 0x38, 0x3b, 0x32, 0x3b, 0x32, 0x35, 0x35, 0x3b, 0x32, 
    0x35, 0x35, 0x3b, 0x32, 0x35, 0x35, 0x6d, 0x4d, 0x1b, 0x5b, 0x30, 0x6d, 0x1b, 0x5b, 0x33, 0x38, 
    0x3b, 0x32, 0x3b, 0x32, 0x35, 0x35, 0x3b, 0x32, 0x35, 0x35, 0x3b, 0x32, 0x35, 0x35, 0x6d, 0x4d, 
    0x1b, 0x5b, 0x30, 0x6d, 0x1b, 0x5b, 0x33, 0x38, 0x3b, 0x32, 0x3b, 0x32, 0x35, 0x35, 0x3b, 0x32, 
    0x35, 0x35, 0x3b, 0x32, 0x35, 0x35, 0x6d, 0x4d, 0x1b, 0x5b, 0x30, 0x6d, 0x1b, 0x5b, 0x33, 0x38, 
    0x3b, 0x32, 0x3b, 0x32, 0x35, 0x35, 0x3b, 0x32, 0x35, 0x35, 0x3b, 0x32, 0x35, 0x35, 0x6d, 0x4d, 
    0x1b, 0x5b, 0x30, 0x6d, 0x1b, 0x5b, 0x33, 0x38, 0x3b, 0x32, 0x3b, 0x32, 0x35, 0x35, 0x3b, 0x32, 
    0x35, 0x35, 0x3b, 0x32, 0x35, 0x35, 0x6d, 0x4d, 0x1b, 0x5b, 0x30, 0x6d, 0x1b, 0x5b, 0x33, 0x38, 
    0x3b, 0x32, 0x3b, 0x32, 0x35, 0x35, 0x3b, 0x32, 0x35, 0x35, 0x3b, 0x32, 0x35, 0x35, 0x6d, 0x4d, 
    0x1b, 0x5b, 0x30, 0x6d, 0x1b, 0x5b, 0x33, 0x38, 0x3b, 0x32, 0x3b, 0x32, 0x35, 0x35, 0x3b, 0x32, 
    0x35, 0x35, 0x3b, 0x32, 0x35, 0x35, 0x6d, 0x4d, 0x1b, 0x5b, 0x30, 0x6d, 0x1b, 0x5b, 0x33, 0x38, 
    0x3b, 0x32, 0x3b, 0x32, 0x35, 0x35, 0x3b, 0x32, 0x35, 0x35, 0x3b, 0x32, 0x35, 0x35, 0x6d, 0x4d, 
    0x1b, 0x5b, 0x30, 0x6d, 0x1b, 0x5b, 0x33, 0x38, 0x3b, 0x32, 0x3b, 0x32, 0x35, 0x35, 0x3b, 0x32, 
    0x35, 0x35, 0x3b, 0x32, 0x35, 0x35, 0x6d, 0x4d, 0x1b, 0x5b, 0x30, 0x6d, 0x1b, 0x5b, 0x33, 0x38, 
    0x3b, 0x32, 0x3b, 0x32, 0x35, 0x35, 0x3b, 0x32, 0x35, 0x35, 0x3b, 0x32, 0x35, 0x35, 0x6d, 0x4d, 
    0x1b, 0x5b, 0x30, 0x6d, 0x1b, 0x5b, 0x33, 0x38, 0x3b, 0x32, 0x3b, 0x30, 0x3b, 0x30, 0x3b, 0x30, 
    0x6d, 0x20, 0x1b, 0x5b, 0x30, 0x6d, 0x1b, 0x5b, 0x33, 0x38, 0x3b, 0x32, 0x3b, 0x30, 0x3b, 0x30, 
    0x3b, 0x30, 0x6d, 0x20, 0x1b, 0x5b, 0x30, 0x6d, 0x1b, 0x5b, 0x33, 0x38, 0x3b, 0x32, 0x3b, 0x31, 
    0x32, 0x38, 0x3b, 0x31, 0x32, 0x38, 0x3b, 0x31, 0x32, 0x38, 0x6d, 0x6c, 0x1b, 0x5b, 0x30, 0x6d, 
    0x1b, 0x5b, 0x33, 0x38, 0x3b, 0x32, 0x3b, 0x32, 0x35, 0x35, 0x3b, 0x32, 0x35, 0x35, 0x3b, 0x32, 
    0x35, 0x35, 0x6d, 0x4d, 0x1b, 0x5b, 0x30, 0x6d, 0x1b, 0x5b, 0x33, 0x38, 0x3b, 0x32, 0x3b, 0x32, 
    0x35, 0x35, 0x3b, 0x32, 0x35, 0x35, 0x3b, 0x32, 0x35, 0x35, 0x6d, 0x4d, 0x1b, 0x5b, 0x30, 0x6d, 
    0x1b, 0x5b, 0x33, 0x38, 0x3b, 0x32, 0x3b, 0x30, 0x3b, 0x30, 0x3b, 0x30, 0x6d, 0x20, 0x1b, 0x5b, 
    0x30, 0x6d, 0x1b, 0x5b, 0x33, 0x38, 0x3b, 0x32, 0x3b, 0x30, 0x3b, 0x30, 0x3b, 0x30, 0x6d, 0x20, 
    0x1b, 0x5b, 0x30, 0x6d, 0x1b, 0x5b, 0x33, 0x38, 0x3b, 0x32, 0x3b, 0x32, 0x35, 0x35, 0x3b, 0x32, 
    0x35, 0x35, 0x3b, 0x32, 0x35, 0x35, 0x6d, 0x4d, 0x1b, 0x5b, 0x30, 0x6d, 0x1b, 0x5b, 0x33, 0x38, 
    0x3b, 0x32, 0x3b, 0x32, 0x35, 0x35, 0x3b, 0x32, 0x35, 0x35, 0x3b, 0x32, 0x35, 0x35, 0x6d, 0x4d, 
    0x1b, 0x5b, 0x30, 0x6d, 0x1b, 0x5b, 0x33, 0x38, 0x3b, 0x32, 0x3b, 0x32, 0x35, 0x35, 0x3b, 0x32, 
    0x35, 0x35, 0x3b, 0x32, 0x35, 0x35, 0x6d, 0x4d, 0x1b, 0x5b, 0x30, 0x6d, 0x1b, 0x5b, 0x33, 0x38, 
    0x3b, 0x32, 0x3b, 0x32, 0x35, 0x35, 0x3b, 0x32, 0x35, 0x35, 0x3b, 0x32, 0x35, 0x35, 0x6d, 0x4d, 
    0x1b, 0x5b, 0x30, 0x6d, 0x1b, 0x5b, 0x33, 0x38, 0x3b, 0x32, 0x3b, 0x32, 0x35, 0x35, 0x3b, 0x32, 
    0x35, 0x35, 0x3b, 0x32, 0x35, 0x35, 0x6d, 0x4d, 0x1b, 0x5b, 0x30, 0x6d, 0x1b, 0x5b, 0x33, 0x38, 
    0x3b, 0x32, 0x3b, 0x32, 0x35, 0x35, 0x3b, 0x32, 0x35, 0x35, 0x3b, 0x32, 0x35, 0x35, 0x6d, 0x4d, 
    0x1b, 0x5b, 0x30, 0x6d, 0x1b, 0x5b, 0x33, 0x38, 0x3b, 0x32, 0x3b, 0x32, 0x35, 0x35, 0x3b, 0x32, 
    0x35, 0x35, 0x3b, 0x32, 0x35, 0x35, 0x6d, 0x4d, 0x1b, 0x5b, 0x30, 0x6d, 0x1b, 0x5b, 0x33, 0x38, 
    0x3b, 0x32, 0x3b, 0x32, 0x35, 0x35, 0x3b, 0x32, 0x35, 0x35, 0x3b, 0x32, 0x35, 0x35, 0x6d, 0x4d, 
    0x1b, 0x5b, 0x30, 0x6d, 0x1b, 0x5b, 0x33, 0x38, 0x3b, 0x32, 0x3b, 0x32, 0x35, 0x35, 0x3b, 0x32, 
    0x35, 0x35, 0x3b, 0x32, 0x35, 0x35, 0x6d, 0x4d, 0x1b, 0x5b, 0x30, 0x6d, 0x1b, 0x5b, 0x33, 0x38, 
    0x3b, 0x32, 0x3b, 0x30, 0x3b, 0x30, 0x3b, 0x30, 0x6d, 0x20, 0x1b, 0x5b, 0x30, 0x6d, 0x1b, 0x5b, 
    0x33, 0x38, 0x3b, 0x32, 0x3b, 0x30, 0x3b, 0x30, 0x3b, 0x30, 0x6d, 0x20, 0x1b, 0x5b, 0x30, 0x6d, 
    0x1b, 0x5b, 0x33, 0x38, 0x3b, 0x32, 0x3b, 0x30, 0x3b, 0x30, 0x3b, 0x30, 0x6d, 0x20, 0x1b, 0x5b, 
    0x30, 0x6d, 0x1b, 0x5b, 0x33, 0x38, 0x3b, 0x32, 0x3b, 0x30, 0x3b, 0x30, 0x3b, 0x30, 0x6d, 0x20, 
    0x1b, 0x5b, 0x30, 0x6d, 0x1b, 0x5b, 0x33, 0x38, 0x3b, 0x32, 0x3b, 0x30, 0x3b, 0x30, 0x3b, 0x30, 
    0x6d, 0x20, 0x1b, 0x5b, 0x30, 0x6d, 0x1b, 0x5b, 0x33, 0x38, 0x3b, 0x32, 0x3b, 0x32, 0x35, 0x35, 
    0x3b, 0x32, 0x35, 0x35, 0x3b, 0x32, 0x35, 0x35, 0x6d, 0x4d, 0x1b, 0x5b, 0x30, 0x6d, 0x1b, 0x5b, 
    0x33, 0x38, 0x3b, 0x32, 0x3b, 0x32, 0x35, 0x35, 0x3b, 0x32, 0x35, 0x35, 0x3b, 0x32, 0x35, 0x35, 
    0x6d, 0x4d, 0x1b, 0x5b, 0x30, 0x6d, 0x1b, 0x5b, 0x33, 0x38, 0x3b, 0x32, 0x3b, 0x32, 0x35, 0x35, 
    0x3b, 0x32, 0x35, 0x35, 0x3b, 0x32, 0x35, 0x35, 0x6d, 0x4d, 0x1b, 0x5b, 0x30, 0x6d, 0x1b, 0x5b, 
    0x33, 0x38, 0x3b, 0x32, 0x3b, 0x32, 0x35, 0x35, 0x3b, 0x32, 0x35, 0x35, 0x3b, 0x32, 0x35, 0x35, 
    0x6d, 0x4d, 0x1b, 0x5b, 0x30, 0x6d, 0x1b, 0x5b, 0x33, 0x38, 0x3b, 0x32, 0x3b, 0x32, 0x35, 0x35, 
    0x3b, 0x32, 0x35, 0x35, 0x3b, 0x32, 0x35, 0x35, 0x6d, 0x4d, 0x1b, 0x5b, 0x30, 0x6d, 0x1b, 0x5b, 
    0x33, 0x38, 0x3b, 0x32, 0x3b, 0x32, 0x35, 0x35, 0x3b, 0x32, 0x35, 0x35, 0x3b, 0x32, 0x35, 0x35, 
    0x6d, 0x4d, 0x1b, 0x5b, 0x30, 0x6d, 0x1b, 0x5b, 0x33, 0x38, 0x3b, 0x32, 0x3b, 0x32, 0x35, 0x35, 
    0x3b, 0x32, 0x35, 0x35, 0x3b, 0x32, 0x35, 0x35, 0x6d, 0x4d, 0x1b, 0x5b, 0x30, 0x6d, 0x1b, 0x5b, 
    0x33, 0x38, 0x3b, 0x32, 0x3b, 0x32, 0x35, 0x35, 0x3b, 0x32, 0x35, 0x35, 0x3b, 0x32, 0x35, 0x35, 
    0x6d, 0x4d, 0x1b, 0x5b, 0x30, 0x6d, 0x1b, 0x5b, 0x33, 0x38, 0x3b, 0x32, 0x3b, 0x32, 0x35, 0x35, 
    0x3b, 0x32, 0x35, 0x35, 0x3b, 0x32, 0x35, 0x35, 0x6d, 0x4d, 0x1b, 0x5b, 0x30, 0x6d, 0x1b, 0x5b, 
    0x33, 0x38, 0x3b, 0x32, 0x3b, 0x30, 0x3b, 0x30, 0x3b, 0x30, 0x6d, 0x20, 0x1b, 0x5b, 0x30, 0x6d, 
    0x1b, 0x5b, 0x33, 0x38, 0x3b, 0x32, 0x3b, 0x30, 0x3b, 0x30, 0x3b, 0x30, 0x6d, 0x20, 0x1b, 0x5b, 
    0x30, 0x6d, 0x1b, 0x5b, 0x33, 0x38, 0x3b, 0x32, 0x3b, 0x30, 0x3b, 0x30, 0x3b, 0x30, 0x6d, 0x20, 
    0x1b, 0x5b, 0x30, 0x6d, 0x1b, 0x5b, 0x33, 0x38, 0x3b, 0x32, 0x3b, 0x30, 0x3b, 0x30, 0x3b, 0x30, 
    0x6d, 0x20, 0x1b, 0x5b, 0x30, 0x6d, 0x1b, 0x5b, 0x33, 0x38, 0x3b, 0x32, 0x3b, 0x30, 0x3b, 0x30, 
    0x3b, 0x30, 0x6d, 0x20, 0x1b, 0x5b, 0x30, 0x6d, 0x1b, 0x5b, 0x33, 0x38, 0x3b, 0x32, 0x3b, 0x30, 
    0x3b, 0x30, 0x3b, 0x30, 0x6d, 0x20, 0x1b, 0x5b, 0x30, 0x6d, 0x1b, 0x5b, 0x33, 0x38, 0x3b, 0x32, 
    0x3b, 0x30, 0x3b, 0x30, 0x3b, 0x30, 0x6d, 0x20, 0x1b, 0x5b, 0x30, 0x6d, 0x1b, 0x5b, 0x33, 0x38, 
    0x3b, 0x32, 0x3b, 0x32, 0x35, 0x35, 0x3b, 0x32, 0x35, 0x35, 0x3b, 0x32, 0x35, 0x35, 0x6d, 0x4d, 
    0x1b, 0x5b, 0x30, 0x6d, 0x1b, 0x5b, 0x33, 0x38, 0x3b, 0x32, 0x3b, 0x32, 0x35, 0x35, 0x3b, 0x32, 
    0x35, 0x35, 0x3b, 0x32, 0x35, 0x35, 0x6d, 0x4d, 0x1b, 0x5b, 0x30, 0x6d, 0x1b, 0x5b, 0x33, 0x38, 
    0x3b, 0x32, 0x3b, 0x32, 0x35, 0x35, 0x3b, 0x32, 0x35, 0x35, 0x3b, 0x32, 0x35, 0x35, 0x6d, 0x4d, 
    0x1b, 0x5b, 0x30, 0x6d, 0x1b, 0x5b, 0x33, 0x38, 0x3b, 0x32, 0x3b, 0x32, 0x35, 0x35, 0x3b, 0x32, 
    0x35, 0x35, 0x3b, 0x32, 0x35, 0x35, 0x6d, 0x4d, 0x1b, 0x5b, 0x30, 0x6d, 0x1b, 0x5b, 0x33, 0x38, 
    0x3b, 0x32, 0x3b, 0x32, 0x35, 0x35, 0x3b, 0x32, 0x35, 0x35, 0x3b, 0x32, 0x35, 0x35, 0x6d, 0x4d, 
    0x1b, 0x5b, 0x30, 0x6d, 0x1b, 0x5b, 0x33, 0x38, 0x3b, 0x32, 0x3b, 0x32, 0x35, 0x35, 0x3b, 0x32, 
    0x35, 0x35, 0x3b, 0x32, 0x35, 0x35, 0x6d, 0x4d, 0x1b, 0x5b, 0x30, 0x6d, 0x1b, 0x5b, 0x33, 0x38, 
    0x3b, 0x32, 0x3b, 0x32, 0x35, 0x35, 0x3b, 0x32, 0x35, 0x35, 0x3b, 0x32, 0x35, 0x35, 0x6d, 0x4d, 
    0x1b, 0x5b, 0x30, 0x6d, 0x1b, 0x5b, 0x33, 0x38, 0x3b, 0x32, 0x3b, 0x32, 0x35, 0x35, 0x3b, 0x32, 
    0x35, 0x35, 0x3b, 0x32, 0x35, 0x35, 0x6d, 0x4d, 0x1b, 0x5b, 0x30, 0x6d, 0x1b, 0x5b, 0x33, 0x38, 
    0x3b, 0x32, 0x3b, 0x32, 0x35, 0x35, 0x3b, 0x32, 0x35, 0x35, 0x3b, 0x32, 0x35, 0x35, 0x6d, 0x4d, 
    0x1b, 0x5b, 0x30, 0x6d, 0x1b, 0x5b, 0x33, 0x38, 0x3b, 0x32, 0x3b, 0x30, 0x3b, 0x30, 0x3b, 0x30, 
    0x6d, 0x20, 0x1b, 0x5b, 0x30, 0x6d, 0x1b, 0x5b, 0x33, 0x38, 0x3b, 0x32, 0x3b, 0x30, 0x3b, 0x30, 
    0x3b, 0x30, 0x6d, 0x20, 0x1b, 0x5b, 0x30, 0x6d, 0x1b, 0x5b, 0x33, 0x38, 0x3b, 0x32, 0x3b, 0x30, 
    0x3b, 0x30, 0x3b, 0x30, 0x6d, 0x20, 0x1b, 0x5b, 0x30, 0x6d, 0x1b, 0x5b, 0x33, 0x38, 0x3b, 0x32, 
    0x3b, 0x30, 0x3b, 0x30, 0x3b, 0x30, 0x6d, 0x20, 0x1b, 0x5b, 0x30, 0x6d, 0x1b, 0x5b, 0x33, 0x38, 
    0x3b, 0x32, 0x3b, 0x30, 0x3b, 0x30, 0x3b, 0x30, 0x6d, 0x20, 0x1b, 0x5b, 0x30, 0x6d, 0x1b, 0x5b, 
    0x33, 0x38, 0x3b, 0x32, 0x3b, 0x30, 0x3b, 0x30, 0x3b, 0x30, 0x6d, 0x20, 0x1b, 0x5b, 0x30, 0x6d, 
    0x1b, 0x5b, 0x33, 0x38, 0x3b, 0x32, 0x3b, 0x30, 0x3b, 0x30, 0x3b, 0x30, 0x6d, 0x20, 0x1b, 0x5b, 
    0x30, 0x6d, 0x1b, 0x5b, 0x33, 0x38, 0x3b, 0x32, 0x3b, 0x30, 0x3b, 0x30, 0x3b, 0x30, 0x6d, 0x20, 
    0x1b, 0x5b, 0x30, 0x6d, 0x1b, 0x5b, 0x33, 0x38, 0x3b, 0x32, 0x3b, 0x30, 0x3b, 0x30, 0x3b, 0x30, 
    0x6d, 0x20, 0x1b, 0x5b, 0x30, 0x6d, 0x1b, 0x5b, 0x33, 0x38, 0x3b, 0x32, 0x3b, 0x30, 0x3b, 0x30, 
    0x3b, 0x30, 0x6d, 0x20, 0x1b, 0x5b, 0x30, 0x6d, 0x1b, 0x5b, 0x33, 0x38, 0x3b, 0x32, 0x3b, 0x30, 
    0x3b, 0x30, 0x3b, 0x30, 0x6d, 0x20, 0x1b, 0x5b, 0x30, 0x6d, 0x1b, 0x5b, 0x33, 0x38, 0x3b, 0x32, 
    0x3b, 0x31, 0x32, 0x38, 0x3b, 0x31, 0x32, 0x38, 0x3b, 0x31, 0x32, 0x38, 0x6d, 0x6c, 0x1b, 0x5b, 
    0x30, 0x6d, 0x1b, 0x5b, 0x33, 0x38, 0x3b, 0x32, 0x3b, 0x32, 0x35, 0x35, 0x3b, 0x32, 0x35, 0x35, 
    0x3b, 0x32, 0x35, 0x35, 0x6d, 0x4d, 0x1b, 0x5b, 0x30, 0x6d, 0x1b, 0x5b, 0x33, 0x38, 0x3b, 0x32, 
    0x3b, 0x32, 0x35, 0x35, 0x3b, 0x32, 0x35, 0x35, 0x3b, 0x32, 0x35, 0x35, 0x6d, 0x4d, 0x1b, 0x5b, 
    0x30, 0x6d, 0x1b, 0x5b, 0x33, 0x38, 0x3b, 0x32, 0x3b, 0x32, 0x35, 0x35, 0x3b, 0x32, 0x35, 0x35, 
    0x3b, 0x32, 0x35, 0x35, 0x6d, 0x4d, 0x1b, 0x5b, 0x30, 0x6d, 0x1b, 0x5b, 0x33, 0x38, 0x3b, 0x32, 
    0x3b, 0x32, 0x35, 0x35, 0x3b, 0x32, 0x35, 0x35, 0x3b, 0x32, 0x35, 0x35, 0x6d, 0x4d, 0x1b, 0x5b, 
    0x30, 0x6d, 0x1b, 0x5b, 0x33, 0x38, 0x3b, 0x32, 0x3b, 0x30, 0x3b, 0x30, 0x3b, 0x30, 0x6d, 0x20, 
    0x1b, 0x5b, 0x30, 0x6d, 0x1b, 0x5b, 0x33, 0x38, 0x3b, 0x32, 0x3b, 0x30, 0x3b, 0x30, 0x3b, 0x30, 
    0x6d, 0x20, 0x1b, 0x5b, 0x30, 0x6d, 0x1b, 0x5b, 0x33, 0x38, 0x3b, 0x32, 0x3b, 0x30, 0x3b, 0x30, 
    0x3b, 0x30, 0x6d, 0x20, 0x1b, 0x5b, 0x30, 0x6d, 0x1b, 0x5b, 0x33, 0x38, 0x3b, 0x32, 0x3b, 0x30, 
    0x3b, 0x30, 0x3b, 0x30, 0x6d, 0x20, 0x1b, 0x5b, 0x30, 0x6d, 0x1b, 0x5b, 0x33, 0x38, 0x3b, 0x32, 
    0x3b, 0x30, 0x3b, 0x30, 0x3b, 0x30, 0x6d, 0x20, 0x1b, 0x5b, 0x30, 0x6d, 0x1b, 0x5b, 0x33, 0x38, 
    0x3b, 0x32, 0x3b, 0x30, 0x3b, 0x30, 0x3b, 0x30, 0x6d, 0x20, 0x1b, 0x5b, 0x30, 0x6d, 0x1b, 0x5b, 
    0x33, 0x38, 0x3b, 0x32, 0x3b, 0x30, 0x3b, 0x30, 0x3b, 0x30, 0x6d, 0x20, 0x1b, 0x5b, 0x30, 0x6d, 
    0x1b, 0x5b, 0x33, 0x38, 0x3b, 0x32, 0x3b, 0x30, 0x3b, 0x30, 0x3b, 0x30, 0x6d, 0x20, 0x1b, 0x5b, 
    0x30, 0x6d, 0x1b, 0x5b, 0x33, 0x38, 0x3b, 0x32, 0x3b, 0x30, 0x3b, 0x30, 0x3b, 0x30, 0x6d, 0x20, 
    0x1b, 0x5b, 0x30, 0x6d, 0x1b, 0x5b, 0x33, 0x38, 0x3b, 0x32, 0x3b, 0x30, 0x3b, 0x30, 0x3b, 0x30, 
    0x6d, 0x20, 0x1b, 0x5b, 0x30, 0x6d, 0x1b, 0x5b, 0x33, 0x38, 0x3b, 0x32, 0x3b, 0x30, 0x3b, 0x30, 
    0x3b, 0x30, 0x6d, 0x20, 0x1b, 0x5b, 0x30, 0x6d, 0x1b, 0x5b, 0x33, 0x38, 0x3b, 0x32, 0x3b, 0x31, 
    0x32, 0x38, 0x3b, 0x31, 0x32, 0x38, 0x3b, 0x31, 0x32, 0x38, 0x6d, 0x6c, 0x1b, 0x5b, 0x30, 0x6d, 
    0x1b, 0x5b, 0x33, 0x38, 0x3b, 0x32, 0x3b, 0x32, 0x35, 0x35, 0x3b, 0x32, 0x35, 0x35, 0x3b, 0x32, 
    0x35, 0x35, 0x6d, 0x4d, 0x1b, 0x5b, 0x30, 0x6d, 0x1b, 0x5b, 0x33, 0x38, 0x3b, 0x32, 0x3b, 0x32, 
    0x35, 0x35, 0x3b, 0x32, 0x35, 0x35, 0x3b, 0x32, 0x35, 0x35, 0x6d, 0x4d, 0x1b, 0x5b, 0x30, 0x6d, 
    0x1b, 0x5b, 0x33, 0x38, 0x3b, 0x32, 0x3b, 0x32, 0x35, 0x35, 0x3b, 0x32, 0x35, 0x35, 0x3b, 0x32, 
    0x35, 0x35, 0x6d, 0x4d, 0x1b, 0x5b, 0x30, 0x6d, 0x1b, 0x5b, 0x33, 0x38, 0x3b, 0x32, 0x3b, 0x32, 
    0x35, 0x35, 0x3b, 0x32, 0x35, 0x35, 0x3b, 0x32, 0x35, 0x35, 0x6d, 0x4d, 0x1b, 0x5b, 0x30, 0x6d, 
    0x1b, 0x5b, 0x33, 0x38, 0x3b, 0x32, 0x3b, 0x32, 0x35, 0x35, 0x3b, 0x32, 0x35, 0x35, 0x3b, 0x32, 
    0x35, 0x35, 0x6d, 0x4d, 0x1b, 0x5b, 0x30, 0x6d, 0x1b, 0x5b, 0x33, 0x38, 0x3b, 0x32, 0x3b, 0x32, 
    0x35, 0x35, 0x3b, 0x32, 0x35, 0x35, 0x3b, 0x32, 0x35, 0x35, 0x6d, 0x4d, 0x1b, 0x5b, 0x30, 0x6d, 
    0x1b, 0x5b, 0x33, 0x38, 0x3b, 0x32, 0x3b, 0x32, 0x35, 0x35, 0x3b, 0x32, 0x35, 0x35, 0x3b, 0x32, 
    0x35, 0x35, 0x6d, 0x4d, 0x1b, 0x5b, 0x30, 0x6d, 0x1b, 0x5b, 0x33, 0x38, 0x3b, 0x32, 0x3b, 0x32, 
    0x35, 0x35, 0x3b, 0x32, 0x35, 0x35, 0x3b, 0x32, 0x35, 0x35, 0x6d, 0x4d, 0x1b, 0x5b, 0x30, 0x6d, 
    0x0a, 0x1b, 0x5b, 0x30, 0x6d, 0x1b, 0x5b, 0x33, 0x38, 0x3b, 0x32, 0x3b, 0x32, 0x35, 0x35, 0x3b, 
    0x32, 0x35, 0x35, 0x3b, 0x32, 0x35, 0x35, 0x6d, 0x4d, 0x1b, 0x5b, 0x30, 0x6d, 0x1b, 0x5b, 0x33, 
    0x38, 0x3b, 0x32, 0x3b, 0x32, 0x35, 0x35, 0x3b, 0x32, 0x35, 0x35, 0x3b, 0x32, 0x35, 0x35, 0x6d, 
    0x4d, 0x1b, 0x5b, 0x30, 0x6d, 0x1b, 0x5b, 0x33, 0x38, 0x3b, 0x32, 0x3b, 0x32, 0x35, 0x35, 0x3b, 
    0x32, 0x35, 0x35, 0x3b, 0x32, 0x35, 0x35, 0x6d, 0x4d, 0x1b, 0x5b, 0x30, 0x6d, 0x1b, 0x5b, 0x33, 
    0x38, 0x3b, 0x32, 0x3b, 0x32, 0x35, 0x35, 0x3b, 0x32, 0x35, 0x35, 0x3b, 0x32, 0x35, 0x35, 0x6d, 
    0x4d, 0x1b, 0x5b, 0x30, 0x6d, 0x1b, 0x5b, 0x33, 0x38, 0x3b, 0x32, 0x3b, 0x32, 0x35, 0x35, 0x3b, 
    0x32, 0x35, 0x35, 0x3b, 0x32, 0x35, 0x35, 0x6d, 0x4d, 0x1b, 0x5b, 0x30, 0x6d, 0x1b, 0x5b, 0x33, 
    0x38, 0x3b, 0x32, 0x3b, 0x32, 0x35, 0x35, 0x3b, 0x32, 0x35, 0x35, 0x3b, 0x32, 0x35, 0x35, 0x6d, 
    0x4d, 0x1b, 0x5b, 0x30, 0x6d, 0x1b, 0x5b, 0x33, 0x38, 0x3b, 0x32, 0x3b, 0x32, 0x35, 0x35, 0x3b, 
    0x32, 0x35, 0x35, 0x3b, 0x32, 0x35, 0x35, 0x6d, 0x4d, 0x1b, 0x5b, 0x30, 0x6d, 0x1b, 0x5b, 0x33, 
    0x38, 0x3b, 0x32, 0x3b, 0x32, 0x35, 0x35, 0x3b, 0x32, 0x35, 0x35, 0x3b, 0x32, 0x35, 0x35, 0x6d, 
    0x4d, 0x1b, 0x5b, 0x30, 0x6d, 0x1b, 0x5b, 0x33, 0x38, 0x3b, 0x32, 0x3b, 0x32, 0x35, 0x35, 0x3b, 
    0x32, 0x35, 0x35, 0x3b, 0x32, 0x35, 0x35, 0x6d, 0x4d, 0x1b, 0x5b, 0x30, 0x6d, 0x1b, 0x5b, 0x33, 
    0x38, 0x3b, 0x32, 0x3b, 0x32, 0x35, 0x35, 0x3b, 0x32, 0x35, 0x35, 0x3b, 0x32, 0x35, 0x35, 0x6d, 
    0x4d, 0x1b, 0x5b, 0x30, 0x6d, 0x1b, 0x5b, 0x33, 0x38, 0x3b, 0x32, 0x3b, 0x32, 0x35, 0x35, 0x3b, 
    0x32, 0x35, 0x35, 0x3b, 0x32, 0x35, 0x35, 0x6d, 0x4d, 0x1b, 0x5b, 0x30, 0x6d, 0x1b, 0x5b, 0x33, 
    0x38, 0x3b, 0x32, 0x3b, 0x32, 0x35, 0x35, 0x3b, 0x32, 0x35, 0x35, 0x3b, 0x32, 0x35, 0x35, 0x6d, 
    0x4d, 0x1b, 0x5b, 0x30, 0x6d, 0x1b, 0x5b, 0x33, 0x38, 0x3b, 0x32, 0x3b, 0x32, 0x35, 0x35, 0x3b, 
    0x32, 0x35, 0x35, 0x3b, 0x32, 0x35, 0x35, 0x6d, 0x4d, 0x1b, 0x5b, 0x30, 0x6d, 0x1b, 0x5b, 0x33, 
    0x38, 0x3b, 0x32, 0x3b, 0x32, 0x35, 0x35, 0x3b, 0x32, 0x35, 0x35, 0x3b, 0x32, 0x35, 0x35, 0x6d, 
    0x4d, 0x1b, 0x5b, 0x30, 0x6d, 0x1b, 0x5b, 0x33, 0x38, 0x3b, 0x32, 0x3b, 0x32, 0x35, 0x35, 0x3b, 
    0x32, 0x35, 0x35, 0x3b, 0x32, 0x35, 0x35, 0x6d, 0x4d, 0x1b, 0x5b, 0x30, 0x6d, 0x1b, 0x5b, 0x33, 
    0x38, 0x3b, 0x32, 0x3b, 0x32, 0x35, 0x35, 0x3b, 0x32, 0x35, 0x35, 0x3b, 0x32, 0x35, 0x35, 0x6d, 
    0x4d, 0x1b, 0x5b, 0x30, 0x6d, 0x1b, 0x5b, 0x33, 0x38, 0x3b, 0x32, 0x3b, 0x32, 0x35, 0x35, 0x3b, 
    0x32, 0x35, 0x35, 0x3b, 0x32, 0x35, 0x35, 0x6d, 0x4d, 0x1b, 0x5b, 0x30, 0x6d, 0x1b, 0x5b, 0x33, 
    0x38, 0x3b, 0x32, 0x3b, 0x32, 0x35, 0x35, 0x3b, 0x32, 0x35, 0x35, 0x3b, 0x32, 0x35, 0x35, 0x6d, 
    0x4d, 0x1b, 0x5b, 0x30, 0x6d, 0x1b, 0x5b, 0x33, 0x38, 0x3b, 0x32, 0x3b, 0x30, 0x3b, 0x30, 0x3b, 
    0x30, 0x6d, 0x20, 0x1b, 0x5b, 0x30, 0x6d, 0x1b, 0x5b, 0x33, 0x38, 0x3b, 0x32, 0x3b, 0x30, 0x3b, 
    0x30, 0x3b, 0x30, 0x6d, 0x20, 0x1b, 0x5b, 0x30, 0x6d, 0x1b, 0x5b, 0x33, 0x38, 0x3b, 0x32, 0x3b, 
    0x31, 0x32, 0x38, 0x3b, 0x31, 0x32, 0x38, 0x3b, 0x31, 0x32, 0x38, 0x6d, 0x6c, 0x1b, 0x5b, 0x30, 
    0x6d, 0x1b, 0x5b, 0x33, 0x38, 0x3b, 0x32, 0x3b, 0x32, 0x35, 0x35, 0x3b, 0x32, 0x35, 0x35, 0x3b, 
    0x32, 0x35, 0x35, 0x6d, 0x4d, 0x1b, 0x5b, 0x30, 0x6d, 0x1b, 0x5b, 0x33, 0x38, 0x3b, 0x32, 0x3b, 
    0x32, 0x35, 0x35, 0x3b, 0x32, 0x35, 0x35, 0x3b, 0x32, 0x35, 0x35, 0x6d, 0x4d, 0x1b, 0x5b, 0x30, 
    0x6d, 0x1b, 0x5b, 0x33, 0x38, 0x3b, 0x32, 0x3b, 0x30, 0x3b, 0x30, 0x3b, 0x30, 0x6d, 0x20, 0x1b, 
    0x5b, 0x30, 0x6d, 0x1b, 0x5b, 0x33, 0x38, 0x3b, 0x32, 0x3b, 0x30, 0x3b, 0x30, 0x3b, 0x30, 0x6d, 
    0x20, 0x1b, 0x5b, 0x30, 0x6d, 0x1b, 0x5b, 0x33, 0x38, 0x3b, 0x32, 0x3b, 0x35, 0x31, 0x3b, 0x35, 
    0x31, 0x3b, 0x35, 0x31, 0x6d, 0x2e, 0x1b, 0x5b, 0x30, 0x6d, 0x1b, 0x5b, 0x33, 0x38, 0x3b, 0x32, 
    0x3b, 0x35, 0x31, 0x3b, 0x35, 0x31, 0x3b, 0x35, 0x31, 0x6d, 0x2e, 0x1b, 0x5b, 0x30, 0x6d, 0x1b, 
    0x5b, 0x33, 0x38, 0x3b, 0x32, 0x3b, 0x35, 0x31, 0x3b, 0x35, 0x31, 0x3b, 0x35, 0x31, 0x6d, 0x2e, 
    0x1b, 0x5b, 0x30, 0x6d, 0x1b, 0x5b, 0x33, 0x38, 0x3b, 0x32, 0x3b, 0x35, 0x31, 0x3b, 0x35, 0x31, 
    0x3b, 0x35, 0x31, 0x6d, 0x2e, 0x1b, 0x5b, 0x30, 0x6d, 0x1b, 0x5b, 0x33, 0x38, 0x3b, 0x32, 0x3b, 
    0x31, 0x35, 0x33, 0x3b, 0x31, 0x35, 0x33, 0x3b, 0x31, 0x35, 0x33, 0x6d, 0x64, 0x1b, 0x5b, 0x30, 
    0x6d, 0x1b, 0x5b, 0x33, 0x38, 0x3b, 0x32, 0x3b, 0x32, 0x35, 0x35, 0x3b, 0x32, 0x35, 0x35, 0x3b, 
    0x32, 0x35, 0x35, 0x6d, 0x4d, 0x1b, 0x5b, 0x30, 0x6d, 0x1b, 0x5b, 0x33, 0x38, 0x3b, 0x32, 0x3b, 
    0x32, 0x35, 0x35, 0x3b, 0x32, 0x35, 0x35, 0x3b, 0x32, 0x35, 0x35, 0x6d, 0x4d, 0x1b, 0x5b, 0x30, 
    0x6d, 0x1b, 0x5b, 0x33, 0x38, 0x3b, 0x32, 0x3b, 0x32, 0x35, 0x35, 0x3b, 0x32, 0x35, 0x35, 0x3b, 
    0x32, 0x35, 0x35, 0x6d, 0x4d, 0x1b, 0x5b, 0x30, 0x6d, 0x1b, 0x5b, 0x33, 0x38, 0x3b, 0x32, 0x3b, 
    0x32, 0x35, 0x35, 0x3b, 0x32, 0x35, 0x35, 0x3b, 0x32, 0x35, 0x35, 0x6d, 0x4d, 0x1b, 0x5b, 0x30, 
    0x6d, 0x1b, 0x5b, 0x33, 0x38, 0x3b, 0x32, 0x3b, 0x32, 0x30, 0x34, 0x3b, 0x32, 0x30, 0x34, 0x3b, 
    0x32, 0x30, 0x34, 0x6d, 0x4b, 0x1b, 0x5b, 0x30, 0x6d, 0x1b, 0x5b, 0x33, 0x38, 0x3b, 0x32, 0x3b, 
    0x32, 0x30, 0x34, 0x3b, 0x32, 0x30, 0x34, 0x3b, 0x32, 0x30, 0x34, 0x6d, 0x4b, 0x1b, 0x5b, 0x30, 
    0x6d, 0x1b, 0x5b, 0x33, 0x38, 0x3b, 0x32, 0x3b, 0x31, 0x30, 0x32, 0x3b, 0x31, 0x30, 0x32, 0x3b, 
    0x31, 0x30, 0x32, 0x6d, 0x3a, 0x1b, 0x5b, 0x30, 0x6d, 0x1b, 0x5b, 0x33, 0x38, 0x3b, 0x32, 0x3b, 
    0x30, 0x3b, 0x30, 0x3b, 0x30, 0x6d, 0x20, 0x1b, 0x5b, 0x30, 0x6d, 0x1b, 0x5b, 0x33, 0x38, 0x3b, 
    0x32, 0x3b, 0x30, 0x3b, 0x30, 0x3b, 0x30, 0x6d, 0x20, 0x1b, 0x5b, 0x30, 0x6d, 0x1b, 0x5b, 0x33, 
    0x38, 0x3b, 0x32, 0x3b, 0x35, 0x31, 0x3b, 0x35, 0x31, 0x3b, 0x35, 0x31, 0x6d, 0x2e, 0x1b, 0x5b, 
    0x30, 0x6d, 0x1b, 0x5b, 0x33, 0x38, 0x3b, 0x32, 0x3b, 0x35, 0x31, 0x3b, 0x35, 0x31, 0x3b, 0x35, 
    0x31, 0x6d, 0x2e, 0x1b, 0x5b, 0x30, 0x6d, 0x1b, 0x5b, 0x33, 0x38, 0x3b, 0x32, 0x3b, 0x32, 0x35, 
    0x35, 0x3b, 0x32, 0x35, 0x35, 0x3b, 0x32, 0x35, 0x35, 0x6d, 0x4d, 0x1b, 0x5b, 0x30, 0x6d, 0x1b, 
    0x5b, 0x33, 0x38, 0x3b, 0x32, 0x3b, 0x32, 0x35, 0x35, 0x3b, 0x32, 0x35, 0x35, 0x3b, 0x32, 0x35, 
    0x35, 0x6d, 0x4d, 0x1b, 0x5b, 0x30, 0x6d, 0x1b, 0x5b, 0x33, 0x38, 0x3b, 0x32, 0x3b, 0x32, 0x35, 
    0x35, 0x3b, 0x32, 0x35, 0x35, 0x3b, 0x32, 0x35, 0x35, 0x6d, 0x4d, 0x1b, 0x5b, 0x30, 0x6d, 0x1b, 
    0x5b, 0x33, 0x38, 0x3b, 0x32, 0x3b, 0x32, 0x35, 0x35, 0x3b, 0x32, 0x35, 0x35, 0x3b, 0x32, 0x35, 
    0x35, 0x6d, 0x4d, 0x1b, 0x5b, 0x30, 0x6d, 0x1b, 0x5b, 0x33, 0x38, 0x3b, 0x32, 0x3b, 0x32, 0x35, 
    0x35, 0x3b, 0x32, 0x35, 0x35, 0x3b, 0x32, 0x35, 0x35, 0x6d, 0x4d, 0x1b, 0x5b, 0x30, 0x6d, 0x1b, 
    0x5b, 0x33, 0x38, 0x3b, 0x32, 0x3b, 0x32, 0x35, 0x35, 0x3b, 0x32, 0x35, 0x35, 0x3b, 0x32, 0x35, 
    0x35, 0x6d, 0x4d, 0x1b, 0x5b, 0x30, 0x6d, 0x1b, 0x5b, 0x33, 0x38, 0x3b, 0x32, 0x3b, 0x32, 0x35, 
    0x35, 0x3b, 0x32, 0x35, 0x35, 0x3b, 0x32, 0x35, 0x35, 0x6d, 0x4d, 0x1b, 0x5b, 0x30, 0x6d, 0x1b, 
    0x5b, 0x33, 0x38, 0x3b, 0x32, 0x3b, 0x32, 0x30, 0x34, 0x3b, 0x32, 0x30, 0x34, 0x3b, 0x32, 0x30, 
    0x34, 0x6d, 0x4b, 0x1b, 0x5b, 0x30, 0x6d, 0x1b, 0x5b, 0x33, 0x38, 0x3b, 0x32, 0x3b, 0x32, 0x30, 
    0x34, 0x3b, 0x32, 0x30, 0x34, 0x3b, 0x32, 0x30, 0x34, 0x6d, 0x4b, 0x1b, 0x5b, 0x30, 0x6d, 0x1b, 
    0x5b, 0x33, 0x38, 0x3b, 0x32, 0x3b, 0x30, 0x3b, 0x30, 0x3b, 0x30, 0x6d, 0x20, 0x1b, 0x5b, 0x30, 
    0x6d, 0x1b, 0x5b, 0x33, 0x38, 0x3b, 0x32, 0x3b, 0x30, 0x3b, 0x30, 0x3b, 0x30, 0x6d, 0x20, 0x1b, 
    0x5b, 0x30, 0x6d, 0x1b, 0x5b, 0x33, 0x38, 0x3b, 0x32, 0x3b, 0x30, 0x3b, 0x30, 0x3b, 0x30, 0x6d, 
    0x20, 0x1b, 0x5b, 0x30, 0x6d, 0x1b, 0x5b, 0x33, 0x38, 0x3b, 0x32, 0x3b, 0x30, 0x3b, 0x30, 0x3b, 
    0x30, 0x6d, 0x20, 0x1b, 0x5b, 0x30, 0x6d, 0x1b, 0x5b, 0x33, 0x38, 0x3b, 0x32, 0x3b, 0x30, 0x3b, 
    0x30, 0x3b, 0x30, 0x6d, 0x20, 0x1b, 0x5b, 0x30, 0x6d, 0x1b, 0x5b, 0x33, 0x38, 0x3b, 0x32, 0x3b, 
    0x32, 0x35, 0x35, 0x3b, 0x32, 0x35, 0x35, 0x3b, 0x32, 0x35, 0x35, 0x6d, 0x4d, 0x1b, 0x5b, 0x30, 
    0x6d, 0x1b, 0x5b, 0x33, 0x38, 0x3b, 0x32, 0x3b, 0x32, 0x35, 0x35, 0x3b, 0x32, 0x35, 0x35, 0x3b, 
    0x32, 0x35, 0x35, 0x6d, 0x4d, 0x1b, 0x5b, 0x30, 0x6d, 0x1b, 0x5b, 0x33, 0x38, 0x3b, 0x32, 0x3b, 
    0x32, 0x35, 0x35, 0x3b, 0x32, 0x35, 0x35, 0x3b, 0x32, 0x35, 0x35, 0x6d, 0x4d, 0x1b, 0x5b, 0x30, 
    0x6d, 0x1b, 0x5b, 0x33, 0x38, 0x3b, 0x32, 0x3b, 0x32, 0x35, 0x35, 0x3b, 0x32, 0x35, 0x35, 0x3b, 
    0x32, 0x35, 0x35, 0x6d, 0x4d, 0x1b, 0x5b, 0x30, 0x6d, 0x1b, 0x5b, 0x33, 0x38, 0x3b, 0x32, 0x3b, 
    0x32, 0x35, 0x35, 0x3b, 0x32, 0x35, 0x35, 0x3b, 0x32, 0x35, 0x35, 0x6d, 0x4d, 0x1b, 0x5b, 0x30, 
    0x6d, 0x1b, 0x5b, 0x33, 0x38, 0x3b, 0x32, 0x3b, 0x32, 0x35, 0x35, 0x3b, 0x32, 0x35, 0x35, 0x3b, 
    0x32, 0x35, 0x35, 0x6d, 0x4d, 0x1b, 0x5b, 0x30, 0x6d, 0x1b, 0x5b, 0x33, 0x38, 0x3b, 0x32, 0x3b, 
    0x31, 0x35, 0x33, 0x3b, 0x31, 0x35, 0x33, 0x3b, 0x31, 0x35, 0x33, 0x6d, 0x64, 0x1b, 0x5b, 0x30, 
    0x6d, 0x1b, 0x5b, 0x33, 0x38, 0x3b, 0x32, 0x3b, 0x35, 0x31, 0x3b, 0x35, 0x31, 0x3b, 0x35, 0x31, 
    0x6d, 0x2e, 0x1b, 0x5b, 0x30, 0x6d, 0x1b, 0x5b, 0x33, 0x38, 0x3b, 0x32, 0x3b, 0x35, 0x31, 0x3b, 
    0x35, 0x31, 0x3b, 0x35, 0x31, 0x6d, 0x2e, 0x1b, 0x5b, 0x30, 0x6d, 0x1b, 0x5b, 0x33, 0x38, 0x3b, 
    0x32, 0x3b, 0x30, 0x3b, 0x30, 0x3b, 0x30, 0x6d, 0x20, 0x1b, 0x5b, 0x30, 0x6d, 0x1b, 0x5b, 0x33, 
    0x38, 0x3b, 0x32, 0x3b, 0x30, 0x3b, 0x30, 0x3b, 0x30, 0x6d, 0x20, 0x1b, 0x5b, 0x30, 0x6d, 0x1b, 
    0x5b, 0x33, 0x38, 0x3b, 0x32, 0x3b, 0x30, 0x3b, 0x30, 0x3b, 0x30, 0x6d, 0x20, 0x1b, 0x5b, 0x30, 
    0x6d, 0x1b, 0x5b, 0x33, 0x38, 0x3b, 0x32, 0x3b, 0x30, 0x3b, 0x30, 0x3b, 0x30, 0x6d, 0x20, 0x1b, 
    0x5b, 0x30, 0x6d, 0x1b, 0x5b, 0x33, 0x38, 0x3b, 0x32, 0x3b, 0x30, 0x3b, 0x30, 0x3b, 0x30, 0x6d, 
    0x20, 0x1b, 0x5b, 0x30, 0x6d, 0x1b, 0x5b, 0x33, 0x38, 0x3b, 0x32, 0x3b, 0x30, 0x3b, 0x30, 0x3b, 
    0x30, 0x6d, 0x20, 0x1b, 0x5b, 0x30, 0x6d, 0x1b, 0x5b, 0x33, 0x38, 0x3b, 0x32, 0x3b, 0x30, 0x3b, 
    0x30, 0x3b, 0x30, 0x6d, 0x20, 0x1b, 0x5b, 0x30, 0x6d, 0x1b, 0x5b, 0x33, 0x38, 0x3b, 0x32, 0x3b, 
    0x30, 0x3b, 0x30, 0x3b, 0x30, 0x6d, 0x20, 0x1b, 0x5b, 0x30, 0x6d, 0x1b, 0x5b, 0x33, 0x38, 0x3b, 
    0x32, 0x3b, 0x30, 0x3b, 0x30, 0x3b, 0x30, 0x6d, 0x20, 0x1b, 0x5b, 0x30, 0x6d, 0x1b, 0x5b, 0x33, 
    0x38, 0x3b, 0x32, 0x3b, 0x30, 0x3b, 0x30, 0x3b, 0x30, 0x6d, 0x20, 0x1b, 0x5b, 0x30, 0x6d, 0x1b, 
    0x5b, 0x33, 0x38, 0x3b, 0x32, 0x3b, 0x30, 0x3b, 0x30, 0x3b, 0x30, 0x6d, 0x20, 0x1b, 0x5b, 0x30, 
    0x6d, 0x1b, 0x5b, 0x33, 0x38, 0x3b, 0x32, 0x3b, 0x32, 0x36, 0x3b, 0x32, 0x36, 0x3b, 0x32, 0x36, 
    0x6d, 0x20, 0x1b, 0x5b, 0x30, 0x6d, 0x1b, 0x5b, 0x33, 0x38, 0x3b, 0x32, 0x3b, 0x35, 0x31, 0x3b, 
    0x35, 0x31, 0x3b, 0x35, 0x31, 0x6d, 0x2e, 0x1b, 0x5b, 0x30, 0x6d, 0x1b, 0x5b, 0x33, 0x38, 0x3b, 
    0x32, 0x3b, 0x35, 0x31, 0x3b, 0x35, 0x31, 0x3b, 0x35, 0x31, 0x6d, 0x2e, 0x1b, 0x5b, 0x30, 0x6d, 
    0x1b, 0x5b, 0x33, 0x38, 0x3b, 0x32, 0x3b, 0x35, 0x31, 0x3b, 0x35, 0x31, 0x3b, 0x35, 0x31, 0x6d, 
    0x2e, 0x1b, 0x5b, 0x30, 0x6d, 0x1b, 0x5b, 0x33, 0x38, 0x3b, 0x32, 0x3b, 0x35, 0x31, 0x3b, 0x35, 
    0x31, 0x3b, 0x35, 0x31, 0x6d, 0x2e, 0x1b, 0x5b, 0x30, 0x6d, 0x1b, 0x5b, 0x33, 0x38, 0x3b, 0x32, 
    0x3b, 0x30, 0x3b, 0x30, 0x3b, 0x30, 0x6d, 0x20, 0x1b, 0x5b, 0x30, 0x6d, 0x1b, 0x5b, 0x33, 0x38, 
    0x3b, 0x32, 0x3b, 0x30, 0x3b, 0x30, 0x3b, 0x30, 0x6d, 0x20, 0x1b, 0x5b, 0x30, 0x6d, 0x1b, 0x5b, 
    0x33, 0x38, 0x3b, 0x32, 0x3b, 0x30, 0x3b, 0x30, 0x3b, 0x30, 0x6d, 0x20, 0x1b, 0x5b, 0x30, 0x6d, 
    0x1b, 0x5b, 0x33, 0x38, 0x3b, 0x32, 0x3b, 0x30, 0x3b, 0x30, 0x3b, 0x30, 0x6d, 0x20, 0x1b, 0x5b, 
    0x30, 0x6d, 0x1b, 0x5b, 0x33, 0x38, 0x3b, 0x32, 0x3b, 0x30, 0x3b, 0x30, 0x3b, 0x30, 0x6d, 0x20, 
    0x1b, 0x5b, 0x30, 0x6d, 0x1b, 0x5b, 0x33, 0x38, 0x3b, 0x32, 0x3b, 0x30, 0x3b, 0x30, 0x3b, 0x30, 
    0x6d, 0x20, 0x1b, 0x5b, 0x30, 0x6d, 0x1b, 0x5b, 0x33, 0x38, 0x3b, 0x32, 0x3b, 0x30, 0x3b, 0x30, 
    0x3b, 0x30, 0x6d, 0x20, 0x1b, 0x5b, 0x30, 0x6d, 0x1b, 0x5b, 0x33, 0x38, 0x3b, 0x32, 0x3b, 0x30, 
    0x3b, 0x30, 0x3b, 0x30, 0x6d, 0x20, 0x1b, 0x5b, 0x30, 0x6d, 0x1b, 0x5b, 0x33, 0x38, 0x3b, 0x32, 
    0x3b, 0x30, 0x3b, 0x30, 0x3b, 0x30, 0x6d, 0x20, 0x1b, 0x5b, 0x30, 0x6d, 0x1b, 0x5b, 0x33, 0x38, 
    0x3b, 0x32, 0x3b, 0x30, 0x3b, 0x30, 0x3b, 0x30, 0x6d, 0x20, 0x1b, 0x5b, 0x30, 0x6d, 0x1b, 0x5b, 
    0x33, 0x38, 0x3b, 0x32, 0x3b, 0x30, 0x3b, 0x30, 0x3b, 0x30, 0x6d, 0x20, 0x1b, 0x5b, 0x30, 0x6d, 
    0x1b, 0x5b, 0x33, 0x38, 0x3b, 0x32, 0x3b, 0x32, 0x36, 0x3b, 0x32, 0x36, 0x3b, 0x32, 0x36, 0x6d, 
    0x20, 0x1b, 0x5b, 0x30, 0x6d, 0x1b, 0x5b, 0x33, 0x38, 0x3b, 0x32, 0x3b, 0x35, 0x31, 0x3b, 0x35, 
    0x31, 0x3b, 0x35, 0x31, 0x6d, 0x2e, 0x1b, 0x5b, 0x30, 0x6d, 0x1b, 0x5b, 0x33, 0x38, 0x3b, 0x32, 
    0x3b, 0x31, 0x35, 0x33, 0x3b, 0x31, 0x35, 0x33, 0x3b, 0x31, 0x35, 0x33, 0x6d, 0x64, 0x1b, 0x5b, 
    0x30, 0x6d, 0x1b, 0x5b, 0x33, 0x38, 0x3b, 0x32, 0x3b, 0x32, 0x35, 0x35, 0x3b, 0x32, 0x35, 0x35, 
    0x3b, 0x32, 0x35, 0x35, 0x6d, 0x4d, 0x1b, 0x5b, 0x30, 0x6d, 0x1b, 0x5b, 0x33, 0x38, 0x3b, 0x32, 
    0x3b, 0x32, 0x35, 0x35, 0x3b, 0x32, 0x35, 0x35, 0x3b, 0x32, 0x35, 0x35, 0x6d, 0x4d, 0x1b, 0x5b, 
    0x30, 0x6d, 0x1b, 0x5b, 0x33, 0x38, 0x3b, 0x32, 0x3b, 0x32, 0x35, 0x35, 0x3b, 0x32, 0x35, 0x35, 
    0x3b, 0x32, 0x35, 0x35, 0x6d, 0x4d, 0x1b, 0x5b, 0x30, 0x6d, 0x1b, 0x5b, 0x33, 0x38, 0x3b, 0x32, 
    0x3b, 0x32, 0x35, 0x35, 0x3b, 0x32, 0x35, 0x35, 0x3b, 0x32, 0x35, 0x35, 0x6d, 0x4d, 0x1b, 0x5b, 
    0x30, 0x6d, 0x1b, 0x5b, 0x33, 0x38, 0x3b, 0x32, 0x3b, 0x32, 0x35, 0x35, 0x3b, 0x32, 0x35, 0x35, 
    0x3b, 0x32, 0x35, 0x35, 0x6d, 0x4d, 0x1b, 0x5b, 0x30, 0x6d, 0x1b, 0x5b, 0x33, 0x38, 0x3b, 0x32, 
    0x3b, 0x32, 0x35, 0x35, 0x3b, 0x32, 0x35, 0x35, 0x3b, 0x32, 0x35, 0x35, 0x6d, 0x4d, 0x1b, 0x5b, 
    0x30, 0x6d, 0x0a, 0x1b, 0x5b, 0x30, 0x6d, 0x1b, 0x5b, 0x33, 0x38, 0x3b, 0x32, 0x3b, 0x32, 0x35, 
    0x35, 0x3b, 0x32, 0x35, 0x35, 0x3b, 0x32, 0x35, 0x35, 0x6d, 0x4d, 0x1b, 0x5b, 0x30, 0x6d, 0x1b, 
    0x5b, 0x33, 0x38, 0x3b, 0x32, 0x3b, 0x32, 0x35, 0x35, 0x3b, 0x32, 0x35, 0x35, 0x3b, 0x32, 0x35, 
    0x35, 0x6d, 0x4d, 0x1b, 0x5b, 0x30, 0x6d, 0x1b, 0x5b, 0x33, 0x38, 0x3b, 0x32, 0x3b, 0x32, 0x35, 
    0x35, 0x3b, 0x32, 0x35, 0x35, 0x3b, 0x32, 0x35, 0x35, 0x6d, 0x4d, 0x1b, 0x5b, 0x30, 0x6d, 0x1b, 
    0x5b, 0x33, 0x38, 0x3b, 0x32, 0x3b, 0x32, 0x35, 0x35, 0x3b, 0x32, 0x35, 0x35, 0x3b, 0x32, 0x35, 
    0x35, 0x6d, 0x4d, 0x1b, 0x5b, 0x30, 0x6d, 0x1b, 0x5b, 0x33, 0x38, 0x3b, 0x32, 0x3b, 0x32, 0x35, 
    0x35, 0x3b, 0x32, 0x35, 0x35, 0x3b, 0x32, 0x35, 0x35, 0x6d, 0x4d, 0x1b, 0x5b, 0x30, 0x6d, 0x1b, 
    0x5b, 0x33, 0x38, 0x3b, 0x32, 0x3b, 0x32, 0x35, 0x35, 0x3b, 0x32, 0x35, 0x35, 0x3b, 0x32, 0x35, 
    0x35, 0x6d, 0x4d, 0x1b, 0x5b, 0x30, 0x6d, 0x1b, 0x5b, 0x33, 0x38, 0x3b, 0x32, 0x3b, 0x32, 0x35, 
    0x35, 0x3b, 0x32, 0x35, 0x35, 0x3b, 0x32, 0x35, 0x35, 0x6d, 0x4d, 0x1b, 0x5b, 0x30, 0x6d, 0x1b, 
    0x5b, 0x33, 0x38, 0x3b, 0x32, 0x3b, 0x32, 0x35, 0x35, 0x3b, 0x32, 0x35, 0x35, 0x3b, 0x32, 0x35, 
    0x35, 0x6d, 0x4d, 0x1b, 0x5b, 0x30, 0x6d, 0x1b, 0x5b, 0x33, 0x38, 0x3b, 0x32, 0x3b, 0x32, 0x35, 
    0x35, 0x3b, 0x32, 0x35, 0x35, 0x3b, 0x32, 0x35, 0x35, 0x6d, 0x4d, 0x1b, 0x5b, 0x30, 0x6d, 0x1b, 
    0x5b, 0x33, 0x38, 0x3b, 0x32, 0x3b, 0x32, 0x35, 0x35, 0x3b, 0x32, 0x35, 0x35, 0x3b, 0x32, 0x35, 
    0x35, 0x6d, 0x4d, 0x1b, 0x5b, 0x30, 0x6d, 0x1b, 0x5b, 0x33, 0x38, 0x3b, 0x32, 0x3b, 0x32, 0x35, 
    0x35, 0x3b, 0x32, 0x35, 0x35, 0x3b, 0x32, 0x35, 0x35, 0x6d, 0x4d, 0x1b, 0x5b, 0x30, 0x6d, 0x1b, 
    0x5b, 0x33, 0x38, 0x3b, 0x32, 0x3b, 0x32, 0x35, 0x35, 0x3b, 0x32, 0x35, 0x35, 0x3b, 0x32, 0x35, 
    0x35, 0x6d, 0x4d, 0x1b, 0x5b, 0x30, 0x6d, 0x1b, 0x5b, 0x33, 0x38, 0x3b, 0x32, 0x3b, 0x32, 0x35, 
    0x35, 0x3b, 0x32, 0x35, 0x35, 0x3b, 0x32, 0x35, 0x35, 0x6d, 0x4d, 0x1b, 0x5b, 0x30, 0x6d, 0x1b, 
    0x5b, 0x33, 0x38, 0x3b, 0x32, 0x3b, 0x32, 0x35, 0x35, 0x3b, 0x32, 0x35, 0x35, 0x3b, 0x32, 0x35, 
    0x35, 0x6d, 0x4d, 0x1b, 0x5b, 0x30, 0x6d, 0x1b, 0x5b, 0x33, 0x38, 0x3b, 0x32, 0x3b, 0x32, 0x35, 
    0x35, 0x3b, 0x32, 0x35, 0x35, 0x3b, 0x32, 0x35, 0x35, 0x6d, 0x4d, 0x1b, 0x5b, 0x30, 0x6d, 0x1b, 
    0x5b, 0x33, 0x38, 0x3b, 0x32, 0x3b, 0x32, 0x35, 0x35, 0x3b, 0x32, 0x35, 0x35, 0x3b, 0x32, 0x35, 
    0x35, 0x6d, 0x4d, 0x1b, 0x5b, 0x30, 0x6d, 0x1b, 0x5b, 0x33, 0x38, 0x3b, 0x32, 0x3b, 0x36, 0x34, 
    0x3b, 0x36, 0x34, 0x3b, 0x36, 0x34, 0x6d, 0x27, 0x1b, 0x5b, 0x30, 0x6d, 0x1b, 0x5b, 0x33, 0x38, 
    0x3b, 0x32, 0x3b, 0x36, 0x34, 0x3b, 0x36, 0x34, 0x3b, 0x36, 0x34, 0x6d, 0x27, 0x1b, 0x5b, 0x30, 
    0x6d, 0x1b, 0x5b, 0x33, 0x38, 0x3b, 0x32, 0x3b, 0x31, 0x39, 0x31, 0x3b, 0x31, 0x39, 0x31, 0x3b, 
    0x31, 0x39, 0x31, 0x6d, 0x30, 0x1b, 0x5b, 0x30, 0x6d, 0x1b, 0x5b, 0x33, 0x38, 0x3b, 0x32, 0x3b, 
    0x31, 0x39, 0x31, 0x3b, 0x31, 0x39, 0x31, 0x3b, 0x31, 0x39, 0x31, 0x6d, 0x30, 0x1b, 0x5b, 0x30, 
    0x6d, 0x1b, 0x5b, 0x33, 0x38, 0x3b, 0x32, 0x3b, 0x32, 0x32, 0x33, 0x3b, 0x32, 0x32, 0x33, 0x3b, 
    0x32, 0x32, 0x33, 0x6d, 0x58, 0x1b, 0x5b, 0x30, 0x6d, 0x1b, 0x5b, 0x33, 0x38, 0x3b, 0x32, 0x3b, 
    0x32, 0x35, 0x35, 0x3b, 0x32, 0x35, 0x35, 0x3b, 0x32, 0x35, 0x35, 0x6d, 0x4d, 0x1b, 0x5b, 0x30, 
    0x6d, 0x1b, 0x5b, 0x33, 0x38, 0x3b, 0x32, 0x3b, 0x32, 0x35, 0x35, 0x3b, 0x32, 0x35, 0x35, 0x3b, 
    0x32, 0x35, 0x35, 0x6d, 0x4d, 0x1b, 0x5b, 0x30, 0x6d, 0x1b, 0x5b, 0x33, 0x38, 0x3b, 0x32, 0x3b, 
    0x30, 0x3b, 0x30, 0x3b, 0x30, 0x6d, 0x20, 0x1b, 0x5b, 0x30, 0x6d, 0x1b, 0x5b, 0x33, 0x38, 0x3b, 
    0x32, 0x3b, 0x30, 0x3b, 0x30, 0x3b, 0x30, 0x6d, 0x20, 0x1b, 0x5b, 0x30, 0x6d, 0x1b, 0x5b, 0x33, 
    0x38, 0x3b, 0x32, 0x3b, 0x31, 0x39, 0x31, 0x3b, 0x31, 0x39, 0x31, 0x3b, 0x31, 0x39, 0x31, 0x6d, 
    0x30, 0x1b, 0x5b, 0x30, 0x6d, 0x1b, 0x5b, 0x33, 0x38, 0x3b, 0x32, 0x3b, 0x31, 0x39, 0x31, 0x3b, 
    0x31, 0x39, 0x31, 0x3b, 0x31, 0x39, 0x31, 0x6d, 0x30, 0x1b, 0x5b, 0x30, 0x6d, 0x1b, 0x5b, 0x33, 
    0x38, 0x3b, 0x32, 0x3b, 0x39, 0x36, 0x3b, 0x39, 0x36, 0x3b, 0x39, 0x36, 0x6d, 0x3b, 0x1b, 0x5b, 
    0x30, 0x6d, 0x1b, 0x5b, 0x33, 0x38, 0x3b, 0x32, 0x3b, 0x30, 0x3b, 0x30, 0x3b, 0x30, 0x6d, 0x20, 
    0x1b, 0x5b, 0x30, 0x6d, 0x1b, 0x5b, 0x33, 0x38, 0x3b, 0x32, 0x3b, 0x33, 0x32, 0x3b, 0x33, 0x32, 
    0x3b, 0x33, 0x32, 0x6d, 0x2e, 0x1b, 0x5b, 0x30, 0x6d, 0x1b, 0x5b, 0x33, 0x38, 0x3b, 0x32, 0x3b, 
    0x36, 0x34, 0x3b, 0x36, 0x34, 0x3b, 0x36, 0x34, 0x6d, 0x27, 0x1b, 0x5b, 0x30, 0x6d, 0x1b, 0x5b, 
    0x33, 0x38, 0x3b, 0x32, 0x3b, 0x36, 0x34, 0x3b, 0x36, 0x34, 0x3b, 0x36, 0x34, 0x6d, 0x27, 0x1b, 
    0x5b, 0x30, 0x6d, 0x1b, 0x5b, 0x33, 0x38, 0x3b, 0x32, 0x3b, 0x32, 0x35, 0x35, 0x3b, 0x32, 0x35, 
    0x35, 0x3b, 0x32, 0x35, 0x35, 0x6d, 0x4d, 0x1b, 0x5b, 0x30, 0x6d, 0x1b, 0x5b, 0x33, 0x38, 0x3b, 
    0x32, 0x3b, 0x32, 0x35, 0x35, 0x3b, 0x32, 0x35, 0x35, 0x3b, 0x32, 0x35, 0x35, 0x6d, 0x4d, 0x1b, 
    0x5b, 0x30, 0x6d, 0x1b, 0x5b, 0x33, 0x38, 0x3b, 0x32, 0x3b, 0x32, 0x35, 0x35, 0x3b, 0x32, 0x35, 
    0x35, 0x3b, 0x32, 0x35, 0x35, 0x6d, 0x4d, 0x1b, 0x5b, 0x30, 0x6d, 0x1b, 0x5b, 0x33, 0x38, 0x3b, 
    0x32, 0x3b, 0x32, 0x35, 0x35, 0x3b, 0x32, 0x35, 0x35, 0x3b, 0x32, 0x35, 0x35, 0x6d, 0x4d, 0x1b, 
    0x5b, 0x30, 0x6d, 0x1b, 0x5b, 0x33, 0x38, 0x3b, 0x32, 0x3b, 0x31, 0x32, 0x38, 0x3b, 0x31, 0x32, 
    0x38, 0x3b, 0x31, 0x32, 0x38, 0x6d, 0x6c, 0x1b, 0x5b, 0x30, 0x6d, 0x1b, 0x5b, 0x33, 0x38, 0x3b, 
    0x32, 0x3b, 0x30, 0x3b, 0x30, 0x3b, 0x30, 0x6d, 0x20, 0x1b, 0x5b, 0x30, 0x6d, 0x1b, 0x5b, 0x33, 
    0x38, 0x3b, 0x32, 0x3b, 0x30, 0x3b, 0x30, 0x3b, 0x30, 0x6d, 0x20, 0x1b, 0x5b, 0x30, 0x6d, 0x1b, 
    0x5b, 0x33, 0x38, 0x3b, 0x32, 0x3b, 0x30, 0x3b, 0x30, 0x3b, 0x30, 0x6d, 0x20, 0x1b, 0x5b, 0x30, 
    0x6d, 0x1b, 0x5b, 0x33, 0x38, 0x3b, 0x32, 0x3b, 0x30, 0x3b, 0x30, 0x3b, 0x30, 0x6d, 0x20, 0x1b, 
    0x5b, 0x30, 0x6d, 0x1b, 0x5b, 0x33, 0x38, 0x3b, 0x32, 0x3b, 0x32, 0x35, 0x35, 0x3b, 0x32, 0x35, 
    0x35, 0x3b, 0x32, 0x35, 0x35, 0x6d, 0x4d, 0x1b, 0x5b, 0x30, 0x6d, 0x1b, 0x5b, 0x33, 0x38, 0x3b, 
    0x32, 0x3b, 0x32, 0x35, 0x35, 0x3b, 0x32, 0x35, 0x35, 0x3b, 0x32, 0x35, 0x35, 0x6d, 0x4d, 0x1b, 
    0x5b, 0x30, 0x6d, 0x1b, 0x5b, 0x33, 0x38, 0x3b, 0x32, 0x3b, 0x32, 0x35, 0x35, 0x3b, 0x32, 0x35, 
    0x35, 0x3b, 0x32, 0x35, 0x35, 0x6d, 0x4d, 0x1b, 0x5b, 0x30, 0x6d, 0x1b, 0x5b, 0x33, 0x38, 0x3b, 
    0x32, 0x3b, 0x32, 0x35, 0x35, 0x3b, 0x32, 0x35, 0x35, 0x3b, 0x32, 0x35, 0x35, 0x6d, 0x4d, 0x1b, 
    0x5b, 0x30, 0x6d, 0x1b, 0x5b, 0x33, 0x38, 0x3b, 0x32, 0x3b, 0x32, 0x35, 0x35, 0x3b, 0x32, 0x35, 
    0x35, 0x3b, 0x32, 0x35, 0x35, 0x6d, 0x4d, 0x1b, 0x5b, 0x30, 0x6d, 0x1b, 0x5b, 0x33, 0x38, 0x3b, 
    0x32, 0x3b, 0x32, 0x35, 0x35, 0x3b, 0x32, 0x35, 0x35, 0x3b, 0x32, 0x35, 0x35, 0x6d, 0x4d, 0x1b, 
    0x5b, 0x30, 0x6d, 0x1b, 0x5b, 0x33, 0x38, 0x3b, 0x32, 0x3b, 0x32, 0x35, 0x35, 0x3b, 0x32, 0x35, 
    0x35, 0x3b, 0x32, 0x35, 0x35, 0x6d, 0x4d, 0x1b, 0x5b, 0x30, 0x6d, 0x1b, 0x5b, 0x33, 0x38, 0x3b, 
    0x32, 0x3b, 0x36, 0x34, 0x3b, 0x36, 0x34, 0x3b, 0x36, 0x34, 0x6d, 0x27, 0x1b, 0x5b, 0x30, 0x6d, 
    0x1b, 0x5b, 0x33, 0x38, 0x3b, 0x32, 0x3b, 0x36, 0x34, 0x3b, 0x36, 0x34, 0x3b, 0x36, 0x34, 0x6d, 
    0x27, 0x1b, 0x5b, 0x30, 0x6d, 0x1b, 0x5b, 0x33, 0x38, 0x3b, 0x32, 0x3b, 0x31, 0x39, 0x31, 0x3b, 
    0x31, 0x39, 0x31, 0x3b, 0x31, 0x39, 0x31, 0x6d, 0x30, 0x1b, 0x5b, 0x30, 0x6d, 0x1b, 0x5b, 0x33, 
    0x38, 0x3b, 0x32, 0x3b, 0x31, 0x39, 0x31, 0x3b, 0x31, 0x39, 0x31, 0x3b, 0x31, 0x39, 0x31, 0x6d, 
    0x30, 0x1b, 0x5b, 0x30, 0x6d, 0x1b, 0x5b, 0x33, 0x38, 0x3b, 0x32, 0x3b, 0x39, 0x36, 0x3b, 0x39, 
    0x36, 0x3b, 0x39, 0x36, 0x6d, 0x3b, 0x1b, 0x5b, 0x30, 0x6d, 0x1b, 0x5b, 0x33, 0x38, 0x3b, 0x32, 
    0x3b, 0x30, 0x3b, 0x30, 0x3b, 0x30, 0x6d, 0x20, 0x1b, 0x5b, 0x30, 0x6d, 0x1b, 0x5b, 0x33, 0x38, 
    0x3b, 0x32, 0x3b, 0x30, 0x3b, 0x30, 0x3b, 0x30, 0x6d, 0x20, 0x1b, 0x5b, 0x30, 0x6d, 0x1b, 0x5b, 
    0x33, 0x38, 0x3b, 0x32, 0x3b, 0x32, 0x35, 0x35, 0x3b, 0x32, 0x35, 0x35, 0x3b, 0x32, 0x35, 0x35, 
    0x6d, 0x4d, 0x1b, 0x5b, 0x30, 0x6d, 0x1b, 0x5b, 0x33, 0x38, 0x3b, 0x32, 0x3b, 0x32, 0x35, 0x35, 
    0x3b, 0x32, 0x35, 0x35, 0x3b, 0x32, 0x35, 0x35, 0x6d, 0x4d, 0x1b, 0x5b, 0x30, 0x6d, 0x1b, 0x5b, 
    0x33, 0x38, 0x3b, 0x32, 0x3b, 0x32, 0x35, 0x35, 0x3b, 0x32, 0x35, 0x35, 0x3b, 0x32, 0x35, 0x35, 
    0x6d, 0x4d, 0x1b, 0x5b, 0x30, 0x6d, 0x1b, 0x5b, 0x33, 0x38, 0x3b, 0x32, 0x3b, 0x32, 0x35, 0x35, 
    0x3b, 0x32, 0x35, 0x35, 0x3b, 0x32, 0x35, 0x35, 0x6d, 0x4d, 0x1b, 0x5b, 0x30, 0x6d, 0x1b, 0x5b, 
    0x33, 0x38, 0x3b, 0x32, 0x3b, 0x31, 0x35, 0x39, 0x3b, 0x31, 0x35, 0x39, 0x3b, 0x31, 0x35, 0x39, 
    0x6d, 0x78, 0x1b, 0x5b, 0x30, 0x6d, 0x1b, 0x5b, 0x33, 0x38, 0x3b, 0x32, 0x3b, 0x36, 0x34, 0x3b, 
    0x36, 0x34, 0x3b, 0x36, 0x34, 0x6d, 0x27, 0x1b, 0x5b, 0x30, 0x6d, 0x1b, 0x5b, 0x33, 0x38, 0x3b, 
    0x32, 0x3b, 0x33, 0x32, 0x3b, 0x33, 0x32, 0x3b, 0x33, 0x32, 0x6d, 0x2e, 0x1b, 0x5b, 0x30, 0x6d, 
    0x1b, 0x5b, 0x33, 0x38, 0x3b, 0x32, 0x3b, 0x30, 0x3b, 0x30, 0x3b, 0x30, 0x6d, 0x20, 0x1b, 0x5b, 
    0x30, 0x6d, 0x1b, 0x5b, 0x33, 0x38, 0x3b, 0x32, 0x3b, 0x30, 0x3b, 0x30, 0x3b, 0x30, 0x6d, 0x20, 
    0x1b, 0x5b, 0x30, 0x6d, 0x1b, 0x5b, 0x33, 0x38, 0x3b, 0x32, 0x3b, 0x30, 0x3b, 0x30, 0x3b, 0x30, 
    0x6d, 0x20, 0x1b, 0x5b, 0x30, 0x6d, 0x1b, 0x5b, 0x33, 0x38, 0x3b, 0x32, 0x3b, 0x30, 0x3b, 0x30, 
    0x3b, 0x30, 0x6d, 0x20, 0x1b, 0x5b, 0x30, 0x6d, 0x1b, 0x5b, 0x33, 0x38, 0x3b, 0x32, 0x3b, 0x30, 
    0x3b, 0x30, 0x3b, 0x30, 0x6d, 0x20, 0x1b, 0x5b, 0x30, 0x6d, 0x1b, 0x5b, 0x33, 0x38, 0x3b, 0x32, 
    0x3b, 0x30, 0x3b, 0x30, 0x3b, 0x30, 0x6d, 0x20, 0x1b, 0x5b, 0x30, 0x6d, 0x1b, 0x5b, 0x33, 0x38, 
    0x3b, 0x32, 0x3b, 0x30, 0x3b, 0x30, 0x3b, 0x30, 0x6d, 0x20, 0x1b, 0x5b, 0x30, 0x6d, 0x1b, 0x5b, 
    0x33, 0x38, 0x3b, 0x32, 0x3b, 0x30, 0x3b, 0x30, 0x3b, 0x30, 0x6d, 0x20, 0x1b, 0x5b, 0x30, 0x6d, 
    0x1b, 0x5b, 0x33, 0x38, 0x3b, 0x32, 0x3b, 0x30, 0x3b, 0x30, 0x3b, 0x30, 0x6d, 0x20, 0x1b, 0x5b, 
    0x30, 0x6d, 0x1b, 0x5b, 0x33, 0x38, 0x3b, 0x32, 0x3b, 0x30, 0x3b, 0x30, 0x3b, 0x30, 0x6d, 0x20, 
    0x1b, 0x5b, 0x30, 0x6d, 0x1b, 0x5b, 0x33, 0x38, 0x3b, 0x32, 0x3b, 0x30, 0x3b, 0x30, 0x3b, 0x30, 
    0x6d, 0x20, 0x1b, 0x5b, 0x30, 0x6d, 0x1b, 0x5b, 0x33, 0x38, 0x3b, 0x32, 0x3b, 0x30, 0x3b, 0x30, 
    0x3b, 0x30, 0x6d, 0x20, 0x1b, 0x5b, 0x30, 0x6d, 0x1b, 0x5b, 0x33, 0x38, 0x3b, 0x32, 0x3b, 0x30, 
    0x3b, 0x30, 0x3b, 0x30, 0x6d, 0x20, 0x1b, 0x5b, 0x30, 0x6d, 0x1b, 0x5b, 0x33, 0x38, 0x3b, 0x32, 
    0x3b, 0x30, 0x3b, 0x30, 0x3b, 0x30, 0x6d, 0x20, 0x1b, 0x5b, 0x30, 0x6d, 0x1b, 0x5b, 0x33, 0x38, 
    0x3b, 0x32, 0x3b, 0x30, 0x3b, 0x30, 0x3b, 0x30, 0x6d, 0x20, 0x1b, 0x5b, 0x30, 0x6d, 0x1b, 0x5b, 
    0x33, 0x38, 0x3b, 0x32, 0x3b, 0x30, 0x3b, 0x30, 0x3b, 0x30, 0x6d, 0x20, 0x1b, 0x5b, 0x30, 0x6d, 
    0x1b, 0x5b, 0x33, 0x38, 0x3b, 0x32, 0x3b, 0x30, 0x3b, 0x30, 0x3b, 0x30, 0x6d, 0x20, 0x1b, 0x5b, 
    0x30, 0x6d, 0x1b, 0x5b, 0x33, 0x38, 0x3b, 0x32, 0x3b, 0x30, 0x3b, 0x30, 0x3b, 0x30, 0x6d, 0x20, 
    0x1b, 0x5b, 0x30, 0x6d, 0x1b, 0x5b, 0x33, 0x38, 0x3b, 0x32, 0x3b, 0x30, 0x3b, 0x30, 0x3b, 0x30, 
    0x6d, 0x20, 0x1b, 0x5b, 0x30, 0x6d, 0x1b, 0x5b, 0x33, 0x38, 0x3b, 0x32, 0x3b, 0x30, 0x3b, 0x30, 
    0x3b, 0x30, 0x6d, 0x20, 0x1b, 0x5b, 0x30, 0x6d, 0x1b, 0x5b, 0x33, 0x38, 0x3b, 0x32, 0x3b, 0x30, 
    0x3b, 0x30, 0x3b, 0x30, 0x6d, 0x20, 0x1b, 0x5b, 0x30, 0x6d, 0x1b, 0x5b, 0x33, 0x38, 0x3b, 0x32, 
    0x3b, 0x30, 0x3b, 0x30, 0x3b, 0x30, 0x6d, 0x20, 0x1b, 0x5b, 0x30, 0x6d, 0x1b, 0x5b, 0x33, 0x38, 
    0x3b, 0x32, 0x3b, 0x30, 0x3b, 0x30, 0x3b, 0x30, 0x6d, 0x20, 0x1b, 0x5b, 0x30, 0x6d, 0x1b, 0x5b, 
    0x33, 0x38, 0x3b, 0x32, 0x3b, 0x30, 0x3b, 0x30, 0x3b, 0x30, 0x6d, 0x20, 0x1b, 0x5b, 0x30, 0x6d, 
    0x1b, 0x5b, 0x33, 0x38, 0x3b, 0x32, 0x3b, 0x30, 0x3b, 0x30, 0x3b, 0x30, 0x6d, 0x20, 0x1b, 0x5b, 
    0x30, 0x6d, 0x1b, 0x5b, 0x33, 0x38, 0x3b, 0x32, 0x3b, 0x30, 0x3b, 0x30, 0x3b, 0x30, 0x6d, 0x20, 
    0x1b, 0x5b, 0x30, 0x6d, 0x1b, 0x5b, 0x33, 0x38, 0x3b, 0x32, 0x3b, 0x30, 0x3b, 0x30, 0x3b, 0x30, 
    0x6d, 0x20, 0x1b, 0x5b, 0x30, 0x6d, 0x1b, 0x5b, 0x33, 0x38, 0x3b, 0x32, 0x3b, 0x30, 0x3b, 0x30, 
    0x3b, 0x30, 0x6d, 0x20, 0x1b, 0x5b, 0x30, 0x6d, 0x1b, 0x5b, 0x33, 0x38, 0x3b, 0x32, 0x3b, 0x30, 
    0x3b, 0x30, 0x3b, 0x30, 0x6d, 0x20, 0x1b, 0x5b, 0x30, 0x6d, 0x1b, 0x5b, 0x33, 0x38, 0x3b, 0x32, 
    0x3b, 0x30, 0x3b, 0x30, 0x3b, 0x30, 0x6d, 0x20, 0x1b, 0x5b, 0x30, 0x6d, 0x1b, 0x5b, 0x33, 0x38, 
    0x3b, 0x32, 0x3b, 0x30, 0x3b, 0x30, 0x3b, 0x30, 0x6d, 0x20, 0x1b, 0x5b, 0x30, 0x6d, 0x1b, 0x5b, 
    0x33, 0x38, 0x3b, 0x32, 0x3b, 0x31, 0x32, 0x38, 0x3b, 0x31, 0x32, 0x38, 0x3b, 0x31, 0x32, 0x38, 
    0x6d, 0x6c, 0x1b, 0x5b, 0x30, 0x6d, 0x1b, 0x5b, 0x33, 0x38, 0x3b, 0x32, 0x3b, 0x32, 0x35, 0x35, 
    0x3b, 0x32, 0x35, 0x35, 0x3b, 0x32, 0x35, 0x35, 0x6d, 0x4d, 0x1b, 0x5b, 0x30, 0x6d, 0x1b, 0x5b, 
    0x33, 0x38, 0x3b, 0x32, 0x3b, 0x32, 0x35, 0x35, 0x3b, 0x32, 0x35, 0x35, 0x3b, 0x32, 0x35, 0x35, 
    0x6d, 0x4d, 0x1b, 0x5b, 0x30, 0x6d, 0x1b, 0x5b, 0x33, 0x38, 0x3b, 0x32, 0x3b, 0x32, 0x35, 0x35, 
    0x3b, 0x32, 0x35, 0x35, 0x3b, 0x32, 0x35, 0x35, 0x6d, 0x4d, 0x1b, 0x5b, 0x30, 0x6d, 0x1b, 0x5b, 
    0x33, 0x38, 0x3b, 0x32, 0x3b, 0x32, 0x35, 0x35, 0x3b, 0x32, 0x35, 0x35, 0x3b, 0x32, 0x35, 0x35, 
    0x6d, 0x4d, 0x1b, 0x5b, 0x30, 0x6d, 0x1b, 0x5b, 0x33, 0x38, 0x3b, 0x32, 0x3b, 0x32, 0x35, 0x35, 
    0x3b, 0x32, 0x35, 0x35, 0x3b, 0x32, 0x35, 0x35, 0x6d, 0x4d, 0x1b, 0x5b, 0x30, 0x6d, 0x1b, 0x5b, 
    0x33, 0x38, 0x3b, 0x32, 0x3b, 0x32, 0x35, 0x35, 0x3b, 0x32, 0x35, 0x35, 0x3b, 0x32, 0x35, 0x35, 
    0x6d, 0x4d, 0x1b, 0x5b, 0x30, 0x6d, 0x0a, 0x1b, 0x5b, 0x30, 0x6d, 0x1b, 0x5b, 0x33, 0x38, 0x3b, 
    0x32, 0x3b, 0x32, 0x35, 0x35, 0x3b, 0x32, 0x35, 0x35, 0x3b, 0x32, 0x35, 0x35, 0x6d, 0x4d, 0x1b, 
    0x5b, 0x30, 0x6d, 0x1b, 0x5b, 0x33, 0x38, 0x3b, 0x32, 0x3b, 0x32, 0x35, 0x35, 0x3b, 0x32, 0x35, 
    0x35, 0x3b, 0x32, 0x35, 0x35, 0x6d, 0x4d, 0x1b, 0x5b, 0x30, 0x6d, 0x1b, 0x5b, 0x33, 0x38, 0x3b, 
    0x32, 0x3b, 0x32, 0x35, 0x35, 0x3b, 0x32, 0x35, 0x35, 0x3b, 0x32, 0x35, 0x35, 0x6d, 0x4d, 0x1b, 
    0x5b, 0x30, 0x6d, 0x1b, 0x5b, 0x33, 0x38, 0x3b, 0x32, 0x3b, 0x32, 0x35, 0x35, 0x3b, 0x32, 0x35, 
    0x35, 0x3b, 0x32, 0x35, 0x35, 0x6d, 0x4d, 0x1b, 0x5b, 0x30, 0x6d, 0x1b, 0x5b, 0x33, 0x38, 0x3b, 
    0x32, 0x3b, 0x32, 0x35, 0x35, 0x3b, 0x32, 0x35, 0x35, 0x3b, 0x32, 0x35, 0x35, 0x6d, 0x4d, 0x1b, 
    0x5b, 0x30, 0x6d, 0x1b, 0x5b, 0x33, 0x38, 0x3b, 0x32, 0x3b, 0x32, 0x35, 0x35, 0x3b, 0x32, 0x35, 
    0x35, 0x3b, 0x32, 0x35, 0x35, 0x6d, 0x4d, 0x1b, 0x5b, 0x30, 0x6d, 0x1b, 0x5b, 0x33, 0x38, 0x3b, 
    0x32, 0x3b, 0x32, 0x35, 0x35, 0x3b, 0x32, 0x35, 0x35, 0x3b, 0x32, 0x35, 0x35, 0x6d, 0x4d, 0x1b, 
    0x5b, 0x30, 0x6d, 0x1b, 0x5b, 0x33, 0x38, 0x3b, 0x32, 0x3b, 0x32, 0x35, 0x35, 0x3b, 0x32, 0x35, 
    0x35, 0x3b, 0x32, 0x35, 0x35, 0x6d, 0x4d, 0x1b, 0x5b, 0x30, 0x6d, 0x1b, 0x5b, 0x33, 0x38, 0x3b, 
    0x32, 0x3b, 0x32, 0x35, 0x35, 0x3b, 0x32, 0x35, 0x35, 0x3b, 0x32, 0x35, 0x35, 0x6d, 0x4d, 0x1b, 
    0x5b, 0x30, 0x6d, 0x1b, 0x5b, 0x33, 0x38, 0x3b, 0x32, 0x3b, 0x32, 0x35, 0x35, 0x3b, 0x32, 0x35, 
    0x35, 0x3b, 0x32, 0x35, 0x35, 0x6d, 0x4d, 0x1b, 0x5b, 0x30, 0x6d, 0x1b, 0x5b, 0x33, 0x38, 0x3b, 
    0x32, 0x3b, 0x32, 0x35, 0x35, 0x3b, 0x32, 0x35, 0x35, 0x3b, 0x32, 0x35, 0x35, 0x6d, 0x4d, 0x1b, 
    0x5b, 0x30, 0x6d, 0x1b, 0x5b, 0x33, 0x38, 0x3b, 0x32, 0x3b, 0x32, 0x35, 0x35, 0x3b, 0x32, 0x35, 
    0x35, 0x3b, 0x32, 0x35, 0x35, 0x6d, 0x4d, 0x1b, 0x5b, 0x30, 0x6d, 0x1b, 0x5b, 0x33, 0x38, 0x3b, 
    0x32, 0x3b, 0x32, 0x35, 0x35, 0x3b, 0x32, 0x35, 0x35, 0x3b, 0x32, 0x35, 0x35, 0x6d, 0x4d, 0x1b, 
    0x5b, 0x30, 0x6d, 0x1b, 0x5b, 0x33, 0x38, 0x3b, 0x32, 0x3b, 0x32, 0x35, 0x35, 0x3b, 0x32, 0x35, 
    0x35, 0x3b, 0x32, 0x35, 0x35, 0x6d, 0x4d, 0x1b, 0x5b, 0x30, 0x6d, 0x1b, 0x5b, 0x33, 0x38, 0x3b, 
    0x32, 0x3b, 0x32, 0x35, 0x35, 0x3b, 0x32, 0x35, 0x35, 0x3b, 0x32, 0x35, 0x35, 0x6d, 0x4d, 0x1b, 
    0x5b, 0x30, 0x6d, 0x1b, 0x5b, 0x33, 0x38, 0x3b, 0x32, 0x3b, 0x32, 0x35, 0x35, 0x3b, 0x32, 0x35, 
    0x35, 0x3b, 0x32, 0x35, 0x35, 0x6d, 0x4d, 0x1b, 0x5b, 0x30, 0x6d, 0x1b, 0x5b, 0x33, 0x38, 0x3b, 
    0x32, 0x3b, 0x30, 0x3b, 0x30, 0x3b, 0x30, 0x6d, 0x20, 0x1b, 0x5b, 0x30, 0x6d, 0x1b, 0x5b, 0x33, 
    0x38, 0x3b, 0x32, 0x3b, 0x30, 0x3b, 0x30, 0x3b, 0x30, 0x6d, 0x20, 0x1b, 0x5b, 0x30, 0x6d, 0x1b, 
    0x5b, 0x33, 0x38, 0x3b, 0x32, 0x3b, 0x32, 0x35, 0x35, 0x3b, 0x32, 0x35, 0x35, 0x3b, 0x32, 0x35, 
    0x35, 0x6d, 0x4d, 0x1b, 0x5b, 0x30, 0x6d, 0x1b, 0x5b, 0x33, 0x38, 0x3b, 0x32, 0x3b, 0x32, 0x35, 
    0x35, 0x3b, 0x32, 0x35, 0x35, 0x3b, 0x32, 0x35, 0x35, 0x6d, 0x4d, 0x1b, 0x5b, 0x30, 0x6d, 0x1b, 
    0x5b, 0x33, 0x38, 0x3b, 0x32, 0x3b, 0x32, 0x35, 0x35, 0x3b, 0x32, 0x35, 0x35, 0x3b, 0x32, 0x35, 
    0x35, 0x6d, 0x4d, 0x1b, 0x5b, 0x30, 0x6d, 0x1b, 0x5b, 0x33, 0x38, 0x3b, 0x32, 0x3b, 0x32, 0x35, 
    0x35, 0x3b, 0x32, 0x35, 0x35, 0x3b, 0x32, 0x35, 0x35, 0x6d, 0x4d, 0x1b, 0x5b, 0x30, 0x6d, 0x1b, 
    0x5b, 0x33, 0x38, 0x3b, 0x32, 0x3b, 0x32, 0x35, 0x35, 0x3b, 0x32, 0x35, 0x35, 0x3b, 0x32, 0x35, 
    0x35, 0x6d, 0x4d, 0x1b, 0x5b, 0x30, 0x6d, 0x1b, 0x5b, 0x33, 0x38, 0x3b, 0x32, 0x3b, 0x30, 0x3b, 
    0x30, 0x3b, 0x30, 0x6d, 0x20, 0x1b, 0x5b, 0x30, 0x6d, 0x1b, 0x5b, 0x33, 0x38, 0x3b, 0x32, 0x3b, 
    0x30, 0x3b, 0x30, 0x3b, 0x30, 0x6d, 0x20, 0x1b, 0x5b, 0x30, 0x6d, 0x1b, 0x5b, 0x33, 0x38, 0x3b, 
    0x32, 0x3b, 0x32, 0x35, 0x35, 0x3b, 0x32, 0x35, 0x35, 0x3b, 0x32, 0x35, 0x35, 0x6d, 0x4d, 0x1b, 
    0x5b, 0x30, 0x6d, 0x1b, 0x5b, 0x33, 0x38, 0x3b, 0x32, 0x3b, 0x32, 0x35, 0x35, 0x3b, 0x32, 0x35, 
    0x35, 0x3b, 0x32, 0x35, 0x35, 0x6d, 0x4d, 0x1b, 0x5b, 0x30, 0x6d, 0x1b, 0x5b, 0x33, 0x38, 0x3b, 
    0x32, 0x3b, 0x32, 0x30, 0x34, 0x3b, 0x32, 0x30, 0x34, 0x3b, 0x32, 0x30, 0x34, 0x6d, 0x4b, 0x1b, 
    0x5b, 0x30, 0x6d, 0x1b, 0x5b, 0x33, 0x38, 0x3b, 0x32, 0x3b, 0x31, 0x35, 0x33, 0x3b, 0x31, 0x35, 
    0x33, 0x3b, 0x31, 0x35, 0x33, 0x6d, 0x64, 0x1b, 0x5b, 0x30, 0x6d, 0x1b, 0x5b, 0x33, 0x38, 0x3b, 
    0x32, 0x3b, 0x31, 0x35, 0x33, 0x3b, 0x31, 0x35, 0x33, 0x3b, 0x31, 0x35, 0x33, 0x6d, 0x64, 0x1b, 
    0x5b, 0x30, 0x6d, 0x1b, 0x5b, 0x33, 0x38, 0x3b, 0x32, 0x3b, 0x31, 0x35, 0x33, 0x3b, 0x31, 0x35, 
    0x33, 0x3b, 0x31, 0x35, 0x33, 0x6d, 0x64, 0x1b, 0x5b, 0x30, 0x6d, 0x1b, 0x5b, 0x33, 0x38, 0x3b, 
    0x32, 0x3b, 0x31, 0x35, 0x33, 0x3b, 0x31, 0x35, 0x33, 0x3b, 0x31, 0x35, 0x33, 0x6d, 0x64, 0x1b, 
    0x5b, 0x30, 0x6d, 0x1b, 0x5b, 0x33, 0x38, 0x3b, 0x32, 0x3b, 0x31, 0x30, 0x32, 0x3b, 0x31, 0x30, 
    0x32, 0x3b, 0x31, 0x30, 0x32, 0x6d, 0x3a, 0x1b, 0x5b, 0x30, 0x6d, 0x1b, 0x5b, 0x33, 0x38, 0x3b, 
    0x32, 0x3b, 0x31, 0x30, 0x32, 0x3b, 0x31, 0x30, 0x32, 0x3b, 0x31, 0x30, 0x32, 0x6d, 0x3a, 0x1b, 
    0x5b, 0x30, 0x6d, 0x1b, 0x5b, 0x33, 0x38, 0x3b, 0x32, 0x3b, 0x31, 0x30, 0x32, 0x3b, 0x31, 0x30, 
    0x32, 0x3b, 0x31, 0x30, 0x32, 0x6d, 0x3a, 0x1b, 0x5b, 0x30, 0x6d, 0x1b, 0x5b, 0x33, 0x38, 0x3b, 
    0x32, 0x3b, 0x31, 0x30, 0x32, 0x3b, 0x31, 0x30, 0x32, 0x3b, 0x31, 0x30, 0x32, 0x6d, 0x3a, 0x1b, 
    0x5b, 0x30, 0x6d, 0x1b, 0x5b, 0x33, 0x38, 0x3b, 0x32, 0x3b, 0x35, 0x31, 0x3b, 0x35, 0x31, 0x3b, 
    0x35, 0x31, 0x6d, 0x2e, 0x1b, 0x5b, 0x30, 0x6d, 0x1b, 0x5b, 0x33, 0x38, 0x3b, 0x32, 0x3b, 0x30, 
    0x3b, 0x30, 0x3b, 0x30, 0x6d, 0x20, 0x1b, 0x5b, 0x30, 0x6d, 0x1b, 0x5b, 0x33, 0x38, 0x3b, 0x32, 
    0x3b, 0x30, 0x3b, 0x30, 0x3b, 0x30, 0x6d, 0x20, 0x1b, 0x5b, 0x30, 0x6d, 0x1b, 0x5b, 0x33, 0x38, 
    0x3b, 0x32, 0x3b, 0x31, 0x35, 0x33, 0x3b, 0x31, 0x35, 0x33, 0x3b, 0x31, 0x35, 0x33, 0x6d, 0x64, 
    0x1b, 0x5b, 0x30, 0x6d, 0x1b, 0x5b, 0x33, 0x38, 0x3b, 0x32, 0x3b, 0x31, 0x35, 0x33, 0x3b, 0x31, 
    0x35, 0x33, 0x3b, 0x31, 0x35, 0x33, 0x6d, 0x64, 0x1b, 0x5b, 0x30, 0x6d, 0x1b, 0x5b, 0x33, 0x38, 
    0x3b, 0x32, 0x3b, 0x32, 0x35, 0x35, 0x3b, 0x32, 0x35, 0x35, 0x3b, 0x32, 0x35, 0x35, 0x6d, 0x4d, 
    0x1b, 0x5b, 0x30, 0x6d, 0x1b, 0x5b, 0x33, 0x38, 0x3b, 0x32, 0x3b, 0x32, 0x35, 0x35, 0x3b, 0x32, 
    0x35, 0x35, 0x3b, 0x32, 0x35, 0x35, 0x6d, 0x4d, 0x1b, 0x5b, 0x30, 0x6d, 0x1b, 0x5b, 0x33, 0x38, 
    0x3b, 0x32, 0x3b, 0x32, 0x35, 0x35, 0x3b, 0x32, 0x35, 0x35, 0x3b, 0x32, 0x35, 0x35, 0x6d, 0x4d, 
    0x1b, 0x5b, 0x30, 0x6d, 0x1b, 0x5b, 0x33, 0x38, 0x3b, 0x32, 0x3b, 0x32, 0x35, 0x35, 0x3b, 0x32, 
    0x35, 0x35, 0x3b, 0x32, 0x35, 0x35, 0x6d, 0x4d, 0x1b, 0x5b, 0x30, 0x6d, 0x1b, 0x5b, 0x33, 0x38, 
    0x3b, 0x32, 0x3b, 0x32, 0x35, 0x35, 0x3b, 0x32, 0x35, 0x35, 0x3b, 0x32, 0x35, 0x35, 0x6d, 0x4d, 
    0x1b, 0x5b, 0x30, 0x6d, 0x1b, 0x5b, 0x33, 0x38, 0x3b, 0x32, 0x3b, 0x32, 0x35, 0x35, 0x3b, 0x32, 
    0x35, 0x35, 0x3b, 0x32, 0x35, 0x35, 0x6d, 0x4d, 0x1b, 0x5b, 0x30, 0x6d, 0x1b, 0x5b, 0x33, 0x38, 
    0x3b, 0x32, 0x3b, 0x32, 0x35, 0x35, 0x3b, 0x32, 0x35, 0x35, 0x3b, 0x32, 0x35, 0x35, 0x6d, 0x4d, 
    0x1b, 0x5b, 0x30, 0x6d, 0x1b, 0x5b, 0x33, 0x38, 0x3b, 0x32, 0x3b, 0x30, 0x3b, 0x30, 0x3b, 0x30, 
    0x6d, 0x20, 0x1b, 0x5b, 0x30, 0x6d, 0x1b, 0x5b, 0x33, 0x38, 0x3b, 0x32, 0x3b, 0x30, 0x3b, 0x30, 
    0x3b, 0x30, 0x6d, 0x20, 0x1b, 0x5b, 0x30, 0x6d, 0x1b, 0x5b, 0x33, 0x38, 0x3b, 0x32, 0x3b, 0x32, 
    0x35, 0x35, 0x3b, 0x32, 0x35, 0x35, 0x3b, 0x32, 0x35, 0x35, 0x6d, 0x4d, 0x1b, 0x5b, 0x30, 0x6d, 
    0x1b, 0x5b, 0x33, 0x38, 0x3b, 0x32, 0x3b, 0x32, 0x35, 0x35, 0x3b, 0x32, 0x35, 0x35, 0x3b, 0x32, 
    0x35, 0x35, 0x6d, 0x4d, 0x1b, 0x5b, 0x30, 0x6d, 0x1b, 0x5b, 0x33, 0x38, 0x3b, 0x32, 0x3b, 0x31, 
    0x32, 0x38, 0x3b, 0x31, 0x32, 0x38, 0x3b, 0x31, 0x32, 0x38, 0x6d, 0x6c, 0x1b, 0x5b, 0x30, 0x6d, 
    0x1b, 0x5b, 0x33, 0x38, 0x3b, 0x32, 0x3b, 0x30, 0x3b, 0x30, 0x3b, 0x30, 0x6d, 0x20, 0x1b, 0x5b, 
    0x30, 0x6d, 0x1b, 0x5b, 0x33, 0x38, 0x3b, 0x32, 0x3b, 0x30, 0x3b, 0x30, 0x3b, 0x30, 0x6d, 0x20, 
    0x1b, 0x5b, 0x30, 0x6d, 0x1b, 0x5b, 0x33, 0x38, 0x3b, 0x32, 0x3b, 0x32, 0x35, 0x35, 0x3b, 0x32, 
    0x35, 0x35, 0x3b, 0x32, 0x35, 0x35, 0x6d, 0x4d, 0x1b, 0x5b, 0x30, 0x6d, 0x1b, 0x5b, 0x33, 0x38, 
    0x3b, 0x32, 0x3b, 0x32, 0x35, 0x35, 0x3b, 0x32, 0x35, 0x35, 0x3b, 0x32, 0x35, 0x35, 0x6d, 0x4d, 
    0x1b, 0x5b, 0x30, 0x6d, 0x1b, 0x5b, 0x33, 0x38, 0x3b, 0x32, 0x3b, 0x31, 0x30, 0x32, 0x3b, 0x31, 
    0x30, 0x32, 0x3b, 0x31, 0x30, 0x32, 0x6d, 0x3a, 0x1b, 0x5b, 0x30, 0x6d, 0x1b, 0x5b, 0x33, 0x38, 
    0x3b, 0x32, 0x3b, 0x31, 0x30, 0x32, 0x3b, 0x31, 0x30, 0x32, 0x3b, 0x31, 0x30, 0x32, 0x6d, 0x3a, 
    0x1b, 0x5b, 0x30, 0x6d, 0x1b, 0x5b, 0x33, 0x38, 0x3b, 0x32, 0x3b, 0x35, 0x31, 0x3b, 0x35, 0x31, 
    0x3b, 0x35, 0x31, 0x6d, 0x2e, 0x1b, 0x5b, 0x30, 0x6d, 0x1b, 0x5b, 0x33, 0x38, 0x3b, 0x32, 0x3b, 
    0x30, 0x3b, 0x30, 0x3b, 0x30, 0x6d, 0x20, 0x1b, 0x5b, 0x30, 0x6d, 0x1b, 0x5b, 0x33, 0x38, 0x3b, 
    0x32, 0x3b, 0x30, 0x3b, 0x30, 0x3b, 0x30, 0x6d, 0x20, 0x1b, 0x5b, 0x30, 0x6d, 0x1b, 0x5b, 0x33, 
    0x38, 0x3b, 0x32, 0x3b, 0x30, 0x3b, 0x30, 0x3b, 0x30, 0x6d, 0x20, 0x1b, 0x5b, 0x30, 0x6d, 0x1b, 
    0x5b, 0x33, 0x38, 0x3b, 0x32, 0x3b, 0x30, 0x3b, 0x30, 0x3b, 0x30, 0x6d, 0x20, 0x1b, 0x5b, 0x30, 
    0x6d, 0x1b, 0x5b, 0x33, 0x38, 0x3b, 0x32, 0x3b, 0x30, 0x3b, 0x30, 0x3b, 0x30, 0x6d, 0x20, 0x1b, 
    0x5b, 0x30, 0x6d, 0x1b, 0x5b, 0x33, 0x38, 0x3b, 0x32, 0x3b, 0x30, 0x3b, 0x30, 0x3b, 0x30, 0x6d, 
    0x20, 0x1b, 0x5b, 0x30, 0x6d, 0x1b, 0x5b, 0x33, 0x38, 0x3b, 0x32, 0x3b, 0x30, 0x3b, 0x30, 0x3b, 
    0x30, 0x6d, 0x20, 0x1b, 0x5b, 0x30, 0x6d, 0x1b, 0x5b, 0x33, 0x38, 0x3b, 0x32, 0x3b, 0x30, 0x3b, 
    0x30, 0x3b, 0x30, 0x6d, 0x20, 0x1b, 0x5b, 0x30, 0x6d, 0x1b, 0x5b, 0x33, 0x38, 0x3b, 0x32, 0x3b, 
    0x30, 0x3b, 0x30, 0x3b, 0x30, 0x6d, 0x20, 0x1b, 0x5b, 0x30, 0x6d, 0x1b, 0x5b, 0x33, 0x38, 0x3b, 
    0x32, 0x3b, 0x30, 0x3b, 0x30, 0x3b, 0x30, 0x6d, 0x20, 0x1b, 0x5b, 0x30, 0x6d, 0x1b, 0x5b, 0x33, 
    0x38, 0x3b, 0x32, 0x3b, 0x30, 0x3b, 0x30, 0x3b, 0x30, 0x6d, 0x20, 0x1b, 0x5b, 0x30, 0x6d, 0x1b, 
    0x5b, 0x33, 0x38, 0x3b, 0x32, 0x3b, 0x30, 0x3b, 0x30, 0x3b, 0x30, 0x6d, 0x20, 0x1b, 0x5b, 0x30, 
    0x6d, 0x1b, 0x5b, 0x33, 0x38, 0x3b, 0x32, 0x3b, 0x30, 0x3b, 0x30, 0x3b, 0x30, 0x6d, 0x20, 0x1b, 
    0x5b, 0x30, 0x6d, 0x1b, 0x5b, 0x33, 0x38, 0x3b, 0x32, 0x3b, 0x30, 0x3b, 0x30, 0x3b, 0x30, 0x6d, 
    0x20, 0x1b, 0x5b, 0x30, 0x6d, 0x1b, 0x5b, 0x33, 0x38, 0x3b, 0x32, 0x3b, 0x30, 0x3b, 0x30, 0x3b, 
    0x30, 0x6d, 0x20, 0x1b, 0x5b, 0x30, 0x6d, 0x1b, 0x5b, 0x33, 0x38, 0x3b, 0x32, 0x3b, 0x30, 0x3b, 
    0x30, 0x3b, 0x30, 0x6d, 0x20, 0x1b, 0x5b, 0x30, 0x6d, 0x1b, 0x5b, 0x33, 0x38, 0x3b, 0x32, 0x3b, 
    0x30, 0x3b, 0x30, 0x3b, 0x30, 0x6d, 0x20, 0x1b, 0x5b, 0x30, 0x6d, 0x1b, 0x5b, 0x33, 0x38, 0x3b, 
    0x32, 0x3b, 0x30, 0x3b, 0x30, 0x3b, 0x30, 0x6d, 0x20, 0x1b, 0x5b, 0x30, 0x6d, 0x1b, 0x5b, 0x33, 
    0x38, 0x3b, 0x32, 0x3b, 0x30, 0x3b, 0x30, 0x3b, 0x30, 0x6d, 0x20, 0x1b, 0x5b, 0x30, 0x6d, 0x1b, 
    0x5b, 0x33, 0x38, 0x3b, 0x32, 0x3b, 0x30, 0x3b, 0x30, 0x3b, 0x30, 0x6d, 0x20, 0x1b, 0x5b, 0x30, 
    0x6d, 0x1b, 0x5b, 0x33, 0x38, 0x3b, 0x32, 0x3b, 0x30, 0x3b, 0x30, 0x3b, 0x30, 0x6d, 0x20, 0x1b, 
    0x5b, 0x30, 0x6d, 0x1b, 0x5b, 0x33, 0x38, 0x3b, 0x32, 0x3b, 0x30, 0x3b, 0x30, 0x3b, 0x30, 0x6d, 
    0x20, 0x1b, 0x5b, 0x30, 0x6d, 0x1b, 0x5b, 0x33, 0x38, 0x3b, 0x32, 0x3b, 0x30, 0x3b, 0x30, 0x3b, 
    0x30, 0x6d, 0x20, 0x1b, 0x5b, 0x30, 0x6d, 0x1b, 0x5b, 0x33, 0x38, 0x3b, 0x32, 0x3b, 0x30, 0x3b, 
    0x30, 0x3b, 0x30, 0x6d, 0x20, 0x1b, 0x5b, 0x30, 0x6d, 0x1b, 0x5b, 0x33, 0x38, 0x3b, 0x32, 0x3b, 
    0x30, 0x3b, 0x30, 0x3b, 0x30, 0x6d, 0x20, 0x1b, 0x5b, 0x30, 0x6d, 0x1b, 0x5b, 0x33, 0x38, 0x3b, 
    0x32, 0x3b, 0x30, 0x3b, 0x30, 0x3b, 0x30, 0x6d, 0x20, 0x1b, 0x5b, 0x30, 0x6d, 0x1b, 0x5b, 0x33, 
    0x38, 0x3b, 0x32, 0x3b, 0x30, 0x3b, 0x30, 0x3b, 0x30, 0x6d, 0x20, 0x1b, 0x5b, 0x30, 0x6d, 0x1b, 
    0x5b, 0x33, 0x38, 0x3b, 0x32, 0x3b, 0x30, 0x3b, 0x30, 0x3b, 0x30, 0x6d, 0x20, 0x1b, 0x5b, 0x30, 
    0x6d, 0x1b, 0x5b, 0x33, 0x38, 0x3b, 0x32, 0x3b, 0x30, 0x3b, 0x30, 0x3b, 0x30, 0x6d, 0x20, 0x1b, 
    0x5b, 0x30, 0x6d, 0x1b, 0x5b, 0x33, 0x38, 0x3b, 0x32, 0x3b, 0x30, 0x3b, 0x30, 0x3b, 0x30, 0x6d, 
    0x20, 0x1b, 0x5b, 0x30, 0x6d, 0x1b, 0x5b, 0x33, 0x38, 0x3b, 0x32, 0x3b, 0x30, 0x3b, 0x30, 0x3b, 
    0x30, 0x6d, 0x20, 0x1b, 0x5b, 0x30, 0x6d, 0x1b, 0x5b, 0x33, 0x38, 0x3b, 0x32, 0x3b, 0x30, 0x3b, 
    0x30, 0x3b, 0x30, 0x6d, 0x20, 0x1b, 0x5b, 0x30, 0x6d, 0x1b, 0x5b, 0x33, 0x38, 0x3b, 0x32, 0x3b, 
    0x30, 0x3b, 0x30, 0x3b, 0x30, 0x6d, 0x20, 0x1b, 0x5b, 0x30, 0x6d, 0x1b, 0x5b, 0x33, 0x38, 0x3b, 
    0x32, 0x3b, 0x31, 0x32, 0x38, 0x3b, 0x31, 0x32, 0x38, 0x3b, 0x31, 0x32, 0x38, 0x6d, 0x6c, 0x1b, 
    0x5b, 0x30, 0x6d, 0x1b, 0x5b, 0x33, 0x38, 0x3b, 0x32, 0x3b, 0x32, 0x35, 0x35, 0x3b, 0x32, 0x35, 
    0x35, 0x3b, 0x32, 0x35, 0x35, 0x6d, 0x4d, 0x1b, 0x5b, 0x30, 0x6d, 0x1b, 0x5b, 0x33, 0x38, 0x3b, 
    0x32, 0x3b, 0x32, 0x35, 0x35, 0x3b, 0x32, 0x35, 0x35, 0x3b, 0x32, 0x35, 0x35, 0x6d, 0x4d, 0x1b, 
    0x5b, 0x30, 0x6d, 0x1b, 0x5b, 0x33, 0x38, 0x3b, 0x32, 0x3b, 0x32, 0x35, 0x35, 0x3b, 0x32, 0x35, 
    0x35, 0x3b, 0x32, 0x35, 0x35, 0x6d, 0x4d, 0x1b, 0x5b, 0x30, 0x6d, 0x1b, 0x5b, 0x33, 0x38, 0x3b, 
    0x32, 0x3b, 0x32, 0x35, 0x35, 0x3b, 0x32, 0x35, 0x35, 0x3b, 0x32, 0x35, 0x35, 0x6d, 0x4d, 0x1b, 
    0x5b, 0x30, 0x6d, 0x1b, 0x5b, 0x33, 0x38, 0x3b, 0x32, 0x3b, 0x32, 0x35, 0x35, 0x3b, 0x32, 0x35, 
    0x35, 0x3b, 0x32, 0x35, 0x35, 0x6d, 0x4d, 0x1b, 0x5b, 0x30, 0x6d, 0x1b, 0x5b, 0x33, 0x38, 0x3b, 
    0x32, 0x3b, 0x32, 0x35, 0x35, 0x3b, 0x32, 0x35, 0x35, 0x3b, 0x32, 0x35, 0x35, 0x6d, 0x4d, 0x1b, 
    0x5b, 0x30, 0x6d, 0x0a, 0x1b, 0x5b, 0x30, 0x6d, 0x1b, 0x5b, 0x33, 0x38, 0x3b, 0x32, 0x3b, 0x32, 
    0x35, 0x35, 0x3b, 0x32, 0x35, 0x35, 0x3b, 0x32, 0x35, 0x35, 0x6d, 0x4d, 0x1b, 0x5b, 0x30, 0x6d, 
    0x1b, 0x5b, 0x33, 0x38, 0x3b, 0x32, 0x3b, 0x32, 0x35, 0x35, 0x3b, 0x32, 0x35, 0x35, 0x3b, 0x32, 
    0x35, 0x35, 0x6d, 0x4d, 0x1b, 0x5b, 0x30, 0x6d, 0x1b, 0x5b, 0x33, 0x38, 0x3b, 0x32, 0x3b, 0x32, 
    0x35, 0x35, 0x3b, 0x32, 0x35, 0x35, 0x3b, 0x32, 0x35, 0x35, 0x6d, 0x4d, 0x1b, 0x5b, 0x30, 0x6d, 
    0x1b, 0x5b, 0x33, 0x38, 0x3b, 0x32, 0x3b, 0x32, 0x35, 0x35, 0x3b, 0x32, 0x35, 0x35, 0x3b, 0x32, 
    0x35, 0x35, 0x6d, 0x4d, 0x1b, 0x5b, 0x30, 0x6d, 0x1b, 0x5b, 0x33, 0x38, 0x3b, 0x32, 0x3b, 0x32, 
    0x35, 0x35, 0x3b, 0x32, 0x35, 0x35, 0x3b, 0x32, 0x35, 0x35, 0x6d, 0x4d, 0x1b, 0x5b, 0x30, 0x6d, 
    0x1b, 0x5b, 0x33, 0x38, 0x3b, 0x32, 0x3b, 0x32, 0x35, 0x35, 0x3b, 0x32, 0x35, 0x35, 0x3b, 0x32, 
    0x35, 0x35, 0x6d, 0x4d, 0x1b, 0x5b, 0x30, 0x6d, 0x1b, 0x5b, 0x33, 0x38, 0x3b, 0x32, 0x3b, 0x32, 
    0x35, 0x35, 0x3b, 0x32, 0x35, 0x35, 0x3b, 0x32, 0x35, 0x35, 0x6d, 0x4d, 0x1b, 0x5b, 0x30, 0x6d, 
    0x1b, 0x5b, 0x33, 0x38, 0x3b, 0x32, 0x3b, 0x32, 0x35, 0x35, 0x3b, 0x32, 0x35, 0x35, 0x3b, 0x32, 
    0x35, 0x35, 0x6d, 0x4d, 0x1b, 0x5b, 0x30, 0x6d, 0x1b, 0x5b, 0x33, 0x38, 0x3b, 0x32, 0x3b, 0x32, 
    0x35, 0x35, 0x3b, 0x32, 0x35, 0x35, 0x3b, 0x32, 0x35, 0x35, 0x6d, 0x4d, 0x1b, 0x5b, 0x30, 0x6d, 
    0x1b, 0x5b, 0x33, 0x38, 0x3b, 0x32, 0x3b, 0x32, 0x35, 0x35, 0x3b, 0x32, 0x35, 0x35, 0x3b, 0x32, 
    0x35, 0x35, 0x6d, 0x4d, 0x1b, 0x5b, 0x30, 0x6d, 0x1b, 0x5b, 0x33, 0x38, 0x3b, 0x32, 0x3b, 0x32, 
    0x35, 0x35, 0x3b, 0x32, 0x35, 0x35, 0x3b, 0x32, 0x35, 0x35, 0x6d, 0x4d, 0x1b, 0x5b, 0x30, 0x6d, 
    0x1b, 0x5b, 0x33, 0x38, 0x3b, 0x32, 0x3b, 0x32, 0x35, 0x35, 0x3b, 0x32, 0x35, 0x35, 0x3b, 0x32, 
    0x35, 0x35, 0x6d, 0x4d, 0x1b, 0x5b, 0x30, 0x6d, 0x1b, 0x5b, 0x33, 0x38, 0x3b, 0x32, 0x3b, 0x32, 
    0x35, 0x35, 0x3b, 0x32, 0x35, 0x35, 0x3b, 0x32, 0x35, 0x35, 0x6d, 0x4d, 0x1b, 0x5b, 0x30, 0x6d, 
    0x1b, 0x5b, 0x33, 0x38, 0x3b, 0x32, 0x3b, 0x32, 0x35, 0x35, 0x3b, 0x32, 0x35, 0x35, 0x3b, 0x32, 
    0x35, 0x35, 0x6d, 0x4d, 0x1b, 0x5b, 0x30, 0x6d, 0x1b, 0x5b, 0x33, 0x38, 0x3b, 0x32, 0x3b, 0x32, 
    0x35, 0x35, 0x3b, 0x32, 0x35, 0x35, 0x3b, 0x32, 0x35, 0x35, 0x6d, 0x4d, 0x1b, 0x5b, 0x30, 0x6d, 
    0x1b, 0x5b, 0x33, 0x38, 0x3b, 0x32, 0x3b, 0x32, 0x35, 0x35, 0x3b, 0x32, 0x35, 0x35, 0x3b, 0x32, 
    0x35, 0x35, 0x6d, 0x4d, 0x1b, 0x5b, 0x30, 0x6d, 0x1b, 0x5b, 0x33, 0x38, 0x3b, 0x32, 0x3b, 0x30, 
    0x3b, 0x30, 0x3b, 0x30, 0x6d, 0x20, 0x1b, 0x5b, 0x30, 0x6d, 0x1b, 0x5b, 0x33, 0x38, 0x3b, 0x32, 
    0x3b, 0x30, 0x3b, 0x30, 0x3b, 0x30, 0x6d, 0x20, 0x1b, 0x5b, 0x30, 0x6d, 0x1b, 0x5b, 0x33, 0x38, 
    0x3b, 0x32, 0x3b, 0x32, 0x35, 0x35, 0x3b, 0x32, 0x35, 0x35, 0x3b, 0x32, 0x35, 0x35, 0x6d, 0x4d, 
    0x1b, 0x5b, 0x30, 0x6d, 0x1b, 0x5b, 0x33, 0x38, 0x3b, 0x32, 0x3b, 0x32, 0x35, 0x35, 0x3b, 0x32, 
    0x35, 0x35, 0x3b, 0x32, 0x35, 0x35, 0x6d, 0x4d, 0x1b, 0x5b, 0x30, 0x6d, 0x1b, 0x5b, 0x33, 0x38, 
    0x3b, 0x32, 0x3b, 0x32, 0x35, 0x35, 0x3b, 0x32, 0x35, 0x35, 0x3b, 0x32, 0x35, 0x35, 0x6d, 0x4d, 
    0x1b, 0x5b, 0x30, 0x6d, 0x1b, 0x5b, 0x33, 0x38, 0x3b, 0x32, 0x3b, 0x32, 0x35, 0x35, 0x3b, 0x32, 
    0x35, 0x35, 0x3b, 0x32, 0x35, 0x35, 0x6d, 0x4d, 0x1b, 0x5b, 0x30, 0x6d, 0x1b, 0x5b, 0x33, 0x38, 
    0x3b, 0x32, 0x3b, 0x32, 0x35, 0x35, 0x3b, 0x32, 0x35, 0x35, 0x3b, 0x32, 0x35, 0x35, 0x6d, 0x4d, 
    0x1b, 0x5b, 0x30, 0x6d, 0x1b, 0x5b, 0x33, 0x38, 0x3b, 0x32, 0x3b, 0x30, 0x3b, 0x30, 0x3b, 0x30, 
    0x6d, 0x20, 0x1b, 0x5b, 0x30, 0x6d, 0x1b, 0x5b, 0x33, 0x38, 0x3b, 0x32, 0x3b, 0x30, 0x3b, 0x30, 
    0x3b, 0x30, 0x6d, 0x20, 0x1b, 0x5b, 0x30, 0x6d, 0x1b, 0x5b, 0x33, 0x38, 0x3b, 0x32, 0x3b, 0x32, 
    0x35, 0x35, 0x3b, 0x32, 0x35, 0x35, 0x3b, 0x32, 0x35, 0x35, 0x6d, 0x4d, 0x1b, 0x5b, 0x30, 0x6d, 
    0x1b, 0x5b, 0x33, 0x38, 0x3b, 0x32, 0x3b, 0x32, 0x35, 0x35, 0x3b, 0x32, 0x35, 0x35, 0x3b, 0x32, 
    0x35, 0x35, 0x6d, 0x4d, 0x1b, 0x5b, 0x30, 0x6d, 0x1b, 0x5b, 0x33, 0x38, 0x3b, 0x32, 0x3b, 0x32, 
    0x35, 0x35, 0x3b, 0x32, 0x35, 0x35, 0x3b, 0x32, 0x35, 0x35, 0x6d, 0x4d, 0x1b, 0x5b, 0x30, 0x6d, 
    0x1b, 0x5b, 0x33, 0x38, 0x3b, 0x32, 0x3b, 0x32, 0x35, 0x35, 0x3b, 0x32, 0x35, 0x35, 0x3b, 0x32, 
    0x35, 0x35, 0x6d, 0x4d, 0x1b, 0x5b, 0x30, 0x6d, 0x1b, 0x5b, 0x33, 0x38, 0x3b, 0x32, 0x3b, 0x32, 
    0x35, 0x35, 0x3b, 0x32, 0x35, 0x35, 0x3b, 0x32, 0x35, 0x35, 0x6d, 0x4d, 0x1b, 0x5b, 0x30, 0x6d, 
    0x1b, 0x5b, 0x33, 0x38, 0x3b, 0x32, 0x3b, 0x32, 0x35, 0x35, 0x3b, 0x32, 0x35, 0x35, 0x3b, 0x32, 
    0x35, 0x35, 0x6d, 0x4d, 0x1b, 0x5b, 0x30, 0x6d, 0x1b, 0x5b, 0x33, 0x38, 0x3b, 0x32, 0x3b, 0x32, 
    0x35, 0x35, 0x3b, 0x32, 0x35, 0x35, 0x3b, 0x32, 0x35, 0x35, 0x6d, 0x4d, 0x1b, 0x5b, 0x30, 0x6d, 
    0x1b, 0x5b, 0x33, 0x38, 0x3b, 0x32, 0x3b, 0x30, 0x3b, 0x30, 0x3b, 0x30, 0x6d, 0x20, 0x1b, 0x5b, 
    0x30, 0x6d, 0x1b, 0x5b, 0x33, 0x38, 0x3b, 0x32, 0x3b, 0x30, 0x3b, 0x30, 0x3b, 0x30, 0x6d, 0x20, 
    0x1b, 0x5b, 0x30, 0x6d, 0x1b, 0x5b, 0x33, 0x38, 0x3b, 0x32, 0x3b, 0x30, 0x3b, 0x30, 0x3b, 0x30, 
    0x6d, 0x20, 0x1b, 0x5b, 0x30, 0x6d, 0x1b, 0x5b, 0x33, 0x38, 0x3b, 0x32, 0x3b, 0x30, 0x3b, 0x30, 
    0x3b, 0x30, 0x6d, 0x20, 0x1b, 0x5b, 0x30, 0x6d, 0x1b, 0x5b, 0x33, 0x38, 0x3b, 0x32, 0x3b, 0x36, 
    0x34, 0x3b, 0x36, 0x34, 0x3b, 0x36, 0x34, 0x6d, 0x27, 0x1b, 0x5b, 0x30, 0x6d, 0x1b, 0x5b, 0x33, 
    0x38, 0x3b, 0x32, 0x3b, 0x31, 0x32, 0x38, 0x3b, 0x31, 0x32, 0x38, 0x3b, 0x31, 0x32, 0x38, 0x6d, 
    0x6c, 0x1b, 0x5b, 0x30, 0x6d, 0x1b, 0x5b, 0x33, 0x38, 0x3b, 0x32, 0x3b, 0x31, 0x32, 0x38, 0x3b, 
    0x31, 0x32, 0x38, 0x3b, 0x31, 0x32, 0x38, 0x6d, 0x6c, 0x1b, 0x5b, 0x30, 0x6d, 0x1b, 0x5b, 0x33, 
    0x38, 0x3b, 0x32, 0x3b, 0x32, 0x35, 0x35, 0x3b, 0x32, 0x35, 0x35, 0x3b, 0x32, 0x35, 0x35, 0x6d, 
    0x4d, 0x1b, 0x5b, 0x30, 0x6d, 0x1b, 0x5b, 0x33, 0x38, 0x3b, 0x32, 0x3b, 0x32, 0x35, 0x35, 0x3b, 
    0x32, 0x35, 0x35, 0x3b, 0x32, 0x35, 0x35, 0x6d, 0x4d, 0x1b, 0x5b, 0x30, 0x6d, 0x1b, 0x5b, 0x33, 
    0x38, 0x3b, 0x32, 0x3b, 0x32, 0x35, 0x35, 0x3b, 0x32, 0x35, 0x35, 0x3b, 0x32, 0x35, 0x35, 0x6d, 
    0x4d, 0x1b, 0x5b, 0x30, 0x6d, 0x1b, 0x5b, 0x33, 0x38, 0x3b, 0x32, 0x3b, 0x32, 0x35, 0x35, 0x3b, 
    0x32, 0x35, 0x35, 0x3b, 0x32, 0x35, 0x35, 0x6d, 0x4d, 0x1b, 0x5b, 0x30, 0x6d, 0x1b, 0x5b, 0x33, 
    0x38, 0x3b, 0x32, 0x3b, 0x32, 0x35, 0x35, 0x3b, 0x32, 0x35, 0x35, 0x3b, 0x32, 0x35, 0x35, 0x6d, 
    0x4d, 0x1b, 0x5b, 0x30, 0x6d, 0x1b, 0x5b, 0x33, 0x38, 0x3b, 0x32, 0x3b, 0x32, 0x35, 0x35, 0x3b, 
    0x32, 0x35, 0x35, 0x3b, 0x32, 0x35, 0x35, 0x6d, 0x4d, 0x1b, 0x5b, 0x30, 0x6d, 0x1b, 0x5b, 0x33, 
    0x38, 0x3b, 0x32, 0x3b, 0x32, 0x35, 0x35, 0x3b, 0x32, 0x35, 0x35, 0x3b, 0x32, 0x35, 0x35, 0x6d, 
    0x4d, 0x1b, 0x5b, 0x30, 0x6d, 0x1b, 0x5b, 0x33, 0x38, 0x3b, 0x32, 0x3b, 0x32, 0x35, 0x35, 0x3b, 
    0x32, 0x35, 0x35, 0x3b, 0x32, 0x35, 0x35, 0x6d, 0x4d, 0x1b, 0x5b, 0x30, 0x6d, 0x1b, 0x5b, 0x33, 
    0x38, 0x3b, 0x32, 0x3b, 0x32, 0x35, 0x35, 0x3b, 0x32, 0x35, 0x35, 0x3b, 0x32, 0x35, 0x35, 0x6d, 
    0x4d, 0x1b, 0x5b, 0x30, 0x6d, 0x1b, 0x5b, 0x33, 0x38, 0x3b, 0x32, 0x3b, 0x30, 0x3b, 0x30, 0x3b, 
    0x30, 0x6d, 0x20, 0x1b, 0x5b, 0x30, 0x6d, 0x1b, 0x5b, 0x33, 0x38, 0x3b, 0x32, 0x3b, 0x30, 0x3b, 
    0x30, 0x3b, 0x30, 0x6d, 0x20, 0x1b, 0x5b, 0x30, 0x6d, 0x1b, 0x5b, 0x33, 0x38, 0x3b, 0x32, 0x3b, 
    0x32, 0x35, 0x35, 0x3b, 0x32, 0x35, 0x35, 0x3b, 0x32, 0x35, 0x35, 0x6d, 0x4d, 0x1b, 0x5b, 0x30, 
    0x6d, 0x1b, 0x5b, 0x33, 0x38, 0x3b, 0x32, 0x3b, 0x32, 0x35, 0x35, 0x3b, 0x32, 0x35, 0x35, 0x3b, 
    0x32, 0x35, 0x35, 0x6d, 0x4d, 0x1b, 0x5b, 0x30, 0x6d, 0x1b, 0x5b, 0x33, 0x38, 0x3b, 0x32, 0x3b, 
    0x31, 0x32, 0x38, 0x3b, 0x31, 0x32, 0x38, 0x3b, 0x31, 0x32, 0x38, 0x6d, 0x6c, 0x1b, 0x5b, 0x30, 
    0x6d, 0x1b, 0x5b, 0x33, 0x38, 0x3b, 0x32, 0x3b, 0x30, 0x3b, 0x30, 0x3b, 0x30, 0x6d, 0x20, 0x1b, 
    0x5b, 0x30, 0x6d, 0x1b, 0x5b, 0x33, 0x38, 0x3b, 0x32, 0x3b, 0x30, 0x3b, 0x30, 0x3b, 0x30, 0x6d, 
    0x20, 0x1b, 0x5b, 0x30, 0x6d, 0x1b, 0x5b, 0x33, 0x38, 0x3b, 0x32, 0x3b, 0x31, 0x32, 0x38, 0x3b, 
    0x31, 0x32, 0x38, 0x3b, 0x31, 0x32, 0x38, 0x6d, 0x6c, 0x1b, 0x5b, 0x30, 0x6d, 0x1b, 0x5b, 0x33, 
    0x38, 0x3b, 0x32, 0x3b, 0x31, 0x32, 0x38, 0x3b, 0x31, 0x32, 0x38, 0x3b, 0x31, 0x32, 0x38, 0x6d, 
    0x6c, 0x1b, 0x5b, 0x30, 0x6d, 0x1b, 0x5b, 0x33, 0x38, 0x3b, 0x32, 0x3b, 0x30, 0x3b, 0x30, 0x3b, 
    0x30, 0x6d, 0x20, 0x1b, 0x5b, 0x30, 0x6d, 0x1b, 0x5b, 0x33, 0x38, 0x3b, 0x32, 0x3b, 0x30, 0x3b, 
    0x30, 0x3b, 0x30, 0x6d, 0x20, 0x1b, 0x5b, 0x30, 0x6d, 0x1b, 0x5b, 0x33, 0x38, 0x3b, 0x32, 0x3b, 
    0x36, 0x34, 0x3b, 0x36, 0x34, 0x3b, 0x36, 0x34, 0x6d, 0x27, 0x1b, 0x5b, 0x30, 0x6d, 0x1b, 0x5b, 
    0x33, 0x38, 0x3b, 0x32, 0x3b, 0x31, 0x32, 0x38, 0x3b, 0x31, 0x32, 0x38, 0x3b, 0x31, 0x32, 0x38, 
    0x6d, 0x6c, 0x1b, 0x5b, 0x30, 0x6d, 0x1b, 0x5b, 0x33, 0x38, 0x3b, 0x32, 0x3b, 0x31, 0x32, 0x38, 
    0x3b, 0x31, 0x32, 0x38, 0x3b, 0x31, 0x32, 0x38, 0x6d, 0x6c, 0x1b, 0x5b, 0x30, 0x6d, 0x1b, 0x5b, 
    0x33, 0x38, 0x3b, 0x32, 0x3b, 0x31, 0x32, 0x38, 0x3b, 0x31, 0x32, 0x38, 0x3b, 0x31, 0x32, 0x38, 
    0x6d, 0x6c, 0x1b, 0x5b, 0x30, 0x6d, 0x1b, 0x5b, 0x33, 0x38, 0x3b, 0x32, 0x3b, 0x31, 0x32, 0x38, 
    0x3b, 0x31, 0x32, 0x38, 0x3b, 0x31, 0x32, 0x38, 0x6d, 0x6c, 0x1b, 0x5b, 0x30, 0x6d, 0x1b, 0x5b, 
    0x33, 0x38, 0x3b, 0x32, 0x3b, 0x31, 0x32, 0x38, 0x3b, 0x31, 0x32, 0x38, 0x3b, 0x31, 0x32, 0x38, 
    0x6d, 0x6c, 0x1b, 0x5b, 0x30, 0x6d, 0x1b, 0x5b, 0x33, 0x38, 0x3b, 0x32, 0x3b, 0x31, 0x32, 0x38, 
    0x3b, 0x31, 0x32, 0x38, 0x3b, 0x31, 0x32, 0x38, 0x6d, 0x6c, 0x1b, 0x5b, 0x30, 0x6d, 0x1b, 0x5b, 
    0x33, 0x38, 0x3b, 0x32, 0x3b, 0x30, 0x3b, 0x30, 0x3b, 0x30, 0x6d, 0x20, 0x1b, 0x5b, 0x30, 0x6d, 
    0x1b, 0x5b, 0x33, 0x38, 0x3b, 0x32, 0x3b, 0x30, 0x3b, 0x30, 0x3b, 0x30, 0x6d, 0x20, 0x1b, 0x5b, 
    0x30, 0x6d, 0x1b, 0x5b, 0x33, 0x38, 0x3b, 0x32, 0x3b, 0x30, 0x3b, 0x30, 0x3b, 0x30, 0x6d, 0x20, 
    0x1b, 0x5b, 0x30, 0x6d, 0x1b, 0x5b, 0x33, 0x38, 0x3b, 0x32, 0x3b, 0x30, 0x3b, 0x30, 0x3b, 0x30, 
    0x6d, 0x20, 0x1b, 0x5b, 0x30, 0x6d, 0x1b, 0x5b, 0x33, 0x38, 0x3b, 0x32, 0x3b, 0x30, 0x3b, 0x30, 
    0x3b, 0x30, 0x6d, 0x20, 0x1b, 0x5b, 0x30, 0x6d, 0x1b, 0x5b, 0x33, 0x38, 0x3b, 0x32, 0x3b, 0x30, 
    0x3b, 0x30, 0x3b, 0x30, 0x6d, 0x20, 0x1b, 0x5b, 0x30, 0x6d, 0x1b, 0x5b, 0x33, 0x38, 0x3b, 0x32, 
    0x3b, 0x30, 0x3b, 0x30, 0x3b, 0x30, 0x6d, 0x20, 0x1b, 0x5b, 0x30, 0x6d, 0x1b, 0x5b, 0x33, 0x38, 
    0x3b, 0x32, 0x3b, 0x30, 0x3b, 0x30, 0x3b, 0x30, 0x6d, 0x20, 0x1b, 0x5b, 0x30, 0x6d, 0x1b, 0x5b, 
    0x33, 0x38, 0x3b, 0x32, 0x3b, 0x30, 0x3b, 0x30, 0x3b, 0x30, 0x6d, 0x20, 0x1b, 0x5b, 0x30, 0x6d, 
    0x1b, 0x5b, 0x33, 0x38, 0x3b, 0x32, 0x3b, 0x30, 0x3b, 0x30, 0x3b, 0x30, 0x6d, 0x20, 0x1b, 0x5b, 
    0x30, 0x6d, 0x1b, 0x5b, 0x33, 0x38, 0x3b, 0x32, 0x3b, 0x30, 0x3b, 0x30, 0x3b, 0x30, 0x6d, 0x20, 
    0x1b, 0x5b, 0x30, 0x6d, 0x1b, 0x5b, 0x33, 0x38, 0x3b, 0x32, 0x3b, 0x30, 0x3b, 0x30, 0x3b, 0x30, 
    0x6d, 0x20, 0x1b, 0x5b, 0x30, 0x6d, 0x1b, 0x5b, 0x33, 0x38, 0x3b, 0x32, 0x3b, 0x30, 0x3b, 0x30, 
    0x3b, 0x30, 0x6d, 0x20, 0x1b, 0x5b, 0x30, 0x6d, 0x1b, 0x5b, 0x33, 0x38, 0x3b, 0x32, 0x3b, 0x30, 
    0x3b, 0x30, 0x3b, 0x30, 0x6d, 0x20, 0x1b, 0x5b, 0x30, 0x6d, 0x1b, 0x5b, 0x33, 0x38, 0x3b, 0x32, 
    0x3b, 0x30, 0x3b, 0x30, 0x3b, 0x30, 0x6d, 0x20, 0x1b, 0x5b, 0x30, 0x6d, 0x1b, 0x5b, 0x33, 0x38, 
    0x3b, 0x32, 0x3b, 0x30, 0x3b, 0x30, 0x3b, 0x30, 0x6d, 0x20, 0x1b, 0x5b, 0x30, 0x6d, 0x1b, 0x5b, 
    0x33, 0x38, 0x3b, 0x32, 0x3b, 0x30, 0x3b, 0x30, 0x3b, 0x30, 0x6d, 0x20, 0x1b, 0x5b, 0x30, 0x6d, 
    0x1b, 0x5b, 0x33, 0x38, 0x3b, 0x32, 0x3b, 0x30, 0x3b, 0x30, 0x3b, 0x30, 0x6d, 0x20, 0x1b, 0x5b, 
    0x30, 0x6d, 0x1b, 0x5b, 0x33, 0x38, 0x3b, 0x32, 0x3b, 0x30, 0x3b, 0x30, 0x3b, 0x30, 0x6d, 0x20, 
    0x1b, 0x5b, 0x30, 0x6d, 0x1b, 0x5b, 0x33, 0x38, 0x3b, 0x32, 0x3b, 0x30, 0x3b, 0x30, 0x3b, 0x30, 
    0x6d, 0x20, 0x1b, 0x5b, 0x30, 0x6d, 0x1b, 0x5b, 0x33, 0x38, 0x3b, 0x32, 0x3b, 0x30, 0x3b, 0x30, 
    0x3b, 0x30, 0x6d, 0x20, 0x1b, 0x5b, 0x30, 0x6d, 0x1b, 0x5b, 0x33, 0x38, 0x3b, 0x32, 0x3b, 0x30, 
    0x3b, 0x30, 0x3b, 0x30, 0x6d, 0x20, 0x1b, 0x5b, 0x30, 0x6d, 0x1b, 0x5b, 0x33, 0x38, 0x3b, 0x32, 
    0x3b, 0x30, 0x3b, 0x30, 0x3b, 0x30, 0x6d, 0x20, 0x1b, 0x5b, 0x30, 0x6d, 0x1b, 0x5b, 0x33, 0x38, 
    0x3b, 0x32, 0x3b, 0x30, 0x3b, 0x30, 0x3b, 0x30, 0x6d, 0x20, 0x1b, 0x5b, 0x30, 0x6d, 0x1b, 0x5b, 
    0x33, 0x38, 0x3b, 0x32, 0x3b, 0x30, 0x3b, 0x30, 0x3b, 0x30, 0x6d, 0x20, 0x1b, 0x5b, 0x30, 0x6d, 
    0x1b, 0x5b, 0x33, 0x38, 0x3b, 0x32, 0x3b, 0x30, 0x3b, 0x30, 0x3b, 0x30, 0x6d, 0x20, 0x1b, 0x5b, 
    0x30, 0x6d, 0x1b, 0x5b, 0x33, 0x38, 0x3b, 0x32, 0x3b, 0x30, 0x3b, 0x30, 0x3b, 0x30, 0x6d, 0x20, 
    0x1b, 0x5b, 0x30, 0x6d, 0x1b, 0x5b, 0x33, 0x38, 0x3b, 0x32, 0x3b, 0x31, 0x32, 0x38, 0x3b, 0x31, 
    0x32, 0x38, 0x3b, 0x31, 0x32, 0x38, 0x6d, 0x6c, 0x1b, 0x5b, 0x30, 0x6d, 0x1b, 0x5b, 0x33, 0x38, 
    0x3b, 0x32, 0x3b, 0x32, 0x35, 0x35, 0x3b, 0x32, 0x35, 0x35, 0x3b, 0x32, 0x35, 0x35, 0x6d, 0x4d, 
    0x1b, 0x5b, 0x30, 0x6d, 0x1b, 0x5b, 0x33, 0x38, 0x3b, 0x32, 0x3b, 0x32, 0x35, 0x35, 0x3b, 0x32, 
    0x35, 0x35, 0x3b, 0x32, 0x35, 0x35, 0x6d, 0x4d, 0x1b, 0x5b, 0x30, 0x6d, 0x1b, 0x5b, 0x33, 0x38, 
    0x3b, 0x32, 0x3b, 0x32, 0x35, 0x35, 0x3b, 0x32, 0x35, 0x35, 0x3b, 0x32, 0x35, 0x35, 0x6d, 0x4d, 
    0x1b, 0x5b, 0x30, 0x6d, 0x1b, 0x5b, 0x33, 0x38, 0x3b, 0x32, 0x3b, 0x32, 0x35, 0x35, 0x3b, 0x32, 
    0x35, 0x35, 0x3b, 0x32, 0x35, 0x35, 0x6d, 0x4d, 0x1b, 0x5b, 0x30, 0x6d, 0x1b, 0x5b, 0x33, 0x38, 
    0x3b, 0x32, 0x3b, 0x32, 0x35, 0x35, 0x3b, 0x32, 0x35, 0x35, 0x3b, 0x32, 0x35, 0x35, 0x6d, 0x4d, 
    0x1b, 0x5b, 0x30, 0x6d, 0x1b, 0x5b, 0x33, 0x38, 0x3b, 0x32, 0x3b, 0x32, 0x35, 0x35, 0x3b, 0x32, 
    0x35, 0x35, 0x3b, 0x32, 0x35, 0x35, 0x6d, 0x4d, 0x1b, 0x5b, 0x30, 0x6d, 0x0a, 0x1b, 0x5b, 0x30, 
    0x6d, 0x1b, 0x5b, 0x33, 0x38, 0x3b, 0x32, 0x3b, 0x32, 0x35, 0x35, 0x3b, 0x32, 0x35, 0x35, 0x3b, 
    0x32, 0x35, 0x35, 0x6d, 0x4d, 0x1b, 0x5b, 0x30, 0x6d, 0x1b, 0x5b, 0x33, 0x38, 0x3b, 0x32, 0x3b, 
    0x32, 0x35, 0x35, 0x3b, 0x32, 0x35, 0x35, 0x3b, 0x32, 0x35, 0x35, 0x6d, 0x4d, 0x1b, 0x5b, 0x30, 
    0x6d, 0x1b, 0x5b, 0x33, 0x38, 0x3b, 0x32, 0x3b, 0x32, 0x35, 0x35, 0x3b, 0x32, 0x35, 0x35, 0x3b, 
    0x32, 0x35, 0x35, 0x6d, 0x4d, 0x1b, 0x5b, 0x30, 0x6d, 0x1b, 0x5b, 0x33, 0x38, 0x3b, 0x32, 0x3b, 
    0x32, 0x35, 0x35, 0x3b, 0x32, 0x35, 0x35, 0x3b, 0x32, 0x35, 0x35, 0x6d, 0x4d, 0x1b, 0x5b, 0x30, 
    0x6d, 0x1b, 0x5b, 0x33, 0x38, 0x3b, 0x32, 0x3b, 0x32, 0x35, 0x35, 0x3b, 0x32, 0x35, 0x35, 0x3b, 
    0x32, 0x35, 0x35, 0x6d, 0x4d, 0x1b, 0x5b, 0x30, 0x6d, 0x1b, 0x5b, 0x33, 0x38, 0x3b, 0x32, 0x3b, 
    0x32, 0x35, 0x35, 0x3b, 0x32, 0x35, 0x35, 0x3b, 0x32, 0x35, 0x35, 0x6d, 0x4d, 0x1b, 0x5b, 0x30, 
    0x6d, 0x1b, 0x5b, 0x33, 0x38, 0x3b, 0x32, 0x3b, 0x32, 0x35, 0x35, 0x3b, 0x32, 0x35, 0x35, 0x3b, 
    0x32, 0x35, 0x35, 0x6d, 0x4d, 0x1b, 0x5b, 0x30, 0x6d, 0x1b, 0x5b, 0x33, 0x38, 0x3b, 0x32, 0x3b, 
    0x32, 0x35, 0x35, 0x3b, 0x32, 0x35, 0x35, 0x3b, 0x32, 0x35, 0x35, 0x6d, 0x4d, 0x1b, 0x5b, 0x30, 
    0x6d, 0x1b, 0x5b, 0x33, 0x38, 0x3b, 0x32, 0x3b, 0x32, 0x35, 0x35, 0x3b, 0x32, 0x35, 0x35, 0x3b, 
    0x32, 0x35, 0x35, 0x6d, 0x4d, 0x1b, 0x5b, 0x30, 0x6d, 0x1b, 0x5b, 0x33, 0x38, 0x3b, 0x32, 0x3b, 
    0x32, 0x35, 0x35, 0x3b, 0x32, 0x35, 0x35, 0x3b, 0x32, 0x35, 0x35, 0x6d, 0x4d, 0x1b, 0x5b, 0x30, 
    0x6d, 0x1b, 0x5b, 0x33, 0x38, 0x3b, 0x32, 0x3b, 0x32, 0x35, 0x35, 0x3b, 0x32, 0x35, 0x35, 0x3b, 
    0x32, 0x35, 0x35, 0x6d, 0x4d, 0x1b, 0x5b, 0x30, 0x6d, 0x1b, 0x5b, 0x33, 0x38, 0x3b, 0x32, 0x3b, 
    0x32, 0x35, 0x35, 0x3b, 0x32, 0x35, 0x35, 0x3b, 0x32, 0x35, 0x35, 0x6d, 0x4d, 0x1b, 0x5b, 0x30, 
    0x6d, 0x1b, 0x5b, 0x33, 0x38, 0x3b, 0x32, 0x3b, 0x32, 0x35, 0x35, 0x3b, 0x32, 0x35, 0x35, 0x3b, 
    0x32, 0x35, 0x35, 0x6d, 0x4d, 0x1b, 0x5b, 0x30, 0x6d, 0x1b, 0x5b, 0x33, 0x38, 0x3b, 0x32, 0x3b, 
    0x32, 0x30, 0x34, 0x3b, 0x32, 0x30, 0x34, 0x3b, 0x32, 0x30, 0x34, 0x6d, 0x4b, 0x1b, 0x5b, 0x30, 
    0x6d, 0x1b, 0x5b, 0x33, 0x38, 0x3b, 0x32, 0x3b, 0x31, 0x35, 0x33, 0x3b, 0x31, 0x35, 0x33, 0x3b, 
    0x31, 0x35, 0x33, 0x6d, 0x64, 0x1b, 0x5b, 0x30, 0x6d, 0x1b, 0x5b, 0x33, 0x38, 0x3b, 0x32, 0x3b, 
    0x31, 0x35, 0x33, 0x3b, 0x31, 0x35, 0x33, 0x3b, 0x31, 0x35, 0x33, 0x6d, 0x64, 0x1b, 0x5b, 0x30, 
    0x6d, 0x1b, 0x5b, 0x33, 0x38, 0x3b, 0x32, 0x3b, 0x30, 0x3b, 0x30, 0x3b, 0x30, 0x6d, 0x20, 0x1b, 
    0x5b, 0x30, 0x6d, 0x1b, 0x5b, 0x33, 0x38, 0x3b, 0x32, 0x3b, 0x30, 0x3b, 0x30, 0x3b, 0x30, 0x6d, 
    0x20, 0x1b, 0x5b, 0x30, 0x6d, 0x1b, 0x5b, 0x33, 0x38, 0x3b, 0x32, 0x3b, 0x32, 0x35, 0x35, 0x3b, 
    0x32, 0x35, 0x35, 0x3b, 0x32, 0x35, 0x35, 0x6d, 0x4d, 0x1b, 0x5b, 0x30, 0x6d, 0x1b, 0x5b, 0x33, 
    0x38, 0x3b, 0x32, 0x3b, 0x32, 0x35, 0x35, 0x3b, 0x32, 0x35, 0x35, 0x3b, 0x32, 0x35, 0x35, 0x6d, 
    0x4d, 0x1b, 0x5b, 0x30, 0x6d, 0x1b, 0x5b, 0x33, 0x38, 0x3b, 0x32, 0x3b, 0x32, 0x35, 0x35, 0x3b, 
    0x32, 0x35, 0x35, 0x3b, 0x32, 0x35, 0x35, 0x6d, 0x4d, 0x1b, 0x5b, 0x30, 0x6d, 0x1b, 0x5b, 0x33, 
    0x38, 0x3b, 0x32, 0x3b, 0x32, 0x35, 0x35, 0x3b, 0x32, 0x35, 0x35, 0x3b, 0x32, 0x35, 0x35, 0x6d, 
    0x4d, 0x1b, 0x5b, 0x30, 0x6d, 0x1b, 0x5b, 0x33, 0x38, 0x3b, 0x32, 0x3b, 0x32, 0x35, 0x35, 0x3b, 
    0x32, 0x35, 0x35, 0x3b, 0x32, 0x35, 0x35, 0x6d, 0x4d, 0x1b, 0x5b, 0x30, 0x6d, 0x1b, 0x5b, 0x33, 
    0x38, 0x3b, 0x32, 0x3b, 0x31, 0x30, 0x32, 0x3b, 0x31, 0x30, 0x32, 0x3b, 0x31, 0x30, 0x32, 0x6d, 
    0x3a, 0x1b, 0x5b, 0x30, 0x6d, 0x1b, 0x5b, 0x33, 0x38, 0x3b, 0x32, 0x3b, 0x31, 0x30, 0x32, 0x3b, 
    0x31, 0x30, 0x32, 0x3b, 0x31, 0x30, 0x32, 0x6d, 0x3a, 0x1b, 0x5b, 0x30, 0x6d, 0x1b, 0x5b, 0x33, 
    0x38, 0x3b, 0x32, 0x3b, 0x31, 0x35, 0x33, 0x3b, 0x31, 0x35, 0x33, 0x3b, 0x31, 0x35, 0x33, 0x6d, 
    0x64, 0x1b, 0x5b, 0x30, 0x6d, 0x1b, 0x5b, 0x33, 0x38, 0x3b, 0x32, 0x3b, 0x31, 0x35, 0x33, 0x3b, 
    0x31, 0x35, 0x33, 0x3b, 0x31, 0x35, 0x33, 0x6d, 0x64, 0x1b, 0x5b, 0x30, 0x6d, 0x1b, 0x5b, 0x33, 
    0x38, 0x3b, 0x32, 0x3b, 0x32, 0x30, 0x34, 0x3b, 0x32, 0x30, 0x34, 0x3b, 0x32, 0x30, 0x34, 0x6d, 
    0x4b, 0x1b, 0x5b, 0x30, 0x6d, 0x1b, 0x5b, 0x33, 0x38, 0x3b, 0x32, 0x3b, 0x32, 0x35, 0x35, 0x3b, 
    0x32, 0x35, 0x35, 0x3b, 0x32, 0x35, 0x35, 0x6d, 0x4d, 0x1b, 0x5b, 0x30, 0x6d, 0x1b, 0x5b, 0x33, 
    0x38, 0x3b, 0x32, 0x3b, 0x32, 0x35, 0x35, 0x3b, 0x32, 0x35, 0x35, 0x3b, 0x32, 0x35, 0x35, 0x6d, 
    0x4d, 0x1b, 0x5b, 0x30, 0x6d, 0x1b, 0x5b, 0x33, 0x38, 0x3b, 0x32, 0x3b, 0x32, 0x35, 0x35, 0x3b, 
    0x32, 0x35, 0x35, 0x3b, 0x32, 0x35, 0x35, 0x6d, 0x4d, 0x1b, 0x5b, 0x30, 0x6d, 0x1b, 0x5b, 0x33, 
    0x38, 0x3b, 0x32, 0x3b, 0x32, 0x35, 0x35, 0x3b, 0x32, 0x35, 0x35, 0x3b, 0x32, 0x35, 0x35, 0x6d, 
    0x4d, 0x1b, 0x5b, 0x30, 0x6d, 0x1b, 0x5b, 0x33, 0x38, 0x3b, 0x32, 0x3b, 0x31, 0x30, 0x32, 0x3b, 
    0x31, 0x30, 0x32, 0x3b, 0x31, 0x30, 0x32, 0x6d, 0x3a, 0x1b, 0x5b, 0x30, 0x6d, 0x1b, 0x5b, 0x33, 
    0x38, 0x3b, 0x32, 0x3b, 0x31, 0x30, 0x32, 0x3b, 0x31, 0x30, 0x32, 0x3b, 0x31, 0x30, 0x32, 0x6d, 
    0x3a, 0x1b, 0x5b, 0x30, 0x6d, 0x1b, 0x5b, 0x33, 0x38, 0x3b, 0x32, 0x3b, 0x30, 0x3b, 0x30, 0x3b, 
    0x30, 0x6d, 0x20, 0x1b, 0x5b, 0x30, 0x6d, 0x1b, 0x5b, 0x33, 0x38, 0x3b, 0x32, 0x3b, 0x30, 0x3b, 
    0x30, 0x3b, 0x30, 0x6d, 0x20, 0x1b, 0x5b, 0x30, 0x6d, 0x1b, 0x5b, 0x33, 0x38, 0x3b, 0x32, 0x3b, 
    0x37, 0x37, 0x3b, 0x37, 0x37, 0x3b, 0x37, 0x37, 0x6d, 0x2c, 0x1b, 0x5b, 0x30, 0x6d, 0x1b, 0x5b, 
    0x33, 0x38, 0x3b, 0x32, 0x3b, 0x31, 0x35, 0x33, 0x3b, 0x31, 0x35, 0x33, 0x3b, 0x31, 0x35, 0x33, 
    0x6d, 0x64, 0x1b, 0x5b, 0x30, 0x6d, 0x1b, 0x5b, 0x33, 0x38, 0x3b, 0x32, 0x3b, 0x31, 0x35, 0x33, 
    0x3b, 0x31, 0x35, 0x33, 0x3b, 0x31, 0x35, 0x33, 0x6d, 0x64, 0x1b, 0x5b, 0x30, 0x6d, 0x1b, 0x5b, 
    0x33, 0x38, 0x3b, 0x32, 0x3b, 0x32, 0x35, 0x35, 0x3b, 0x32, 0x35, 0x35, 0x3b, 0x32, 0x35, 0x35, 
    0x6d, 0x4d, 0x1b, 0x5b, 0x30, 0x6d, 0x1b, 0x5b, 0x33, 0x38, 0x3b, 0x32, 0x3b, 0x32, 0x35, 0x35, 
    0x3b, 0x32, 0x35, 0x35, 0x3b, 0x32, 0x35, 0x35, 0x6d, 0x4d, 0x1b, 0x5b, 0x30, 0x6d, 0x1b, 0x5b, 
    0x33, 0x38, 0x3b, 0x32, 0x3b, 0x32, 0x35, 0x35, 0x3b, 0x32, 0x35, 0x35, 0x3b, 0x32, 0x35, 0x35, 
    0x6d, 0x4d, 0x1b, 0x5b, 0x30, 0x6d, 0x1b, 0x5b, 0x33, 0x38, 0x3b, 0x32, 0x3b, 0x32, 0x35, 0x35, 
    0x3b, 0x32, 0x35, 0x35, 0x3b, 0x32, 0x35, 0x35, 0x6d, 0x4d, 0x1b, 0x5b, 0x30, 0x6d, 0x1b, 0x5b, 
    0x33, 0x38, 0x3b, 0x32, 0x3b, 0x32, 0x35, 0x35, 0x3b, 0x32, 0x35, 0x35, 0x3b, 0x32, 0x35, 0x35, 
    0x6d, 0x4d, 0x1b, 0x5b, 0x30, 0x6d, 0x1b, 0x5b, 0x33, 0x38, 0x3b, 0x32, 0x3b, 0x32, 0x35, 0x35, 
    0x3b, 0x32, 0x35, 0x35, 0x3b, 0x32, 0x35, 0x35, 0x6d, 0x4d, 0x1b, 0x5b, 0x30, 0x6d, 0x1b, 0x5b, 
    0x33, 0x38, 0x3b, 0x32, 0x3b, 0x32, 0x35, 0x35, 0x3b, 0x32, 0x35, 0x35, 0x3b, 0x32, 0x35, 0x35, 
    0x6d, 0x4d, 0x1b, 0x5b, 0x30, 0x6d, 0x1b, 0x5b, 0x33, 0x38, 0x3b, 0x32, 0x3b, 0x32, 0x35, 0x35, 
    0x3b, 0x32, 0x35, 0x35, 0x3b, 0x32, 0x35, 0x35, 0x6d, 0x4d, 0x1b, 0x5b, 0x30, 0x6d, 0x1b, 0x5b, 
    0x33, 0x38, 0x3b, 0x32, 0x3b, 0x32, 0x35, 0x35, 0x3b, 0x32, 0x35, 0x35, 0x3b, 0x32, 0x35, 0x35, 
    0x6d, 0x4d, 0x1b, 0x5b, 0x30, 0x6d, 0x1b, 0x5b, 0x33, 0x38, 0x3b, 0x32, 0x3b, 0x30, 0x3b, 0x30, 
    0x3b, 0x30, 0x6d, 0x20, 0x1b, 0x5b, 0x30, 0x6d, 0x1b, 0x5b, 0x33, 0x38, 0x3b, 0x32, 0x3b, 0x30, 
    0x3b, 0x30, 0x3b, 0x30, 0x6d, 0x20, 0x1b, 0x5b, 0x30, 0x6d, 0x1b, 0x5b, 0x33, 0x38, 0x3b, 0x32, 
    0x3b, 0x31, 0x35, 0x33, 0x3b, 0x31, 0x35, 0x33, 0x3b, 0x31, 0x35, 0x33, 0x6d, 0x64, 0x1b, 0x5b, 
    0x30, 0x6d, 0x1b, 0x5b, 0x33, 0x38, 0x3b, 0x32, 0x3b, 0x31, 0x35, 0x33, 0x3b, 0x31, 0x35, 0x33, 
    0x3b, 0x31, 0x35, 0x33, 0x6d, 0x64, 0x1b, 0x5b, 0x30, 0x6d, 0x1b, 0x5b, 0x33, 0x38, 0x3b, 0x32, 
    0x3b, 0x31, 0x32, 0x38, 0x3b, 0x31, 0x32, 0x38, 0x3b, 0x31, 0x32, 0x38, 0x6d, 0x6c, 0x1b, 0x5b, 
    0x30, 0x6d, 0x1b, 0x5b, 0x33, 0x38, 0x3b, 0x32, 0x3b, 0x31, 0x30, 0x32, 0x3b, 0x31, 0x30, 0x32, 
    0x3b, 0x31, 0x30, 0x32, 0x6d, 0x3a, 0x1b, 0x5b, 0x30, 0x6d, 0x1b, 0x5b, 0x33, 0x38, 0x3b, 0x32, 
    0x3b, 0x31, 0x30, 0x32, 0x3b, 0x31, 0x30, 0x32, 0x3b, 0x31, 0x30, 0x32, 0x6d, 0x3a, 0x1b, 0x5b, 
    0x30, 0x6d, 0x1b, 0x5b, 0x33, 0x38, 0x3b, 0x32, 0x3b, 0x31, 0x30, 0x32, 0x3b, 0x31, 0x30, 0x32, 
    0x3b, 0x31, 0x30, 0x32, 0x6d, 0x3a, 0x1b, 0x5b, 0x30, 0x6d, 0x1b, 0x5b, 0x33, 0x38, 0x3b, 0x32, 
    0x3b, 0x31, 0x30, 0x32, 0x3b, 0x31, 0x30, 0x32, 0x3b, 0x31, 0x30, 0x32, 0x6d, 0x3a, 0x1b, 0x5b, 
    0x30, 0x6d, 0x1b, 0x5b, 0x33, 0x38, 0x3b, 0x32, 0x3b, 0x31, 0x30, 0x32, 0x3b, 0x31, 0x30, 0x32, 
    0x3b, 0x31, 0x30, 0x32, 0x6d, 0x3a, 0x1b, 0x5b, 0x30, 0x6d, 0x1b, 0x5b, 0x33, 0x38, 0x3b, 0x32, 
    0x3b, 0x31, 0x30, 0x32, 0x3b, 0x31, 0x30, 0x32, 0x3b, 0x31, 0x30, 0x32, 0x6d, 0x3a, 0x1b, 0x5b, 
    0x30, 0x6d, 0x1b, 0x5b, 0x33, 0x38, 0x3b, 0x32, 0x3b, 0x31, 0x37, 0x39, 0x3b, 0x31, 0x37, 0x39, 
    0x3b, 0x31, 0x37, 0x39, 0x6d, 0x6b, 0x1b, 0x5b, 0x30, 0x6d, 0x1b, 0x5b, 0x33, 0x38, 0x3b, 0x32, 
    0x3b, 0x32, 0x35, 0x35, 0x3b, 0x32, 0x35, 0x35, 0x3b, 0x32, 0x35, 0x35, 0x6d, 0x4d, 0x1b, 0x5b, 
    0x30, 0x6d, 0x1b, 0x5b, 0x33, 0x38, 0x3b, 0x32, 0x3b, 0x32, 0x30, 0x34, 0x3b, 0x32, 0x30, 0x34, 
    0x3b, 0x32, 0x30, 0x34, 0x6d, 0x4b, 0x1b, 0x5b, 0x30, 0x6d, 0x1b, 0x5b, 0x33, 0x38, 0x3b, 0x32, 
    0x3b, 0x31, 0x35, 0x33, 0x3b, 0x31, 0x35, 0x33, 0x3b, 0x31, 0x35, 0x33, 0x6d, 0x64, 0x1b, 0x5b, 
    0x30, 0x6d, 0x1b, 0x5b, 0x33, 0x38, 0x3b, 0x32, 0x3b, 0x31, 0x35, 0x33, 0x3b, 0x31, 0x35, 0x33, 
    0x3b, 0x31, 0x35, 0x33, 0x6d, 0x64, 0x1b, 0x5b, 0x30, 0x6d, 0x1b, 0x5b, 0x33, 0x38, 0x3b, 0x32, 
    0x3b, 0x31, 0x35, 0x33, 0x3b, 0x31, 0x35, 0x33, 0x3b, 0x31, 0x35, 0x33, 0x6d, 0x64, 0x1b, 0x5b, 
    0x30, 0x6d, 0x1b, 0x5b, 0x33, 0x38, 0x3b, 0x32, 0x3b, 0x31, 0x35, 0x33, 0x3b, 0x31, 0x35, 0x33, 
    0x3b, 0x31, 0x35, 0x33, 0x6d, 0x64, 0x1b, 0x5b, 0x30, 0x6d, 0x1b, 0x5b, 0x33, 0x38, 0x3b, 0x32, 
    0x3b, 0x30, 0x3b, 0x30, 0x3b, 0x30, 0x6d, 0x20, 0x1b, 0x5b, 0x30, 0x6d, 0x1b, 0x5b, 0x33, 0x38, 
    0x3b, 0x32, 0x3b, 0x30, 0x3b, 0x30, 0x3b, 0x30, 0x6d, 0x20, 0x1b, 0x5b, 0x30, 0x6d, 0x1b, 0x5b, 
    0x33, 0x38, 0x3b, 0x32, 0x3b, 0x30, 0x3b, 0x30, 0x3b, 0x30, 0x6d, 0x20, 0x1b, 0x5b, 0x30, 0x6d, 
    0x1b, 0x5b, 0x33, 0x38, 0x3b, 0x32, 0x3b, 0x30, 0x3b, 0x30, 0x3b, 0x30, 0x6d, 0x20, 0x1b, 0x5b, 
    0x30, 0x6d, 0x1b, 0x5b, 0x33, 0x38, 0x3b, 0x32, 0x3b, 0x30, 0x3b, 0x30, 0x3b, 0x30, 0x6d, 0x20, 
    0x1b, 0x5b, 0x30, 0x6d, 0x1b, 0x5b, 0x33, 0x38, 0x3b, 0x32, 0x3b, 0x30, 0x3b, 0x30, 0x3b, 0x30, 
    0x6d, 0x20, 0x1b, 0x5b, 0x30, 0x6d, 0x1b, 0x5b, 0x33, 0x38, 0x3b, 0x32, 0x3b, 0x30, 0x3b, 0x30, 
    0x3b, 0x30, 0x6d, 0x20, 0x1b, 0x5b, 0x30, 0x6d, 0x1b, 0x5b, 0x33, 0x38, 0x3b, 0x32, 0x3b, 0x30, 
    0x3b, 0x30, 0x3b, 0x30, 0x6d, 0x20, 0x1b, 0x5b, 0x30, 0x6d, 0x1b, 0x5b, 0x33, 0x38, 0x3b, 0x32, 
    0x3b, 0x30, 0x3b, 0x30, 0x3b, 0x30, 0x6d, 0x20, 0x1b, 0x5b, 0x30, 0x6d, 0x1b, 0x5b, 0x33, 0x38, 
    0x3b, 0x32, 0x3b, 0x30, 0x3b, 0x30, 0x3b, 0x30, 0x6d, 0x20, 0x1b, 0x5b, 0x30, 0x6d, 0x1b, 0x5b, 
    0x33, 0x38, 0x3b, 0x32, 0x3b, 0x30, 0x3b, 0x30, 0x3b, 0x30, 0x6d, 0x20, 0x1b, 0x5b, 0x30, 0x6d, 
    0x1b, 0x5b, 0x33, 0x38, 0x3b, 0x32, 0x3b, 0x30, 0x3b, 0x30, 0x3b, 0x30, 0x6d, 0x20, 0x1b, 0x5b, 
    0x30, 0x6d, 0x1b, 0x5b, 0x33, 0x38, 0x3b, 0x32, 0x3b, 0x30, 0x3b, 0x30, 0x3b, 0x30, 0x6d, 0x20, 
    0x1b, 0x5b, 0x30, 0x6d, 0x1b, 0x5b, 0x33, 0x38, 0x3b, 0x32, 0x3b, 0x30, 0x3b, 0x30, 0x3b, 0x30, 
    0x6d, 0x20, 0x1b, 0x5b, 0x30, 0x6d, 0x1b, 0x5b, 0x33, 0x38, 0x3b, 0x32, 0x3b, 0x30, 0x3b, 0x30, 
    0x3b, 0x30, 0x6d, 0x20, 0x1b, 0x5b, 0x30, 0x6d, 0x1b, 0x5b, 0x33, 0x38, 0x3b, 0x32, 0x3b, 0x30, 
    0x3b, 0x30, 0x3b, 0x30, 0x6d, 0x20, 0x1b, 0x5b, 0x30, 0x6d, 0x1b, 0x5b, 0x33, 0x38, 0x3b, 0x32, 
    0x3b, 0x30, 0x3b, 0x30, 0x3b, 0x30, 0x6d, 0x20, 0x1b, 0x5b, 0x30, 0x6d, 0x1b, 0x5b, 0x33, 0x38, 
    0x3b, 0x32, 0x3b, 0x30, 0x3b, 0x30, 0x3b, 0x30, 0x6d, 0x20, 0x1b, 0x5b, 0x30, 0x6d, 0x1b, 0x5b, 
    0x33, 0x38, 0x3b, 0x32, 0x3b, 0x30, 0x3b, 0x30, 0x3b, 0x30, 0x6d, 0x20, 0x1b, 0x5b, 0x30, 0x6d, 
    0x1b, 0x5b, 0x33, 0x38, 0x3b, 0x32, 0x3b, 0x30, 0x3b, 0x30, 0x3b, 0x30, 0x6d, 0x20, 0x1b, 0x5b, 
    0x30, 0x6d, 0x1b, 0x5b, 0x33, 0x38, 0x3b, 0x32, 0x3b, 0x30, 0x3b, 0x30, 0x3b, 0x30, 0x6d, 0x20, 
    0x1b, 0x5b, 0x30, 0x6d, 0x1b, 0x5b, 0x33, 0x38, 0x3b, 0x32, 0x3b, 0x30, 0x3b, 0x30, 0x3b, 0x30, 
    0x6d, 0x20, 0x1b, 0x5b, 0x30, 0x6d, 0x1b, 0x5b, 0x33, 0x38, 0x3b, 0x32, 0x3b, 0x30, 0x3b, 0x30, 
    0x3b, 0x30, 0x6d, 0x20, 0x1b, 0x5b, 0x30, 0x6d, 0x1b, 0x5b, 0x33, 0x38, 0x3b, 0x32, 0x3b, 0x30, 
    0x3b, 0x30, 0x3b, 0x30, 0x6d, 0x20, 0x1b, 0x5b, 0x30, 0x6d, 0x1b, 0x5b, 0x33, 0x38, 0x3b, 0x32, 
    0x3b, 0x30, 0x3b, 0x30, 0x3b, 0x30, 0x6d, 0x20, 0x1b, 0x5b, 0x30, 0x6d, 0x1b, 0x5b, 0x33, 0x38, 
    0x3b, 0x32, 0x3b, 0x30, 0x3b, 0x30, 0x3b, 0x30, 0x6d, 0x20, 0x1b, 0x5b, 0x30, 0x6d, 0x1b, 0x5b, 
    0x33, 0x38, 0x3b, 0x32, 0x3b, 0x30, 0x3b, 0x30, 0x3b, 0x30, 0x6d, 0x20, 0x1b, 0x5b, 0x30, 0x6d, 
    0x1b, 0x5b, 0x33, 0x38, 0x3b, 0x32, 0x3b, 0x37, 0x37, 0x3b, 0x37, 0x37, 0x3b, 0x37, 0x37, 0x6d, 
    0x2c, 0x1b, 0x5b, 0x30, 0x6d, 0x1b, 0x5b, 0x33, 0x38, 0x3b, 0x32, 0x3b, 0x31, 0x35, 0x33, 0x3b, 
    0x31, 0x35, 0x33, 0x3b, 0x31, 0x35, 0x33, 0x6d, 0x64, 0x1b, 0x5b, 0x30, 0x6d, 0x1b, 0x5b, 0x33, 
    0x38, 0x3b, 0x32, 0x3b, 0x31, 0x35, 0x33, 0x3b, 0x31, 0x35, 0x33, 0x3b, 0x31, 0x35, 0x33, 0x6d, 
    0x64, 0x1b, 0x5b, 0x30, 0x6d, 0x1b, 0x5b, 0x33, 0x38, 0x3b, 0x32, 0x3b, 0x32, 0x35, 0x35, 0x3b, 
    0x32, 0x35, 0x35, 0x3b, 0x32, 0x35, 0x35, 0x6d, 0x4d, 0x1b, 0x5b, 0x30, 0x6d, 0x1b, 0x5b, 0x33, 
    0x38, 0x3b, 0x32, 0x3b, 0x32, 0x35, 0x35, 0x3b, 0x32, 0x35, 0x35, 0x3b, 0x32, 0x35, 0x35, 0x6d, 
    0x4d, 0x1b, 0x5b, 0x30, 0x6d, 0x1b, 0x5b, 0x33, 0x38, 0x3b, 0x32, 0x3b, 0x32, 0x35, 0x35, 0x3b, 
    0x32, 0x35, 0x35, 0x3b, 0x32, 0x35, 0x35, 0x6d, 0x4d, 0x1b, 0x5b, 0x30, 0x6d, 0x1b, 0x5b, 0x33, 
    0x38, 0x3b, 0x32, 0x3b, 0x32, 0x35, 0x35, 0x3b, 0x32, 0x35, 0x35, 0x3b, 0x32, 0x35, 0x35, 0x6d, 
    0x4d, 0x1b, 0x5b, 0x30, 0x6d, 0x0a, 0x1b, 0x5b, 0x30, 0x6d, 0x1b, 0x5b, 0x33, 0x38, 0x3b, 0x32, 
    0x3b, 0x32, 0x35, 0x35, 0x3b, 0x32, 0x35, 0x35, 0x3b, 0x32, 0x35, 0x35, 0x6d, 0x4d, 0x1b, 0x5b, 
    0x30, 0x6d, 0x1b, 0x5b, 0x33, 0x38, 0x3b, 0x32, 0x3b, 0x32, 0x35, 0x35, 0x3b, 0x32, 0x35, 0x35, 
    0x3b, 0x32, 0x35, 0x35, 0x6d, 0x4d, 0x1b, 0x5b, 0x30, 0x6d, 0x1b, 0x5b, 0x33, 0x38, 0x3b, 0x32, 
    0x3b, 0x32, 0x35, 0x35, 0x3b, 0x32, 0x35, 0x35, 0x3b, 0x32, 0x35, 0x35, 0x6d, 0x4d, 0x1b, 0x5b, 
    0x30, 0x6d, 0x1b, 0x5b, 0x33, 0x38, 0x3b, 0x32, 0x3b, 0x32, 0x35, 0x35, 0x3b, 0x32, 0x35, 0x35, 
    0x3b, 0x32, 0x35, 0x35, 0x6d, 0x4d, 0x1b, 0x5b, 0x30, 0x6d, 0x1b, 0x5b, 0x33, 0x38, 0x3b, 0x32, 
    0x3b, 0x32, 0x35, 0x35, 0x3b, 0x32, 0x35, 0x35, 0x3b, 0x32, 0x35, 0x35, 0x6d, 0x4d, 0x1b, 0x5b, 
    0x30, 0x6d, 0x1b, 0x5b, 0x33, 0x38, 0x3b, 0x32, 0x3b, 0x32, 0x35, 0x35, 0x3b, 0x32, 0x35, 0x35, 
    0x3b, 0x32, 0x35, 0x35, 0x6d, 0x4d, 0x1b, 0x5b, 0x30, 0x6d, 0x1b, 0x5b, 0x33, 0x38, 0x3b, 0x32, 
    0x3b, 0x32, 0x35, 0x35, 0x3b, 0x32, 0x35, 0x35, 0x3b, 0x32, 0x35, 0x35, 0x6d, 0x4d, 0x1b, 0x5b, 
    0x30, 0x6d, 0x1b, 0x5b, 0x33, 0x38, 0x3b, 0x32, 0x3b, 0x32, 0x35, 0x35, 0x3b, 0x32, 0x35, 0x35, 
    0x3b, 0x32, 0x35, 0x35, 0x6d, 0x4d, 0x1b, 0x5b, 0x30, 0x6d, 0x1b, 0x5b, 0x33, 0x38, 0x3b, 0x32, 
    0x3b, 0x32, 0x35, 0x35, 0x3b, 0x32, 0x35, 0x35, 0x3b, 0x32, 0x35, 0x35, 0x6d, 0x4d, 0x1b, 0x5b, 
    0x30, 0x6d, 0x1b, 0x5b, 0x33, 0x38, 0x3b, 0x32, 0x3b, 0x32, 0x35, 0x35, 0x3b, 0x32, 0x35, 0x35, 
    0x3b, 0x32, 0x35, 0x35, 0x6d, 0x4d, 0x1b, 0x5b, 0x30, 0x6d, 0x1b, 0x5b, 0x33, 0x38, 0x3b, 0x32, 
    0x3b, 0x32, 0x35, 0x35, 0x3b, 0x32, 0x35, 0x35, 0x3b, 0x32, 0x35, 0x35, 0x6d, 0x4d, 0x1b, 0x5b, 
    0x30, 0x6d, 0x1b, 0x5b, 0x33, 0x38, 0x3b, 0x32, 0x3b, 0x32, 0x35, 0x35, 0x3b, 0x32, 0x35, 0x35, 
    0x3b, 0x32, 0x35, 0x35, 0x6d, 0x4d, 0x1b, 0x5b, 0x30, 0x6d, 0x1b, 0x5b, 0x33, 0x38, 0x3b, 0x32, 
    0x3b, 0x32, 0x35, 0x35, 0x3b, 0x32, 0x35, 0x35, 0x3b, 0x32, 0x35, 0x35, 0x6d, 0x4d, 0x1b, 0x5b, 
    0x30, 0x6d, 0x1b, 0x5b, 0x33, 0x38, 0x3b, 0x32, 0x3b, 0x31, 0x32, 0x38, 0x3b, 0x31, 0x32, 0x38, 
    0x3b, 0x31, 0x32, 0x38, 0x6d, 0x6c, 0x1b, 0x5b, 0x30, 0x6d, 0x1b, 0x5b, 0x33, 0x38, 0x3b, 0x32, 
    0x3b, 0x30, 0x3b, 0x30, 0x3b, 0x30, 0x6d, 0x20, 0x1b, 0x5b, 0x30, 0x6d, 0x1b, 0x5b, 0x33, 0x38, 
    0x3b, 0x32, 0x3b, 0x30, 0x3b, 0x30, 0x3b, 0x30, 0x6d, 0x20, 0x1b, 0x5b, 0x30, 0x6d, 0x1b, 0x5b, 
    0x33, 0x38, 0x3b, 0x32, 0x3b, 0x36, 0x34, 0x3b, 0x36, 0x34, 0x3b, 0x36, 0x34, 0x6d, 0x27, 0x1b, 
    0x5b, 0x30, 0x6d, 0x1b, 0x5b, 0x33, 0x38, 0x3b, 0x32, 0x3b, 0x36, 0x34, 0x3b, 0x36, 0x34, 0x3b, 
    0x36, 0x34, 0x6d, 0x27, 0x1b, 0x5b, 0x30, 0x6d, 0x1b, 0x5b, 0x33, 0x38, 0x3b, 0x32, 0x3b, 0x32, 
    0x35, 0x35, 0x3b, 0x32, 0x35, 0x35, 0x3b, 0x32, 0x35, 0x35, 0x6d, 0x4d, 0x1b, 0x5b, 0x30, 0x6d, 
    0x1b, 0x5b, 0x33, 0x38, 0x3b, 0x32, 0x3b, 0x32, 0x35, 0x35, 0x3b, 0x32, 0x35, 0x35, 0x3b, 0x32, 
    0x35, 0x35, 0x6d, 0x4d, 0x1b, 0x5b, 0x30, 0x6d, 0x1b, 0x5b, 0x33, 0x38, 0x3b, 0x32, 0x3b, 0x32, 
    0x35, 0x35, 0x3b, 0x32, 0x35, 0x35, 0x3b, 0x32, 0x35, 0x35, 0x6d, 0x4d, 0x1b, 0x5b, 0x30, 0x6d, 
    0x1b, 0x5b, 0x33, 0x38, 0x3b, 0x32, 0x3b, 0x32, 0x35, 0x35, 0x3b, 0x32, 0x35, 0x35, 0x3b, 0x32, 
    0x35, 0x35, 0x6d, 0x4d, 0x1b, 0x5b, 0x30, 0x6d, 0x1b, 0x5b, 0x33, 0x38, 0x3b, 0x32, 0x3b, 0x32, 
    0x35, 0x35, 0x3b, 0x32, 0x35, 0x35, 0x3b, 0x32, 0x35, 0x35, 0x6d, 0x4d, 0x1b, 0x5b, 0x30, 0x6d, 
    0x1b, 0x5b, 0x33, 0x38, 0x3b, 0x32, 0x3b, 0x32, 0x35, 0x35, 0x3b, 0x32, 0x35, 0x35, 0x3b, 0x32, 
    0x35, 0x35, 0x6d, 0x4d, 0x1b, 0x5b, 0x30, 0x6d, 0x1b, 0x5b, 0x33, 0x38, 0x3b, 0x32, 0x3b, 0x32, 
    0x35, 0x35, 0x3b, 0x32, 0x35, 0x35, 0x3b, 0x32, 0x35, 0x35, 0x6d, 0x4d, 0x1b, 0x5b, 0x30, 0x6d, 
    0x1b, 0x5b, 0x33, 0x38, 0x3b, 0x32, 0x3b, 0x30, 0x3b, 0x30, 0x3b, 0x30, 0x6d, 0x20, 0x1b, 0x5b, 
    0x30, 0x6d, 0x1b, 0x5b, 0x33, 0x38, 0x3b, 0x32, 0x3b, 0x30, 0x3b, 0x30, 0x3b, 0x30, 0x6d, 0x20, 
    0x1b, 0x5b, 0x30, 0x6d, 0x1b, 0x5b, 0x33, 0x38, 0x3b, 0x32, 0x3b, 0x39, 0x36, 0x3b, 0x39, 0x36, 
    0x3b, 0x39, 0x36, 0x6d, 0x3b, 0x1b, 0x5b, 0x30, 0x6d, 0x1b, 0x5b, 0x33, 0x38, 0x3b, 0x32, 0x3b, 
    0x31, 0x39, 0x31, 0x3b, 0x31, 0x39, 0x31, 0x3b, 0x31, 0x39, 0x31, 0x6d, 0x30, 0x1b, 0x5b, 0x30, 
    0x6d, 0x1b, 0x5b, 0x33, 0x38, 0x3b, 0x32, 0x3b, 0x32, 0x32, 0x33, 0x3b, 0x32, 0x32, 0x33, 0x3b, 
    0x32, 0x32, 0x33, 0x6d, 0x58, 0x1b, 0x5b, 0x30, 0x6d, 0x1b, 0x5b, 0x33, 0x38, 0x3b, 0x32, 0x3b, 
    0x32, 0x35, 0x35, 0x3b, 0x32, 0x35, 0x35, 0x3b, 0x32, 0x35, 0x35, 0x6d, 0x4d, 0x1b, 0x5b, 0x30, 
    0x6d, 0x1b, 0x5b, 0x33, 0x38, 0x3b, 0x32, 0x3b, 0x32, 0x35, 0x35, 0x3b, 0x32, 0x35, 0x35, 0x3b, 
    0x32, 0x35, 0x35, 0x6d, 0x4d, 0x1b, 0x5b, 0x30, 0x6d, 0x1b, 0x5b, 0x33, 0x38, 0x3b, 0x32, 0x3b, 
    0x32, 0x35, 0x35, 0x3b, 0x32, 0x35, 0x35, 0x3b, 0x32, 0x35, 0x35, 0x6d, 0x4d, 0x1b, 0x5b, 0x30, 
    0x6d, 0x1b, 0x5b, 0x33, 0x38, 0x3b, 0x32, 0x3b, 0x32, 0x35, 0x35, 0x3b, 0x32, 0x35, 0x35, 0x3b, 
    0x32, 0x35, 0x35, 0x6d, 0x4d, 0x1b, 0x5b, 0x30, 0x6d, 0x1b, 0x5b, 0x33, 0x38, 0x3b, 0x32, 0x3b, 
    0x30, 0x3b, 0x30, 0x3b, 0x30, 0x6d, 0x20, 0x1b, 0x5b, 0x30, 0x6d, 0x1b, 0x5b, 0x33, 0x38, 0x3b, 
    0x32, 0x3b, 0x30, 0x3b, 0x30, 0x3b, 0x30, 0x6d, 0x20, 0x1b, 0x5b, 0x30, 0x6d, 0x1b, 0x5b, 0x33, 
    0x38, 0x3b, 0x32, 0x3b, 0x30, 0x3b, 0x30, 0x3b, 0x30, 0x6d, 0x20, 0x1b, 0x5b, 0x30, 0x6d, 0x1b, 
    0x5b, 0x33, 0x38, 0x3b, 0x32, 0x3b, 0x30, 0x3b, 0x30, 0x3b, 0x30, 0x6d, 0x20, 0x1b, 0x5b, 0x30, 
    0x6d, 0x1b, 0x5b, 0x33, 0x38, 0x3b, 0x32, 0x3b, 0x30, 0x3b, 0x30, 0x3b, 0x30, 0x6d, 0x20, 0x1b, 
    0x5b, 0x30, 0x6d, 0x1b, 0x5b, 0x33, 0x38, 0x3b, 0x32, 0x3b, 0x32, 0x35, 0x35, 0x3b, 0x32, 0x35, 
    0x35, 0x3b, 0x32, 0x35, 0x35, 0x6d, 0x4d, 0x1b, 0x5b, 0x30, 0x6d, 0x1b, 0x5b, 0x33, 0x38, 0x3b, 
    0x32, 0x3b, 0x32, 0x35, 0x35, 0x3b, 0x32, 0x35, 0x35, 0x3b, 0x32, 0x35, 0x35, 0x6d, 0x4d, 0x1b, 
    0x5b, 0x30, 0x6d, 0x1b, 0x5b, 0x33, 0x38, 0x3b, 0x32, 0x3b, 0x32, 0x35, 0x35, 0x3b, 0x32, 0x35, 
    0x35, 0x3b, 0x32, 0x35, 0x35, 0x6d, 0x4d, 0x1b, 0x5b, 0x30, 0x6d, 0x1b, 0x5b, 0x33, 0x38, 0x3b, 
    0x32, 0x3b, 0x32, 0x35, 0x35, 0x3b, 0x32, 0x35, 0x35, 0x3b, 0x32, 0x35, 0x35, 0x6d, 0x4d, 0x1b, 
    0x5b, 0x30, 0x6d, 0x1b, 0x5b, 0x33, 0x38, 0x3b, 0x32, 0x3b, 0x32, 0x35, 0x35, 0x3b, 0x32, 0x35, 
    0x35, 0x3b, 0x32, 0x35, 0x35, 0x6d, 0x4d, 0x1b, 0x5b, 0x30, 0x6d, 0x1b, 0x5b, 0x33, 0x38, 0x3b, 
    0x32, 0x3b, 0x32, 0x35, 0x35, 0x3b, 0x32, 0x35, 0x35, 0x3b, 0x32, 0x35, 0x35, 0x6d, 0x4d, 0x1b, 
    0x5b, 0x30, 0x6d, 0x1b, 0x5b, 0x33, 0x38, 0x3b, 0x32, 0x3b, 0x32, 0x35, 0x35, 0x3b, 0x32, 0x35, 
    0x35, 0x3b, 0x32, 0x35, 0x35, 0x6d, 0x4d, 0x1b, 0x5b, 0x30, 0x6d, 0x1b, 0x5b, 0x33, 0x38, 0x3b, 
    0x32, 0x3b, 0x32, 0x35, 0x35, 0x3b, 0x32, 0x35, 0x35, 0x3b, 0x32, 0x35, 0x35, 0x6d, 0x4d, 0x1b, 
    0x5b, 0x30, 0x6d, 0x1b, 0x5b, 0x33, 0x38, 0x3b, 0x32, 0x3b, 0x32, 0x35, 0x35, 0x3b, 0x32, 0x35, 
    0x35, 0x3b, 0x32, 0x35, 0x35, 0x6d, 0x4d, 0x1b, 0x5b, 0x30, 0x6d, 0x1b, 0x5b, 0x33, 0x38, 0x3b, 
    0x32, 0x3b, 0x30, 0x3b, 0x30, 0x3b, 0x30, 0x6d, 0x20, 0x1b, 0x5b, 0x30, 0x6d, 0x1b, 0x5b, 0x33, 
    0x38, 0x3b, 0x32, 0x3b, 0x30, 0x3b, 0x30, 0x3b, 0x30, 0x6d, 0x20, 0x1b, 0x5b, 0x30, 0x6d, 0x1b, 
    0x5b, 0x33, 0x38, 0x3b, 0x32, 0x3b, 0x36, 0x34, 0x3b, 0x36, 0x34, 0x3b, 0x36, 0x34, 0x6d, 0x27, 
    0x1b, 0x5b, 0x30, 0x6d, 0x1b, 0x5b, 0x33, 0x38, 0x3b, 0x32, 0x3b, 0x36, 0x34, 0x3b, 0x36, 0x34, 
    0x3b, 0x36, 0x34, 0x6d, 0x27, 0x1b, 0x5b, 0x30, 0x6d, 0x1b, 0x5b, 0x33, 0x38, 0x3b, 0x32, 0x3b, 
    0x31, 0x32, 0x38, 0x3b, 0x31, 0x32, 0x38, 0x3b, 0x31, 0x32, 0x38, 0x6d, 0x6c, 0x1b, 0x5b, 0x30, 
    0x6d, 0x1b, 0x5b, 0x33, 0x38, 0x3b, 0x32, 0x3b, 0x31, 0x39, 0x31, 0x3b, 0x31, 0x39, 0x31, 0x3b, 
    0x31, 0x39, 0x31, 0x6d, 0x30, 0x1b, 0x5b, 0x30, 0x6d, 0x1b, 0x5b, 0x33, 0x38, 0x3b, 0x32, 0x3b, 
    0x31, 0x39, 0x31, 0x3b, 0x31, 0x39, 0x31, 0x3b, 0x31, 0x39, 0x31, 0x6d, 0x30, 0x1b, 0x5b, 0x30, 
    0x6d, 0x1b, 0x5b, 0x33, 0x38, 0x3b, 0x32, 0x3b, 0x32, 0x35, 0x35, 0x3b, 0x32, 0x35, 0x35, 0x3b, 
    0x32, 0x35, 0x35, 0x6d, 0x4d, 0x1b, 0x5b, 0x30, 0x6d, 0x1b, 0x5b, 0x33, 0x38, 0x3b, 0x32, 0x3b, 
    0x32, 0x35, 0x35, 0x3b, 0x32, 0x35, 0x35, 0x3b, 0x32, 0x35, 0x35, 0x6d, 0x4d, 0x1b, 0x5b, 0x30, 
    0x6d, 0x1b, 0x5b, 0x33, 0x38, 0x3b, 0x32, 0x3b, 0x32, 0x35, 0x35, 0x3b, 0x32, 0x35, 0x35, 0x3b, 
    0x32, 0x35, 0x35, 0x6d, 0x4d, 0x1b, 0x5b, 0x30, 0x6d, 0x1b, 0x5b, 0x33, 0x38, 0x3b, 0x32, 0x3b, 
    0x32, 0x35, 0x35, 0x3b, 0x32, 0x35, 0x35, 0x3b, 0x32, 0x35, 0x35, 0x6d, 0x4d, 0x1b, 0x5b, 0x30, 
    0x6d, 0x1b, 0x5b, 0x33, 0x38, 0x3b, 0x32, 0x3b, 0x32, 0x35, 0x35, 0x3b, 0x32, 0x35, 0x35, 0x3b, 
    0x32, 0x35, 0x35, 0x6d, 0x4d, 0x1b, 0x5b, 0x30, 0x6d, 0x1b, 0x5b, 0x33, 0x38, 0x3b, 0x32, 0x3b, 
    0x32, 0x35, 0x35, 0x3b, 0x32, 0x35, 0x35, 0x3b, 0x32, 0x35, 0x35, 0x6d, 0x4d, 0x1b, 0x5b, 0x30, 
    0x6d, 0x1b, 0x5b, 0x33, 0x38, 0x3b, 0x32, 0x3b, 0x31, 0x35, 0x39, 0x3b, 0x31, 0x35, 0x39, 0x3b, 
    0x31, 0x35, 0x39, 0x6d, 0x78, 0x1b, 0x5b, 0x30, 0x6d, 0x1b, 0x5b, 0x33, 0x38, 0x3b, 0x32, 0x3b, 
    0x36, 0x34, 0x3b, 0x36, 0x34, 0x3b, 0x36, 0x34, 0x6d, 0x27, 0x1b, 0x5b, 0x30, 0x6d, 0x1b, 0x5b, 
    0x33, 0x38, 0x3b, 0x32, 0x3b, 0x36, 0x34, 0x3b, 0x36, 0x34, 0x3b, 0x36, 0x34, 0x6d, 0x27, 0x1b, 
    0x5b, 0x30, 0x6d, 0x1b, 0x5b, 0x33, 0x38, 0x3b, 0x32, 0x3b, 0x30, 0x3b, 0x30, 0x3b, 0x30, 0x6d, 
    0x20, 0x1b, 0x5b, 0x30, 0x6d, 0x1b, 0x5b, 0x33, 0x38, 0x3b, 0x32, 0x3b, 0x30, 0x3b, 0x30, 0x3b, 
    0x30, 0x6d, 0x20, 0x1b, 0x5b, 0x30, 0x6d, 0x1b, 0x5b, 0x33, 0x38, 0x3b, 0x32, 0x3b, 0x36, 0x34, 
    0x3b, 0x36, 0x34, 0x3b, 0x36, 0x34, 0x6d, 0x27, 0x1b, 0x5b, 0x30, 0x6d, 0x1b, 0x5b, 0x33, 0x38, 
    0x3b, 0x32, 0x3b, 0x36, 0x34, 0x3b, 0x36, 0x34, 0x3b, 0x36, 0x34, 0x6d, 0x27, 0x1b, 0x5b, 0x30, 
    0x6d, 0x1b, 0x5b, 0x33, 0x38, 0x3b, 0x32, 0x3b, 0x36, 0x34, 0x3b, 0x36, 0x34, 0x3b, 0x36, 0x34, 
    0x6d, 0x27, 0x1b, 0x5b, 0x30, 0x6d, 0x1b, 0x5b, 0x33, 0x38, 0x3b, 0x32, 0x3b, 0x36, 0x34, 0x3b, 
    0x36, 0x34, 0x3b, 0x36, 0x34, 0x6d, 0x27, 0x1b, 0x5b, 0x30, 0x6d, 0x1b, 0x5b, 0x33, 0x38, 0x3b, 
    0x32, 0x3b, 0x36, 0x34, 0x3b, 0x36, 0x34, 0x3b, 0x36, 0x34, 0x6d, 0x27, 0x1b, 0x5b, 0x30, 0x6d, 
    0x1b, 0x5b, 0x33, 0x38, 0x3b, 0x32, 0x3b, 0x30, 0x3b, 0x30, 0x3b, 0x30, 0x6d, 0x20, 0x1b, 0x5b, 
    0x30, 0x6d, 0x1b, 0x5b, 0x33, 0x38, 0x3b, 0x32, 0x3b, 0x30, 0x3b, 0x30, 0x3b, 0x30, 0x6d, 0x20, 
    0x1b, 0x5b, 0x30, 0x6d, 0x1b, 0x5b, 0x33, 0x38, 0x3b, 0x32, 0x3b, 0x30, 0x3b, 0x30, 0x3b, 0x30, 
    0x6d, 0x20, 0x1b, 0x5b, 0x30, 0x6d, 0x1b, 0x5b, 0x33, 0x38, 0x3b, 0x32, 0x3b, 0x30, 0x3b, 0x30, 
    0x3b, 0x30, 0x6d, 0x20, 0x1b, 0x5b, 0x30, 0x6d, 0x1b, 0x5b, 0x33, 0x38, 0x3b, 0x32, 0x3b, 0x30, 
    0x3b, 0x30, 0x3b, 0x30, 0x6d, 0x20, 0x1b, 0x5b, 0x30, 0x6d, 0x1b, 0x5b, 0x33, 0x38, 0x3b, 0x32, 
    0x3b, 0x30, 0x3b, 0x30, 0x3b, 0x30, 0x6d, 0x20, 0x1b, 0x5b, 0x30, 0x6d, 0x1b, 0x5b, 0x33, 0x38, 
    0x3b, 0x32, 0x3b, 0x30, 0x3b, 0x30, 0x3b, 0x30, 0x6d, 0x20, 0x1b, 0x5b, 0x30, 0x6d, 0x1b, 0x5b, 
    0x33, 0x38, 0x3b, 0x32, 0x3b, 0x30, 0x3b, 0x30, 0x3b, 0x30, 0x6d, 0x20, 0x1b, 0x5b, 0x30, 0x6d, 
    0x1b, 0x5b, 0x33, 0x38, 0x3b, 0x32, 0x3b, 0x30, 0x3b, 0x30, 0x3b, 0x30, 0x6d, 0x20, 0x1b, 0x5b, 
    0x30, 0x6d, 0x1b, 0x5b, 0x33, 0x38, 0x3b, 0x32, 0x3b, 0x30, 0x3b, 0x30, 0x3b, 0x30, 0x6d, 0x20, 
    0x1b, 0x5b, 0x30, 0x6d, 0x1b, 0x5b, 0x33, 0x38, 0x3b, 0x32, 0x3b, 0x30, 0x3b, 0x30, 0x3b, 0x30, 
    0x6d, 0x20, 0x1b, 0x5b, 0x30, 0x6d, 0x1b, 0x5b, 0x33, 0x38, 0x3b, 0x32, 0x3b, 0x30, 0x3b, 0x30, 
    0x3b, 0x30, 0x6d, 0x20, 0x1b, 0x5b, 0x30, 0x6d, 0x1b, 0x5b, 0x33, 0x38, 0x3b, 0x32, 0x3b, 0x30, 
    0x3b, 0x30, 0x3b, 0x30, 0x6d, 0x20, 0x1b, 0x5b, 0x30, 0x6d, 0x1b, 0x5b, 0x33, 0x38, 0x3b, 0x32, 
    0x3b, 0x30, 0x3b, 0x30, 0x3b, 0x30, 0x6d, 0x20, 0x1b, 0x5b, 0x30, 0x6d, 0x1b, 0x5b, 0x33, 0x38, 
    0x3b, 0x32, 0x3b, 0x30, 0x3b, 0x30, 0x3b, 0x30, 0x6d, 0x20, 0x1b, 0x5b, 0x30, 0x6d, 0x1b, 0x5b, 
    0x33, 0x38, 0x3b, 0x32, 0x3b, 0x30, 0x3b, 0x30, 0x3b, 0x30, 0x6d, 0x20, 0x1b, 0x5b, 0x30, 0x6d, 
    0x1b, 0x5b, 0x33, 0x38, 0x3b, 0x32, 0x3b, 0x30, 0x3b, 0x30, 0x3b, 0x30, 0x6d, 0x20, 0x1b, 0x5b, 
    0x30, 0x6d, 0x1b, 0x5b, 0x33, 0x38, 0x3b, 0x32, 0x3b, 0x30, 0x3b, 0x30, 0x3b, 0x30, 0x6d, 0x20, 
    0x1b, 0x5b, 0x30, 0x6d, 0x1b, 0x5b, 0x33, 0x38, 0x3b, 0x32, 0x3b, 0x30, 0x3b, 0x30, 0x3b, 0x30, 
    0x6d, 0x20, 0x1b, 0x5b, 0x30, 0x6d, 0x1b, 0x5b, 0x33, 0x38, 0x3b, 0x32, 0x3b, 0x30, 0x3b, 0x30, 
    0x3b, 0x30, 0x6d, 0x20, 0x1b, 0x5b, 0x30, 0x6d, 0x1b, 0x5b, 0x33, 0x38, 0x3b, 0x32, 0x3b, 0x33, 
    0x32, 0x3b, 0x33, 0x32, 0x3b, 0x33, 0x32, 0x6d, 0x2e, 0x1b, 0x5b, 0x30, 0x6d, 0x1b, 0x5b, 0x33, 
    0x38, 0x3b, 0x32, 0x3b, 0x36, 0x34, 0x3b, 0x36, 0x34, 0x3b, 0x36, 0x34, 0x6d, 0x27, 0x1b, 0x5b, 
    0x30, 0x6d, 0x1b, 0x5b, 0x33, 0x38, 0x3b, 0x32, 0x3b, 0x33, 0x32, 0x3b, 0x33, 0x32, 0x3b, 0x33, 
    0x32, 0x6d, 0x2e, 0x1b, 0x5b, 0x30, 0x6d, 0x1b, 0x5b, 0x33, 0x38, 0x3b, 0x32, 0x3b, 0x30, 0x3b, 
    0x30, 0x3b, 0x30, 0x6d, 0x20, 0x1b, 0x5b, 0x30, 0x6d, 0x1b, 0x5b, 0x33, 0x38, 0x3b, 0x32, 0x3b, 
    0x30, 0x3b, 0x30, 0x3b, 0x30, 0x6d, 0x20, 0x1b, 0x5b, 0x30, 0x6d, 0x1b, 0x5b, 0x33, 0x38, 0x3b, 
    0x32, 0x3b, 0x32, 0x35, 0x35, 0x3b, 0x32, 0x35, 0x35, 0x3b, 0x32, 0x35, 0x35, 0x6d, 0x4d, 0x1b, 
    0x5b, 0x30, 0x6d, 0x1b, 0x5b, 0x33, 0x38, 0x3b, 0x32, 0x3b, 0x32, 0x35, 0x35, 0x3b, 0x32, 0x35, 
    0x35, 0x3b, 0x32, 0x35, 0x35, 0x6d, 0x4d, 0x1b, 0x5b, 0x30, 0x6d, 0x1b, 0x5b, 0x33, 0x38, 0x3b, 
    0x32, 0x3b, 0x32, 0x35, 0x35, 0x3b, 0x32, 0x35, 0x35, 0x3b, 0x32, 0x35, 0x35, 0x6d, 0x4d, 0x1b, 
    0x5b, 0x30, 0x6d, 0x1b, 0x5b, 0x33, 0x38, 0x3b, 0x32, 0x3b, 0x32, 0x35, 0x35, 0x3b, 0x32, 0x35, 
    0x35, 0x3b, 0x32, 0x35, 0x35, 0x6d, 0x4d, 0x1b, 0x5b, 0x30, 0x6d, 0x0a, 0x1b, 0x5b, 0x30, 0x6d, 
    0x1b, 0x5b, 0x33, 0x38, 0x3b, 0x32, 0x3b, 0x32, 0x35, 0x35, 0x3b, 0x32, 0x35, 0x35, 0x3b, 0x32, 
    0x35, 0x35, 0x6d, 0x4d, 0x1b, 0x5b, 0x30, 0x6d, 0x1b, 0x5b, 0x33, 0x38, 0x3b, 0x32, 0x3b, 0x32, 
    0x35, 0x35, 0x3b, 0x32, 0x35, 0x35, 0x3b, 0x32, 0x35, 0x35, 0x6d, 0x4d, 0x1b, 0x5b, 0x30, 0x6d, 
    0x1b, 0x5b, 0x33, 0x38, 0x3b, 0x32, 0x3b, 0x32, 0x35, 0x35, 0x3b, 0x32, 0x35, 0x35, 0x3b, 0x32, 
    0x35, 0x35, 0x6d, 0x4d, 0x1b, 0x5b, 0x30, 0x6d, 0x1b, 0x5b, 0x33, 0x38, 0x3b, 0x32, 0x3b, 0x32, 
    0x35, 0x35, 0x3b, 0x32, 0x35, 0x35, 0x3b, 0x32, 0x35, 0x35, 0x6d, 0x4d, 0x1b, 0x5b, 0x30, 0x6d, 
    0x1b, 0x5b, 0x33, 0x38, 0x3b, 0x32, 0x3b, 0x32, 0x35, 0x35, 0x3b, 0x32, 0x35, 0x35, 0x3b, 0x32, 
    0x35, 0x35, 0x6d, 0x4d, 0x1b, 0x5b, 0x30, 0x6d, 0x1b, 0x5b, 0x33, 0x38, 0x3b, 0x32, 0x3b, 0x32, 
    0x35, 0x35, 0x3b, 0x32, 0x35, 0x35, 0x3b, 0x32, 0x35, 0x35, 0x6d, 0x4d, 0x1b, 0x5b, 0x30, 0x6d, 
    0x1b, 0x5b, 0x33, 0x38, 0x3b, 0x32, 0x3b, 0x32, 0x35, 0x35, 0x3b, 0x32, 0x35, 0x35, 0x3b, 0x32, 
    0x35, 0x35, 0x6d, 0x4d, 0x1b, 0x5b, 0x30, 0x6d, 0x1b, 0x5b, 0x33, 0x38, 0x3b, 0x32, 0x3b, 0x32, 
    0x35, 0x35, 0x3b, 0x32, 0x35, 0x35, 0x3b, 0x32, 0x35, 0x35, 0x6d, 0x4d, 0x1b, 0x5b, 0x30, 0x6d, 
    0x1b, 0x5b, 0x33, 0x38, 0x3b, 0x32, 0x3b, 0x32, 0x35, 0x35, 0x3b, 0x32, 0x35, 0x35, 0x3b, 0x32, 
    0x35, 0x35, 0x6d, 0x4d, 0x1b, 0x5b, 0x30, 0x6d, 0x1b, 0x5b, 0x33, 0x38, 0x3b, 0x32, 0x3b, 0x32, 
    0x35, 0x35, 0x3b, 0x32, 0x35, 0x35, 0x3b, 0x32, 0x35, 0x35, 0x6d, 0x4d, 0x1b, 0x5b, 0x30, 0x6d, 
    0x1b, 0x5b, 0x33, 0x38, 0x3b, 0x32, 0x3b, 0x32, 0x35, 0x35, 0x3b, 0x32, 0x35, 0x35, 0x3b, 0x32, 
    0x35, 0x35, 0x6d, 0x4d, 0x1b, 0x5b, 0x30, 0x6d, 0x1b, 0x5b, 0x33, 0x38, 0x3b, 0x32, 0x3b, 0x32, 
    0x33, 0x30, 0x3b, 0x32, 0x33, 0x30, 0x3b, 0x32, 0x33, 0x30, 0x6d, 0x4e, 0x1b, 0x5b, 0x30, 0x6d, 
    0x1b, 0x5b, 0x33, 0x38, 0x3b, 0x32, 0x3b, 0x32, 0x30, 0x34, 0x3b, 0x32, 0x30, 0x34, 0x3b, 0x32, 
    0x30, 0x34, 0x6d, 0x4b, 0x1b, 0x5b, 0x30, 0x6d, 0x1b, 0x5b, 0x33, 0x38, 0x3b, 0x32, 0x3b, 0x31, 
    0x32, 0x38, 0x3b, 0x31, 0x32, 0x38, 0x3b, 0x31, 0x32, 0x38, 0x6d, 0x6c, 0x1b, 0x5b, 0x30, 0x6d, 
    0x1b, 0x5b, 0x33, 0x38, 0x3b, 0x32, 0x3b, 0x35, 0x31, 0x3b, 0x35, 0x31, 0x3b, 0x35, 0x31, 0x6d, 
    0x2e, 0x1b, 0x5b, 0x30, 0x6d, 0x1b, 0x5b, 0x33, 0x38, 0x3b, 0x32, 0x3b, 0x35, 0x31, 0x3b, 0x35, 
    0x31, 0x3b, 0x35, 0x31, 0x6d, 0x2e, 0x1b, 0x5b, 0x30, 0x6d, 0x1b, 0x5b, 0x33, 0x38, 0x3b, 0x32, 
    0x3b, 0x32, 0x35, 0x35, 0x3b, 0x32, 0x35, 0x35, 0x3b, 0x32, 0x35, 0x35, 0x6d, 0x4d, 0x1b, 0x5b, 
    0x30, 0x6d, 0x1b, 0x5b, 0x33, 0x38, 0x3b, 0x32, 0x3b, 0x32, 0x35, 0x35, 0x3b, 0x32, 0x35, 0x35, 
    0x3b, 0x32, 0x35, 0x35, 0x6d, 0x4d, 0x1b, 0x5b, 0x30, 0x6d, 0x1b, 0x5b, 0x33, 0x38, 0x3b, 0x32, 
    0x3b, 0x32, 0x35, 0x35, 0x3b, 0x32, 0x35, 0x35, 0x3b, 0x32, 0x35, 0x35, 0x6d, 0x4d, 0x1b, 0x5b, 
    0x30, 0x6d, 0x1b, 0x5b, 0x33, 0x38, 0x3b, 0x32, 0x3b, 0x32, 0x35, 0x35, 0x3b, 0x32, 0x35, 0x35, 
    0x3b, 0x32, 0x35, 0x35, 0x6d, 0x4d, 0x1b, 0x5b, 0x30, 0x6d, 0x1b, 0x5b, 0x33, 0x38, 0x3b, 0x32, 
    0x3b, 0x32, 0x35, 0x35, 0x3b, 0x32, 0x35, 0x35, 0x3b, 0x32, 0x35, 0x35, 0x6d, 0x4d, 0x1b, 0x5b, 
    0x30, 0x6d, 0x1b, 0x5b, 0x33, 0x38, 0x3b, 0x32, 0x3b, 0x32, 0x35, 0x35, 0x3b, 0x32, 0x35, 0x35, 
    0x3b, 0x32, 0x35, 0x35, 0x6d, 0x4d, 0x1b, 0x5b, 0x30, 0x6d, 0x1b, 0x5b, 0x33, 0x38, 0x3b, 0x32, 
    0x3b, 0x32, 0x35, 0x35, 0x3b, 0x32, 0x35, 0x35, 0x3b, 0x32, 0x35, 0x35, 0x6d, 0x4d, 0x1b, 0x5b, 
    0x30, 0x6d, 0x1b, 0x5b, 0x33, 0x38, 0x3b, 0x32, 0x3b, 0x32, 0x35, 0x35, 0x3b, 0x32, 0x35, 0x35, 
    0x3b, 0x32, 0x35, 0x35, 0x6d, 0x4d, 0x1b, 0x5b, 0x30, 0x6d, 0x1b, 0x5b, 0x33, 0x38, 0x3b, 0x32, 
    0x3b, 0x32, 0x35, 0x35, 0x3b, 0x32, 0x35, 0x35, 0x3b, 0x32, 0x35, 0x35, 0x6d, 0x4d, 0x1b, 0x5b, 
    0x30, 0x6d, 0x1b, 0x5b, 0x33, 0x38, 0x3b, 0x32, 0x3b, 0x35, 0x31, 0x3b, 0x35, 0x31, 0x3b, 0x35, 
    0x31, 0x6d, 0x2e, 0x1b, 0x5b, 0x30, 0x6d, 0x1b, 0x5b, 0x33, 0x38, 0x3b, 0x32, 0x3b, 0x35, 0x31, 
    0x3b, 0x35, 0x31, 0x3b, 0x35, 0x31, 0x6d, 0x2e, 0x1b, 0x5b, 0x30, 0x6d, 0x1b, 0x5b, 0x33, 0x38, 
    0x3b, 0x32, 0x3b, 0x32, 0x36, 0x3b, 0x32, 0x36, 0x3b, 0x32, 0x36, 0x6d, 0x20, 0x1b, 0x5b, 0x30, 
    0x6d, 0x1b, 0x5b, 0x33, 0x38, 0x3b, 0x32, 0x3b, 0x30, 0x3b, 0x30, 0x3b, 0x30, 0x6d, 0x20, 0x1b, 
    0x5b, 0x30, 0x6d, 0x1b, 0x5b, 0x33, 0x38, 0x3b, 0x32, 0x3b, 0x31, 0x32, 0x38, 0x3b, 0x31, 0x32, 
    0x38, 0x3b, 0x31, 0x32, 0x38, 0x6d, 0x6c, 0x1b, 0x5b, 0x30, 0x6d, 0x1b, 0x5b, 0x33, 0x38, 0x3b, 
    0x32, 0x3b, 0x32, 0x35, 0x35, 0x3b, 0x32, 0x35, 0x35, 0x3b, 0x32, 0x35, 0x35, 0x6d, 0x4d, 0x1b, 
    0x5b, 0x30, 0x6d, 0x1b, 0x5b, 0x33, 0x38, 0x3b, 0x32, 0x3b, 0x32, 0x35, 0x35, 0x3b, 0x32, 0x35, 
    0x35, 0x3b, 0x32, 0x35, 0x35, 0x6d, 0x4d, 0x1b, 0x5b, 0x30, 0x6d, 0x1b, 0x5b, 0x33, 0x38, 0x3b, 
    0x32, 0x3b, 0x32, 0x35, 0x35, 0x3b, 0x32, 0x35, 0x35, 0x3b, 0x32, 0x35, 0x35, 0x6d, 0x4d, 0x1b, 
    0x5b, 0x30, 0x6d, 0x1b, 0x5b, 0x33, 0x38, 0x3b, 0x32, 0x3b, 0x32, 0x35, 0x35, 0x3b, 0x32, 0x35, 
    0x35, 0x3b, 0x32, 0x35, 0x35, 0x6d, 0x4d, 0x1b, 0x5b, 0x30, 0x6d, 0x1b, 0x5b, 0x33, 0x38, 0x3b, 
    0x32, 0x3b, 0x35, 0x31, 0x3b, 0x35, 0x31, 0x3b, 0x35, 0x31, 0x6d, 0x2e, 0x1b, 0x5b, 0x30, 0x6d, 
    0x1b, 0x5b, 0x33, 0x38, 0x3b, 0x32, 0x3b, 0x35, 0x31, 0x3b, 0x35, 0x31, 0x3b, 0x35, 0x31, 0x6d, 
    0x2e, 0x1b, 0x5b, 0x30, 0x6d, 0x1b, 0x5b, 0x33, 0x38, 0x3b, 0x32, 0x3b, 0x32, 0x36, 0x3b, 0x32, 
    0x36, 0x3b, 0x32, 0x36, 0x6d, 0x20, 0x1b, 0x5b, 0x30, 0x6d, 0x1b, 0x5b, 0x33, 0x38, 0x3b, 0x32, 
    0x3b, 0x30, 0x3b, 0x30, 0x3b, 0x30, 0x6d, 0x20, 0x1b, 0x5b, 0x30, 0x6d, 0x1b, 0x5b, 0x33, 0x38, 
    0x3b, 0x32, 0x3b, 0x30, 0x3b, 0x30, 0x3b, 0x30, 0x6d, 0x20, 0x1b, 0x5b, 0x30, 0x6d, 0x1b, 0x5b, 
    0x33, 0x38, 0x3b, 0x32, 0x3b, 0x32, 0x35, 0x35, 0x3b, 0x32, 0x35, 0x35, 0x3b, 0x32, 0x35, 0x35, 
    0x6d, 0x4d, 0x1b, 0x5b, 0x30, 0x6d, 0x1b, 0x5b, 0x33, 0x38, 0x3b, 0x32, 0x3b, 0x32, 0x35, 0x35, 
    0x3b, 0x32, 0x35, 0x35, 0x3b, 0x32, 0x35, 0x35, 0x6d, 0x4d, 0x1b, 0x5b, 0x30, 0x6d, 0x1b, 0x5b, 
    0x33, 0x38, 0x3b, 0x32, 0x3b, 0x32, 0x35, 0x35, 0x3b, 0x32, 0x35, 0x35, 0x3b, 0x32, 0x35, 0x35, 
    0x6d, 0x4d, 0x1b, 0x5b, 0x30, 0x6d, 0x1b, 0x5b, 0x33, 0x38, 0x3b, 0x32, 0x3b, 0x32, 0x35, 0x35, 
    0x3b, 0x32, 0x35, 0x35, 0x3b, 0x32, 0x35, 0x35, 0x6d, 0x4d, 0x1b, 0x5b, 0x30, 0x6d, 0x1b, 0x5b, 
    0x33, 0x38, 0x3b, 0x32, 0x3b, 0x32, 0x35, 0x35, 0x3b, 0x32, 0x35, 0x35, 0x3b, 0x32, 0x35, 0x35, 
    0x6d, 0x4d, 0x1b, 0x5b, 0x30, 0x6d, 0x1b, 0x5b, 0x33, 0x38, 0x3b, 0x32, 0x3b, 0x32, 0x35, 0x35, 
    0x3b, 0x32, 0x35, 0x35, 0x3b, 0x32, 0x35, 0x35, 0x6d, 0x4d, 0x1b, 0x5b, 0x30, 0x6d, 0x1b, 0x5b, 
    0x33, 0x38, 0x3b, 0x32, 0x3b, 0x32, 0x35, 0x35, 0x3b, 0x32, 0x35, 0x35, 0x3b, 0x32, 0x35, 0x35, 
    0x6d, 0x4d, 0x1b, 0x5b, 0x30, 0x6d, 0x1b, 0x5b, 0x33, 0x38, 0x3b, 0x32, 0x3b, 0x32, 0x35, 0x35, 
    0x3b, 0x32, 0x35, 0x35, 0x3b, 0x32, 0x35, 0x35, 0x6d, 0x4d, 0x1b, 0x5b, 0x30, 0x6d, 0x1b, 0x5b, 
    0x33, 0x38, 0x3b, 0x32, 0x3b, 0x32, 0x35, 0x35, 0x3b, 0x32, 0x35, 0x35, 0x3b, 0x32, 0x35, 0x35, 
    0x6d, 0x4d, 0x1b, 0x5b, 0x30, 0x6d, 0x1b, 0x5b, 0x33, 0x38, 0x3b, 0x32, 0x3b, 0x35, 0x31, 0x3b, 
    0x35, 0x31, 0x3b, 0x35, 0x31, 0x6d, 0x2e, 0x1b, 0x5b, 0x30, 0x6d, 0x1b, 0x5b, 0x33, 0x38, 0x3b, 
    0x32, 0x3b, 0x35, 0x31, 0x3b, 0x35, 0x31, 0x3b, 0x35, 0x31, 0x6d, 0x2e, 0x1b, 0x5b, 0x30, 0x6d, 
    0x1b, 0x5b, 0x33, 0x38, 0x3b, 0x32, 0x3b, 0x32, 0x35, 0x35, 0x3b, 0x32, 0x35, 0x35, 0x3b, 0x32, 
    0x35, 0x35, 0x6d, 0x4d, 0x1b, 0x5b, 0x30, 0x6d, 0x1b, 0x5b, 0x33, 0x38, 0x3b, 0x32, 0x3b, 0x32, 
    0x35, 0x35, 0x3b, 0x32, 0x35, 0x35, 0x3b, 0x32, 0x35, 0x35, 0x6d, 0x4d, 0x1b, 0x5b, 0x30, 0x6d, 
    0x1b, 0x5b, 0x33, 0x38, 0x3b, 0x32, 0x3b, 0x31, 0x35, 0x33, 0x3b, 0x31, 0x35, 0x33, 0x3b, 0x31, 
    0x35, 0x33, 0x6d, 0x64, 0x1b, 0x5b, 0x30, 0x6d, 0x1b, 0x5b, 0x33, 0x38, 0x3b, 0x32, 0x3b, 0x35, 
    0x31, 0x3b, 0x35, 0x31, 0x3b, 0x35, 0x31, 0x6d, 0x2e, 0x1b, 0x5b, 0x30, 0x6d, 0x1b, 0x5b, 0x33, 
    0x38, 0x3b, 0x32, 0x3b, 0x35, 0x31, 0x3b, 0x35, 0x31, 0x3b, 0x35, 0x31, 0x6d, 0x2e, 0x1b, 0x5b, 
    0x30, 0x6d, 0x1b, 0x5b, 0x33, 0x38, 0x3b, 0x32, 0x3b, 0x32, 0x35, 0x35, 0x3b, 0x32, 0x35, 0x35, 
    0x3b, 0x32, 0x35, 0x35, 0x6d, 0x4d, 0x1b, 0x5b, 0x30, 0x6d, 0x1b, 0x5b, 0x33, 0x38, 0x3b, 0x32, 
    0x3b, 0x32, 0x35, 0x35, 0x3b, 0x32, 0x35, 0x35, 0x3b, 0x32, 0x35, 0x35, 0x6d, 0x4d, 0x1b, 0x5b, 
    0x30, 0x6d, 0x1b, 0x5b, 0x33, 0x38, 0x3b, 0x32, 0x3b, 0x32, 0x35, 0x35, 0x3b, 0x32, 0x35, 0x35, 
    0x3b, 0x32, 0x35, 0x35, 0x6d, 0x4d, 0x1b, 0x5b, 0x30, 0x6d, 0x1b, 0x5b, 0x33, 0x38, 0x3b, 0x32, 
    0x3b, 0x32, 0x35, 0x35, 0x3b, 0x32, 0x35, 0x35, 0x3b, 0x32, 0x35, 0x35, 0x6d, 0x4d, 0x1b, 0x5b, 
    0x30, 0x6d, 0x1b, 0x5b, 0x33, 0x38, 0x3b, 0x32, 0x3b, 0x32, 0x35, 0x35, 0x3b, 0x32, 0x35, 0x35, 
    0x3b, 0x32, 0x35, 0x35, 0x6d, 0x4d, 0x1b, 0x5b, 0x30, 0x6d, 0x1b, 0x5b, 0x33, 0x38, 0x3b, 0x32, 
    0x3b, 0x32, 0x35, 0x35, 0x3b, 0x32, 0x35, 0x35, 0x3b, 0x32, 0x35, 0x35, 0x6d, 0x4d, 0x1b, 0x5b, 
    0x30, 0x6d, 0x1b, 0x5b, 0x33, 0x38, 0x3b, 0x32, 0x3b, 0x32, 0x35, 0x35, 0x3b, 0x32, 0x35, 0x35, 
    0x3b, 0x32, 0x35, 0x35, 0x6d, 0x4d, 0x1b, 0x5b, 0x30, 0x6d, 0x1b, 0x5b, 0x33, 0x38, 0x3b, 0x32, 
    0x3b, 0x32, 0x35, 0x35, 0x3b, 0x32, 0x35, 0x35, 0x3b, 0x32, 0x35, 0x35, 0x6d, 0x4d, 0x1b, 0x5b, 
    0x30, 0x6d, 0x1b, 0x5b, 0x33, 0x38, 0x3b, 0x32, 0x3b, 0x32, 0x35, 0x35, 0x3b, 0x32, 0x35, 0x35, 
    0x3b, 0x32, 0x35, 0x35, 0x6d, 0x4d, 0x1b, 0x5b, 0x30, 0x6d, 0x1b, 0x5b, 0x33, 0x38, 0x3b, 0x32, 
    0x3b, 0x30, 0x3b, 0x30, 0x3b, 0x30, 0x6d, 0x20, 0x1b, 0x5b, 0x30, 0x6d, 0x1b, 0x5b, 0x33, 0x38, 
    0x3b, 0x32, 0x3b, 0x30, 0x3b, 0x30, 0x3b, 0x30, 0x6d, 0x20, 0x1b, 0x5b, 0x30, 0x6d, 0x1b, 0x5b, 
    0x33, 0x38, 0x3b, 0x32, 0x3b, 0x32, 0x30, 0x34, 0x3b, 0x32, 0x30, 0x34, 0x3b, 0x32, 0x30, 0x34, 
    0x6d, 0x4b, 0x1b, 0x5b, 0x30, 0x6d, 0x1b, 0x5b, 0x33, 0x38, 0x3b, 0x32, 0x3b, 0x32, 0x30, 0x34, 
    0x3b, 0x32, 0x30, 0x34, 0x3b, 0x32, 0x30, 0x34, 0x6d, 0x4b, 0x1b, 0x5b, 0x30, 0x6d, 0x1b, 0x5b, 
    0x33, 0x38, 0x3b, 0x32, 0x3b, 0x32, 0x33, 0x30, 0x3b, 0x32, 0x33, 0x30, 0x3b, 0x32, 0x33, 0x30, 
    0x6d, 0x4e, 0x1b, 0x5b, 0x30, 0x6d, 0x1b, 0x5b, 0x33, 0x38, 0x3b, 0x32, 0x3b, 0x32, 0x35, 0x35, 
    0x3b, 0x32, 0x35, 0x35, 0x3b, 0x32, 0x35, 0x35, 0x6d, 0x4d, 0x1b, 0x5b, 0x30, 0x6d, 0x1b, 0x5b, 
    0x33, 0x38, 0x3b, 0x32, 0x3b, 0x32, 0x35, 0x35, 0x3b, 0x32, 0x35, 0x35, 0x3b, 0x32, 0x35, 0x35, 
    0x6d, 0x4d, 0x1b, 0x5b, 0x30, 0x6d, 0x1b, 0x5b, 0x33, 0x38, 0x3b, 0x32, 0x3b, 0x35, 0x31, 0x3b, 
    0x35, 0x31, 0x3b, 0x35, 0x31, 0x6d, 0x2e, 0x1b, 0x5b, 0x30, 0x6d, 0x1b, 0x5b, 0x33, 0x38, 0x3b, 
    0x32, 0x3b, 0x35, 0x31, 0x3b, 0x35, 0x31, 0x3b, 0x35, 0x31, 0x6d, 0x2e, 0x1b, 0x5b, 0x30, 0x6d, 
    0x1b, 0x5b, 0x33, 0x38, 0x3b, 0x32, 0x3b, 0x35, 0x31, 0x3b, 0x35, 0x31, 0x3b, 0x35, 0x31, 0x6d, 
    0x2e, 0x1b, 0x5b, 0x30, 0x6d, 0x1b, 0x5b, 0x33, 0x38, 0x3b, 0x32, 0x3b, 0x35, 0x31, 0x3b, 0x35, 
    0x31, 0x3b, 0x35, 0x31, 0x6d, 0x2e, 0x1b, 0x5b, 0x30, 0x6d, 0x1b, 0x5b, 0x33, 0x38, 0x3b, 0x32, 
    0x3b, 0x35, 0x31, 0x3b, 0x35, 0x31, 0x3b, 0x35, 0x31, 0x6d, 0x2e, 0x1b, 0x5b, 0x30, 0x6d, 0x1b, 
    0x5b, 0x33, 0x38, 0x3b, 0x32, 0x3b, 0x35, 0x31, 0x3b, 0x35, 0x31, 0x3b, 0x35, 0x31, 0x6d, 0x2e, 
    0x1b, 0x5b, 0x30, 0x6d, 0x1b, 0x5b, 0x33, 0x38, 0x3b, 0x32, 0x3b, 0x35, 0x31, 0x3b, 0x35, 0x31, 
    0x3b, 0x35, 0x31, 0x6d, 0x2e, 0x1b, 0x5b, 0x30, 0x6d, 0x1b, 0x5b, 0x33, 0x38, 0x3b, 0x32, 0x3b, 
    0x35, 0x31, 0x3b, 0x35, 0x31, 0x3b, 0x35, 0x31, 0x6d, 0x2e, 0x1b, 0x5b, 0x30, 0x6d, 0x1b, 0x5b, 
    0x33, 0x38, 0x3b, 0x32, 0x3b, 0x35, 0x31, 0x3b, 0x35, 0x31, 0x3b, 0x35, 0x31, 0x6d, 0x2e, 0x1b, 
    0x5b, 0x30, 0x6d, 0x1b, 0x5b, 0x33, 0x38, 0x3b, 0x32, 0x3b, 0x30, 0x3b, 0x30, 0x3b, 0x30, 0x6d, 
    0x20, 0x1b, 0x5b, 0x30, 0x6d, 0x1b, 0x5b, 0x33, 0x38, 0x3b, 0x32, 0x3b, 0x30, 0x3b, 0x30, 0x3b, 
    0x30, 0x6d, 0x20, 0x1b, 0x5b, 0x30, 0x6d, 0x1b, 0x5b, 0x33, 0x38, 0x3b, 0x32, 0x3b, 0x30, 0x3b, 
    0x30, 0x3b, 0x30, 0x6d, 0x20, 0x1b, 0x5b, 0x30, 0x6d, 0x1b, 0x5b, 0x33, 0x38, 0x3b, 0x32, 0x3b, 
    0x30, 0x3b, 0x30, 0x3b, 0x30, 0x6d, 0x20, 0x1b, 0x5b, 0x30, 0x6d, 0x1b, 0x5b, 0x33, 0x38, 0x3b, 
    0x32, 0x3b, 0x30, 0x3b, 0x30, 0x3b, 0x30, 0x6d, 0x20, 0x1b, 0x5b, 0x30, 0x6d, 0x1b, 0x5b, 0x33, 
    0x38, 0x3b, 0x32, 0x3b, 0x30, 0x3b, 0x30, 0x3b, 0x30, 0x6d, 0x20, 0x1b, 0x5b, 0x30, 0x6d, 0x1b, 
    0x5b, 0x33, 0x38, 0x3b, 0x32, 0x3b, 0x30, 0x3b, 0x30, 0x3b, 0x30, 0x6d, 0x20, 0x1b, 0x5b, 0x30, 
    0x6d, 0x1b, 0x5b, 0x33, 0x38, 0x3b, 0x32, 0x3b, 0x30, 0x3b, 0x30, 0x3b, 0x30, 0x6d, 0x20, 0x1b, 
    0x5b, 0x30, 0x6d, 0x1b, 0x5b, 0x33, 0x38, 0x3b, 0x32, 0x3b, 0x30, 0x3b, 0x30, 0x3b, 0x30, 0x6d, 
    0x20, 0x1b, 0x5b, 0x30, 0x6d, 0x1b, 0x5b, 0x33, 0x38, 0x3b, 0x32, 0x3b, 0x35, 0x31, 0x3b, 0x35, 
    0x31, 0x3b, 0x35, 0x31, 0x6d, 0x2e, 0x1b, 0x5b, 0x30, 0x6d, 0x1b, 0x5b, 0x33, 0x38, 0x3b, 0x32, 
    0x3b, 0x35, 0x31, 0x3b, 0x35, 0x31, 0x3b, 0x35, 0x31, 0x6d, 0x2e, 0x1b, 0x5b, 0x30, 0x6d, 0x1b, 
    0x5b, 0x33, 0x38, 0x3b, 0x32, 0x3b, 0x31, 0x35, 0x33, 0x3b, 0x31, 0x35, 0x33, 0x3b, 0x31, 0x35, 
    0x33, 0x6d, 0x64, 0x1b, 0x5b, 0x30, 0x6d, 0x1b, 0x5b, 0x33, 0x38, 0x3b, 0x32, 0x3b, 0x32, 0x35, 
    0x35, 0x3b, 0x32, 0x35, 0x35, 0x3b, 0x32, 0x35, 0x35, 0x6d, 0x4d, 0x1b, 0x5b, 0x30, 0x6d, 0x1b, 
    0x5b, 0x33, 0x38, 0x3b, 0x32, 0x3b, 0x31, 0x35, 0x33, 0x3b, 0x31, 0x35, 0x33, 0x3b, 0x31, 0x35, 
    0x33, 0x6d, 0x64, 0x1b, 0x5b, 0x30, 0x6d, 0x1b, 0x5b, 0x33, 0x38, 0x3b, 0x32, 0x3b, 0x35, 0x31, 
    0x3b, 0x35, 0x31, 0x3b, 0x35, 0x31, 0x6d, 0x2e, 0x1b, 0x5b, 0x30, 0x6d, 0x1b, 0x5b, 0x33, 0x38, 
    0x3b, 0x32, 0x3b, 0x35, 0x31, 0x3b, 0x35, 0x31, 0x3b, 0x35, 0x31, 0x6d, 0x2e, 0x1b, 0x5b, 0x30, 
    0x6d, 0x1b, 0x5b, 0x33, 0x38, 0x3b, 0x32, 0x3b, 0x32, 0x35, 0x35, 0x3b, 0x32, 0x35, 0x35, 0x3b, 
    0x32, 0x35, 0x35, 0x6d, 0x4d, 0x1b, 0x5b, 0x30, 0x6d, 0x1b, 0x5b, 0x33, 0x38, 0x3b, 0x32, 0x3b, 
    0x32, 0x35, 0x35, 0x3b, 0x32, 0x35, 0x35, 0x3b, 0x32, 0x35, 0x35, 0x6d, 0x4d, 0x1b, 0x5b, 0x30, 
    0x6d, 0x1b, 0x5b, 0x33, 0x38, 0x3b, 0x32, 0x3b, 0x32, 0x35, 0x35, 0x3b, 0x32, 0x35, 0x35, 0x3b, 
    0x32, 0x35, 0x35, 0x6d, 0x4d, 0x1b, 0x5b, 0x30, 0x6d, 0x1b, 0x5b, 0x33, 0x38, 0x3b, 0x32, 0x3b, 
    0x32, 0x35, 0x35, 0x3b, 0x32, 0x35, 0x35, 0x3b, 0x32, 0x35, 0x35, 0x6d, 0x4d, 0x1b, 0x5b, 0x30, 
    0x6d, 0x0a, 0x1b, 0x5b, 0x30, 0x6d, 0x1b, 0x5b, 0x33, 0x38, 0x3b, 0x32, 0x3b, 0x32, 0x35, 0x35, 
    0x3b, 0x32, 0x35, 0x35, 0x3b, 0x32, 0x35, 0x35, 0x6d, 0x4d, 0x1b, 0x5b, 0x30, 0x6d, 0x1b, 0x5b, 
    0x33, 0x38, 0x3b, 0x32, 0x3b, 0x32, 0x35, 0x35, 0x3b, 0x32, 0x35, 0x35, 0x3b, 0x32, 0x35, 0x35, 
    0x6d, 0x4d, 0x1b, 0x5b, 0x30, 0x6d, 0x1b, 0x5b, 0x33, 0x38, 0x3b, 0x32, 0x3b, 0x32, 0x35, 0x35, 
    0x3b, 0x32, 0x35, 0x35, 0x3b, 0x32, 0x35, 0x35, 0x6d, 0x4d, 0x1b, 0x5b, 0x30, 0x6d, 0x1b, 0x5b, 
    0x33, 0x38, 0x3b, 0x32, 0x3b, 0x32, 0x35, 0x35, 0x3b, 0x32, 0x35, 0x35, 0x3b, 0x32, 0x35, 0x35, 
    0x6d, 0x4d, 0x1b, 0x5b, 0x30, 0x6d, 0x1b, 0x5b, 0x33, 0x38, 0x3b, 0x32, 0x3b, 0x32, 0x35, 0x35, 
    0x3b, 0x32, 0x35, 0x35, 0x3b, 0x32, 0x35, 0x35, 0x6d, 0x4d, 0x1b, 0x5b, 0x30, 0x6d, 0x1b, 0x5b, 
    0x33, 0x38, 0x3b, 0x32, 0x3b, 0x32, 0x35, 0x35, 0x3b, 0x32, 0x35, 0x35, 0x3b, 0x32, 0x35, 0x35, 
    0x6d, 0x4d, 0x1b, 0x5b, 0x30, 0x6d, 0x1b, 0x5b, 0x33, 0x38, 0x3b, 0x32, 0x3b, 0x32, 0x35, 0x35, 
    0x3b, 0x32, 0x35, 0x35, 0x3b, 0x32, 0x35, 0x35, 0x6d, 0x4d, 0x1b, 0x5b, 0x30, 0x6d, 0x1b, 0x5b, 
    0x33, 0x38, 0x3b, 0x32, 0x3b, 0x32, 0x35, 0x35, 0x3b, 0x32, 0x35, 0x35, 0x3b, 0x32, 0x35, 0x35, 
    0x6d, 0x4d, 0x1b, 0x5b, 0x30, 0x6d, 0x1b, 0x5b, 0x33, 0x38, 0x3b, 0x32, 0x3b, 0x32, 0x35, 0x35, 
    0x3b, 0x32, 0x35, 0x35, 0x3b, 0x32, 0x35, 0x35, 0x6d, 0x4d, 0x1b, 0x5b, 0x30, 0x6d, 0x1b, 0x5b, 
    0x33, 0x38, 0x3b, 0x32, 0x3b, 0x32, 0x35, 0x35, 0x3b, 0x32, 0x35, 0x35, 0x3b, 0x32, 0x35, 0x35, 
    0x6d, 0x4d, 0x1b, 0x5b, 0x30, 0x6d, 0x1b, 0x5b, 0x33, 0x38, 0x3b, 0x32, 0x3b, 0x32, 0x35, 0x35, 
    0x3b, 0x32, 0x35, 0x35, 0x3b, 0x32, 0x35, 0x35, 0x6d, 0x4d, 0x1b, 0x5b, 0x30, 0x6d, 0x1b, 0x5b, 
    0x33, 0x38, 0x3b, 0x32, 0x3b, 0x31, 0x32, 0x38, 0x3b, 0x31, 0x32, 0x38, 0x3b, 0x31, 0x32, 0x38, 
    0x6d, 0x6c, 0x1b, 0x5b, 0x30, 0x6d, 0x1b, 0x5b, 0x33, 0x38, 0x3b, 0x32, 0x3b, 0x30, 0x3b, 0x30, 
    0x3b, 0x30, 0x6d, 0x20, 0x1b, 0x5b, 0x30, 0x6d, 0x1b, 0x5b, 0x33, 0x38, 0x3b, 0x32, 0x3b, 0x31, 
    0x32, 0x38, 0x3b, 0x31, 0x32, 0x38, 0x3b, 0x31, 0x32, 0x38, 0x6d, 0x6c, 0x1b, 0x5b, 0x30, 0x6d, 
    0x1b, 0x5b, 0x33, 0x38, 0x3b, 0x32, 0x3b, 0x32, 0x35, 0x35, 0x3b, 0x32, 0x35, 0x35, 0x3b, 0x32, 
    0x35, 0x35, 0x6d, 0x4d, 0x1b, 0x5b, 0x30, 0x6d, 0x1b, 0x5b, 0x33, 0x38, 0x3b, 0x32, 0x3b, 0x32, 
    0x35, 0x35, 0x3b, 0x32, 0x35, 0x35, 0x3b, 0x32, 0x35, 0x35, 0x6d, 0x4d, 0x1b, 0x5b, 0x30, 0x6d, 
    0x1b, 0x5b, 0x33, 0x38, 0x3b, 0x32, 0x3b, 0x32, 0x35, 0x35, 0x3b, 0x32, 0x35, 0x35, 0x3b, 0x32, 
    0x35, 0x35, 0x6d, 0x4d, 0x1b, 0x5b, 0x30, 0x6d, 0x1b, 0x5b, 0x33, 0x38, 0x3b, 0x32, 0x3b, 0x32, 
    0x35, 0x35, 0x3b, 0x32, 0x35, 0x35, 0x3b, 0x32, 0x35, 0x35, 0x6d, 0x4d, 0x1b, 0x5b, 0x30, 0x6d, 
    0x1b, 0x5b, 0x33, 0x38, 0x3b, 0x32, 0x3b, 0x32, 0x35, 0x35, 0x3b, 0x32, 0x35, 0x35, 0x3b, 0x32, 
    0x35, 0x35, 0x6d, 0x4d, 0x1b, 0x5b, 0x30, 0x6d, 0x1b, 0x5b, 0x33, 0x38, 0x3b, 0x32, 0x3b, 0x32, 
    0x35, 0x35, 0x3b, 0x32, 0x35, 0x35, 0x3b, 0x32, 0x35, 0x35, 0x6d, 0x4d, 0x1b, 0x5b, 0x30, 0x6d, 
    0x1b, 0x5b, 0x33, 0x38, 0x3b, 0x32, 0x3b, 0x32, 0x35, 0x35, 0x3b, 0x32, 0x35, 0x35, 0x3b, 0x32, 
    0x35, 0x35, 0x6d, 0x4d, 0x1b, 0x5b, 0x30, 0x6d, 0x1b, 0x5b, 0x33, 0x38, 0x3b, 0x32, 0x3b, 0x32, 
    0x35, 0x35, 0x3b, 0x32, 0x35, 0x35, 0x3b, 0x32, 0x35, 0x35, 0x6d, 0x4d, 0x1b, 0x5b, 0x30, 0x6d, 
    0x1b, 0x5b, 0x33, 0x38, 0x3b, 0x32, 0x3b, 0x32, 0x35, 0x35, 0x3b, 0x32, 0x35, 0x35, 0x3b, 0x32, 
    0x35, 0x35, 0x6d, 0x4d, 0x1b, 0x5b, 0x30, 0x6d, 0x1b, 0x5b, 0x33, 0x38, 0x3b, 0x32, 0x3b, 0x32, 
    0x35, 0x35, 0x3b, 0x32, 0x35, 0x35, 0x3b, 0x32, 0x35, 0x35, 0x6d, 0x4d, 0x1b, 0x5b, 0x30, 0x6d, 
    0x1b, 0x5b, 0x33, 0x38, 0x3b, 0x32, 0x3b, 0x32, 0x35, 0x35, 0x3b, 0x32, 0x35, 0x35, 0x3b, 0x32, 
    0x35, 0x35, 0x6d, 0x4d, 0x1b, 0x5b, 0x30, 0x6d, 0x1b, 0x5b, 0x33, 0x38, 0x3b, 0x32, 0x3b, 0x32, 
    0x35, 0x35, 0x3b, 0x32, 0x35, 0x35, 0x3b, 0x32, 0x35, 0x35, 0x6d, 0x4d, 0x1b, 0x5b, 0x30, 0x6d, 
    0x1b, 0x5b, 0x33, 0x38, 0x3b, 0x32, 0x3b, 0x32, 0x35, 0x35, 0x3b, 0x32, 0x35, 0x35, 0x3b, 0x32, 
    0x35, 0x35, 0x6d, 0x4d, 0x1b, 0x5b, 0x30, 0x6d, 0x1b, 0x5b, 0x33, 0x38, 0x3b, 0x32, 0x3b, 0x31, 
    0x32, 0x38, 0x3b, 0x31, 0x32, 0x38, 0x3b, 0x31, 0x32, 0x38, 0x6d, 0x6c, 0x1b, 0x5b, 0x30, 0x6d, 
    0x1b, 0x5b, 0x33, 0x38, 0x3b, 0x32, 0x3b, 0x30, 0x3b, 0x30, 0x3b, 0x30, 0x6d, 0x20, 0x1b, 0x5b, 
    0x30, 0x6d, 0x1b, 0x5b, 0x33, 0x38, 0x3b, 0x32, 0x3b, 0x31, 0x32, 0x38, 0x3b, 0x31, 0x32, 0x38, 
    0x3b, 0x31, 0x32, 0x38, 0x6d, 0x6c, 0x1b, 0x5b, 0x30, 0x6d, 0x1b, 0x5b, 0x33, 0x38, 0x3b, 0x32, 
    0x3b, 0x32, 0x35, 0x35, 0x3b, 0x32, 0x35, 0x35, 0x3b, 0x32, 0x35, 0x35, 0x6d, 0x4d, 0x1b, 0x5b, 
    0x30, 0x6d, 0x1b, 0x5b, 0x33, 0x38, 0x3b, 0x32, 0x3b, 0x32, 0x35, 0x35, 0x3b, 0x32, 0x35, 0x35, 
    0x3b, 0x32, 0x35, 0x35, 0x6d, 0x4d, 0x1b, 0x5b, 0x30, 0x6d, 0x1b, 0x5b, 0x33, 0x38, 0x3b, 0x32, 
    0x3b, 0x32, 0x35, 0x35, 0x3b, 0x32, 0x35, 0x35, 0x3b, 0x32, 0x35, 0x35, 0x6d, 0x4d, 0x1b, 0x5b, 
    0x30, 0x6d, 0x1b, 0x5b, 0x33, 0x38, 0x3b, 0x32, 0x3b, 0x32, 0x35, 0x35, 0x3b, 0x32, 0x35, 0x35, 
    0x3b, 0x32, 0x35, 0x35, 0x6d, 0x4d, 0x1b, 0x5b, 0x30, 0x6d, 0x1b, 0x5b, 0x33, 0x38, 0x3b, 0x32, 
    0x3b, 0x32, 0x35, 0x35, 0x3b, 0x32, 0x35, 0x35, 0x3b, 0x32, 0x35, 0x35, 0x6d, 0x4d, 0x1b, 0x5b, 
    0x30, 0x6d, 0x1b, 0x5b, 0x33, 0x38, 0x3b, 0x32, 0x3b, 0x32, 0x35, 0x35, 0x3b, 0x32, 0x35, 0x35, 
    0x3b, 0x32, 0x35, 0x35, 0x6d, 0x4d, 0x1b, 0x5b, 0x30, 0x6d, 0x1b, 0x5b, 0x33, 0x38, 0x3b, 0x32, 
    0x3b, 0x31, 0x32, 0x38, 0x3b, 0x31, 0x32, 0x38, 0x3b, 0x31, 0x32, 0x38, 0x6d, 0x6c, 0x1b, 0x5b, 
    0x30, 0x6d, 0x1b, 0x5b, 0x33, 0x38, 0x3b, 0x32, 0x3b, 0x30, 0x3b, 0x30, 0x3b, 0x30, 0x6d, 0x20, 
    0x1b, 0x5b, 0x30, 0x6d, 0x1b, 0x5b, 0x33, 0x38, 0x3b, 0x32, 0x3b, 0x30, 0x3b, 0x30, 0x3b, 0x30, 
    0x6d, 0x20, 0x1b, 0x5b, 0x30, 0x6d, 0x1b, 0x5b, 0x33, 0x38, 0x3b, 0x32, 0x3b, 0x32, 0x35, 0x35, 
    0x3b, 0x32, 0x35, 0x35, 0x3b, 0x32, 0x35, 0x35, 0x6d, 0x4d, 0x1b, 0x5b, 0x30, 0x6d, 0x1b, 0x5b, 
    0x33, 0x38, 0x3b, 0x32, 0x3b, 0x32, 0x35, 0x35, 0x3b, 0x32, 0x35, 0x35, 0x3b, 0x32, 0x35, 0x35, 
    0x6d, 0x4d, 0x1b, 0x5b, 0x30, 0x6d, 0x1b, 0x5b, 0x33, 0x38, 0x3b, 0x32, 0x3b, 0x32, 0x35, 0x35, 
    0x3b, 0x32, 0x35, 0x35, 0x3b, 0x32, 0x35, 0x35, 0x6d, 0x4d, 0x1b, 0x5b, 0x30, 0x6d, 0x1b, 0x5b, 
    0x33, 0x38, 0x3b, 0x32, 0x3b, 0x32, 0x35, 0x35, 0x3b, 0x32, 0x35, 0x35, 0x3b, 0x32, 0x35, 0x35, 
    0x6d, 0x4d, 0x1b, 0x5b, 0x30, 0x6d, 0x1b, 0x5b, 0x33, 0x38, 0x3b, 0x32, 0x3b, 0x32, 0x35, 0x35, 
    0x3b, 0x32, 0x35, 0x35, 0x3b, 0x32, 0x35, 0x35, 0x6d, 0x4d, 0x1b, 0x5b, 0x30, 0x6d, 0x1b, 0x5b, 
    0x33, 0x38, 0x3b, 0x32, 0x3b, 0x32, 0x35, 0x35, 0x3b, 0x32, 0x35, 0x35, 0x3b, 0x32, 0x35, 0x35, 
    0x6d, 0x4d, 0x1b, 0x5b, 0x30, 0x6d, 0x1b, 0x5b, 0x33, 0x38, 0x3b, 0x32, 0x3b, 0x32, 0x35, 0x35, 
    0x3b, 0x32, 0x35, 0x35, 0x3b, 0x32, 0x35, 0x35, 0x6d, 0x4d, 0x1b, 0x5b, 0x30, 0x6d, 0x1b, 0x5b, 
    0x33, 0x38, 0x3b, 0x32, 0x3b, 0x32, 0x35, 0x35, 0x3b, 0x32, 0x35, 0x35, 0x3b, 0x32, 0x35, 0x35, 
    0x6d, 0x4d, 0x1b, 0x5b, 0x30, 0x6d, 0x1b, 0x5b, 0x33, 0x38, 0x3b, 0x32, 0x3b, 0x32, 0x35, 0x35, 
    0x3b, 0x32, 0x35, 0x35, 0x3b, 0x32, 0x35, 0x35, 0x6d, 0x4d, 0x1b, 0x5b, 0x30, 0x6d, 0x1b, 0x5b, 
    0x33, 0x38, 0x3b, 0x32, 0x3b, 0x32, 0x35, 0x35, 0x3b, 0x32, 0x35, 0x35, 0x3b, 0x32, 0x35, 0x35, 
    0x6d, 0x4d, 0x1b, 0x5b, 0x30, 0x6d, 0x1b, 0x5b, 0x33, 0x38, 0x3b, 0x32, 0x3b, 0x32, 0x35, 0x35, 
    0x3b, 0x32, 0x35, 0x35, 0x3b, 0x32, 0x35, 0x35, 0x6d, 0x4d, 0x1b, 0x5b, 0x30, 0x6d, 0x1b, 0x5b, 
    0x33, 0x38, 0x3b, 0x32, 0x3b, 0x32, 0x35, 0x35, 0x3b, 0x32, 0x35, 0x35, 0x3b, 0x32, 0x35, 0x35, 
    0x6d, 0x4d, 0x1b, 0x5b, 0x30, 0x6d, 0x1b, 0x5b, 0x33, 0x38, 0x3b, 0x32, 0x3b, 0x32, 0x35, 0x35, 
    0x3b, 0x32, 0x35, 0x35, 0x3b, 0x32, 0x35, 0x35, 0x6d, 0x4d, 0x1b, 0x5b, 0x30, 0x6d, 0x1b, 0x5b, 
    0x33, 0x38, 0x3b, 0x32, 0x3b, 0x32, 0x35, 0x35, 0x3b, 0x32, 0x35, 0x35, 0x3b, 0x32, 0x35, 0x35, 
    0x6d, 0x4d, 0x1b, 0x5b, 0x30, 0x6d, 0x1b, 0x5b, 0x33, 0x38, 0x3b, 0x32, 0x3b, 0x32, 0x35, 0x35, 
    0x3b, 0x32, 0x35, 0x35, 0x3b, 0x32, 0x35, 0x35, 0x6d, 0x4d, 0x1b, 0x5b, 0x30, 0x6d, 0x1b, 0x5b, 
    0x33, 0x38, 0x3b, 0x32, 0x3b, 0x32, 0x35, 0x35, 0x3b, 0x32, 0x35, 0x35, 0x3b, 0x32, 0x35, 0x35, 
    0x6d, 0x4d, 0x1b, 0x5b, 0x30, 0x6d, 0x1b, 0x5b, 0x33, 0x38, 0x3b, 0x32, 0x3b, 0x32, 0x35, 0x35, 
    0x3b, 0x32, 0x35, 0x35, 0x3b, 0x32, 0x35, 0x35, 0x6d, 0x4d, 0x1b, 0x5b, 0x30, 0x6d, 0x1b, 0x5b, 
    0x33, 0x38, 0x3b, 0x32, 0x3b, 0x32, 0x35, 0x35, 0x3b, 0x32, 0x35, 0x35, 0x3b, 0x32, 0x35, 0x35, 
    0x6d, 0x4d, 0x1b, 0x5b, 0x30, 0x6d, 0x1b, 0x5b, 0x33, 0x38, 0x3b, 0x32, 0x3b, 0x32, 0x35, 0x35, 
    0x3b, 0x32, 0x35, 0x35, 0x3b, 0x32, 0x35, 0x35, 0x6d, 0x4d, 0x1b, 0x5b, 0x30, 0x6d, 0x1b, 0x5b, 
    0x33, 0x38, 0x3b, 0x32, 0x3b, 0x32, 0x35, 0x35, 0x3b, 0x32, 0x35, 0x35, 0x3b, 0x32, 0x35, 0x35, 
    0x6d, 0x4d, 0x1b, 0x5b, 0x30, 0x6d, 0x1b, 0x5b, 0x33, 0x38, 0x3b, 0x32, 0x3b, 0x32, 0x35, 0x35, 
    0x3b, 0x32, 0x35, 0x35, 0x3b, 0x32, 0x35, 0x35, 0x6d, 0x4d, 0x1b, 0x5b, 0x30, 0x6d, 0x1b, 0x5b, 
    0x33, 0x38, 0x3b, 0x32, 0x3b, 0x32, 0x35, 0x35, 0x3b, 0x32, 0x35, 0x35, 0x3b, 0x32, 0x35, 0x35, 
    0x6d, 0x4d, 0x1b, 0x5b, 0x30, 0x6d, 0x1b, 0x5b, 0x33, 0x38, 0x3b, 0x32, 0x3b, 0x32, 0x35, 0x35, 
    0x3b, 0x32, 0x35, 0x35, 0x3b, 0x32, 0x35, 0x35, 0x6d, 0x4d, 0x1b, 0x5b, 0x30, 0x6d, 0x1b, 0x5b, 
    0x33, 0x38, 0x3b, 0x32, 0x3b, 0x32, 0x35, 0x35, 0x3b, 0x32, 0x35, 0x35, 0x3b, 0x32, 0x35, 0x35, 
    0x6d, 0x4d, 0x1b, 0x5b, 0x30, 0x6d, 0x1b, 0x5b, 0x33, 0x38, 0x3b, 0x32, 0x3b, 0x32, 0x35, 0x35, 
    0x3b, 0x32, 0x35, 0x35, 0x3b, 0x32, 0x35, 0x35, 0x6d, 0x4d, 0x1b, 0x5b, 0x30, 0x6d, 0x1b, 0x5b, 
    0x33, 0x38, 0x3b, 0x32, 0x3b, 0x30, 0x3b, 0x30, 0x3b, 0x30, 0x6d, 0x20, 0x1b, 0x5b, 0x30, 0x6d, 
    0x1b, 0x5b, 0x33, 0x38, 0x3b, 0x32, 0x3b, 0x30, 0x3b, 0x30, 0x3b, 0x30, 0x6d, 0x20, 0x1b, 0x5b, 
    0x30, 0x6d, 0x1b, 0x5b, 0x33, 0x38, 0x3b, 0x32, 0x3b, 0x30, 0x3b, 0x30, 0x3b, 0x30, 0x6d, 0x20, 
    0x1b, 0x5b, 0x30, 0x6d, 0x1b, 0x5b, 0x33, 0x38, 0x3b, 0x32, 0x3b, 0x30, 0x3b, 0x30, 0x3b, 0x30, 
    0x6d, 0x20, 0x1b, 0x5b, 0x30, 0x6d, 0x1b, 0x5b, 0x33, 0x38, 0x3b, 0x32, 0x3b, 0x31, 0x32, 0x38, 
    0x3b, 0x31, 0x32, 0x38, 0x3b, 0x31, 0x32, 0x38, 0x6d, 0x6c, 0x1b, 0x5b, 0x30, 0x6d, 0x1b, 0x5b, 
    0x33, 0x38, 0x3b, 0x32, 0x3b, 0x32, 0x35, 0x35, 0x3b, 0x32, 0x35, 0x35, 0x3b, 0x32, 0x35, 0x35, 
    0x6d, 0x4d, 0x1b, 0x5b, 0x30, 0x6d, 0x1b, 0x5b, 0x33, 0x38, 0x3b, 0x32, 0x3b, 0x32, 0x35, 0x35, 
    0x3b, 0x32, 0x35, 0x35, 0x3b, 0x32, 0x35, 0x35, 0x6d, 0x4d, 0x1b, 0x5b, 0x30, 0x6d, 0x1b, 0x5b, 
    0x33, 0x38, 0x3b, 0x32, 0x3b, 0x32, 0x35, 0x35, 0x3b, 0x32, 0x35, 0x35, 0x3b, 0x32, 0x35, 0x35, 
    0x6d, 0x4d, 0x1b, 0x5b, 0x30, 0x6d, 0x1b, 0x5b, 0x33, 0x38, 0x3b, 0x32, 0x3b, 0x32, 0x35, 0x35, 
    0x3b, 0x32, 0x35, 0x35, 0x3b, 0x32, 0x35, 0x35, 0x6d, 0x4d, 0x1b, 0x5b, 0x30, 0x6d, 0x1b, 0x5b, 
    0x33, 0x38, 0x3b, 0x32, 0x3b, 0x32, 0x35, 0x35, 0x3b, 0x32, 0x35, 0x35, 0x3b, 0x32, 0x35, 0x35, 
    0x6d, 0x4d, 0x1b, 0x5b, 0x30, 0x6d, 0x1b, 0x5b, 0x33, 0x38, 0x3b, 0x32, 0x3b, 0x32, 0x35, 0x35, 
    0x3b, 0x32, 0x35, 0x35, 0x3b, 0x32, 0x35, 0x35, 0x6d, 0x4d, 0x1b, 0x5b, 0x30, 0x6d, 0x1b, 0x5b, 
    0x33, 0x38, 0x3b, 0x32, 0x3b, 0x32, 0x35, 0x35, 0x3b, 0x32, 0x35, 0x35, 0x3b, 0x32, 0x35, 0x35, 
    0x6d, 0x4d, 0x1b, 0x5b, 0x30, 0x6d, 0x1b, 0x5b, 0x33, 0x38, 0x3b, 0x32, 0x3b, 0x32, 0x35, 0x35, 
    0x3b, 0x32, 0x35, 0x35, 0x3b, 0x32, 0x35, 0x35, 0x6d, 0x4d, 0x1b, 0x5b, 0x30, 0x6d, 0x1b, 0x5b, 
    0x33, 0x38, 0x3b, 0x32, 0x3b, 0x32, 0x35, 0x35, 0x3b, 0x32, 0x35, 0x35, 0x3b, 0x32, 0x35, 0x35, 
    0x6d, 0x4d, 0x1b, 0x5b, 0x30, 0x6d, 0x1b, 0x5b, 0x33, 0x38, 0x3b, 0x32, 0x3b, 0x32, 0x35, 0x35, 
    0x3b, 0x32, 0x35, 0x35, 0x3b, 0x32, 0x35, 0x35, 0x6d, 0x4d, 0x1b, 0x5b, 0x30, 0x6d, 0x1b, 0x5b, 
    0x33, 0x38, 0x3b, 0x32, 0x3b, 0x32, 0x35, 0x35, 0x3b, 0x32, 0x35, 0x35, 0x3b, 0x32, 0x35, 0x35, 
    0x6d, 0x4d, 0x1b, 0x5b, 0x30, 0x6d, 0x1b, 0x5b, 0x33, 0x38, 0x3b, 0x32, 0x3b, 0x30, 0x3b, 0x30, 
    0x3b, 0x30, 0x6d, 0x20, 0x1b, 0x5b, 0x30, 0x6d, 0x1b, 0x5b, 0x33, 0x38, 0x3b, 0x32, 0x3b, 0x30, 
    0x3b, 0x30, 0x3b, 0x30, 0x6d, 0x20, 0x1b, 0x5b, 0x30, 0x6d, 0x1b, 0x5b, 0x33, 0x38, 0x3b, 0x32, 
    0x3b, 0x30, 0x3b, 0x30, 0x3b, 0x30, 0x6d, 0x20, 0x1b, 0x5b, 0x30, 0x6d, 0x1b, 0x5b, 0x33, 0x38, 
    0x3b, 0x32, 0x3b, 0x30, 0x3b, 0x30, 0x3b, 0x30, 0x6d, 0x20, 0x1b, 0x5b, 0x30, 0x6d, 0x1b, 0x5b, 
    0x33, 0x38, 0x3b, 0x32, 0x3b, 0x30, 0x3b, 0x30, 0x3b, 0x30, 0x6d, 0x20, 0x1b, 0x5b, 0x30, 0x6d, 
    0x1b, 0x5b, 0x33, 0x38, 0x3b, 0x32, 0x3b, 0x30, 0x3b, 0x30, 0x3b, 0x30, 0x6d, 0x20, 0x1b, 0x5b, 
    0x30, 0x6d, 0x1b, 0x5b, 0x33, 0x38, 0x3b, 0x32, 0x3b, 0x30, 0x3b, 0x30, 0x3b, 0x30, 0x6d, 0x20, 
    0x1b, 0x5b, 0x30, 0x6d, 0x1b, 0x5b, 0x33, 0x38, 0x3b, 0x32, 0x3b, 0x30, 0x3b, 0x30, 0x3b, 0x30, 
    0x6d, 0x20, 0x1b, 0x5b, 0x30, 0x6d, 0x1b, 0x5b, 0x33, 0x38, 0x3b, 0x32, 0x3b, 0x30, 0x3b, 0x30, 
    0x3b, 0x30, 0x6d, 0x20, 0x1b, 0x5b, 0x30, 0x6d, 0x1b, 0x5b, 0x33, 0x38, 0x3b, 0x32, 0x3b, 0x32, 
    0x35, 0x35, 0x3b, 0x32, 0x35, 0x35, 0x3b, 0x32, 0x35, 0x35, 0x6d, 0x4d, 0x1b, 0x5b, 0x30, 0x6d, 
    0x1b, 0x5b, 0x33, 0x38, 0x3b, 0x32, 0x3b, 0x32, 0x35, 0x35, 0x3b, 0x32, 0x35, 0x35, 0x3b, 0x32, 
    0x35, 0x35, 0x6d, 0x4d, 0x1b, 0x5b, 0x30, 0x6d, 0x1b, 0x5b, 0x33, 0x38, 0x3b, 0x32, 0x3b, 0x32, 
    0x35, 0x35, 0x3b, 0x32, 0x35, 0x35, 0x3b, 0x32, 0x35, 0x35, 0x6d, 0x4d, 0x1b, 0x5b, 0x30, 0x6d, 
    0x1b, 0x5b, 0x33, 0x38, 0x3b, 0x32, 0x3b, 0x32, 0x35, 0x35, 0x3b, 0x32, 0x35, 0x35, 0x3b, 0x32, 
    0x35, 0x35, 0x6d, 0x4d, 0x1b, 0x5b, 0x30, 0x6d, 0x1b, 0x5b, 0x33, 0x38, 0x3b, 0x32, 0x3b, 0x32, 
    0x35, 0x35, 0x3b, 0x32, 0x35, 0x35, 0x3b, 0x32, 0x35, 0x35, 0x6d, 0x4d, 0x1b, 0x5b, 0x30, 0x6d, 
    0x1b, 0x5b, 0x33, 0x38, 0x3b, 0x32, 0x3b, 0x32, 0x35, 0x35, 0x3b, 0x32, 0x35, 0x35, 0x3b, 0x32, 
    0x35, 0x35, 0x6d, 0x4d, 0x1b, 0x5b, 0x30, 0x6d, 0x1b, 0x5b, 0x33, 0x38, 0x3b, 0x32, 0x3b, 0x32, 
    0x35, 0x35, 0x3b, 0x32, 0x35, 0x35, 0x3b, 0x32, 0x35, 0x35, 0x6d, 0x4d, 0x1b, 0x5b, 0x30, 0x6d, 
    0x1b, 0x5b, 0x33, 0x38, 0x3b, 0x32, 0x3b, 0x32, 0x35, 0x35, 0x3b, 0x32, 0x35, 0x35, 0x3b, 0x32, 
    0x35, 0x35, 0x6d, 0x4d, 0x1b, 0x5b, 0x30, 0x6d, 0x1b, 0x5b, 0x33, 0x38, 0x3b, 0x32, 0x3b, 0x32, 
    0x35, 0x35, 0x3b, 0x32, 0x35, 0x35, 0x3b, 0x32, 0x35, 0x35, 0x6d, 0x4d, 0x1b, 0x5b, 0x30, 0x6d, 
    0x1b, 0x5b, 0x33, 0x38, 0x3b, 0x32, 0x3b, 0x32, 0x35, 0x35, 0x3b, 0x32, 0x35, 0x35, 0x3b, 0x32, 
    0x35, 0x35, 0x6d, 0x4d, 0x1b, 0x5b, 0x30, 0x6d, 0x1b, 0x5b, 0x33, 0x38, 0x3b, 0x32, 0x3b, 0x32, 
    0x35, 0x35, 0x3b, 0x32, 0x35, 0x35, 0x3b, 0x32, 0x35, 0x35, 0x6d, 0x4d, 0x1b, 0x5b, 0x30, 0x6d, 
    0x0a, 0x1b, 0x5b, 0x30, 0x6d, 0x1b, 0x5b, 0x33, 0x38, 0x3b, 0x32, 0x3b, 0x32, 0x35, 0x35, 0x3b, 
    0x32, 0x35, 0x35, 0x3b, 0x32, 0x35, 0x35, 0x6d, 0x4d, 0x1b, 0x5b, 0x30, 0x6d, 0x1b, 0x5b, 0x33, 
    0x38, 0x3b, 0x32, 0x3b, 0x32, 0x35, 0x35, 0x3b, 0x32, 0x35, 0x35, 0x3b, 0x32, 0x35, 0x35, 0x6d, 
    0x4d, 0x1b, 0x5b, 0x30, 0x6d, 0x1b, 0x5b, 0x33, 0x38, 0x3b, 0x32, 0x3b, 0x32, 0x35, 0x35, 0x3b, 
    0x32, 0x35, 0x35, 0x3b, 0x32, 0x35, 0x35, 0x6d, 0x4d, 0x1b, 0x5b, 0x30, 0x6d, 0x1b, 0x5b, 0x33, 
    0x38, 0x3b, 0x32, 0x3b, 0x32, 0x35, 0x35, 0x3b, 0x32, 0x35, 0x35, 0x3b, 0x32, 0x35, 0x35, 0x6d, 
    0x4d, 0x1b, 0x5b, 0x30, 0x6d, 0x1b, 0x5b, 0x33, 0x38, 0x3b, 0x32, 0x3b, 0x32, 0x35, 0x35, 0x3b, 
    0x32, 0x35, 0x35, 0x3b, 0x32, 0x35, 0x35, 0x6d, 0x4d, 0x1b, 0x5b, 0x30, 0x6d, 0x1b, 0x5b, 0x33, 
    0x38, 0x3b, 0x32, 0x3b, 0x32, 0x35, 0x35, 0x3b, 0x32, 0x35, 0x35, 0x3b, 0x32, 0x35, 0x35, 0x6d, 
    0x4d, 0x1b, 0x5b, 0x30, 0x6d, 0x1b, 0x5b, 0x33, 0x38, 0x3b, 0x32, 0x3b, 0x32, 0x35, 0x35, 0x3b, 
    0x32, 0x35, 0x35, 0x3b, 0x32, 0x35, 0x35, 0x6d, 0x4d, 0x1b, 0x5b, 0x30, 0x6d, 0x1b, 0x5b, 0x33, 
    0x38, 0x3b, 0x32, 0x3b, 0x32, 0x35, 0x35, 0x3b, 0x32, 0x35, 0x35, 0x3b, 0x32, 0x35, 0x35, 0x6d, 
    0x4d, 0x1b, 0x5b, 0x30, 0x6d, 0x1b, 0x5b, 0x33, 0x38, 0x3b, 0x32, 0x3b, 0x32, 0x35, 0x35, 0x3b, 
    0x32, 0x35, 0x35, 0x3b, 0x32, 0x35, 0x35, 0x6d, 0x4d, 0x1b, 0x5b, 0x30, 0x6d, 0x1b, 0x5b, 0x33, 
    0x38, 0x3b, 0x32, 0x3b, 0x32, 0x35, 0x35, 0x3b, 0x32, 0x35, 0x35, 0x3b, 0x32, 0x35, 0x35, 0x6d, 
    0x4d, 0x1b, 0x5b, 0x30, 0x6d, 0x1b, 0x5b, 0x33, 0x38, 0x3b, 0x32, 0x3b, 0x32, 0x35, 0x35, 0x3b, 
    0x32, 0x35, 0x35, 0x3b, 0x32, 0x35, 0x35, 0x6d, 0x4d, 0x1b, 0x5b, 0x30, 0x6d, 0x1b, 0x5b, 0x33, 
    0x38, 0x3b, 0x32, 0x3b, 0x31, 0x32, 0x38, 0x3b, 0x31, 0x32, 0x38, 0x3b, 0x31, 0x32, 0x38, 0x6d, 
    0x6c, 0x1b, 0x5b, 0x30, 0x6d, 0x1b, 0x5b, 0x33, 0x38, 0x3b, 0x32, 0x3b, 0x30, 0x3b, 0x30, 0x3b, 
    0x30, 0x6d, 0x20, 0x1b, 0x5b, 0x30, 0x6d, 0x1b, 0x5b, 0x33, 0x38, 0x3b, 0x32, 0x3b, 0x31, 0x32, 
    0x38, 0x3b, 0x31, 0x32, 0x38, 0x3b, 0x31, 0x32, 0x38, 0x6d, 0x6c, 0x1b, 0x5b, 0x30, 0x6d, 0x1b, 
    0x5b, 0x33, 0x38, 0x3b, 0x32, 0x3b, 0x32, 0x35, 0x35, 0x3b, 0x32, 0x35, 0x35, 0x3b, 0x32, 0x35, 
    0x35, 0x6d, 0x4d, 0x1b, 0x5b, 0x30, 0x6d, 0x1b, 0x5b, 0x33, 0x38, 0x3b, 0x32, 0x3b, 0x32, 0x35, 
    0x35, 0x3b, 0x32, 0x35, 0x35, 0x3b, 0x32, 0x35, 0x35, 0x6d, 0x4d, 0x1b, 0x5b, 0x30, 0x6d, 0x1b, 
    0x5b, 0x33, 0x38, 0x3b, 0x32, 0x3b, 0x32, 0x35, 0x35, 0x3b, 0x32, 0x35, 0x35, 0x3b, 0x32, 0x35, 
    0x35, 0x6d, 0x4d, 0x1b, 0x5b, 0x30, 0x6d, 0x1b, 0x5b, 0x33, 0x38, 0x3b, 0x32, 0x3b, 0x32, 0x35, 
    0x35, 0x3b, 0x32, 0x35, 0x35, 0x3b, 0x32, 0x35, 0x35, 0x6d, 0x4d, 0x1b, 0x5b, 0x30, 0x6d, 0x1b, 
    0x5b, 0x33, 0x38, 0x3b, 0x32, 0x3b, 0x32, 0x35, 0x35, 0x3b, 0x32, 0x35, 0x35, 0x3b, 0x32, 0x35, 
    0x35, 0x6d, 0x4d, 0x1b, 0x5b, 0x30, 0x6d, 0x1b, 0x5b, 0x33, 0x38, 0x3b, 0x32, 0x3b, 0x32, 0x35, 
    0x35, 0x3b, 0x32, 0x35, 0x35, 0x3b, 0x32, 0x35, 0x35, 0x6d, 0x4d, 0x1b, 0x5b, 0x30, 0x6d, 0x1b, 
    0x5b, 0x33, 0x38, 0x3b, 0x32, 0x3b, 0x32, 0x35, 0x35, 0x3b, 0x32, 0x35, 0x35, 0x3b, 0x32, 0x35, 
    0x35, 0x6d, 0x4d, 0x1b, 0x5b, 0x30, 0x6d, 0x1b, 0x5b, 0x33, 0x38, 0x3b, 0x32, 0x3b, 0x32, 0x35, 
    0x35, 0x3b, 0x32, 0x35, 0x35, 0x3b, 0x32, 0x35, 0x35, 0x6d, 0x4d, 0x1b, 0x5b, 0x30, 0x6d, 0x1b, 
    0x5b, 0x33, 0x38, 0x3b, 0x32, 0x3b, 0x32, 0x35, 0x35, 0x3b, 0x32, 0x35, 0x35, 0x3b, 0x32, 0x35, 
    0x35, 0x6d, 0x4d, 0x1b, 0x5b, 0x30, 0x6d, 0x1b, 0x5b, 0x33, 0x38, 0x3b, 0x32, 0x3b, 0x32, 0x35, 
    0x35, 0x3b, 0x32, 0x35, 0x35, 0x3b, 0x32, 0x35, 0x35, 0x6d, 0x4d, 0x1b, 0x5b, 0x30, 0x6d, 0x1b, 
    0x5b, 0x33, 0x38, 0x3b, 0x32, 0x3b, 0x32, 0x35, 0x35, 0x3b, 0x32, 0x35, 0x35, 0x3b, 0x32, 0x35, 
    0x35, 0x6d, 0x4d, 0x1b, 0x5b, 0x30, 0x6d, 0x1b, 0x5b, 0x33, 0x38, 0x3b, 0x32, 0x3b, 0x32, 0x35, 
    0x35, 0x3b, 0x32, 0x35, 0x35, 0x3b, 0x32, 0x35, 0x35, 0x6d, 0x4d, 0x1b, 0x5b, 0x30, 0x6d, 0x1b, 
    0x5b, 0x33, 0x38, 0x3b, 0x32, 0x3b, 0x32, 0x35, 0x35, 0x3b, 0x32, 0x35, 0x35, 0x3b, 0x32, 0x35, 
    0x35, 0x6d, 0x4d, 0x1b, 0x5b, 0x30, 0x6d, 0x1b, 0x5b, 0x33, 0x38, 0x3b, 0x32, 0x3b, 0x32, 0x33, 
    0x30, 0x3b, 0x32, 0x33, 0x30, 0x3b, 0x32, 0x33, 0x30, 0x6d, 0x4e, 0x1b, 0x5b, 0x30, 0x6d, 0x1b, 
    0x5b, 0x33, 0x38, 0x3b, 0x32, 0x3b, 0x32, 0x30, 0x34, 0x3b, 0x32, 0x30, 0x34, 0x3b, 0x32, 0x30, 
    0x34, 0x6d, 0x4b, 0x1b, 0x5b, 0x30, 0x6d, 0x1b, 0x5b, 0x33, 0x38, 0x3b, 0x32, 0x3b, 0x31, 0x32, 
    0x38, 0x3b, 0x31, 0x32, 0x38, 0x3b, 0x31, 0x32, 0x38, 0x6d, 0x6c, 0x1b, 0x5b, 0x30, 0x6d, 0x1b, 
    0x5b, 0x33, 0x38, 0x3b, 0x32, 0x3b, 0x35, 0x31, 0x3b, 0x35, 0x31, 0x3b, 0x35, 0x31, 0x6d, 0x2e, 
    0x1b, 0x5b, 0x30, 0x6d, 0x1b, 0x5b, 0x33, 0x38, 0x3b, 0x32, 0x3b, 0x35, 0x31, 0x3b, 0x35, 0x31, 
    0x3b, 0x35, 0x31, 0x6d, 0x2e, 0x1b, 0x5b, 0x30, 0x6d, 0x1b, 0x5b, 0x33, 0x38, 0x3b, 0x32, 0x3b, 
    0x35, 0x31, 0x3b, 0x35, 0x31, 0x3b, 0x35, 0x31, 0x6d, 0x2e, 0x1b, 0x5b, 0x30, 0x6d, 0x1b, 0x5b, 
    0x33, 0x38, 0x3b, 0x32, 0x3b, 0x35, 0x31, 0x3b, 0x35, 0x31, 0x3b, 0x35, 0x31, 0x6d, 0x2e, 0x1b, 
    0x5b, 0x30, 0x6d, 0x1b, 0x5b, 0x33, 0x38, 0x3b, 0x32, 0x3b, 0x35, 0x31, 0x3b, 0x35, 0x31, 0x3b, 
    0x35, 0x31, 0x6d, 0x2e, 0x1b, 0x5b, 0x30, 0x6d, 0x1b, 0x5b, 0x33, 0x38, 0x3b, 0x32, 0x3b, 0x35, 
    0x31, 0x3b, 0x35, 0x31, 0x3b, 0x35, 0x31, 0x6d, 0x2e, 0x1b, 0x5b, 0x30, 0x6d, 0x1b, 0x5b, 0x33, 
    0x38, 0x3b, 0x32, 0x3b, 0x32, 0x36, 0x3b, 0x32, 0x36, 0x3b, 0x32, 0x36, 0x6d, 0x20, 0x1b, 0x5b, 
    0x30, 0x6d, 0x1b, 0x5b, 0x33, 0x38, 0x3b, 0x32, 0x3b, 0x30, 0x3b, 0x30, 0x3b, 0x30, 0x6d, 0x20, 
    0x1b, 0x5b, 0x30, 0x6d, 0x1b, 0x5b, 0x33, 0x38, 0x3b, 0x32, 0x3b, 0x30, 0x3b, 0x30, 0x3b, 0x30, 
    0x6d, 0x20, 0x1b, 0x5b, 0x30, 0x6d, 0x1b, 0x5b, 0x33, 0x38, 0x3b, 0x32, 0x3b, 0x32, 0x35, 0x35, 
    0x3b, 0x32, 0x35, 0x35, 0x3b, 0x32, 0x35, 0x35, 0x6d, 0x4d, 0x1b, 0x5b, 0x30, 0x6d, 0x1b, 0x5b, 
    0x33, 0x38, 0x3b, 0x32, 0x3b, 0x32, 0x35, 0x35, 0x3b, 0x32, 0x35, 0x35, 0x3b, 0x32, 0x35, 0x35, 
    0x6d, 0x4d, 0x1b, 0x5b, 0x30, 0x6d, 0x1b, 0x5b, 0x33, 0x38, 0x3b, 0x32, 0x3b, 0x32, 0x35, 0x35, 
    0x3b, 0x32, 0x35, 0x35, 0x3b, 0x32, 0x35, 0x35, 0x6d, 0x4d, 0x1b, 0x5b, 0x30, 0x6d, 0x1b, 0x5b, 
    0x33, 0x38, 0x3b, 0x32, 0x3b, 0x32, 0x35, 0x35, 0x3b, 0x32, 0x35, 0x35, 0x3b, 0x32, 0x35, 0x35, 
    0x6d, 0x4d, 0x1b, 0x5b, 0x30, 0x6d, 0x1b, 0x5b, 0x33, 0x38, 0x3b, 0x32, 0x3b, 0x32, 0x35, 0x35, 
    0x3b, 0x32, 0x35, 0x35, 0x3b, 0x32, 0x35, 0x35, 0x6d, 0x4d, 0x1b, 0x5b, 0x30, 0x6d, 0x1b, 0x5b, 
    0x33, 0x38, 0x3b, 0x32, 0x3b, 0x32, 0x35, 0x35, 0x3b, 0x32, 0x35, 0x35, 0x3b, 0x32, 0x35, 0x35, 
    0x6d, 0x4d, 0x1b, 0x5b, 0x30, 0x6d, 0x1b, 0x5b, 0x33, 0x38, 0x3b, 0x32, 0x3b, 0x32, 0x35, 0x35, 
    0x3b, 0x32, 0x35, 0x35, 0x3b, 0x32, 0x35, 0x35, 0x6d, 0x4d, 0x1b, 0x5b, 0x30, 0x6d, 0x1b, 0x5b, 
    0x33, 0x38, 0x3b, 0x32, 0x3b, 0x32, 0x35, 0x35, 0x3b, 0x32, 0x35, 0x35, 0x3b, 0x32, 0x35, 0x35, 
    0x6d, 0x4d, 0x1b, 0x5b, 0x30, 0x6d, 0x1b, 0x5b, 0x33, 0x38, 0x3b, 0x32, 0x3b, 0x32, 0x35, 0x35, 
    0x3b, 0x32, 0x35, 0x35, 0x3b, 0x32, 0x35, 0x35, 0x6d, 0x4d, 0x1b, 0x5b, 0x30, 0x6d, 0x1b, 0x5b, 
    0x33, 0x38, 0x3b, 0x32, 0x3b, 0x32, 0x35, 0x35, 0x3b, 0x32, 0x35, 0x35, 0x3b, 0x32, 0x35, 0x35, 
    0x6d, 0x4d, 0x1b, 0x5b, 0x30, 0x6d, 0x1b, 0x5b, 0x33, 0x38, 0x3b, 0x32, 0x3b, 0x32, 0x35, 0x35, 
    0x3b, 0x32, 0x35, 0x35, 0x3b, 0x32, 0x35, 0x35, 0x6d, 0x4d, 0x1b, 0x5b, 0x30, 0x6d, 0x1b, 0x5b, 
    0x33, 0x38, 0x3b, 0x32, 0x3b, 0x32, 0x35, 0x35, 0x3b, 0x32, 0x35, 0x35, 0x3b, 0x32, 0x35, 0x35, 
    0x6d, 0x4d, 0x1b, 0x5b, 0x30, 0x6d, 0x1b, 0x5b, 0x33, 0x38, 0x3b, 0x32, 0x3b, 0x32, 0x35, 0x35, 
    0x3b, 0x32, 0x35, 0x35, 0x3b, 0x32, 0x35, 0x35, 0x6d, 0x4d, 0x1b, 0x5b, 0x30, 0x6d, 0x1b, 0x5b, 
    0x33, 0x38, 0x3b, 0x32, 0x3b, 0x32, 0x35, 0x35, 0x3b, 0x32, 0x35, 0x35, 0x3b, 0x32, 0x35, 0x35, 
    0x6d, 0x4d, 0x1b, 0x5b, 0x30, 0x6d, 0x1b, 0x5b, 0x33, 0x38, 0x3b, 0x32, 0x3b, 0x32, 0x35, 0x35, 
    0x3b, 0x32, 0x35, 0x35, 0x3b, 0x32, 0x35, 0x35, 0x6d, 0x4d, 0x1b, 0x5b, 0x30, 0x6d, 0x1b, 0x5b, 
    0x33, 0x38, 0x3b, 0x32, 0x3b, 0x32, 0x35, 0x35, 0x3b, 0x32, 0x35, 0x35, 0x3b, 0x32, 0x35, 0x35, 
    0x6d, 0x4d, 0x1b, 0x5b, 0x30, 0x6d, 0x1b, 0x5b, 0x33, 0x38, 0x3b, 0x32, 0x3b, 0x32, 0x35, 0x35, 
    0x3b, 0x32, 0x35, 0x35, 0x3b, 0x32, 0x35, 0x35, 0x6d, 0x4d, 0x1b, 0x5b, 0x30, 0x6d, 0x1b, 0x5b, 
    0x33, 0x38, 0x3b, 0x32, 0x3b, 0x32, 0x35, 0x35, 0x3b, 0x32, 0x35, 0x35, 0x3b, 0x32, 0x35, 0x35, 
    0x6d, 0x4d, 0x1b, 0x5b, 0x30, 0x6d, 0x1b, 0x5b, 0x33, 0x38, 0x3b, 0x32, 0x3b, 0x32, 0x35, 0x35, 
    0x3b, 0x32, 0x35, 0x35, 0x3b, 0x32, 0x35, 0x35, 0x6d, 0x4d, 0x1b, 0x5b, 0x30, 0x6d, 0x1b, 0x5b, 
    0x33, 0x38, 0x3b, 0x32, 0x3b, 0x32, 0x35, 0x35, 0x3b, 0x32, 0x35, 0x35, 0x3b, 0x32, 0x35, 0x35, 
    0x6d, 0x4d, 0x1b, 0x5b, 0x30, 0x6d, 0x1b, 0x5b, 0x33, 0x38, 0x3b, 0x32, 0x3b, 0x32, 0x35, 0x35, 
    0x3b, 0x32, 0x35, 0x35, 0x3b, 0x32, 0x35, 0x35, 0x6d, 0x4d, 0x1b, 0x5b, 0x30, 0x6d, 0x1b, 0x5b, 
    0x33, 0x38, 0x3b, 0x32, 0x3b, 0x32, 0x35, 0x35, 0x3b, 0x32, 0x35, 0x35, 0x3b, 0x32, 0x35, 0x35, 
    0x6d, 0x4d, 0x1b, 0x5b, 0x30, 0x6d, 0x1b, 0x5b, 0x33, 0x38, 0x3b, 0x32, 0x3b, 0x32, 0x35, 0x35, 
    0x3b, 0x32, 0x35, 0x35, 0x3b, 0x32, 0x35, 0x35, 0x6d, 0x4d, 0x1b, 0x5b, 0x30, 0x6d, 0x1b, 0x5b, 
    0x33, 0x38, 0x3b, 0x32, 0x3b, 0x32, 0x35, 0x35, 0x3b, 0x32, 0x35, 0x35, 0x3b, 0x32, 0x35, 0x35, 
    0x6d, 0x4d, 0x1b, 0x5b, 0x30, 0x6d, 0x1b, 0x5b, 0x33, 0x38, 0x3b, 0x32, 0x3b, 0x32, 0x35, 0x35, 
    0x3b, 0x32, 0x35, 0x35, 0x3b, 0x32, 0x35, 0x35, 0x6d, 0x4d, 0x1b, 0x5b, 0x30, 0x6d, 0x1b, 0x5b, 
    0x33, 0x38, 0x3b, 0x32, 0x3b, 0x30, 0x3b, 0x30, 0x3b, 0x30, 0x6d, 0x20, 0x1b, 0x5b, 0x30, 0x6d, 
    0x1b, 0x5b, 0x33, 0x38, 0x3b, 0x32, 0x3b, 0x30, 0x3b, 0x30, 0x3b, 0x30, 0x6d, 0x20, 0x1b, 0x5b, 
    0x30, 0x6d, 0x1b, 0x5b, 0x33, 0x38, 0x3b, 0x32, 0x3b, 0x30, 0x3b, 0x30, 0x3b, 0x30, 0x6d, 0x20, 
    0x1b, 0x5b, 0x30, 0x6d, 0x1b, 0x5b, 0x33, 0x38, 0x3b, 0x32, 0x3b, 0x30, 0x3b, 0x30, 0x3b, 0x30, 
    0x6d, 0x20, 0x1b, 0x5b, 0x30, 0x6d, 0x1b, 0x5b, 0x33, 0x38, 0x3b, 0x32, 0x3b, 0x31, 0x32, 0x38, 
    0x3b, 0x31, 0x32, 0x38, 0x3b, 0x31, 0x32, 0x38, 0x6d, 0x6c, 0x1b, 0x5b, 0x30, 0x6d, 0x1b, 0x5b, 
    0x33, 0x38, 0x3b, 0x32, 0x3b, 0x32, 0x35, 0x35, 0x3b, 0x32, 0x35, 0x35, 0x3b, 0x32, 0x35, 0x35, 
    0x6d, 0x4d, 0x1b, 0x5b, 0x30, 0x6d, 0x1b, 0x5b, 0x33, 0x38, 0x3b, 0x32, 0x3b, 0x32, 0x35, 0x35, 
    0x3b, 0x32, 0x35, 0x35, 0x3b, 0x32, 0x35, 0x35, 0x6d, 0x4d, 0x1b, 0x5b, 0x30, 0x6d, 0x1b, 0x5b, 
    0x33, 0x38, 0x3b, 0x32, 0x3b, 0x32, 0x35, 0x35, 0x3b, 0x32, 0x35, 0x35, 0x3b, 0x32, 0x35, 0x35, 
    0x6d, 0x4d, 0x1b, 0x5b, 0x30, 0x6d, 0x1b, 0x5b, 0x33, 0x38, 0x3b, 0x32, 0x3b, 0x32, 0x35, 0x35, 
    0x3b, 0x32, 0x35, 0x35, 0x3b, 0x32, 0x35, 0x35, 0x6d, 0x4d, 0x1b, 0x5b, 0x30, 0x6d, 0x1b, 0x5b, 
    0x33, 0x38, 0x3b, 0x32, 0x3b, 0x32, 0x35, 0x35, 0x3b, 0x32, 0x35, 0x35, 0x3b, 0x32, 0x35, 0x35, 
    0x6d, 0x4d, 0x1b, 0x5b, 0x30, 0x6d, 0x1b, 0x5b, 0x33, 0x38, 0x3b, 0x32, 0x3b, 0x32, 0x35, 0x35, 
    0x3b, 0x32, 0x35, 0x35, 0x3b, 0x32, 0x35, 0x35, 0x6d, 0x4d, 0x1b, 0x5b, 0x30, 0x6d, 0x1b, 0x5b, 
    0x33, 0x38, 0x3b, 0x32, 0x3b, 0x32, 0x35, 0x35, 0x3b, 0x32, 0x35, 0x35, 0x3b, 0x32, 0x35, 0x35, 
    0x6d, 0x4d, 0x1b, 0x5b, 0x30, 0x6d, 0x1b, 0x5b, 0x33, 0x38, 0x3b, 0x32, 0x3b, 0x32, 0x35, 0x35, 
    0x3b, 0x32, 0x35, 0x35, 0x3b, 0x32, 0x35, 0x35, 0x6d, 0x4d, 0x1b, 0x5b, 0x30, 0x6d, 0x1b, 0x5b, 
    0x33, 0x38, 0x3b, 0x32, 0x3b, 0x32, 0x35, 0x35, 0x3b, 0x32, 0x35, 0x35, 0x3b, 0x32, 0x35, 0x35, 
    0x6d, 0x4d, 0x1b, 0x5b, 0x30, 0x6d, 0x1b, 0x5b, 0x33, 0x38, 0x3b, 0x32, 0x3b, 0x32, 0x35, 0x35, 
    0x3b, 0x32, 0x35, 0x35, 0x3b, 0x32, 0x35, 0x35, 0x6d, 0x4d, 0x1b, 0x5b, 0x30, 0x6d, 0x1b, 0x5b, 
    0x33, 0x38, 0x3b, 0x32, 0x3b, 0x32, 0x35, 0x35, 0x3b, 0x32, 0x35, 0x35, 0x3b, 0x32, 0x35, 0x35, 
    0x6d, 0x4d, 0x1b, 0x5b, 0x30, 0x6d, 0x1b, 0x5b, 0x33, 0x38, 0x3b, 0x32, 0x3b, 0x32, 0x30, 0x34, 
    0x3b, 0x32, 0x30, 0x34, 0x3b, 0x32, 0x30, 0x34, 0x6d, 0x4b, 0x1b, 0x5b, 0x30, 0x6d, 0x1b, 0x5b, 
    0x33, 0x38, 0x3b, 0x32, 0x3b, 0x32, 0x30, 0x34, 0x3b, 0x32, 0x30, 0x34, 0x3b, 0x32, 0x30, 0x34, 
    0x6d, 0x4b, 0x1b, 0x5b, 0x30, 0x6d, 0x1b, 0x5b, 0x33, 0x38, 0x3b, 0x32, 0x3b, 0x32, 0x30, 0x34, 
    0x3b, 0x32, 0x30, 0x34, 0x3b, 0x32, 0x30, 0x34, 0x6d, 0x4b, 0x1b, 0x5b, 0x30, 0x6d, 0x1b, 0x5b, 
    0x33, 0x38, 0x3b, 0x32, 0x3b, 0x32, 0x30, 0x34, 0x3b, 0x32, 0x30, 0x34, 0x3b, 0x32, 0x30, 0x34, 
    0x6d, 0x4b, 0x1b, 0x5b, 0x30, 0x6d, 0x1b, 0x5b, 0x33, 0x38, 0x3b, 0x32, 0x3b, 0x32, 0x30, 0x34, 
    0x3b, 0x32, 0x30, 0x34, 0x3b, 0x32, 0x30, 0x34, 0x6d, 0x4b, 0x1b, 0x5b, 0x30, 0x6d, 0x1b, 0x5b, 
    0x33, 0x38, 0x3b, 0x32, 0x3b, 0x32, 0x30, 0x34, 0x3b, 0x32, 0x30, 0x34, 0x3b, 0x32, 0x30, 0x34, 
    0x6d, 0x4b, 0x1b, 0x5b, 0x30, 0x6d, 0x1b, 0x5b, 0x33, 0x38, 0x3b, 0x32, 0x3b, 0x32, 0x30, 0x34, 
    0x3b, 0x32, 0x30, 0x34, 0x3b, 0x32, 0x30, 0x34, 0x6d, 0x4b, 0x1b, 0x5b, 0x30, 0x6d, 0x1b, 0x5b, 
    0x33, 0x38, 0x3b, 0x32, 0x3b, 0x32, 0x30, 0x34, 0x3b, 0x32, 0x30, 0x34, 0x3b, 0x32, 0x30, 0x34, 
    0x6d, 0x4b, 0x1b, 0x5b, 0x30, 0x6d, 0x1b, 0x5b, 0x33, 0x38, 0x3b, 0x32, 0x3b, 0x32, 0x30, 0x34, 
    0x3b, 0x32, 0x30, 0x34, 0x3b, 0x32, 0x30, 0x34, 0x6d, 0x4b, 0x1b, 0x5b, 0x30, 0x6d, 0x1b, 0x5b, 
    0x33, 0x38, 0x3b, 0x32, 0x3b, 0x32, 0x35, 0x35, 0x3b, 0x32, 0x35, 0x35, 0x3b, 0x32, 0x35, 0x35, 
    0x6d, 0x4d, 0x1b, 0x5b, 0x30, 0x6d, 0x1b, 0x5b, 0x33, 0x38, 0x3b, 0x32, 0x3b, 0x32, 0x35, 0x35, 
    0x3b, 0x32, 0x35, 0x35, 0x3b, 0x32, 0x35, 0x35, 0x6d, 0x4d, 0x1b, 0x5b, 0x30, 0x6d, 0x1b, 0x5b, 
    0x33, 0x38, 0x3b, 0x32, 0x3b, 0x32, 0x35, 0x35, 0x3b, 0x32, 0x35, 0x35, 0x3b, 0x32, 0x35, 0x35, 
    0x6d, 0x4d, 0x1b, 0x5b, 0x30, 0x6d, 0x1b, 0x5b, 0x33, 0x38, 0x3b, 0x32, 0x3b, 0x32, 0x35, 0x35, 
    0x3b, 0x32, 0x35, 0x35, 0x3b, 0x32, 0x35, 0x35, 0x6d, 0x4d, 0x1b, 0x5b, 0x30, 0x6d, 0x1b, 0x5b, 
    0x33, 0x38, 0x3b, 0x32, 0x3b, 0x32, 0x35, 0x35, 0x3b, 0x32, 0x35, 0x35, 0x3b, 0x32, 0x35, 0x35, 
    0x6d, 0x4d, 0x1b, 0x5b, 0x30, 0x6d, 0x1b, 0x5b, 0x33, 0x38, 0x3b, 0x32, 0x3b, 0x32, 0x35, 0x35, 
    0x3b, 0x32, 0x35, 0x35, 0x3b, 0x32, 0x35, 0x35, 0x6d, 0x4d, 0x1b, 0x5b, 0x30, 0x6d, 0x1b, 0x5b, 
    0x33, 0x38, 0x3b, 0x32, 0x3b, 0x32, 0x35, 0x35, 0x3b, 0x32, 0x35, 0x35, 0x3b, 0x32, 0x35, 0x35, 
    0x6d, 0x4d, 0x1b, 0x5b, 0x30, 0x6d, 0x1b, 0x5b, 0x33, 0x38, 0x3b, 0x32, 0x3b, 0x32, 0x35, 0x35, 
    0x3b, 0x32, 0x35, 0x35, 0x3b, 0x32, 0x35, 0x35, 0x6d, 0x4d, 0x1b, 0x5b, 0x30, 0x6d, 0x1b, 0x5b, 
    0x33, 0x38, 0x3b, 0x32, 0x3b, 0x32, 0x35, 0x35, 0x3b, 0x32, 0x35, 0x35, 0x3b, 0x32, 0x35, 0x35, 
    0x6d, 0x4d, 0x1b, 0x5b, 0x30, 0x6d, 0x1b, 0x5b, 0x33, 0x38, 0x3b, 0x32, 0x3b, 0x32, 0x35, 0x35, 
    0x3b, 0x32, 0x35, 0x35, 0x3b, 0x32, 0x35, 0x35, 0x6d, 0x4d, 0x1b, 0x5b, 0x30, 0x6d, 0x1b, 0x5b, 
    0x33, 0x38, 0x3b, 0x32, 0x3b, 0x32, 0x35, 0x35, 0x3b, 0x32, 0x35, 0x35, 0x3b, 0x32, 0x35, 0x35, 
    0x6d, 0x4d, 0x1b, 0x5b, 0x30, 0x6d, 0x0a, 0x1b, 0x5b, 0x30, 0x6d, 0x1b, 0x5b, 0x33, 0x38, 0x3b, 
    0x32, 0x3b, 0x32, 0x35, 0x35, 0x3b, 0x32, 0x35, 0x35, 0x3b, 0x32, 0x35, 0x35, 0x6d, 0x4d, 0x1b, 
    0x5b, 0x30, 0x6d, 0x1b, 0x5b, 0x33, 0x38, 0x3b, 0x32, 0x3b, 0x32, 0x35, 0x35, 0x3b, 0x32, 0x35, 
    0x35, 0x3b, 0x32, 0x35, 0x35, 0x6d, 0x4d, 0x1b, 0x5b, 0x30, 0x6d, 0x1b, 0x5b, 0x33, 0x38, 0x3b, 
    0x32, 0x3b, 0x32, 0x35, 0x35, 0x3b, 0x32, 0x35, 0x35, 0x3b, 0x32, 0x35, 0x35, 0x6d, 0x4d, 0x1b, 
    0x5b, 0x30, 0x6d, 0x1b, 0x5b, 0x33, 0x38, 0x3b, 0x32, 0x3b, 0x32, 0x35, 0x35, 0x3b, 0x32, 0x35, 
    0x35, 0x3b, 0x32, 0x35, 0x35, 0x6d, 0x4d, 0x1b, 0x5b, 0x30, 0x6d, 0x1b, 0x5b, 0x33, 0x38, 0x3b, 
    0x32, 0x3b, 0x32, 0x35, 0x35, 0x3b, 0x32, 0x35, 0x35, 0x3b, 0x32, 0x35, 0x35, 0x6d, 0x4d, 0x1b, 
    0x5b, 0x30, 0x6d, 0x1b, 0x5b, 0x33, 0x38, 0x3b, 0x32, 0x3b, 0x32, 0x35, 0x35, 0x3b, 0x32, 0x35, 
    0x35, 0x3b, 0x32, 0x35, 0x35, 0x6d, 0x4d, 0x1b, 0x5b, 0x30, 0x6d, 0x1b, 0x5b, 0x33, 0x38, 0x3b, 
    0x32, 0x3b, 0x32, 0x35, 0x35, 0x3b, 0x32, 0x35, 0x35, 0x3b, 0x32, 0x35, 0x35, 0x6d, 0x4d, 0x1b, 
    0x5b, 0x30, 0x6d, 0x1b, 0x5b, 0x33, 0x38, 0x3b, 0x32, 0x3b, 0x32, 0x35, 0x35, 0x3b, 0x32, 0x35, 
    0x35, 0x3b, 0x32, 0x35, 0x35, 0x6d, 0x4d, 0x1b, 0x5b, 0x30, 0x6d, 0x1b, 0x5b, 0x33, 0x38, 0x3b, 
    0x32, 0x3b, 0x32, 0x35, 0x35, 0x3b, 0x32, 0x35, 0x35, 0x3b, 0x32, 0x35, 0x35, 0x6d, 0x4d, 0x1b, 
    0x5b, 0x30, 0x6d, 0x1b, 0x5b, 0x33, 0x38, 0x3b, 0x32, 0x3b, 0x32, 0x35, 0x35, 0x3b, 0x32, 0x35, 
    0x35, 0x3b, 0x32, 0x35, 0x35, 0x6d, 0x4d, 0x1b, 0x5b, 0x30, 0x6d, 0x1b, 0x5b, 0x33, 0x38, 0x3b, 
    0x32, 0x3b, 0x32, 0x35, 0x35, 0x3b, 0x32, 0x35, 0x35, 0x3b, 0x32, 0x35, 0x35, 0x6d, 0x4d, 0x1b, 
    0x5b, 0x30, 0x6d, 0x1b, 0x5b, 0x33, 0x38, 0x3b, 0x32, 0x3b, 0x31, 0x32, 0x38, 0x3b, 0x31, 0x32, 
    0x38, 0x3b, 0x31, 0x32, 0x38, 0x6d, 0x6c, 0x1b, 0x5b, 0x30, 0x6d, 0x1b, 0x5b, 0x33, 0x38, 0x3b, 
    0x32, 0x3b, 0x30, 0x3b, 0x30, 0x3b, 0x30, 0x6d, 0x20, 0x1b, 0x5b, 0x30, 0x6d, 0x1b, 0x5b, 0x33, 
    0x38, 0x3b, 0x32, 0x3b, 0x31, 0x32, 0x38, 0x3b, 0x31, 0x32, 0x38, 0x3b, 0x31, 0x32, 0x38, 0x6d, 
    0x6c, 0x1b, 0x5b, 0x30, 0x6d, 0x1b, 0x5b, 0x33, 0x38, 0x3b, 0x32, 0x3b, 0x32, 0x35, 0x35, 0x3b, 
    0x32, 0x35, 0x35, 0x3b, 0x32, 0x35, 0x35, 0x6d, 0x4d, 0x1b, 0x5b, 0x30, 0x6d, 0x1b, 0x5b, 0x33, 
    0x38, 0x3b, 0x32, 0x3b, 0x32, 0x35, 0x35, 0x3b, 0x32, 0x35, 0x35, 0x3b, 0x32, 0x35, 0x35, 0x6d, 
    0x4d, 0x1b, 0x5b, 0x30, 0x6d, 0x1b, 0x5b, 0x33, 0x38, 0x3b, 0x32, 0x3b, 0x32, 0x35, 0x35, 0x3b, 
    0x32, 0x35, 0x35, 0x3b, 0x32, 0x35, 0x35, 0x6d, 0x4d, 0x1b, 0x5b, 0x30, 0x6d, 0x1b, 0x5b, 0x33, 
    0x38, 0x3b, 0x32, 0x3b, 0x32, 0x35, 0x35, 0x3b, 0x32, 0x35, 0x35, 0x3b, 0x32, 0x35, 0x35, 0x6d, 
    0x4d, 0x1b, 0x5b, 0x30, 0x6d, 0x1b, 0x5b, 0x33, 0x38, 0x3b, 0x32, 0x3b, 0x36, 0x34, 0x3b, 0x36, 
    0x34, 0x3b, 0x36, 0x34, 0x6d, 0x27, 0x1b, 0x5b, 0x30, 0x6d, 0x1b, 0x5b, 0x33, 0x38, 0x3b, 0x32, 
    0x3b, 0x36, 0x34, 0x3b, 0x36, 0x34, 0x3b, 0x36, 0x34, 0x6d, 0x27, 0x1b, 0x5b, 0x30, 0x6d, 0x1b, 
    0x5b, 0x33, 0x38, 0x3b, 0x32, 0x3b, 0x31, 0x35, 0x39, 0x3b, 0x31, 0x35, 0x39, 0x3b, 0x31, 0x35, 
    0x39, 0x6d, 0x78, 0x1b, 0x5b, 0x30, 0x6d, 0x1b, 0x5b, 0x33, 0x38, 0x3b, 0x32, 0x3b, 0x32, 0x35, 
    0x35, 0x3b, 0x32, 0x35, 0x35, 0x3b, 0x32, 0x35, 0x35, 0x6d, 0x4d, 0x1b, 0x5b, 0x30, 0x6d, 0x1b, 
    0x5b, 0x33, 0x38, 0x3b, 0x32, 0x3b, 0x32, 0x35, 0x35, 0x3b, 0x32, 0x35, 0x35, 0x3b, 0x32, 0x35, 
    0x35, 0x6d, 0x4d, 0x1b, 0x5b, 0x30, 0x6d, 0x1b, 0x5b, 0x33, 0x38, 0x3b, 0x32, 0x3b, 0x32, 0x35, 
    0x35, 0x3b, 0x32, 0x35, 0x35, 0x3b, 0x32, 0x35, 0x35, 0x6d, 0x4d, 0x1b, 0x5b, 0x30, 0x6d, 0x1b, 
    0x5b, 0x33, 0x38, 0x3b, 0x32, 0x3b, 0x32, 0x35, 0x35, 0x3b, 0x32, 0x35, 0x35, 0x3b, 0x32, 0x35, 
    0x35, 0x6d, 0x4d, 0x1b, 0x5b, 0x30, 0x6d, 0x1b, 0x5b, 0x33, 0x38, 0x3b, 0x32, 0x3b, 0x32, 0x35, 
    0x35, 0x3b, 0x32, 0x35, 0x35, 0x3b, 0x32, 0x35, 0x35, 0x6d, 0x4d, 0x1b, 0x5b, 0x30, 0x6d, 0x1b, 
    0x5b, 0x33, 0x38, 0x3b, 0x32, 0x3b, 0x32, 0x35, 0x35, 0x3b, 0x32, 0x35, 0x35, 0x3b, 0x32, 0x35, 
    0x35, 0x6d, 0x4d, 0x1b, 0x5b, 0x30, 0x6d, 0x1b, 0x5b, 0x33, 0x38, 0x3b, 0x32, 0x3b, 0x32, 0x35, 
    0x35, 0x3b, 0x32, 0x35, 0x35, 0x3b, 0x32, 0x35, 0x35, 0x6d, 0x4d, 0x1b, 0x5b, 0x30, 0x6d, 0x1b, 
    0x5b, 0x33, 0x38, 0x3b, 0x32, 0x3b, 0x32, 0x35, 0x35, 0x3b, 0x32, 0x35, 0x35, 0x3b, 0x32, 0x35, 
    0x35, 0x6d, 0x4d, 0x1b, 0x5b, 0x30, 0x6d, 0x1b, 0x5b, 0x33, 0x38, 0x3b, 0x32, 0x3b, 0x31, 0x32, 
    0x38, 0x3b, 0x31, 0x32, 0x38, 0x3b, 0x31, 0x32, 0x38, 0x6d, 0x6c, 0x1b, 0x5b, 0x30, 0x6d, 0x1b, 
    0x5b, 0x33, 0x38, 0x3b, 0x32, 0x3b, 0x30, 0x3b, 0x30, 0x3b, 0x30, 0x6d, 0x20, 0x1b, 0x5b, 0x30, 
    0x6d, 0x1b, 0x5b, 0x33, 0x38, 0x3b, 0x32, 0x3b, 0x30, 0x3b, 0x30, 0x3b, 0x30, 0x6d, 0x20, 0x1b, 
    0x5b, 0x30, 0x6d, 0x1b, 0x5b, 0x33, 0x38, 0x3b, 0x32, 0x3b, 0x30, 0x3b, 0x30, 0x3b, 0x30, 0x6d, 
    0x20, 0x1b, 0x5b, 0x30, 0x6d, 0x1b, 0x5b, 0x33, 0x38, 0x3b, 0x32, 0x3b, 0x30, 0x3b, 0x30, 0x3b, 
    0x30, 0x6d, 0x20, 0x1b, 0x5b, 0x30, 0x6d, 0x1b, 0x5b, 0x33, 0x38, 0x3b, 0x32, 0x3b, 0x30, 0x3b, 
    0x30, 0x3b, 0x30, 0x6d, 0x20, 0x1b, 0x5b, 0x30, 0x6d, 0x1b, 0x5b, 0x33, 0x38, 0x3b, 0x32, 0x3b, 
    0x30, 0x3b, 0x30, 0x3b, 0x30, 0x6d, 0x20, 0x1b, 0x5b, 0x30, 0x6d, 0x1b, 0x5b, 0x33, 0x38, 0x3b, 
    0x32, 0x3b, 0x30, 0x3b, 0x30, 0x3b, 0x30, 0x6d, 0x20, 0x1b, 0x5b, 0x30, 0x6d, 0x1b, 0x5b, 0x33, 
    0x38, 0x3b, 0x32, 0x3b, 0x30, 0x3b, 0x30, 0x3b, 0x30, 0x6d, 0x20, 0x1b, 0x5b, 0x30, 0x6d, 0x1b, 
    0x5b, 0x33, 0x38, 0x3b, 0x32, 0x3b, 0x30, 0x3b, 0x30, 0x3b, 0x30, 0x6d, 0x20, 0x1b, 0x5b, 0x30, 
    0x6d, 0x1b, 0x5b, 0x33, 0x38, 0x3b, 0x32, 0x3b, 0x32, 0x35, 0x35, 0x3b, 0x32, 0x35, 0x35, 0x3b, 
    0x32, 0x35, 0x35, 0x6d, 0x4d, 0x1b, 0x5b, 0x30, 0x6d, 0x1b, 0x5b, 0x33, 0x38, 0x3b, 0x32, 0x3b, 
    0x32, 0x35, 0x35, 0x3b, 0x32, 0x35, 0x35, 0x3b, 0x32, 0x35, 0x35, 0x6d, 0x4d, 0x1b, 0x5b, 0x30, 
    0x6d, 0x1b, 0x5b, 0x33, 0x38, 0x3b, 0x32, 0x3b, 0x32, 0x35, 0x35, 0x3b, 0x32, 0x35, 0x35, 0x3b, 
    0x32, 0x35, 0x35, 0x6d, 0x4d, 0x1b, 0x5b, 0x30, 0x6d, 0x1b, 0x5b, 0x33, 0x38, 0x3b, 0x32, 0x3b, 
    0x32, 0x35, 0x35, 0x3b, 0x32, 0x35, 0x35, 0x3b, 0x32, 0x35, 0x35, 0x6d, 0x4d, 0x1b, 0x5b, 0x30, 
    0x6d, 0x1b, 0x5b, 0x33, 0x38, 0x3b, 0x32, 0x3b, 0x32, 0x35, 0x35, 0x3b, 0x32, 0x35, 0x35, 0x3b, 
    0x32, 0x35, 0x35, 0x6d, 0x4d, 0x1b, 0x5b, 0x30, 0x6d, 0x1b, 0x5b, 0x33, 0x38, 0x3b, 0x32, 0x3b, 
    0x32, 0x35, 0x35, 0x3b, 0x32, 0x35, 0x35, 0x3b, 0x32, 0x35, 0x35, 0x6d, 0x4d, 0x1b, 0x5b, 0x30, 
    0x6d, 0x1b, 0x5b, 0x33, 0x38, 0x3b, 0x32, 0x3b, 0x32, 0x35, 0x35, 0x3b, 0x32, 0x35, 0x35, 0x3b, 
    0x32, 0x35, 0x35, 0x6d, 0x4d, 0x1b, 0x5b, 0x30, 0x6d, 0x1b, 0x5b, 0x33, 0x38, 0x3b, 0x32, 0x3b, 
    0x32, 0x35, 0x35, 0x3b, 0x32, 0x35, 0x35, 0x3b, 0x32, 0x35, 0x35, 0x6d, 0x4d, 0x1b, 0x5b, 0x30, 
    0x6d, 0x1b, 0x5b, 0x33, 0x38, 0x3b, 0x32, 0x3b, 0x32, 0x35, 0x35, 0x3b, 0x32, 0x35, 0x35, 0x3b, 
    0x32, 0x35, 0x35, 0x6d, 0x4d, 0x1b, 0x5b, 0x30, 0x6d, 0x1b, 0x5b, 0x33, 0x38, 0x3b, 0x32, 0x3b, 
    0x32, 0x35, 0x35, 0x3b, 0x32, 0x35, 0x35, 0x3b, 0x32, 0x35, 0x35, 0x6d, 0x4d, 0x1b, 0x5b, 0x30, 
    0x6d, 0x1b, 0x5b, 0x33, 0x38, 0x3b, 0x32, 0x3b, 0x32, 0x35, 0x35, 0x3b, 0x32, 0x35, 0x35, 0x3b, 
    0x32, 0x35, 0x35, 0x6d, 0x4d, 0x1b, 0x5b, 0x30, 0x6d, 0x1b, 0x5b, 0x33, 0x38, 0x3b, 0x32, 0x3b, 
    0x32, 0x35, 0x35, 0x3b, 0x32, 0x35, 0x35, 0x3b, 0x32, 0x35, 0x35, 0x6d, 0x4d, 0x1b, 0x5b, 0x30, 
    0x6d, 0x1b, 0x5b, 0x33, 0x38, 0x3b, 0x32, 0x3b, 0x32, 0x35, 0x35, 0x3b, 0x32, 0x35, 0x35, 0x3b, 
    0x32, 0x35, 0x35, 0x6d, 0x4d, 0x1b, 0x5b, 0x30, 0x6d, 0x1b, 0x5b, 0x33, 0x38, 0x3b, 0x32, 0x3b, 
    0x32, 0x35, 0x35, 0x3b, 0x32, 0x35, 0x35, 0x3b, 0x32, 0x35, 0x35, 0x6d, 0x4d, 0x1b, 0x5b, 0x30, 
    0x6d, 0x1b, 0x5b, 0x33, 0x38, 0x3b, 0x32, 0x3b, 0x32, 0x35, 0x35, 0x3b, 0x32, 0x35, 0x35, 0x3b, 
    0x32, 0x35, 0x35, 0x6d, 0x4d, 0x1b, 0x5b, 0x30, 0x6d, 0x1b, 0x5b, 0x33, 0x38, 0x3b, 0x32, 0x3b, 
    0x32, 0x35, 0x35, 0x3b, 0x32, 0x35, 0x35, 0x3b, 0x32, 0x35, 0x35, 0x6d, 0x4d, 0x1b, 0x5b, 0x30, 
    0x6d, 0x1b, 0x5b, 0x33, 0x38, 0x3b, 0x32, 0x3b, 0x32, 0x35, 0x35, 0x3b, 0x32, 0x35, 0x35, 0x3b, 
    0x32, 0x35, 0x35, 0x6d, 0x4d, 0x1b, 0x5b, 0x30, 0x6d, 0x1b, 0x5b, 0x33, 0x38, 0x3b, 0x32, 0x3b, 
    0x32, 0x35, 0x35, 0x3b, 0x32, 0x35, 0x35, 0x3b, 0x32, 0x35, 0x35, 0x6d, 0x4d, 0x1b, 0x5b, 0x30, 
    0x6d, 0x1b, 0x5b, 0x33, 0x38, 0x3b, 0x32, 0x3b, 0x32, 0x35, 0x35, 0x3b, 0x32, 0x35, 0x35, 0x3b, 
    0x32, 0x35, 0x35, 0x6d, 0x4d, 0x1b, 0x5b, 0x30, 0x6d, 0x1b, 0x5b, 0x33, 0x38, 0x3b, 0x32, 0x3b, 
    0x32, 0x35, 0x35, 0x3b, 0x32, 0x35, 0x35, 0x3b, 0x32, 0x35, 0x35, 0x6d, 0x4d, 0x1b, 0x5b, 0x30, 
    0x6d, 0x1b, 0x5b, 0x33, 0x38, 0x3b, 0x32, 0x3b, 0x32, 0x35, 0x35, 0x3b, 0x32, 0x35, 0x35, 0x3b, 
    0x32, 0x35, 0x35, 0x6d, 0x4d, 0x1b, 0x5b, 0x30, 0x6d, 0x1b, 0x5b, 0x33, 0x38, 0x3b, 0x32, 0x3b, 
    0x32, 0x35, 0x35, 0x3b, 0x32, 0x35, 0x35, 0x3b, 0x32, 0x35, 0x35, 0x6d, 0x4d, 0x1b, 0x5b, 0x30, 
    0x6d, 0x1b, 0x5b, 0x33, 0x38, 0x3b, 0x32, 0x3b, 0x32, 0x35, 0x35, 0x3b, 0x32, 0x35, 0x35, 0x3b, 
    0x32, 0x35, 0x35, 0x6d, 0x4d, 0x1b, 0x5b, 0x30, 0x6d, 0x1b, 0x5b, 0x33, 0x38, 0x3b, 0x32, 0x3b, 
    0x32, 0x35, 0x35, 0x3b, 0x32, 0x35, 0x35, 0x3b, 0x32, 0x35, 0x35, 0x6d, 0x4d, 0x1b, 0x5b, 0x30, 
    0x6d, 0x1b, 0x5b, 0x33, 0x38, 0x3b, 0x32, 0x3b, 0x32, 0x35, 0x35, 0x3b, 0x32, 0x35, 0x35, 0x3b, 
    0x32, 0x35, 0x35, 0x6d, 0x4d, 0x1b, 0x5b, 0x30, 0x6d, 0x1b, 0x5b, 0x33, 0x38, 0x3b, 0x32, 0x3b, 
    0x30, 0x3b, 0x30, 0x3b, 0x30, 0x6d, 0x20, 0x1b, 0x5b, 0x30, 0x6d, 0x1b, 0x5b, 0x33, 0x38, 0x3b, 
    0x32, 0x3b, 0x30, 0x3b, 0x30, 0x3b, 0x30, 0x6d, 0x20, 0x1b, 0x5b, 0x30, 0x6d, 0x1b, 0x5b, 0x33, 
    0x38, 0x3b, 0x32, 0x3b, 0x30, 0x3b, 0x30, 0x3b, 0x30, 0x6d, 0x20, 0x1b, 0x5b, 0x30, 0x6d, 0x1b, 
    0x5b, 0x33, 0x38, 0x3b, 0x32, 0x3b, 0x30, 0x3b, 0x30, 0x3b, 0x30, 0x6d, 0x20, 0x1b, 0x5b, 0x30, 
    0x6d, 0x1b, 0x5b, 0x33, 0x38, 0x3b, 0x32, 0x3b, 0x31, 0x32, 0x38, 0x3b, 0x31, 0x32, 0x38, 0x3b, 
    0x31, 0x32, 0x38, 0x6d, 0x6c, 0x1b, 0x5b, 0x30, 0x6d, 0x1b, 0x5b, 0x33, 0x38, 0x3b, 0x32, 0x3b, 
    0x32, 0x35, 0x35, 0x3b, 0x32, 0x35, 0x35, 0x3b, 0x32, 0x35, 0x35, 0x6d, 0x4d, 0x1b, 0x5b, 0x30, 
    0x6d, 0x1b, 0x5b, 0x33, 0x38, 0x3b, 0x32, 0x3b, 0x32, 0x35, 0x35, 0x3b, 0x32, 0x35, 0x35, 0x3b, 
    0x32, 0x35, 0x35, 0x6d, 0x4d, 0x1b, 0x5b, 0x30, 0x6d, 0x1b, 0x5b, 0x33, 0x38, 0x3b, 0x32, 0x3b, 
    0x32, 0x35, 0x35, 0x3b, 0x32, 0x35, 0x35, 0x3b, 0x32, 0x35, 0x35, 0x6d, 0x4d, 0x1b, 0x5b, 0x30, 
    0x6d, 0x1b, 0x5b, 0x33, 0x38, 0x3b, 0x32, 0x3b, 0x32, 0x35, 0x35, 0x3b, 0x32, 0x35, 0x35, 0x3b, 
    0x32, 0x35, 0x35, 0x6d, 0x4d, 0x1b, 0x5b, 0x30, 0x6d, 0x1b, 0x5b, 0x33, 0x38, 0x3b, 0x32, 0x3b, 
    0x32, 0x35, 0x35, 0x3b, 0x32, 0x35, 0x35, 0x3b, 0x32, 0x35, 0x35, 0x6d, 0x4d, 0x1b, 0x5b, 0x30, 
    0x6d, 0x1b, 0x5b, 0x33, 0x38, 0x3b, 0x32, 0x3b, 0x32, 0x35, 0x35, 0x3b, 0x32, 0x35, 0x35, 0x3b, 
    0x32, 0x35, 0x35, 0x6d, 0x4d, 0x1b, 0x5b, 0x30, 0x6d, 0x1b, 0x5b, 0x33, 0x38, 0x3b, 0x32, 0x3b, 
    0x32, 0x35, 0x35, 0x3b, 0x32, 0x35, 0x35, 0x3b, 0x32, 0x35, 0x35, 0x6d, 0x4d, 0x1b, 0x5b, 0x30, 
    0x6d, 0x1b, 0x5b, 0x33, 0x38, 0x3b, 0x32, 0x3b, 0x32, 0x35, 0x35, 0x3b, 0x32, 0x35, 0x35, 0x3b, 
    0x32, 0x35, 0x35, 0x6d, 0x4d, 0x1b, 0x5b, 0x30, 0x6d, 0x1b, 0x5b, 0x33, 0x38, 0x3b, 0x32, 0x3b, 
    0x32, 0x35, 0x35, 0x3b, 0x32, 0x35, 0x35, 0x3b, 0x32, 0x35, 0x35, 0x6d, 0x4d, 0x1b, 0x5b, 0x30, 
    0x6d, 0x1b, 0x5b, 0x33, 0x38, 0x3b, 0x32, 0x3b, 0x32, 0x35, 0x35, 0x3b, 0x32, 0x35, 0x35, 0x3b, 
    0x32, 0x35, 0x35, 0x6d, 0x4d, 0x1b, 0x5b, 0x30, 0x6d, 0x1b, 0x5b, 0x33, 0x38, 0x3b, 0x32, 0x3b, 
    0x32, 0x35, 0x35, 0x3b, 0x32, 0x35, 0x35, 0x3b, 0x32, 0x35, 0x35, 0x6d, 0x4d, 0x1b, 0x5b, 0x30, 
    0x6d, 0x1b, 0x5b, 0x33, 0x38, 0x3b, 0x32, 0x3b, 0x32, 0x35, 0x35, 0x3b, 0x32, 0x35, 0x35, 0x3b, 
    0x32, 0x35, 0x35, 0x6d, 0x4d, 0x1b, 0x5b, 0x30, 0x6d, 0x1b, 0x5b, 0x33, 0x38, 0x3b, 0x32, 0x3b, 
    0x32, 0x35, 0x35, 0x3b, 0x32, 0x35, 0x35, 0x3b, 0x32, 0x35, 0x35, 0x6d, 0x4d, 0x1b, 0x5b, 0x30, 
    0x6d, 0x1b, 0x5b, 0x33, 0x38, 0x3b, 0x32, 0x3b, 0x32, 0x35, 0x35, 0x3b, 0x32, 0x35, 0x35, 0x3b, 
    0x32, 0x35, 0x35, 0x6d, 0x4d, 0x1b, 0x5b, 0x30, 0x6d, 0x1b, 0x5b, 0x33, 0x38, 0x3b, 0x32, 0x3b, 
    0x32, 0x35, 0x35, 0x3b, 0x32, 0x35, 0x35, 0x3b, 0x32, 0x35, 0x35, 0x6d, 0x4d, 0x1b, 0x5b, 0x30, 
    0x6d, 0x1b, 0x5b, 0x33, 0x38, 0x3b, 0x32, 0x3b, 0x32, 0x35, 0x35, 0x3b, 0x32, 0x35, 0x35, 0x3b, 
    0x32, 0x35, 0x35, 0x6d, 0x4d, 0x1b, 0x5b, 0x30, 0x6d, 0x1b, 0x5b, 0x33, 0x38, 0x3b, 0x32, 0x3b, 
    0x32, 0x35, 0x35, 0x3b, 0x32, 0x35, 0x35, 0x3b, 0x32, 0x35, 0x35, 0x6d, 0x4d, 0x1b, 0x5b, 0x30, 
    0x6d, 0x1b, 0x5b, 0x33, 0x38, 0x3b, 0x32, 0x3b, 0x32, 0x35, 0x35, 0x3b, 0x32, 0x35, 0x35, 0x3b, 
    0x32, 0x35, 0x35, 0x6d, 0x4d, 0x1b, 0x5b, 0x30, 0x6d, 0x1b, 0x5b, 0x33, 0x38, 0x3b, 0x32, 0x3b, 
    0x32, 0x35, 0x35, 0x3b, 0x32, 0x35, 0x35, 0x3b, 0x32, 0x35, 0x35, 0x6d, 0x4d, 0x1b, 0x5b, 0x30, 
    0x6d, 0x1b, 0x5b, 0x33, 0x38, 0x3b, 0x32, 0x3b, 0x32, 0x35, 0x35, 0x3b, 0x32, 0x35, 0x35, 0x3b, 
    0x32, 0x35, 0x35, 0x6d, 0x4d, 0x1b, 0x5b, 0x30, 0x6d, 0x1b, 0x5b, 0x33, 0x38, 0x3b, 0x32, 0x3b, 
    0x32, 0x35, 0x35, 0x3b, 0x32, 0x35, 0x35, 0x3b, 0x32, 0x35, 0x35, 0x6d, 0x4d, 0x1b, 0x5b, 0x30, 
    0x6d, 0x1b, 0x5b, 0x33, 0x38, 0x3b, 0x32, 0x3b, 0x32, 0x35, 0x35, 0x3b, 0x32, 0x35, 0x35, 0x3b, 
    0x32, 0x35, 0x35, 0x6d, 0x4d, 0x1b, 0x5b, 0x30, 0x6d, 0x1b, 0x5b, 0x33, 0x38, 0x3b, 0x32, 0x3b, 
    0x32, 0x35, 0x35, 0x3b, 0x32, 0x35, 0x35, 0x3b, 0x32, 0x35, 0x35, 0x6d, 0x4d, 0x1b, 0x5b, 0x30, 
    0x6d, 0x1b, 0x5b, 0x33, 0x38, 0x3b, 0x32, 0x3b, 0x32, 0x35, 0x35, 0x3b, 0x32, 0x35, 0x35, 0x3b, 
    0x32, 0x35, 0x35, 0x6d, 0x4d, 0x1b, 0x5b, 0x30, 0x6d, 0x1b, 0x5b, 0x33, 0x38, 0x3b, 0x32, 0x3b, 
    0x32, 0x35, 0x35, 0x3b, 0x32, 0x35, 0x35, 0x3b, 0x32, 0x35, 0x35, 0x6d, 0x4d, 0x1b, 0x5b, 0x30, 
    0x6d, 0x1b, 0x5b, 0x33, 0x38, 0x3b, 0x32, 0x3b, 0x32, 0x35, 0x35, 0x3b, 0x32, 0x35, 0x35, 0x3b, 
    0x32, 0x35, 0x35, 0x6d, 0x4d, 0x1b, 0x5b, 0x30, 0x6d, 0x1b, 0x5b, 0x33, 0x38, 0x3b, 0x32, 0x3b, 
    0x32, 0x35, 0x35, 0x3b, 0x32, 0x35, 0x35, 0x3b, 0x32, 0x35, 0x35, 0x6d, 0x4d, 0x1b, 0x5b, 0x30, 
    0x6d, 0x1b, 0x5b, 0x33, 0x38, 0x3b, 0x32, 0x3b, 0x32, 0x35, 0x35, 0x3b, 0x32, 0x35, 0x35, 0x3b, 
    0x32, 0x35, 0x35, 0x6d, 0x4d, 0x1b, 0x5b, 0x30, 0x6d, 0x1b, 0x5b, 0x33, 0x38, 0x3b, 0x32, 0x3b, 
    0x32, 0x35, 0x35, 0x3b, 0x32, 0x35, 0x35, 0x3b, 0x32, 0x35, 0x35, 0x6d, 0x4d, 0x1b, 0x5b, 0x30, 
    0x6d, 0x1b, 0x5b, 0x33, 0x38, 0x3b, 0x32, 0x3b, 0x32, 0x35, 0x35, 0x3b, 0x32, 0x35, 0x35, 0x3b, 
    0x32, 0x35, 0x35, 0x6d, 0x4d, 0x1b, 0x5b, 0x30, 0x6d, 0x1b, 0x5b, 0x33, 0x38, 0x3b, 0x32, 0x3b, 
    0x32, 0x35, 0x35, 0x3b, 0x32, 0x35, 0x35, 0x3b, 0x32, 0x35, 0x35, 0x6d, 0x4d, 0x1b, 0x5b, 0x30, 
    0x6d, 0x0a, 0x1b, 0x5b, 0x30, 0x6d, 0x1b, 0x5b, 0x33, 0x38, 0x3b, 0x32, 0x3b, 0x32, 0x35, 0x35, 
    0x3b, 0x32, 0x35, 0x35, 0x3b, 0x32, 0x35, 0x35, 0x6d, 0x4d, 0x1b, 0x5b, 0x30, 0x6d, 0x1b, 0x5b, 
    0x33, 0x38, 0x3b, 0x32, 0x3b, 0x32, 0x35, 0x35, 0x3b, 0x32, 0x35, 0x35, 0x3b, 0x32, 0x35, 0x35, 
    0x6d, 0x4d, 0x1b, 0x5b, 0x30, 0x6d, 0x1b, 0x5b, 0x33, 0x38, 0x3b, 0x32, 0x3b, 0x32, 0x35, 0x35, 
    0x3b, 0x32, 0x35, 0x35, 0x3b, 0x32, 0x35, 0x35, 0x6d, 0x4d, 0x1b, 0x5b, 0x30, 0x6d, 0x1b, 0x5b, 
    0x33, 0x38, 0x3b, 0x32, 0x3b, 0x32, 0x35, 0x35, 0x3b, 0x32, 0x35, 0x35, 0x3b, 0x32, 0x35, 0x35, 
    0x6d, 0x4d, 0x1b, 0x5b, 0x30, 0x6d, 0x1b, 0x5b, 0x33, 0x38, 0x3b, 0x32, 0x3b, 0x32, 0x35, 0x35, 
    0x3b, 0x32, 0x35, 0x35, 0x3b, 0x32, 0x35, 0x35, 0x6d, 0x4d, 0x1b, 0x5b, 0x30, 0x6d, 0x1b, 0x5b, 
    0x33, 0x38, 0x3b, 0x32, 0x3b, 0x32, 0x35, 0x35, 0x3b, 0x32, 0x35, 0x35, 0x3b, 0x32, 0x35, 0x35, 
    0x6d, 0x4d, 0x1b, 0x5b, 0x30, 0x6d, 0x1b, 0x5b, 0x33, 0x38, 0x3b, 0x32, 0x3b, 0x32, 0x35, 0x35, 
    0x3b, 0x32, 0x35, 0x35, 0x3b, 0x32, 0x35, 0x35, 0x6d, 0x4d, 0x1b, 0x5b, 0x30, 0x6d, 0x1b, 0x5b, 
    0x33, 0x38, 0x3b, 0x32, 0x3b, 0x32, 0x35, 0x35, 0x3b, 0x32, 0x35, 0x35, 0x3b, 0x32, 0x35, 0x35, 
    0x6d, 0x4d, 0x1b, 0x5b, 0x30, 0x6d, 0x1b, 0x5b, 0x33, 0x38, 0x3b, 0x32, 0x3b, 0x32, 0x35, 0x35, 
    0x3b, 0x32, 0x35, 0x35, 0x3b, 0x32, 0x35, 0x35, 0x6d, 0x4d, 0x1b, 0x5b, 0x30, 0x6d, 0x1b, 0x5b, 
    0x33, 0x38, 0x3b, 0x32, 0x3b, 0x32, 0x35, 0x35, 0x3b, 0x32, 0x35, 0x35, 0x3b, 0x32, 0x35, 0x35, 
    0x6d, 0x4d, 0x1b, 0x5b, 0x30, 0x6d, 0x1b, 0x5b, 0x33, 0x38, 0x3b, 0x32, 0x3b, 0x32, 0x35, 0x35, 
    0x3b, 0x32, 0x35, 0x35, 0x3b, 0x32, 0x35, 0x35, 0x6d, 0x4d, 0x1b, 0x5b, 0x30, 0x6d, 0x1b, 0x5b, 
    0x33, 0x38, 0x3b, 0x32, 0x3b, 0x31, 0x32, 0x38, 0x3b, 0x31, 0x32, 0x38, 0x3b, 0x31, 0x32, 0x38, 
    0x6d, 0x6c, 0x1b, 0x5b, 0x30, 0x6d, 0x1b, 0x5b, 0x33, 0x38, 0x3b, 0x32, 0x3b, 0x30, 0x3b, 0x30, 
    0x3b, 0x30, 0x6d, 0x20, 0x1b, 0x5b, 0x30, 0x6d, 0x1b, 0x5b, 0x33, 0x38, 0x3b, 0x32, 0x3b, 0x31, 
    0x32, 0x38, 0x3b, 0x31, 0x32, 0x38, 0x3b, 0x31, 0x32, 0x38, 0x6d, 0x6c, 0x1b, 0x5b, 0x30, 0x6d, 
    0x1b, 0x5b, 0x33, 0x38, 0x3b, 0x32, 0x3b, 0x32, 0x35, 0x35, 0x3b, 0x32, 0x35, 0x35, 0x3b, 0x32, 
    0x35, 0x35, 0x6d, 0x4d, 0x1b, 0x5b, 0x30, 0x6d, 0x1b, 0x5b, 0x33, 0x38, 0x3b, 0x32, 0x3b, 0x32, 
    0x35, 0x35, 0x3b, 0x32, 0x35, 0x35, 0x3b, 0x32, 0x35, 0x35, 0x6d, 0x4d, 0x1b, 0x5b, 0x30, 0x6d, 
    0x1b, 0x5b, 0x33, 0x38, 0x3b, 0x32, 0x3b, 0x32, 0x35, 0x35, 0x3b, 0x32, 0x35, 0x35, 0x3b, 0x32, 
    0x35, 0x35, 0x6d, 0x4d, 0x1b, 0x5b, 0x30, 0x6d, 0x1b, 0x5b, 0x33, 0x38, 0x3b, 0x32, 0x3b, 0x32, 
    0x35, 0x35, 0x3b, 0x32, 0x35, 0x35, 0x3b, 0x32, 0x35, 0x35, 0x6d, 0x4d, 0x1b, 0x5b, 0x30, 0x6d, 
    0x1b, 0x5b, 0x33, 0x38, 0x3b, 0x32, 0x3b, 0x31, 0x35, 0x33, 0x3b, 0x31, 0x35, 0x33, 0x3b, 0x31, 
    0x35, 0x33, 0x6d, 0x64, 0x1b, 0x5b, 0x30, 0x6d, 0x1b, 0x5b, 0x33, 0x38, 0x3b, 0x32, 0x3b, 0x31, 
    0x35, 0x33, 0x3b, 0x31, 0x35, 0x33, 0x3b, 0x31, 0x35, 0x33, 0x6d, 0x64, 0x1b, 0x5b, 0x30, 0x6d, 
    0x1b, 0x5b, 0x33, 0x38, 0x3b, 0x32, 0x3b, 0x32, 0x30, 0x34, 0x3b, 0x32, 0x30, 0x34, 0x3b, 0x32, 
    0x30, 0x34, 0x6d, 0x4b, 0x1b, 0x5b, 0x30, 0x6d, 0x1b, 0x5b, 0x33, 0x38, 0x3b, 0x32, 0x3b, 0x32, 
    0x35, 0x35, 0x3b, 0x32, 0x35, 0x35, 0x3b, 0x32, 0x35, 0x35, 0x6d, 0x4d, 0x1b, 0x5b, 0x30, 0x6d, 
    0x1b, 0x5b, 0x33, 0x38, 0x3b, 0x32, 0x3b, 0x32, 0x35, 0x35, 0x3b, 0x32, 0x35, 0x35, 0x3b, 0x32, 
    0x35, 0x35, 0x6d, 0x4d, 0x1b, 0x5b, 0x30, 0x6d, 0x1b, 0x5b, 0x33, 0x38, 0x3b, 0x32, 0x3b, 0x32, 
    0x35, 0x35, 0x3b, 0x32, 0x35, 0x35, 0x3b, 0x32, 0x35, 0x35, 0x6d, 0x4d, 0x1b, 0x5b, 0x30, 0x6d, 
    0x1b, 0x5b, 0x33, 0x38, 0x3b, 0x32, 0x3b, 0x32, 0x35, 0x35, 0x3b, 0x32, 0x35, 0x35, 0x3b, 0x32, 
    0x35, 0x35, 0x6d, 0x4d, 0x1b, 0x5b, 0x30, 0x6d, 0x1b, 0x5b, 0x33, 0x38, 0x3b, 0x32, 0x3b, 0x32, 
    0x35, 0x35, 0x3b, 0x32, 0x35, 0x35, 0x3b, 0x32, 0x35, 0x35, 0x6d, 0x4d, 0x1b, 0x5b, 0x30, 0x6d, 
    0x1b, 0x5b, 0x33, 0x38, 0x3b, 0x32, 0x3b, 0x32, 0x35, 0x35, 0x3b, 0x32, 0x35, 0x35, 0x3b, 0x32, 
    0x35, 0x35, 0x6d, 0x4d, 0x1b, 0x5b, 0x30, 0x6d, 0x1b, 0x5b, 0x33, 0x38, 0x3b, 0x32, 0x3b, 0x32, 
    0x35, 0x35, 0x3b, 0x32, 0x35, 0x35, 0x3b, 0x32, 0x35, 0x35, 0x6d, 0x4d, 0x1b, 0x5b, 0x30, 0x6d, 
    0x1b, 0x5b, 0x33, 0x38, 0x3b, 0x32, 0x3b, 0x32, 0x35, 0x35, 0x3b, 0x32, 0x35, 0x35, 0x3b, 0x32, 
    0x35, 0x35, 0x6d, 0x4d, 0x1b, 0x5b, 0x30, 0x6d, 0x1b, 0x5b, 0x33, 0x38, 0x3b, 0x32, 0x3b, 0x32, 
    0x30, 0x34, 0x3b, 0x32, 0x30, 0x34, 0x3b, 0x32, 0x30, 0x34, 0x6d, 0x4b, 0x1b, 0x5b, 0x30, 0x6d, 
    0x1b, 0x5b, 0x33, 0x38, 0x3b, 0x32, 0x3b, 0x31, 0x35, 0x33, 0x3b, 0x31, 0x35, 0x33, 0x3b, 0x31, 
    0x35, 0x33, 0x6d, 0x64, 0x1b, 0x5b, 0x30, 0x6d, 0x1b, 0x5b, 0x33, 0x38, 0x3b, 0x32, 0x3b, 0x31, 
    0x35, 0x33, 0x3b, 0x31, 0x35, 0x33, 0x3b, 0x31, 0x35, 0x33, 0x6d, 0x64, 0x1b, 0x5b, 0x30, 0x6d, 
    0x1b, 0x5b, 0x33, 0x38, 0x3b, 0x32, 0x3b, 0x30, 0x3b, 0x30, 0x3b, 0x30, 0x6d, 0x20, 0x1b, 0x5b, 
    0x30, 0x6d, 0x1b, 0x5b, 0x33, 0x38, 0x3b, 0x32, 0x3b, 0x30, 0x3b, 0x30, 0x3b, 0x30, 0x6d, 0x20, 
    0x1b, 0x5b, 0x30, 0x6d, 0x1b, 0x5b, 0x33, 0x38, 0x3b, 0x32, 0x3b, 0x30, 0x3b, 0x30, 0x3b, 0x30, 
    0x6d, 0x20, 0x1b, 0x5b, 0x30, 0x6d, 0x1b, 0x5b, 0x33, 0x38, 0x3b, 0x32, 0x3b, 0x30, 0x3b, 0x30, 
    0x3b, 0x30, 0x6d, 0x20, 0x1b, 0x5b, 0x30, 0x6d, 0x1b, 0x5b, 0x33, 0x38, 0x3b, 0x32, 0x3b, 0x30, 
    0x3b, 0x30, 0x3b, 0x30, 0x6d, 0x20, 0x1b, 0x5b, 0x30, 0x6d, 0x1b, 0x5b, 0x33, 0x38, 0x3b, 0x32, 
    0x3b, 0x30, 0x3b, 0x30, 0x3b, 0x30, 0x6d, 0x20, 0x1b, 0x5b, 0x30, 0x6d, 0x1b, 0x5b, 0x33, 0x38, 
    0x3b, 0x32, 0x3b, 0x30, 0x3b, 0x30, 0x3b, 0x30, 0x6d, 0x20, 0x1b, 0x5b, 0x30, 0x6d, 0x1b, 0x5b, 
    0x33, 0x38, 0x3b, 0x32, 0x3b, 0x32, 0x35, 0x35, 0x3b, 0x32, 0x35, 0x35, 0x3b, 0x32, 0x35, 0x35, 
    0x6d, 0x4d, 0x1b, 0x5b, 0x30, 0x6d, 0x1b, 0x5b, 0x33, 0x38, 0x3b, 0x32, 0x3b, 0x32, 0x35, 0x35, 
    0x3b, 0x32, 0x35, 0x35, 0x3b, 0x32, 0x35, 0x35, 0x6d, 0x4d, 0x1b, 0x5b, 0x30, 0x6d, 0x1b, 0x5b, 
    0x33, 0x38, 0x3b, 0x32, 0x3b, 0x32, 0x35, 0x35, 0x3b, 0x32, 0x35, 0x35, 0x3b, 0x32, 0x35, 0x35, 
    0x6d, 0x4d, 0x1b, 0x5b, 0x30, 0x6d, 0x1b, 0x5b, 0x33, 0x38, 0x3b, 0x32, 0x3b, 0x32, 0x35, 0x35, 
    0x3b, 0x32, 0x35, 0x35, 0x3b, 0x32, 0x35, 0x35, 0x6d, 0x4d, 0x1b, 0x5b, 0x30, 0x6d, 0x1b, 0x5b, 
    0x33, 0x38, 0x3b, 0x32, 0x3b, 0x32, 0x35, 0x35, 0x3b, 0x32, 0x35, 0x35, 0x3b, 0x32, 0x35, 0x35, 
    0x6d, 0x4d, 0x1b, 0x5b, 0x30, 0x6d, 0x1b, 0x5b, 0x33, 0x38, 0x3b, 0x32, 0x3b, 0x32, 0x35, 0x35, 
    0x3b, 0x32, 0x35, 0x35, 0x3b, 0x32, 0x35, 0x35, 0x6d, 0x4d, 0x1b, 0x5b, 0x30, 0x6d, 0x1b, 0x5b, 
    0x33, 0x38, 0x3b, 0x32, 0x3b, 0x32, 0x35, 0x35, 0x3b, 0x32, 0x35, 0x35, 0x3b, 0x32, 0x35, 0x35, 
    0x6d, 0x4d, 0x1b, 0x5b, 0x30, 0x6d, 0x1b, 0x5b, 0x33, 0x38, 0x3b, 0x32, 0x3b, 0x32, 0x35, 0x35, 
    0x3b, 0x32, 0x35, 0x35, 0x3b, 0x32, 0x35, 0x35, 0x6d, 0x4d, 0x1b, 0x5b, 0x30, 0x6d, 0x1b, 0x5b, 
    0x33, 0x38, 0x3b, 0x32, 0x3b, 0x32, 0x35, 0x35, 0x3b, 0x32, 0x35, 0x35, 0x3b, 0x32, 0x35, 0x35, 
    0x6d, 0x4d, 0x1b, 0x5b, 0x30, 0x6d, 0x1b, 0x5b, 0x33, 0x38, 0x3b, 0x32, 0x3b, 0x32, 0x35, 0x35, 
    0x3b, 0x32, 0x35, 0x35, 0x3b, 0x32, 0x35, 0x35, 0x6d, 0x4d, 0x1b, 0x5b, 0x30, 0x6d, 0x1b, 0x5b, 
    0x33, 0x38, 0x3b, 0x32, 0x3b, 0x32, 0x35, 0x35, 0x3b, 0x32, 0x35, 0x35, 0x3b, 0x32, 0x35, 0x35, 
    0x6d, 0x4d, 0x1b, 0x5b, 0x30, 0x6d, 0x1b, 0x5b, 0x33, 0x38, 0x3b, 0x32, 0x3b, 0x32, 0x35, 0x35, 
    0x3b, 0x32, 0x35, 0x35, 0x3b, 0x32, 0x35, 0x35, 0x6d, 0x4d, 0x1b, 0x5b, 0x30, 0x6d, 0x1b, 0x5b, 
    0x33, 0x38, 0x3b, 0x32, 0x3b, 0x32, 0x35, 0x35, 0x3b, 0x32, 0x35, 0x35, 0x3b, 0x32, 0x35, 0x35, 
    0x6d, 0x4d, 0x1b, 0x5b, 0x30, 0x6d, 0x1b, 0x5b, 0x33, 0x38, 0x3b, 0x32, 0x3b, 0x32, 0x35, 0x35, 
    0x3b, 0x32, 0x35, 0x35, 0x3b, 0x32, 0x35, 0x35, 0x6d, 0x4d, 0x1b, 0x5b, 0x30, 0x6d, 0x1b, 0x5b, 
    0x33, 0x38, 0x3b, 0x32, 0x3b, 0x32, 0x35, 0x35, 0x3b, 0x32, 0x35, 0x35, 0x3b, 0x32, 0x35, 0x35, 
    0x6d, 0x4d, 0x1b, 0x5b, 0x30, 0x6d, 0x1b, 0x5b, 0x33, 0x38, 0x3b, 0x32, 0x3b, 0x32, 0x35, 0x35, 
    0x3b, 0x32, 0x35, 0x35, 0x3b, 0x32, 0x35, 0x35, 0x6d, 0x4d, 0x1b, 0x5b, 0x30, 0x6d, 0x1b, 0x5b, 
    0x33, 0x38, 0x3b, 0x32, 0x3b, 0x32, 0x35, 0x35, 0x3b, 0x32, 0x35, 0x35, 0x3b, 0x32, 0x35, 0x35, 
    0x6d, 0x4d, 0x1b, 0x5b, 0x30, 0x6d, 0x1b, 0x5b, 0x33, 0x38, 0x3b, 0x32, 0x3b, 0x32, 0x35, 0x35, 
    0x3b, 0x32, 0x35, 0x35, 0x3b, 0x32, 0x35, 0x35, 0x6d, 0x4d, 0x1b, 0x5b, 0x30, 0x6d, 0x1b, 0x5b, 
    0x33, 0x38, 0x3b, 0x32, 0x3b, 0x32, 0x35, 0x35, 0x3b, 0x32, 0x35, 0x35, 0x3b, 0x32, 0x35, 0x35, 
    0x6d, 0x4d, 0x1b, 0x5b, 0x30, 0x6d, 0x1b, 0x5b, 0x33, 0x38, 0x3b, 0x32, 0x3b, 0x32, 0x35, 0x35, 
    0x3b, 0x32, 0x35, 0x35, 0x3b, 0x32, 0x35, 0x35, 0x6d, 0x4d, 0x1b, 0x5b, 0x30, 0x6d, 0x1b, 0x5b, 
    0x33, 0x38, 0x3b, 0x32, 0x3b, 0x32, 0x35, 0x35, 0x3b, 0x32, 0x35, 0x35, 0x3b, 0x32, 0x35, 0x35, 
    0x6d, 0x4d, 0x1b, 0x5b, 0x30, 0x6d, 0x1b, 0x5b, 0x33, 0x38, 0x3b, 0x32, 0x3b, 0x32, 0x35, 0x35, 
    0x3b, 0x32, 0x35, 0x35, 0x3b, 0x32, 0x35, 0x35, 0x6d, 0x4d, 0x1b, 0x5b, 0x30, 0x6d, 0x1b, 0x5b, 
    0x33, 0x38, 0x3b, 0x32, 0x3b, 0x32, 0x35, 0x35, 0x3b, 0x32, 0x35, 0x35, 0x3b, 0x32, 0x35, 0x35, 
    0x6d, 0x4d, 0x1b, 0x5b, 0x30, 0x6d, 0x1b, 0x5b, 0x33, 0x38, 0x3b, 0x32, 0x3b, 0x32, 0x35, 0x35, 
    0x3b, 0x32, 0x35, 0x35, 0x3b, 0x32, 0x35, 0x35, 0x6d, 0x4d, 0x1b, 0x5b, 0x30, 0x6d, 0x1b, 0x5b, 
    0x33, 0x38, 0x3b, 0x32, 0x3b, 0x32, 0x35, 0x35, 0x3b, 0x32, 0x35, 0x35, 0x3b, 0x32, 0x35, 0x35, 
    0x6d, 0x4d, 0x1b, 0x5b, 0x30, 0x6d, 0x1b, 0x5b, 0x33, 0x38, 0x3b, 0x32, 0x3b, 0x30, 0x3b, 0x30, 
    0x3b, 0x30, 0x6d, 0x20, 0x1b, 0x5b, 0x30, 0x6d, 0x1b, 0x5b, 0x33, 0x38, 0x3b, 0x32, 0x3b, 0x30, 
    0x3b, 0x30, 0x3b, 0x30, 0x6d, 0x20, 0x1b, 0x5b, 0x30, 0x6d, 0x1b, 0x5b, 0x33, 0x38, 0x3b, 0x32, 
    0x3b, 0x30, 0x3b, 0x30, 0x3b, 0x30, 0x6d, 0x20, 0x1b, 0x5b, 0x30, 0x6d, 0x1b, 0x5b, 0x33, 0x38, 
    0x3b, 0x32, 0x3b, 0x30, 0x3b, 0x30, 0x3b, 0x30, 0x6d, 0x20, 0x1b, 0x5b, 0x30, 0x6d, 0x1b, 0x5b, 
    0x33, 0x38, 0x3b, 0x32, 0x3b, 0x35, 0x31, 0x3b, 0x35, 0x31, 0x3b, 0x35, 0x31, 0x6d, 0x2e, 0x1b, 
    0x5b, 0x30, 0x6d, 0x1b, 0x5b, 0x33, 0x38, 0x3b, 0x32, 0x3b, 0x31, 0x30, 0x32, 0x3b, 0x31, 0x30, 
    0x32, 0x3b, 0x31, 0x30, 0x32, 0x6d, 0x3a, 0x1b, 0x5b, 0x30, 0x6d, 0x1b, 0x5b, 0x33, 0x38, 0x3b, 
    0x32, 0x3b, 0x31, 0x30, 0x32, 0x3b, 0x31, 0x30, 0x32, 0x3b, 0x31, 0x30, 0x32, 0x6d, 0x3a, 0x1b, 
    0x5b, 0x30, 0x6d, 0x1b, 0x5b, 0x33, 0x38, 0x3b, 0x32, 0x3b, 0x31, 0x30, 0x32, 0x3b, 0x31, 0x30, 
    0x32, 0x3b, 0x31, 0x30, 0x32, 0x6d, 0x3a, 0x1b, 0x5b, 0x30, 0x6d, 0x1b, 0x5b, 0x33, 0x38, 0x3b, 
    0x32, 0x3b, 0x31, 0x30, 0x32, 0x3b, 0x31, 0x30, 0x32, 0x3b, 0x31, 0x30, 0x32, 0x6d, 0x3a, 0x1b, 
    0x5b, 0x30, 0x6d, 0x1b, 0x5b, 0x33, 0x38, 0x3b, 0x32, 0x3b, 0x32, 0x35, 0x35, 0x3b, 0x32, 0x35, 
    0x35, 0x3b, 0x32, 0x35, 0x35, 0x6d, 0x4d, 0x1b, 0x5b, 0x30, 0x6d, 0x1b, 0x5b, 0x33, 0x38, 0x3b, 
    0x32, 0x3b, 0x32, 0x35, 0x35, 0x3b, 0x32, 0x35, 0x35, 0x3b, 0x32, 0x35, 0x35, 0x6d, 0x4d, 0x1b, 
    0x5b, 0x30, 0x6d, 0x1b, 0x5b, 0x33, 0x38, 0x3b, 0x32, 0x3b, 0x32, 0x35, 0x35, 0x3b, 0x32, 0x35, 
    0x35, 0x3b, 0x32, 0x35, 0x35, 0x6d, 0x4d, 0x1b, 0x5b, 0x30, 0x6d, 0x1b, 0x5b, 0x33, 0x38, 0x3b, 
    0x32, 0x3b, 0x32, 0x35, 0x35, 0x3b, 0x32, 0x35, 0x35, 0x3b, 0x32, 0x35, 0x35, 0x6d, 0x4d, 0x1b, 
    0x5b, 0x30, 0x6d, 0x1b, 0x5b, 0x33, 0x38, 0x3b, 0x32, 0x3b, 0x32, 0x35, 0x35, 0x3b, 0x32, 0x35, 
    0x35, 0x3b, 0x32, 0x35, 0x35, 0x6d, 0x4d, 0x1b, 0x5b, 0x30, 0x6d, 0x1b, 0x5b, 0x33, 0x38, 0x3b, 
    0x32, 0x3b, 0x32, 0x35, 0x35, 0x3b, 0x32, 0x35, 0x35, 0x3b, 0x32, 0x35, 0x35, 0x6d, 0x4d, 0x1b, 
    0x5b, 0x30, 0x6d, 0x1b, 0x5b, 0x33, 0x38, 0x3b, 0x32, 0x3b, 0x32, 0x35, 0x35, 0x3b, 0x32, 0x35, 
    0x35, 0x3b, 0x32, 0x35, 0x35, 0x6d, 0x4d, 0x1b, 0x5b, 0x30, 0x6d, 0x1b, 0x5b, 0x33, 0x38, 0x3b, 
    0x32, 0x3b, 0x32, 0x35, 0x35, 0x3b, 0x32, 0x35, 0x35, 0x3b, 0x32, 0x35, 0x35, 0x6d, 0x4d, 0x1b, 
    0x5b, 0x30, 0x6d, 0x1b, 0x5b, 0x33, 0x38, 0x3b, 0x32, 0x3b, 0x32, 0x35, 0x35, 0x3b, 0x32, 0x35, 
    0x35, 0x3b, 0x32, 0x35, 0x35, 0x6d, 0x4d, 0x1b, 0x5b, 0x30, 0x6d, 0x1b, 0x5b, 0x33, 0x38, 0x3b, 
    0x32, 0x3b, 0x32, 0x35, 0x35, 0x3b, 0x32, 0x35, 0x35, 0x3b, 0x32, 0x35, 0x35, 0x6d, 0x4d, 0x1b, 
    0x5b, 0x30, 0x6d, 0x1b, 0x5b, 0x33, 0x38, 0x3b, 0x32, 0x3b, 0x32, 0x35, 0x35, 0x3b, 0x32, 0x35, 
    0x35, 0x3b, 0x32, 0x35, 0x35, 0x6d, 0x4d, 0x1b, 0x5b, 0x30, 0x6d, 0x1b, 0x5b, 0x33, 0x38, 0x3b, 
    0x32, 0x3b, 0x32, 0x35, 0x35, 0x3b, 0x32, 0x35, 0x35, 0x3b, 0x32, 0x35, 0x35, 0x6d, 0x4d, 0x1b, 
    0x5b, 0x30, 0x6d, 0x1b, 0x5b, 0x33, 0x38, 0x3b, 0x32, 0x3b, 0x32, 0x35, 0x35, 0x3b, 0x32, 0x35, 
    0x35, 0x3b, 0x32, 0x35, 0x35, 0x6d, 0x4d, 0x1b, 0x5b, 0x30, 0x6d, 0x1b, 0x5b, 0x33, 0x38, 0x3b, 
    0x32, 0x3b, 0x32, 0x35, 0x35, 0x3b, 0x32, 0x35, 0x35, 0x3b, 0x32, 0x35, 0x35, 0x6d, 0x4d, 0x1b, 
    0x5b, 0x30, 0x6d, 0x1b, 0x5b, 0x33, 0x38, 0x3b, 0x32, 0x3b, 0x32, 0x35, 0x35, 0x3b, 0x32, 0x35, 
    0x35, 0x3b, 0x32, 0x35, 0x35, 0x6d, 0x4d, 0x1b, 0x5b, 0x30, 0x6d, 0x1b, 0x5b, 0x33, 0x38, 0x3b, 
    0x32, 0x3b, 0x32, 0x35, 0x35, 0x3b, 0x32, 0x35, 0x35, 0x3b, 0x32, 0x35, 0x35, 0x6d, 0x4d, 0x1b, 
    0x5b, 0x30, 0x6d, 0x1b, 0x5b, 0x33, 0x38, 0x3b, 0x32, 0x3b, 0x32, 0x35, 0x35, 0x3b, 0x32, 0x35, 
    0x35, 0x3b, 0x32, 0x35, 0x35, 0x6d, 0x4d, 0x1b, 0x5b, 0x30, 0x6d, 0x1b, 0x5b, 0x33, 0x38, 0x3b, 
    0x32, 0x3b, 0x32, 0x35, 0x35, 0x3b, 0x32, 0x35, 0x35, 0x3b, 0x32, 0x35, 0x35, 0x6d, 0x4d, 0x1b, 
    0x5b, 0x30, 0x6d, 0x1b, 0x5b, 0x33, 0x38, 0x3b, 0x32, 0x3b, 0x32, 0x35, 0x35, 0x3b, 0x32, 0x35, 
    0x35, 0x3b, 0x32, 0x35, 0x35, 0x6d, 0x4d, 0x1b, 0x5b, 0x30, 0x6d, 0x1b, 0x5b, 0x33, 0x38, 0x3b, 
    0x32, 0x3b, 0x32, 0x35, 0x35, 0x3b, 0x32, 0x35, 0x35, 0x3b, 0x32, 0x35, 0x35, 0x6d, 0x4d, 0x1b, 
    0x5b, 0x30, 0x6d, 0x1b, 0x5b, 0x33, 0x38, 0x3b, 0x32, 0x3b, 0x32, 0x35, 0x35, 0x3b, 0x32, 0x35, 
    0x35, 0x3b, 0x32, 0x35, 0x35, 0x6d, 0x4d, 0x1b, 0x5b, 0x30, 0x6d, 0x1b, 0x5b, 0x33, 0x38, 0x3b, 
    0x32, 0x3b, 0x32, 0x35, 0x35, 0x3b, 0x32, 0x35, 0x35, 0x3b, 0x32, 0x35, 0x35, 0x6d, 0x4d, 0x1b, 
    0x5b, 0x30, 0x6d, 0x1b, 0x5b, 0x33, 0x38, 0x3b, 0x32, 0x3b, 0x32, 0x35, 0x35, 0x3b, 0x32, 0x35, 
    0x35, 0x3b, 0x32, 0x35, 0x35, 0x6d, 0x4d, 0x1b, 0x5b, 0x30, 0x6d, 0x1b, 0x5b, 0x33, 0x38, 0x3b, 
    0x32, 0x3b, 0x32, 0x35, 0x35, 0x3b, 0x32, 0x35, 0x35, 0x3b, 0x32, 0x35, 0x35, 0x6d, 0x4d, 0x1b, 
    0x5b, 0x30, 0x6d, 0x1b, 0x5b, 0x33, 0x38, 0x3b, 0x32, 0x3b, 0x32, 0x35, 0x35, 0x3b, 0x32, 0x35, 
    0x35, 0x3b, 0x32, 0x35, 0x35, 0x6d, 0x4d, 0x1b, 0x5b, 0x30, 0x6d, 0x1b, 0x5b, 0x33, 0x38, 0x3b, 
    0x32, 0x3b, 0x32, 0x35, 0x35, 0x3b, 0x32, 0x35, 0x35, 0x3b, 0x32, 0x35, 0x35, 0x6d, 0x4d, 0x1b, 
    0x5b, 0x30, 0x6d, 0x1b, 0x5b, 0x33, 0x38, 0x3b, 0x32, 0x3b, 0x32, 0x35, 0x35, 0x3b, 0x32, 0x35, 
    0x35, 0x3b, 0x32, 0x35, 0x35, 0x6d, 0x4d, 0x1b, 0x5b, 0x30, 0x6d, 0x0a, 0x1b, 0x5b, 0x30, 0x6d, 
    0x1b, 0x5b, 0x33, 0x38, 0x3b, 0x32, 0x3b, 0x32, 0x35, 0x35, 0x3b, 0x32, 0x35, 0x35, 0x3b, 0x32, 
    0x35, 0x35, 0x6d, 0x4d, 0x1b, 0x5b, 0x30, 0x6d, 0x1b, 0x5b, 0x33, 0x38, 0x3b, 0x32, 0x3b, 0x32, 
    0x35, 0x35, 0x3b, 0x32, 0x35, 0x35, 0x3b, 0x32, 0x35, 0x35, 0x6d, 0x4d, 0x1b, 0x5b, 0x30, 0x6d, 
    0x1b, 0x5b, 0x33, 0x38, 0x3b, 0x32, 0x3b, 0x32, 0x35, 0x35, 0x3b, 0x32, 0x35, 0x35, 0x3b, 0x32, 
    0x35, 0x35, 0x6d, 0x4d, 0x1b, 0x5b, 0x30, 0x6d, 0x1b, 0x5b, 0x33, 0x38, 0x3b, 0x32, 0x3b, 0x32, 
    0x35, 0x35, 0x3b, 0x32, 0x35, 0x35, 0x3b, 0x32, 0x35, 0x35, 0x6d, 0x4d, 0x1b, 0x5b, 0x30, 0x6d, 
    0x1b, 0x5b, 0x33, 0x38, 0x3b, 0x32, 0x3b, 0x32, 0x35, 0x35, 0x3b, 0x32, 0x35, 0x35, 0x3b, 0x32, 
    0x35, 0x35, 0x6d, 0x4d, 0x1b, 0x5b, 0x30, 0x6d, 0x1b, 0x5b, 0x33, 0x38, 0x3b, 0x32, 0x3b, 0x32, 
    0x35, 0x35, 0x3b, 0x32, 0x35, 0x35, 0x3b, 0x32, 0x35, 0x35, 0x6d, 0x4d, 0x1b, 0x5b, 0x30, 0x6d, 
    0x1b, 0x5b, 0x33, 0x38, 0x3b, 0x32, 0x3b, 0x32, 0x35, 0x35, 0x3b, 0x32, 0x35, 0x35, 0x3b, 0x32, 
    0x35, 0x35, 0x6d, 0x4d, 0x1b, 0x5b, 0x30, 0x6d, 0x1b, 0x5b, 0x33, 0x38, 0x3b, 0x32, 0x3b, 0x32, 
    0x35, 0x35, 0x3b, 0x32, 0x35, 0x35, 0x3b, 0x32, 0x35, 0x35, 0x6d, 0x4d, 0x1b, 0x5b, 0x30, 0x6d, 
    0x1b, 0x5b, 0x33, 0x38, 0x3b, 0x32, 0x3b, 0x32, 0x35, 0x35, 0x3b, 0x32, 0x35, 0x35, 0x3b, 0x32, 
    0x35, 0x35, 0x6d, 0x4d, 0x1b, 0x5b, 0x30, 0x6d, 0x1b, 0x5b, 0x33, 0x38, 0x3b, 0x32, 0x3b, 0x32, 
    0x35, 0x35, 0x3b, 0x32, 0x35, 0x35, 0x3b, 0x32, 0x35, 0x35, 0x6d, 0x4d, 0x1b, 0x5b, 0x30, 0x6d, 
    0x1b, 0x5b, 0x33, 0x38, 0x3b, 0x32, 0x3b, 0x32, 0x35, 0x35, 0x3b, 0x32, 0x35, 0x35, 0x3b, 0x32, 
    0x35, 0x35, 0x6d, 0x4d, 0x1b, 0x5b, 0x30, 0x6d, 0x1b, 0x5b, 0x33, 0x38, 0x3b, 0x32, 0x3b, 0x31, 
    0x32, 0x38, 0x3b, 0x31, 0x32, 0x38, 0x3b, 0x31, 0x32, 0x38, 0x6d, 0x6c, 0x1b, 0x5b, 0x30, 0x6d, 
    0x1b, 0x5b, 0x33, 0x38, 0x3b, 0x32, 0x3b, 0x30, 0x3b, 0x30, 0x3b, 0x30, 0x6d, 0x20, 0x1b, 0x5b, 
    0x30, 0x6d, 0x1b, 0x5b, 0x33, 0x38, 0x3b, 0x32, 0x3b, 0x31, 0x32, 0x38, 0x3b, 0x31, 0x32, 0x38, 
    0x3b, 0x31, 0x32, 0x38, 0x6d, 0x6c, 0x1b, 0x5b, 0x30, 0x6d, 0x1b, 0x5b, 0x33, 0x38, 0x3b, 0x32, 
    0x3b, 0x32, 0x35, 0x35, 0x3b, 0x32, 0x35, 0x35, 0x3b, 0x32, 0x35, 0x35, 0x6d, 0x4d, 0x1b, 0x5b, 
    0x30, 0x6d, 0x1b, 0x5b, 0x33, 0x38, 0x3b, 0x32, 0x3b, 0x32, 0x35, 0x35, 0x3b, 0x32, 0x35, 0x35, 
    0x3b, 0x32, 0x35, 0x35, 0x6d, 0x4d, 0x1b, 0x5b, 0x30, 0x6d, 0x1b, 0x5b, 0x33, 0x38, 0x3b, 0x32, 
    0x3b, 0x32, 0x35, 0x35, 0x3b, 0x32, 0x35, 0x35, 0x3b, 0x32, 0x35, 0x35, 0x6d, 0x4d, 0x1b, 0x5b, 
    0x30, 0x6d, 0x1b, 0x5b, 0x33, 0x38, 0x3b, 0x32, 0x3b, 0x32, 0x35, 0x35, 0x3b, 0x32, 0x35, 0x35, 
    0x3b, 0x32, 0x35, 0x35, 0x6d, 0x4d, 0x1b, 0x5b, 0x30, 0x6d, 0x1b, 0x5b, 0x33, 0x38, 0x3b, 0x32, 
    0x3b, 0x32, 0x35, 0x35, 0x3b, 0x32, 0x35, 0x35, 0x3b, 0x32, 0x35, 0x35, 0x6d, 0x4d, 0x1b, 0x5b, 
    0x30, 0x6d, 0x1b, 0x5b, 0x33, 0x38, 0x3b, 0x32, 0x3b, 0x32, 0x35, 0x35, 0x3b, 0x32, 0x35, 0x35, 
    0x3b, 0x32, 0x35, 0x35, 0x6d, 0x4d, 0x1b, 0x5b, 0x30, 0x6d, 0x1b, 0x5b, 0x33, 0x38, 0x3b, 0x32, 
    0x3b, 0x32, 0x35, 0x35, 0x3b, 0x32, 0x35, 0x35, 0x3b, 0x32, 0x35, 0x35, 0x6d, 0x4d, 0x1b, 0x5b, 
    0x30, 0x6d, 0x1b, 0x5b, 0x33, 0x38, 0x3b, 0x32, 0x3b, 0x32, 0x35, 0x35, 0x3b, 0x32, 0x35, 0x35, 
    0x3b, 0x32, 0x35, 0x35, 0x6d, 0x4d, 0x1b, 0x5b, 0x30, 0x6d, 0x1b, 0x5b, 0x33, 0x38, 0x3b, 0x32, 
    0x3b, 0x32, 0x35, 0x35, 0x3b, 0x32, 0x35, 0x35, 0x3b, 0x32, 0x35, 0x35, 0x6d, 0x4d, 0x1b, 0x5b, 
    0x30, 0x6d, 0x1b, 0x5b, 0x33, 0x38, 0x3b, 0x32, 0x3b, 0x32, 0x35, 0x35, 0x3b, 0x32, 0x35, 0x35, 
    0x3b, 0x32, 0x35, 0x35, 0x6d, 0x4d, 0x1b, 0x5b, 0x30, 0x6d, 0x1b, 0x5b, 0x33, 0x38, 0x3b, 0x32, 
    0x3b, 0x32, 0x35, 0x35, 0x3b, 0x32, 0x35, 0x35, 0x3b, 0x32, 0x35, 0x35, 0x6d, 0x4d, 0x1b, 0x5b, 
    0x30, 0x6d, 0x1b, 0x5b, 0x33, 0x38, 0x3b, 0x32, 0x3b, 0x32, 0x35, 0x35, 0x3b, 0x32, 0x35, 0x35, 
    0x3b, 0x32, 0x35, 0x35, 0x6d, 0x4d, 0x1b, 0x5b, 0x30, 0x6d, 0x1b, 0x5b, 0x33, 0x38, 0x3b, 0x32, 
    0x3b, 0x32, 0x35, 0x35, 0x3b, 0x32, 0x35, 0x35, 0x3b, 0x32, 0x35, 0x35, 0x6d, 0x4d, 0x1b, 0x5b, 
    0x30, 0x6d, 0x1b, 0x5b, 0x33, 0x38, 0x3b, 0x32, 0x3b, 0x32, 0x35, 0x35, 0x3b, 0x32, 0x35, 0x35, 
    0x3b, 0x32, 0x35, 0x35, 0x6d, 0x4d, 0x1b, 0x5b, 0x30, 0x6d, 0x1b, 0x5b, 0x33, 0x38, 0x3b, 0x32, 
    0x3b, 0x32, 0x35, 0x35, 0x3b, 0x32, 0x35, 0x35, 0x3b, 0x32, 0x35, 0x35, 0x6d, 0x4d, 0x1b, 0x5b, 
    0x30, 0x6d, 0x1b, 0x5b, 0x33, 0x38, 0x3b, 0x32, 0x3b, 0x32, 0x35, 0x35, 0x3b, 0x32, 0x35, 0x35, 
    0x3b, 0x32, 0x35, 0x35, 0x6d, 0x4d, 0x1b, 0x5b, 0x30, 0x6d, 0x1b, 0x5b, 0x33, 0x38, 0x3b, 0x32, 
    0x3b, 0x32, 0x35, 0x35, 0x3b, 0x32, 0x35, 0x35, 0x3b, 0x32, 0x35, 0x35, 0x6d, 0x4d, 0x1b, 0x5b, 
    0x30, 0x6d, 0x1b, 0x5b, 0x33, 0x38, 0x3b, 0x32, 0x3b, 0x32, 0x35, 0x35, 0x3b, 0x32, 0x35, 0x35, 
    0x3b, 0x32, 0x35, 0x35, 0x6d, 0x4d, 0x1b, 0x5b, 0x30, 0x6d, 0x1b, 0x5b, 0x33, 0x38, 0x3b, 0x32, 
    0x3b, 0x30, 0x3b, 0x30, 0x3b, 0x30, 0x6d, 0x20, 0x1b, 0x5b, 0x30, 0x6d, 0x1b, 0x5b, 0x33, 0x38, 
    0x3b, 0x32, 0x3b, 0x30, 0x3b, 0x30, 0x3b, 0x30, 0x6d, 0x20, 0x1b, 0x5b, 0x30, 0x6d, 0x1b, 0x5b, 
    0x33, 0x38, 0x3b, 0x32, 0x3b, 0x30, 0x3b, 0x30, 0x3b, 0x30, 0x6d, 0x20, 0x1b, 0x5b, 0x30, 0x6d, 
    0x1b, 0x5b, 0x33, 0x38, 0x3b, 0x32, 0x3b, 0x30, 0x3b, 0x30, 0x3b, 0x30, 0x6d, 0x20, 0x1b, 0x5b, 
    0x30, 0x6d, 0x1b, 0x5b, 0x33, 0x38, 0x3b, 0x32, 0x3b, 0x30, 0x3b, 0x30, 0x3b, 0x30, 0x6d, 0x20, 
    0x1b, 0x5b, 0x30, 0x6d, 0x1b, 0x5b, 0x33, 0x38, 0x3b, 0x32, 0x3b, 0x30, 0x3b, 0x30, 0x3b, 0x30, 
    0x6d, 0x20, 0x1b, 0x5b, 0x30, 0x6d, 0x1b, 0x5b, 0x33, 0x38, 0x3b, 0x32, 0x3b, 0x30, 0x3b, 0x30, 
    0x3b, 0x30, 0x6d, 0x20, 0x1b, 0x5b, 0x30, 0x6d, 0x1b, 0x5b, 0x33, 0x38, 0x3b, 0x32, 0x3b, 0x31, 
    0x32, 0x38, 0x3b, 0x31, 0x32, 0x38, 0x3b, 0x31, 0x32, 0x38, 0x6d, 0x6c, 0x1b, 0x5b, 0x30, 0x6d, 
    0x1b, 0x5b, 0x33, 0x38, 0x3b, 0x32, 0x3b, 0x31, 0x32, 0x38, 0x3b, 0x31, 0x32, 0x38, 0x3b, 0x31, 
    0x32, 0x38, 0x6d, 0x6c, 0x1b, 0x5b, 0x30, 0x6d, 0x1b, 0x5b, 0x33, 0x38, 0x3b, 0x32, 0x3b, 0x32, 
    0x35, 0x35, 0x3b, 0x32, 0x35, 0x35, 0x3b, 0x32, 0x35, 0x35, 0x6d, 0x4d, 0x1b, 0x5b, 0x30, 0x6d, 
    0x1b, 0x5b, 0x33, 0x38, 0x3b, 0x32, 0x3b, 0x32, 0x35, 0x35, 0x3b, 0x32, 0x35, 0x35, 0x3b, 0x32, 
    0x35, 0x35, 0x6d, 0x4d, 0x1b, 0x5b, 0x30, 0x6d, 0x1b, 0x5b, 0x33, 0x38, 0x3b, 0x32, 0x3b, 0x32, 
    0x35, 0x35, 0x3b, 0x32, 0x35, 0x35, 0x3b, 0x32, 0x35, 0x35, 0x6d, 0x4d, 0x1b, 0x5b, 0x30, 0x6d, 
    0x1b, 0x5b, 0x33, 0x38, 0x3b, 0x32, 0x3b, 0x32, 0x35, 0x35, 0x3b, 0x32, 0x35, 0x35, 0x3b, 0x32, 
    0x35, 0x35, 0x6d, 0x4d, 0x1b, 0x5b, 0x30, 0x6d, 0x1b, 0x5b, 0x33, 0x38, 0x3b, 0x32, 0x3b, 0x32, 
    0x35, 0x35, 0x3b, 0x32, 0x35, 0x35, 0x3b, 0x32, 0x35, 0x35, 0x6d, 0x4d, 0x1b, 0x5b, 0x30, 0x6d, 
    0x1b, 0x5b, 0x33, 0x38, 0x3b, 0x32, 0x3b, 0x32, 0x35, 0x35, 0x3b, 0x32, 0x35, 0x35, 0x3b, 0x32, 
    0x35, 0x35, 0x6d, 0x4d, 0x1b, 0x5b, 0x30, 0x6d, 0x1b, 0x5b, 0x33, 0x38, 0x3b, 0x32, 0x3b, 0x32, 
    0x35, 0x35, 0x3b, 0x32, 0x35, 0x35, 0x3b, 0x32, 0x35, 0x35, 0x6d, 0x4d, 0x1b, 0x5b, 0x30, 0x6d, 
    0x1b, 0x5b, 0x33, 0x38, 0x3b, 0x32, 0x3b, 0x32, 0x35, 0x35, 0x3b, 0x32, 0x35, 0x35, 0x3b, 0x32, 
    0x35, 0x35, 0x6d, 0x4d, 0x1b, 0x5b, 0x30, 0x6d, 0x1b, 0x5b, 0x33, 0x38, 0x3b, 0x32, 0x3b, 0x32, 
    0x35, 0x35, 0x3b, 0x32, 0x35, 0x35, 0x3b, 0x32, 0x35, 0x35, 0x6d, 0x4d, 0x1b, 0x5b, 0x30, 0x6d, 
    0x1b, 0x5b, 0x33, 0x38, 0x3b, 0x32, 0x3b, 0x32, 0x35, 0x35, 0x3b, 0x32, 0x35, 0x35, 0x3b, 0x32, 
    0x35, 0x35, 0x6d, 0x4d, 0x1b, 0x5b, 0x30, 0x6d, 0x1b, 0x5b, 0x33, 0x38, 0x3b, 0x32, 0x3b, 0x32, 
    0x35, 0x35, 0x3b, 0x32, 0x35, 0x35, 0x3b, 0x32, 0x35, 0x35, 0x6d, 0x4d, 0x1b, 0x5b, 0x30, 0x6d, 
    0x1b, 0x5b, 0x33, 0x38, 0x3b, 0x32, 0x3b, 0x32, 0x35, 0x35, 0x3b, 0x32, 0x35, 0x35, 0x3b, 0x32, 
    0x35, 0x35, 0x6d, 0x4d, 0x1b, 0x5b, 0x30, 0x6d, 0x1b, 0x5b, 0x33, 0x38, 0x3b, 0x32, 0x3b, 0x32, 
    0x35, 0x35, 0x3b, 0x32, 0x35, 0x35, 0x3b, 0x32, 0x35, 0x35, 0x6d, 0x4d, 0x1b, 0x5b, 0x30, 0x6d, 
    0x1b, 0x5b, 0x33, 0x38, 0x3b, 0x32, 0x3b, 0x32, 0x35, 0x35, 0x3b, 0x32, 0x35, 0x35, 0x3b, 0x32, 
    0x35, 0x35, 0x6d, 0x4d, 0x1b, 0x5b, 0x30, 0x6d, 0x1b, 0x5b, 0x33, 0x38, 0x3b, 0x32, 0x3b, 0x32, 
    0x35, 0x35, 0x3b, 0x32, 0x35, 0x35, 0x3b, 0x32, 0x35, 0x35, 0x6d, 0x4d, 0x1b, 0x5b, 0x30, 0x6d, 
    0x1b, 0x5b, 0x33, 0x38, 0x3b, 0x32, 0x3b, 0x32, 0x35, 0x35, 0x3b, 0x32, 0x35, 0x35, 0x3b, 0x32, 
    0x35, 0x35, 0x6d, 0x4d, 0x1b, 0x5b, 0x30, 0x6d, 0x1b, 0x5b, 0x33, 0x38, 0x3b, 0x32, 0x3b, 0x32, 
    0x35, 0x35, 0x3b, 0x32, 0x35, 0x35, 0x3b, 0x32, 0x35, 0x35, 0x6d, 0x4d, 0x1b, 0x5b, 0x30, 0x6d, 
    0x1b, 0x5b, 0x33, 0x38, 0x3b, 0x32, 0x3b, 0x32, 0x35, 0x35, 0x3b, 0x32, 0x35, 0x35, 0x3b, 0x32, 
    0x35, 0x35, 0x6d, 0x4d, 0x1b, 0x5b, 0x30, 0x6d, 0x1b, 0x5b, 0x33, 0x38, 0x3b, 0x32, 0x3b, 0x32, 
    0x35, 0x35, 0x3b, 0x32, 0x35, 0x35, 0x3b, 0x32, 0x35, 0x35, 0x6d, 0x4d, 0x1b, 0x5b, 0x30, 0x6d, 
    0x1b, 0x5b, 0x33, 0x38, 0x3b, 0x32, 0x3b, 0x32, 0x35, 0x35, 0x3b, 0x32, 0x35, 0x35, 0x3b, 0x32, 
    0x35, 0x35, 0x6d, 0x4d, 0x1b, 0x5b, 0x30, 0x6d, 0x1b, 0x5b, 0x33, 0x38, 0x3b, 0x32, 0x3b, 0x31, 
    0x39, 0x31, 0x3b, 0x31, 0x39, 0x31, 0x3b, 0x31, 0x39, 0x31, 0x6d, 0x30, 0x1b, 0x5b, 0x30, 0x6d, 
    0x1b, 0x5b, 0x33, 0x38, 0x3b, 0x32, 0x3b, 0x31, 0x32, 0x38, 0x3b, 0x31, 0x32, 0x38, 0x3b, 0x31, 
    0x32, 0x38, 0x6d, 0x6c, 0x1b, 0x5b, 0x30, 0x6d, 0x1b, 0x5b, 0x33, 0x38, 0x3b, 0x32, 0x3b, 0x31, 
    0x32, 0x38, 0x3b, 0x31, 0x32, 0x38, 0x3b, 0x31, 0x32, 0x38, 0x6d, 0x6c, 0x1b, 0x5b, 0x30, 0x6d, 
    0x1b, 0x5b, 0x33, 0x38, 0x3b, 0x32, 0x3b, 0x30, 0x3b, 0x30, 0x3b, 0x30, 0x6d, 0x20, 0x1b, 0x5b, 
    0x30, 0x6d, 0x1b, 0x5b, 0x33, 0x38, 0x3b, 0x32, 0x3b, 0x30, 0x3b, 0x30, 0x3b, 0x30, 0x6d, 0x20, 
    0x1b, 0x5b, 0x30, 0x6d, 0x1b, 0x5b, 0x33, 0x38, 0x3b, 0x32, 0x3b, 0x31, 0x32, 0x38, 0x3b, 0x31, 
    0x32, 0x38, 0x3b, 0x31, 0x32, 0x38, 0x6d, 0x6c, 0x1b, 0x5b, 0x30, 0x6d, 0x1b, 0x5b, 0x33, 0x38, 
    0x3b, 0x32, 0x3b, 0x31, 0x32, 0x38, 0x3b, 0x31, 0x32, 0x38, 0x3b, 0x31, 0x32, 0x38, 0x6d, 0x6c, 
    0x1b, 0x5b, 0x30, 0x6d, 0x1b, 0x5b, 0x33, 0x38, 0x3b, 0x32, 0x3b, 0x36, 0x34, 0x3b, 0x36, 0x34, 
    0x3b, 0x36, 0x34, 0x6d, 0x27, 0x1b, 0x5b, 0x30, 0x6d, 0x1b, 0x5b, 0x33, 0x38, 0x3b, 0x32, 0x3b, 
    0x30, 0x3b, 0x30, 0x3b, 0x30, 0x6d, 0x20, 0x1b, 0x5b, 0x30, 0x6d, 0x1b, 0x5b, 0x33, 0x38, 0x3b, 
    0x32, 0x3b, 0x30, 0x3b, 0x30, 0x3b, 0x30, 0x6d, 0x20, 0x1b, 0x5b, 0x30, 0x6d, 0x1b, 0x5b, 0x33, 
    0x38, 0x3b, 0x32, 0x3b, 0x30, 0x3b, 0x30, 0x3b, 0x30, 0x6d, 0x20, 0x1b, 0x5b, 0x30, 0x6d, 0x1b, 
    0x5b, 0x33, 0x38, 0x3b, 0x32, 0x3b, 0x30, 0x3b, 0x30, 0x3b, 0x30, 0x6d, 0x20, 0x1b, 0x5b, 0x30, 
    0x6d, 0x1b, 0x5b, 0x33, 0x38, 0x3b, 0x32, 0x3b, 0x32, 0x35, 0x35, 0x3b, 0x32, 0x35, 0x35, 0x3b, 
    0x32, 0x35, 0x35, 0x6d, 0x4d, 0x1b, 0x5b, 0x30, 0x6d, 0x1b, 0x5b, 0x33, 0x38, 0x3b, 0x32, 0x3b, 
    0x32, 0x35, 0x35, 0x3b, 0x32, 0x35, 0x35, 0x3b, 0x32, 0x35, 0x35, 0x6d, 0x4d, 0x1b, 0x5b, 0x30, 
    0x6d, 0x1b, 0x5b, 0x33, 0x38, 0x3b, 0x32, 0x3b, 0x32, 0x35, 0x35, 0x3b, 0x32, 0x35, 0x35, 0x3b, 
    0x32, 0x35, 0x35, 0x6d, 0x4d, 0x1b, 0x5b, 0x30, 0x6d, 0x1b, 0x5b, 0x33, 0x38, 0x3b, 0x32, 0x3b, 
    0x32, 0x35, 0x35, 0x3b, 0x32, 0x35, 0x35, 0x3b, 0x32, 0x35, 0x35, 0x6d, 0x4d, 0x1b, 0x5b, 0x30, 
    0x6d, 0x1b, 0x5b, 0x33, 0x38, 0x3b, 0x32, 0x3b, 0x32, 0x35, 0x35, 0x3b, 0x32, 0x35, 0x35, 0x3b, 
    0x32, 0x35, 0x35, 0x6d, 0x4d, 0x1b, 0x5b, 0x30, 0x6d, 0x1b, 0x5b, 0x33, 0x38, 0x3b, 0x32, 0x3b, 
    0x32, 0x35, 0x35, 0x3b, 0x32, 0x35, 0x35, 0x3b, 0x32, 0x35, 0x35, 0x6d, 0x4d, 0x1b, 0x5b, 0x30, 
    0x6d, 0x1b, 0x5b, 0x33, 0x38, 0x3b, 0x32, 0x3b, 0x32, 0x35, 0x35, 0x3b, 0x32, 0x35, 0x35, 0x3b, 
    0x32, 0x35, 0x35, 0x6d, 0x4d, 0x1b, 0x5b, 0x30, 0x6d, 0x1b, 0x5b, 0x33, 0x38, 0x3b, 0x32, 0x3b, 
    0x32, 0x35, 0x35, 0x3b, 0x32, 0x35, 0x35, 0x3b, 0x32, 0x35, 0x35, 0x6d, 0x4d, 0x1b, 0x5b, 0x30, 
    0x6d, 0x1b, 0x5b, 0x33, 0x38, 0x3b, 0x32, 0x3b, 0x32, 0x35, 0x35, 0x3b, 0x32, 0x35, 0x35, 0x3b, 
    0x32, 0x35, 0x35, 0x6d, 0x4d, 0x1b, 0x5b, 0x30, 0x6d, 0x1b, 0x5b, 0x33, 0x38, 0x3b, 0x32, 0x3b, 
    0x32, 0x35, 0x35, 0x3b, 0x32, 0x35, 0x35, 0x3b, 0x32, 0x35, 0x35, 0x6d, 0x4d, 0x1b, 0x5b, 0x30, 
    0x6d, 0x1b, 0x5b, 0x33, 0x38, 0x3b, 0x32, 0x3b, 0x32, 0x35, 0x35, 0x3b, 0x32, 0x35, 0x35, 0x3b, 
    0x32, 0x35, 0x35, 0x6d, 0x4d, 0x1b, 0x5b, 0x30, 0x6d, 0x1b, 0x5b, 0x33, 0x38, 0x3b, 0x32, 0x3b, 
    0x32, 0x35, 0x35, 0x3b, 0x32, 0x35, 0x35, 0x3b, 0x32, 0x35, 0x35, 0x6d, 0x4d, 0x1b, 0x5b, 0x30, 
    0x6d, 0x1b, 0x5b, 0x33, 0x38, 0x3b, 0x32, 0x3b, 0x32, 0x35, 0x35, 0x3b, 0x32, 0x35, 0x35, 0x3b, 
    0x32, 0x35, 0x35, 0x6d, 0x4d, 0x1b, 0x5b, 0x30, 0x6d, 0x1b, 0x5b, 0x33, 0x38, 0x3b, 0x32, 0x3b, 
    0x32, 0x35, 0x35, 0x3b, 0x32, 0x35, 0x35, 0x3b, 0x32, 0x35, 0x35, 0x6d, 0x4d, 0x1b, 0x5b, 0x30, 
    0x6d, 0x1b, 0x5b, 0x33, 0x38, 0x3b, 0x32, 0x3b, 0x32, 0x35, 0x35, 0x3b, 0x32, 0x35, 0x35, 0x3b, 
    0x32, 0x35, 0x35, 0x6d, 0x4d, 0x1b, 0x5b, 0x30, 0x6d, 0x1b, 0x5b, 0x33, 0x38, 0x3b, 0x32, 0x3b, 
    0x32, 0x35, 0x35, 0x3b, 0x32, 0x35, 0x35, 0x3b, 0x32, 0x35, 0x35, 0x6d, 0x4d, 0x1b, 0x5b, 0x30, 
    0x6d, 0x1b, 0x5b, 0x33, 0x38, 0x3b, 0x32, 0x3b, 0x32, 0x35, 0x35, 0x3b, 0x32, 0x35, 0x35, 0x3b, 
    0x32, 0x35, 0x35, 0x6d, 0x4d, 0x1b, 0x5b, 0x30, 0x6d, 0x1b, 0x5b, 0x33, 0x38, 0x3b, 0x32, 0x3b, 
    0x32, 0x35, 0x35, 0x3b, 0x32, 0x35, 0x35, 0x3b, 0x32, 0x35, 0x35, 0x6d, 0x4d, 0x1b, 0x5b, 0x30, 
    0x6d, 0x1b, 0x5b, 0x33, 0x38, 0x3b, 0x32, 0x3b, 0x32, 0x35, 0x35, 0x3b, 0x32, 0x35, 0x35, 0x3b, 
    0x32, 0x35, 0x35, 0x6d, 0x4d, 0x1b, 0x5b, 0x30, 0x6d, 0x1b, 0x5b, 0x33, 0x38, 0x3b, 0x32, 0x3b, 
    0x32, 0x35, 0x35, 0x3b, 0x32, 0x35, 0x35, 0x3b, 0x32, 0x35, 0x35, 0x6d, 0x4d, 0x1b, 0x5b, 0x30, 
    0x6d, 0x1b, 0x5b, 0x33, 0x38, 0x3b, 0x32, 0x3b, 0x32, 0x35, 0x35, 0x3b, 0x32, 0x35, 0x35, 0x3b, 
    0x32, 0x35, 0x35, 0x6d, 0x4d, 0x1b, 0x5b, 0x30, 0x6d, 0x1b, 0x5b, 0x33, 0x38, 0x3b, 0x32, 0x3b, 
    0x32, 0x35, 0x35, 0x3b, 0x32, 0x35, 0x35, 0x3b, 0x32, 0x35, 0x35, 0x6d, 0x4d, 0x1b, 0x5b, 0x30, 
    0x6d, 0x1b, 0x5b, 0x33, 0x38, 0x3b, 0x32, 0x3b, 0x32, 0x35, 0x35, 0x3b, 0x32, 0x35, 0x35, 0x3b, 
    0x32, 0x35, 0x35, 0x6d, 0x4d, 0x1b, 0x5b, 0x30, 0x6d, 0x1b, 0x5b, 0x33, 0x38, 0x3b, 0x32, 0x3b, 
    0x32, 0x35, 0x35, 0x3b, 0x32, 0x35, 0x35, 0x3b, 0x32, 0x35, 0x35, 0x6d, 0x4d, 0x1b, 0x5b, 0x30, 
    0x6d, 0x1b, 0x5b, 0x33, 0x38, 0x3b, 0x32, 0x3b, 0x32, 0x35, 0x35, 0x3b, 0x32, 0x35, 0x35, 0x3b, 
    0x32, 0x35, 0x35, 0x6d, 0x4d, 0x1b, 0x5b, 0x30, 0x6d, 0x1b, 0x5b, 0x33, 0x38, 0x3b, 0x32, 0x3b, 
    0x32, 0x35, 0x35, 0x3b, 0x32, 0x35, 0x35, 0x3b, 0x32, 0x35, 0x35, 0x6d, 0x4d, 0x1b, 0x5b, 0x30, 
    0x6d, 0x1b, 0x5b, 0x33, 0x38, 0x3b, 0x32, 0x3b, 0x32, 0x35, 0x35, 0x3b, 0x32, 0x35, 0x35, 0x3b, 
    0x32, 0x35, 0x35, 0x6d, 0x4d, 0x1b, 0x5b, 0x30, 0x6d, 0x0a, 0x1b, 0x5b, 0x30, 0x6d, 0x1b, 0x5b, 
    0x33, 0x38, 0x3b, 0x32, 0x3b, 0x32, 0x35, 0x35, 0x3b, 0x32, 0x35, 0x35, 0x3b, 0x32, 0x35, 0x35, 
    0x6d, 0x4d, 0x1b, 0x5b, 0x30, 0x6d, 0x1b, 0x5b, 0x33, 0x38, 0x3b, 0x32, 0x3b, 0x32, 0x35, 0x35, 
    0x3b, 0x32, 0x35, 0x35, 0x3b, 0x32, 0x35, 0x35, 0x6d, 0x4d, 0x1b, 0x5b, 0x30, 0x6d, 0x1b, 0x5b, 
    0x33, 0x38, 0x3b, 0x32, 0x3b, 0x32, 0x35, 0x35, 0x3b, 0x32, 0x35, 0x35, 0x3b, 0x32, 0x35, 0x35, 
    0x6d, 0x4d, 0x1b, 0x5b, 0x30, 0x6d, 0x1b, 0x5b, 0x33, 0x38, 0x3b, 0x32, 0x3b, 0x32, 0x35, 0x35, 
    0x3b, 0x32, 0x35, 0x35, 0x3b, 0x32, 0x35, 0x35, 0x6d, 0x4d, 0x1b, 0x5b, 0x30, 0x6d, 0x1b, 0x5b, 
    0x33, 0x38, 0x3b, 0x32, 0x3b, 0x32, 0x35, 0x35, 0x3b, 0x32, 0x35, 0x35, 0x3b, 0x32, 0x35, 0x35, 
    0x6d, 0x4d, 0x1b, 0x5b, 0x30, 0x6d, 0x1b, 0x5b, 0x33, 0x38, 0x3b, 0x32, 0x3b, 0x32, 0x35, 0x35, 
    0x3b, 0x32, 0x35, 0x35, 0x3b, 0x32, 0x35, 0x35, 0x6d, 0x4d, 0x1b, 0x5b, 0x30, 0x6d, 0x1b, 0x5b, 
    0x33, 0x38, 0x3b, 0x32, 0x3b, 0x32, 0x35, 0x35, 0x3b, 0x32, 0x35, 0x35, 0x3b, 0x32, 0x35, 0x35, 
    0x6d, 0x4d, 0x1b, 0x5b, 0x30, 0x6d, 0x1b, 0x5b, 0x33, 0x38, 0x3b, 0x32, 0x3b, 0x32, 0x35, 0x35, 
    0x3b, 0x32, 0x35, 0x35, 0x3b, 0x32, 0x35, 0x35, 0x6d, 0x4d, 0x1b, 0x5b, 0x30, 0x6d, 0x1b, 0x5b, 
    0x33, 0x38, 0x3b, 0x32, 0x3b, 0x32, 0x35, 0x35, 0x3b, 0x32, 0x35, 0x35, 0x3b, 0x32, 0x35, 0x35, 
    0x6d, 0x4d, 0x1b, 0x5b, 0x30, 0x6d, 0x1b, 0x5b, 0x33, 0x38, 0x3b, 0x32, 0x3b, 0x32, 0x35, 0x35, 
    0x3b, 0x32, 0x35, 0x35, 0x3b, 0x32, 0x35, 0x35, 0x6d, 0x4d, 0x1b, 0x5b, 0x30, 0x6d, 0x1b, 0x5b, 
    0x33, 0x38, 0x3b, 0x32, 0x3b, 0x32, 0x35, 0x35, 0x3b, 0x32, 0x35, 0x35, 0x3b, 0x32, 0x35, 0x35, 
    0x6d, 0x4d, 0x1b, 0x5b, 0x30, 0x6d, 0x1b, 0x5b, 0x33, 0x38, 0x3b, 0x32, 0x3b, 0x31, 0x32, 0x38, 
    0x3b, 0x31, 0x32, 0x38, 0x3b, 0x31, 0x32, 0x38, 0x6d, 0x6c, 0x1b, 0x5b, 0x30, 0x6d, 0x1b, 0x5b, 
    0x33, 0x38, 0x3b, 0x32, 0x3b, 0x30, 0x3b, 0x30, 0x3b, 0x30, 0x6d, 0x20, 0x1b, 0x5b, 0x30, 0x6d, 
    0x1b, 0x5b, 0x33, 0x38, 0x3b, 0x32, 0x3b, 0x37, 0x37, 0x3b, 0x37, 0x37, 0x3b, 0x37, 0x37, 0x6d, 
    0x2c, 0x1b, 0x5b, 0x30, 0x6d, 0x1b, 0x5b, 0x33, 0x38, 0x3b, 0x32, 0x3b, 0x31, 0x35, 0x33, 0x3b, 
    0x31, 0x35, 0x33, 0x3b, 0x31, 0x35, 0x33, 0x6d, 0x64, 0x1b, 0x5b, 0x30, 0x6d, 0x1b, 0x5b, 0x33, 
    0x38, 0x3b, 0x32, 0x3b, 0x31, 0x35, 0x33, 0x3b, 0x31, 0x35, 0x33, 0x3b, 0x31, 0x35, 0x33, 0x6d, 
    0x64, 0x1b, 0x5b, 0x30, 0x6d, 0x1b, 0x5b, 0x33, 0x38, 0x3b, 0x32, 0x3b, 0x31, 0x35, 0x33, 0x3b, 
    0x31, 0x35, 0x33, 0x3b, 0x31, 0x35, 0x33, 0x6d, 0x64, 0x1b, 0x5b, 0x30, 0x6d, 0x1b, 0x5b, 0x33, 
    0x38, 0x3b, 0x32, 0x3b, 0x31, 0x35, 0x33, 0x3b, 0x31, 0x35, 0x33, 0x3b, 0x31, 0x35, 0x33, 0x6d, 
    0x64, 0x1b, 0x5b, 0x30, 0x6d, 0x1b, 0x5b, 0x33, 0x38, 0x3b, 0x32, 0x3b, 0x32, 0x35, 0x35, 0x3b, 
    0x32, 0x35, 0x35, 0x3b, 0x32, 0x35, 0x35, 0x6d, 0x4d, 0x1b, 0x5b, 0x30, 0x6d, 0x1b, 0x5b, 0x33, 
    0x38, 0x3b, 0x32, 0x3b, 0x32, 0x35, 0x35, 0x3b, 0x32, 0x35, 0x35, 0x3b, 0x32, 0x35, 0x35, 0x6d, 
    0x4d, 0x1b, 0x5b, 0x30, 0x6d, 0x1b, 0x5b, 0x33, 0x38, 0x3b, 0x32, 0x3b, 0x32, 0x35, 0x35, 0x3b, 
    0x32, 0x35, 0x35, 0x3b, 0x32, 0x35, 0x35, 0x6d, 0x4d, 0x1b, 0x5b, 0x30, 0x6d, 0x1b, 0x5b, 0x33, 
    0x38, 0x3b, 0x32, 0x3b, 0x32, 0x35, 0x35, 0x3b, 0x32, 0x35, 0x35, 0x3b, 0x32, 0x35, 0x35, 0x6d, 
    0x4d, 0x1b, 0x5b, 0x30, 0x6d, 0x1b, 0x5b, 0x33, 0x38, 0x3b, 0x32, 0x3b, 0x32, 0x35, 0x35, 0x3b, 
    0x32, 0x35, 0x35, 0x3b, 0x32, 0x35, 0x35, 0x6d, 0x4d, 0x1b, 0x5b, 0x30, 0x6d, 0x1b, 0x5b, 0x33, 
    0x38, 0x3b, 0x32, 0x3b, 0x32, 0x35, 0x35, 0x3b, 0x32, 0x35, 0x35, 0x3b, 0x32, 0x35, 0x35, 0x6d, 
    0x4d, 0x1b, 0x5b, 0x30, 0x6d, 0x1b, 0x5b, 0x33, 0x38, 0x3b, 0x32, 0x3b, 0x32, 0x35, 0x35, 0x3b, 
    0x32, 0x35, 0x35, 0x3b, 0x32, 0x35, 0x35, 0x6d, 0x4d, 0x1b, 0x5b, 0x30, 0x6d, 0x1b, 0x5b, 0x33, 
    0x38, 0x3b, 0x32, 0x3b, 0x32, 0x35, 0x35, 0x3b, 0x32, 0x35, 0x35, 0x3b, 0x32, 0x35, 0x35, 0x6d, 
    0x4d, 0x1b, 0x5b, 0x30, 0x6d, 0x1b, 0x5b, 0x33, 0x38, 0x3b, 0x32, 0x3b, 0x32, 0x35, 0x35, 0x3b, 
    0x32, 0x35, 0x35, 0x3b, 0x32, 0x35, 0x35, 0x6d, 0x4d, 0x1b, 0x5b, 0x30, 0x6d, 0x1b, 0x5b, 0x33, 
    0x38, 0x3b, 0x32, 0x3b, 0x32, 0x35, 0x35, 0x3b, 0x32, 0x35, 0x35, 0x3b, 0x32, 0x35, 0x35, 0x6d, 
    0x4d, 0x1b, 0x5b, 0x30, 0x6d, 0x1b, 0x5b, 0x33, 0x38, 0x3b, 0x32, 0x3b, 0x32, 0x35, 0x35, 0x3b, 
    0x32, 0x35, 0x35, 0x3b, 0x32, 0x35, 0x35, 0x6d, 0x4d, 0x1b, 0x5b, 0x30, 0x6d, 0x1b, 0x5b, 0x33, 
    0x38, 0x3b, 0x32, 0x3b, 0x32, 0x35, 0x35, 0x3b, 0x32, 0x35, 0x35, 0x3b, 0x32, 0x35, 0x35, 0x6d, 
    0x4d, 0x1b, 0x5b, 0x30, 0x6d, 0x1b, 0x5b, 0x33, 0x38, 0x3b, 0x32, 0x3b, 0x32, 0x35, 0x35, 0x3b, 
    0x32, 0x35, 0x35, 0x3b, 0x32, 0x35, 0x35, 0x6d, 0x4d, 0x1b, 0x5b, 0x30, 0x6d, 0x1b, 0x5b, 0x33, 
    0x38, 0x3b, 0x32, 0x3b, 0x32, 0x35, 0x35, 0x3b, 0x32, 0x35, 0x35, 0x3b, 0x32, 0x35, 0x35, 0x6d, 
    0x4d, 0x1b, 0x5b, 0x30, 0x6d, 0x1b, 0x5b, 0x33, 0x38, 0x3b, 0x32, 0x3b, 0x30, 0x3b, 0x30, 0x3b, 
    0x30, 0x6d, 0x20, 0x1b, 0x5b, 0x30, 0x6d, 0x1b, 0x5b, 0x33, 0x38, 0x3b, 0x32, 0x3b, 0x30, 0x3b, 
    0x30, 0x3b, 0x30, 0x6d, 0x20, 0x1b, 0x5b, 0x30, 0x6d, 0x1b, 0x5b, 0x33, 0x38, 0x3b, 0x32, 0x3b, 
    0x30, 0x3b, 0x30, 0x3b, 0x30, 0x6d, 0x20, 0x1b, 0x5b, 0x30, 0x6d, 0x1b, 0x5b, 0x33, 0x38, 0x3b, 
    0x32, 0x3b, 0x30, 0x3b, 0x30, 0x3b, 0x30, 0x6d, 0x20, 0x1b, 0x5b, 0x30, 0x6d, 0x1b, 0x5b, 0x33, 
    0x38, 0x3b, 0x32, 0x3b, 0x30, 0x3b, 0x30, 0x3b, 0x30, 0x6d, 0x20, 0x1b, 0x5b, 0x30, 0x6d, 0x1b, 
    0x5b, 0x33, 0x38, 0x3b, 0x32, 0x3b, 0x30, 0x3b, 0x30, 0x3b, 0x30, 0x6d, 0x20, 0x1b, 0x5b, 0x30, 
    0x6d, 0x1b, 0x5b, 0x33, 0x38, 0x3b, 0x32, 0x3b, 0x30, 0x3b, 0x30, 0x3b, 0x30, 0x6d, 0x20, 0x1b, 
    0x5b, 0x30, 0x6d, 0x1b, 0x5b, 0x33, 0x38, 0x3b, 0x32, 0x3b, 0x30, 0x3b, 0x30, 0x3b, 0x30, 0x6d, 
    0x20, 0x1b, 0x5b, 0x30, 0x6d, 0x1b, 0x5b, 0x33, 0x38, 0x3b, 0x32, 0x3b, 0x30, 0x3b, 0x30, 0x3b, 
    0x30, 0x6d, 0x20, 0x1b, 0x5b, 0x30, 0x6d, 0x1b, 0x5b, 0x33, 0x38, 0x3b, 0x32, 0x3b, 0x32, 0x35, 
    0x35, 0x3b, 0x32, 0x35, 0x35, 0x3b, 0x32, 0x35, 0x35, 0x6d, 0x4d, 0x1b, 0x5b, 0x30, 0x6d, 0x1b, 
    0x5b, 0x33, 0x38, 0x3b, 0x32, 0x3b, 0x32, 0x35, 0x35, 0x3b, 0x32, 0x35, 0x35, 0x3b, 0x32, 0x35, 
    0x35, 0x6d, 0x4d, 0x1b, 0x5b, 0x30, 0x6d, 0x1b, 0x5b, 0x33, 0x38, 0x3b, 0x32, 0x3b, 0x32, 0x35, 
    0x35, 0x3b, 0x32, 0x35, 0x35, 0x3b, 0x32, 0x35, 0x35, 0x6d, 0x4d, 0x1b, 0x5b, 0x30, 0x6d, 0x1b, 
    0x5b, 0x33, 0x38, 0x3b, 0x32, 0x3b, 0x32, 0x35, 0x35, 0x3b, 0x32, 0x35, 0x35, 0x3b, 0x32, 0x35, 
    0x35, 0x6d, 0x4d, 0x1b, 0x5b, 0x30, 0x6d, 0x1b, 0x5b, 0x33, 0x38, 0x3b, 0x32, 0x3b, 0x32, 0x35, 
    0x35, 0x3b, 0x32, 0x35, 0x35, 0x3b, 0x32, 0x35, 0x35, 0x6d, 0x4d, 0x1b, 0x5b, 0x30, 0x6d, 0x1b, 
    0x5b, 0x33, 0x38, 0x3b, 0x32, 0x3b, 0x32, 0x35, 0x35, 0x3b, 0x32, 0x35, 0x35, 0x3b, 0x32, 0x35, 
    0x35, 0x6d, 0x4d, 0x1b, 0x5b, 0x30, 0x6d, 0x1b, 0x5b, 0x33, 0x38, 0x3b, 0x32, 0x3b, 0x32, 0x35, 
    0x35, 0x3b, 0x32, 0x35, 0x35, 0x3b, 0x32, 0x35, 0x35, 0x6d, 0x4d, 0x1b, 0x5b, 0x30, 0x6d, 0x1b, 
    0x5b, 0x33, 0x38, 0x3b, 0x32, 0x3b, 0x32, 0x35, 0x35, 0x3b, 0x32, 0x35, 0x35, 0x3b, 0x32, 0x35, 
    0x35, 0x6d, 0x4d, 0x1b, 0x5b, 0x30, 0x6d, 0x1b, 0x5b, 0x33, 0x38, 0x3b, 0x32, 0x3b, 0x32, 0x35, 
    0x35, 0x3b, 0x32, 0x35, 0x35, 0x3b, 0x32, 0x35, 0x35, 0x6d, 0x4d, 0x1b, 0x5b, 0x30, 0x6d, 0x1b, 
    0x5b, 0x33, 0x38, 0x3b, 0x32, 0x3b, 0x32, 0x35, 0x35, 0x3b, 0x32, 0x35, 0x35, 0x3b, 0x32, 0x35, 
    0x35, 0x6d, 0x4d, 0x1b, 0x5b, 0x30, 0x6d, 0x1b, 0x5b, 0x33, 0x38, 0x3b, 0x32, 0x3b, 0x32, 0x35, 
    0x35, 0x3b, 0x32, 0x35, 0x35, 0x3b, 0x32, 0x35, 0x35, 0x6d, 0x4d, 0x1b, 0x5b, 0x30, 0x6d, 0x1b, 
    0x5b, 0x33, 0x38, 0x3b, 0x32, 0x3b, 0x32, 0x35, 0x35, 0x3b, 0x32, 0x35, 0x35, 0x3b, 0x32, 0x35, 
    0x35, 0x6d, 0x4d, 0x1b, 0x5b, 0x30, 0x6d, 0x1b, 0x5b, 0x33, 0x38, 0x3b, 0x32, 0x3b, 0x32, 0x35, 
    0x35, 0x3b, 0x32, 0x35, 0x35, 0x3b, 0x32, 0x35, 0x35, 0x6d, 0x4d, 0x1b, 0x5b, 0x30, 0x6d, 0x1b, 
    0x5b, 0x33, 0x38, 0x3b, 0x32, 0x3b, 0x32, 0x35, 0x35, 0x3b, 0x32, 0x35, 0x35, 0x3b, 0x32, 0x35, 
    0x35, 0x6d, 0x4d, 0x1b, 0x5b, 0x30, 0x6d, 0x1b, 0x5b, 0x33, 0x38, 0x3b, 0x32, 0x3b, 0x32, 0x35, 
    0x35, 0x3b, 0x32, 0x35, 0x35, 0x3b, 0x32, 0x35, 0x35, 0x6d, 0x4d, 0x1b, 0x5b, 0x30, 0x6d, 0x1b, 
    0x5b, 0x33, 0x38, 0x3b, 0x32, 0x3b, 0x32, 0x35, 0x35, 0x3b, 0x32, 0x35, 0x35, 0x3b, 0x32, 0x35, 
    0x35, 0x6d, 0x4d, 0x1b, 0x5b, 0x30, 0x6d, 0x1b, 0x5b, 0x33, 0x38, 0x3b, 0x32, 0x3b, 0x32, 0x35, 
    0x35, 0x3b, 0x32, 0x35, 0x35, 0x3b, 0x32, 0x35, 0x35, 0x6d, 0x4d, 0x1b, 0x5b, 0x30, 0x6d, 0x1b, 
    0x5b, 0x33, 0x38, 0x3b, 0x32, 0x3b, 0x32, 0x35, 0x35, 0x3b, 0x32, 0x35, 0x35, 0x3b, 0x32, 0x35, 
    0x35, 0x6d, 0x4d, 0x1b, 0x5b, 0x30, 0x6d, 0x1b, 0x5b, 0x33, 0x38, 0x3b, 0x32, 0x3b, 0x32, 0x35, 
    0x35, 0x3b, 0x32, 0x35, 0x35, 0x3b, 0x32, 0x35, 0x35, 0x6d, 0x4d, 0x1b, 0x5b, 0x30, 0x6d, 0x1b, 
    0x5b, 0x33, 0x38, 0x3b, 0x32, 0x3b, 0x32, 0x35, 0x35, 0x3b, 0x32, 0x35, 0x35, 0x3b, 0x32, 0x35, 
    0x35, 0x6d, 0x4d, 0x1b, 0x5b, 0x30, 0x6d, 0x1b, 0x5b, 0x33, 0x38, 0x3b, 0x32, 0x3b, 0x31, 0x32, 
    0x38, 0x3b, 0x31, 0x32, 0x38, 0x3b, 0x31, 0x32, 0x38, 0x6d, 0x6c, 0x1b, 0x5b, 0x30, 0x6d, 0x1b, 
    0x5b, 0x33, 0x38, 0x3b, 0x32, 0x3b, 0x30, 0x3b, 0x30, 0x3b, 0x30, 0x6d, 0x20, 0x1b, 0x5b, 0x30, 
    0x6d, 0x1b, 0x5b, 0x33, 0x38, 0x3b, 0x32, 0x3b, 0x30, 0x3b, 0x30, 0x3b, 0x30, 0x6d, 0x20, 0x1b, 
    0x5b, 0x30, 0x6d, 0x1b, 0x5b, 0x33, 0x38, 0x3b, 0x32, 0x3b, 0x31, 0x30, 0x32, 0x3b, 0x31, 0x30, 
    0x32, 0x3b, 0x31, 0x30, 0x32, 0x6d, 0x3a, 0x1b, 0x5b, 0x30, 0x6d, 0x1b, 0x5b, 0x33, 0x38, 0x3b, 
    0x32, 0x3b, 0x31, 0x30, 0x32, 0x3b, 0x31, 0x30, 0x32, 0x3b, 0x31, 0x30, 0x32, 0x6d, 0x3a, 0x1b, 
    0x5b, 0x30, 0x6d, 0x1b, 0x5b, 0x33, 0x38, 0x3b, 0x32, 0x3b, 0x32, 0x35, 0x35, 0x3b, 0x32, 0x35, 
    0x35, 0x3b, 0x32, 0x35, 0x35, 0x6d, 0x4d, 0x1b, 0x5b, 0x30, 0x6d, 0x1b, 0x5b, 0x33, 0x38, 0x3b, 
    0x32, 0x3b, 0x32, 0x35, 0x35, 0x3b, 0x32, 0x35, 0x35, 0x3b, 0x32, 0x35, 0x35, 0x6d, 0x4d, 0x1b, 
    0x5b, 0x30, 0x6d, 0x1b, 0x5b, 0x33, 0x38, 0x3b, 0x32, 0x3b, 0x31, 0x37, 0x39, 0x3b, 0x31, 0x37, 
    0x39, 0x3b, 0x31, 0x37, 0x39, 0x6d, 0x6b, 0x1b, 0x5b, 0x30, 0x6d, 0x1b, 0x5b, 0x33, 0x38, 0x3b, 
    0x32, 0x3b, 0x31, 0x30, 0x32, 0x3b, 0x31, 0x30, 0x32, 0x3b, 0x31, 0x30, 0x32, 0x6d, 0x3a, 0x1b, 
    0x5b, 0x30, 0x6d, 0x1b, 0x5b, 0x33, 0x38, 0x3b, 0x32, 0x3b, 0x31, 0x30, 0x32, 0x3b, 0x31, 0x30, 
    0x32, 0x3b, 0x31, 0x30, 0x32, 0x6d, 0x3a, 0x1b, 0x5b, 0x30, 0x6d, 0x1b, 0x5b, 0x33, 0x38, 0x3b, 
    0x32, 0x3b, 0x30, 0x3b, 0x30, 0x3b, 0x30, 0x6d, 0x20, 0x1b, 0x5b, 0x30, 0x6d, 0x1b, 0x5b, 0x33, 
    0x38, 0x3b, 0x32, 0x3b, 0x30, 0x3b, 0x30, 0x3b, 0x30, 0x6d, 0x20, 0x1b, 0x5b, 0x30, 0x6d, 0x1b, 
    0x5b, 0x33, 0x38, 0x3b, 0x32, 0x3b, 0x31, 0x35, 0x33, 0x3b, 0x31, 0x35, 0x33, 0x3b, 0x31, 0x35, 
    0x33, 0x6d, 0x64, 0x1b, 0x5b, 0x30, 0x6d, 0x1b, 0x5b, 0x33, 0x38, 0x3b, 0x32, 0x3b, 0x31, 0x35, 
    0x33, 0x3b, 0x31, 0x35, 0x33, 0x3b, 0x31, 0x35, 0x33, 0x6d, 0x64, 0x1b, 0x5b, 0x30, 0x6d, 0x1b, 
    0x5b, 0x33, 0x38, 0x3b, 0x32, 0x3b, 0x32, 0x30, 0x34, 0x3b, 0x32, 0x30, 0x34, 0x3b, 0x32, 0x30, 
    0x34, 0x6d, 0x4b, 0x1b, 0x5b, 0x30, 0x6d, 0x1b, 0x5b, 0x33, 0x38, 0x3b, 0x32, 0x3b, 0x32, 0x35, 
    0x35, 0x3b, 0x32, 0x35, 0x35, 0x3b, 0x32, 0x35, 0x35, 0x6d, 0x4d, 0x1b, 0x5b, 0x30, 0x6d, 0x1b, 
    0x5b, 0x33, 0x38, 0x3b, 0x32, 0x3b, 0x32, 0x35, 0x35, 0x3b, 0x32, 0x35, 0x35, 0x3b, 0x32, 0x35, 
    0x35, 0x6d, 0x4d, 0x1b, 0x5b, 0x30, 0x6d, 0x1b, 0x5b, 0x33, 0x38, 0x3b, 0x32, 0x3b, 0x32, 0x35, 
    0x35, 0x3b, 0x32, 0x35, 0x35, 0x3b, 0x32, 0x35, 0x35, 0x6d, 0x4d, 0x1b, 0x5b, 0x30, 0x6d, 0x1b, 
    0x5b, 0x33, 0x38, 0x3b, 0x32, 0x3b, 0x32, 0x35, 0x35, 0x3b, 0x32, 0x35, 0x35, 0x3b, 0x32, 0x35, 
    0x35, 0x6d, 0x4d, 0x1b, 0x5b, 0x30, 0x6d, 0x1b, 0x5b, 0x33, 0x38, 0x3b, 0x32, 0x3b, 0x32, 0x35, 
    0x35, 0x3b, 0x32, 0x35, 0x35, 0x3b, 0x32, 0x35, 0x35, 0x6d, 0x4d, 0x1b, 0x5b, 0x30, 0x6d, 0x1b, 
    0x5b, 0x33, 0x38, 0x3b, 0x32, 0x3b, 0x32, 0x35, 0x35, 0x3b, 0x32, 0x35, 0x35, 0x3b, 0x32, 0x35, 
    0x35, 0x6d, 0x4d, 0x1b, 0x5b, 0x30, 0x6d, 0x1b, 0x5b, 0x33, 0x38, 0x3b, 0x32, 0x3b, 0x32, 0x35, 
    0x35, 0x3b, 0x32, 0x35, 0x35, 0x3b, 0x32, 0x35, 0x35, 0x6d, 0x4d, 0x1b, 0x5b, 0x30, 0x6d, 0x1b, 
    0x5b, 0x33, 0x38, 0x3b, 0x32, 0x3b, 0x32, 0x35, 0x35, 0x3b, 0x32, 0x35, 0x35, 0x3b, 0x32, 0x35, 
    0x35, 0x6d, 0x4d, 0x1b, 0x5b, 0x30, 0x6d, 0x1b, 0x5b, 0x33, 0x38, 0x3b, 0x32, 0x3b, 0x32, 0x35, 
    0x35, 0x3b, 0x32, 0x35, 0x35, 0x3b, 0x32, 0x35, 0x35, 0x6d, 0x4d, 0x1b, 0x5b, 0x30, 0x6d, 0x1b, 
    0x5b, 0x33, 0x38, 0x3b, 0x32, 0x3b, 0x32, 0x35, 0x35, 0x3b, 0x32, 0x35, 0x35, 0x3b, 0x32, 0x35, 
    0x35, 0x6d, 0x4d, 0x1b, 0x5b, 0x30, 0x6d, 0x1b, 0x5b, 0x33, 0x38, 0x3b, 0x32, 0x3b, 0x32, 0x35, 
    0x35, 0x3b, 0x32, 0x35, 0x35, 0x3b, 0x32, 0x35, 0x35, 0x6d, 0x4d, 0x1b, 0x5b, 0x30, 0x6d, 0x1b, 
    0x5b, 0x33, 0x38, 0x3b, 0x32, 0x3b, 0x32, 0x35, 0x35, 0x3b, 0x32, 0x35, 0x35, 0x3b, 0x32, 0x35, 
    0x35, 0x6d, 0x4d, 0x1b, 0x5b, 0x30, 0x6d, 0x1b, 0x5b, 0x33, 0x38, 0x3b, 0x32, 0x3b, 0x32, 0x35, 
    0x35, 0x3b, 0x32, 0x35, 0x35, 0x3b, 0x32, 0x35, 0x35, 0x6d, 0x4d, 0x1b, 0x5b, 0x30, 0x6d, 0x1b, 
    0x5b, 0x33, 0x38, 0x3b, 0x32, 0x3b, 0x32, 0x35, 0x35, 0x3b, 0x32, 0x35, 0x35, 0x3b, 0x32, 0x35, 
    0x35, 0x6d, 0x4d, 0x1b, 0x5b, 0x30, 0x6d, 0x1b, 0x5b, 0x33, 0x38, 0x3b, 0x32, 0x3b, 0x32, 0x35, 
    0x35, 0x3b, 0x32, 0x35, 0x35, 0x3b, 0x32, 0x35, 0x35, 0x6d, 0x4d, 0x1b, 0x5b, 0x30, 0x6d, 0x1b, 
    0x5b, 0x33, 0x38, 0x3b, 0x32, 0x3b, 0x32, 0x35, 0x35, 0x3b, 0x32, 0x35, 0x35, 0x3b, 0x32, 0x35, 
    0x35, 0x6d, 0x4d, 0x1b, 0x5b, 0x30, 0x6d, 0x1b, 0x5b, 0x33, 0x38, 0x3b, 0x32, 0x3b, 0x32, 0x35, 
    0x35, 0x3b, 0x32, 0x35, 0x35, 0x3b, 0x32, 0x35, 0x35, 0x6d, 0x4d, 0x1b, 0x5b, 0x30, 0x6d, 0x1b, 
    0x5b, 0x33, 0x38, 0x3b, 0x32, 0x3b, 0x32, 0x35, 0x35, 0x3b, 0x32, 0x35, 0x35, 0x3b, 0x32, 0x35, 
    0x35, 0x6d, 0x4d, 0x1b, 0x5b, 0x30, 0x6d, 0x1b, 0x5b, 0x33, 0x38, 0x3b, 0x32, 0x3b, 0x32, 0x35, 
    0x35, 0x3b, 0x32, 0x35, 0x35, 0x3b, 0x32, 0x35, 0x35, 0x6d, 0x4d, 0x1b, 0x5b, 0x30, 0x6d, 0x1b, 
    0x5b, 0x33, 0x38, 0x3b, 0x32, 0x3b, 0x32, 0x35, 0x35, 0x3b, 0x32, 0x35, 0x35, 0x3b, 0x32, 0x35, 
    0x35, 0x6d, 0x4d, 0x1b, 0x5b, 0x30, 0x6d, 0x1b, 0x5b, 0x33, 0x38, 0x3b, 0x32, 0x3b, 0x32, 0x35, 
    0x35, 0x3b, 0x32, 0x35, 0x35, 0x3b, 0x32, 0x35, 0x35, 0x6d, 0x4d, 0x1b, 0x5b, 0x30, 0x6d, 0x1b, 
    0x5b, 0x33, 0x38, 0x3b, 0x32, 0x3b, 0x32, 0x35, 0x35, 0x3b, 0x32, 0x35, 0x35, 0x3b, 0x32, 0x35, 
    0x35, 0x6d, 0x4d, 0x1b, 0x5b, 0x30, 0x6d, 0x1b, 0x5b, 0x33, 0x38, 0x3b, 0x32, 0x3b, 0x32, 0x35, 
    0x35, 0x3b, 0x32, 0x35, 0x35, 0x3b, 0x32, 0x35, 0x35, 0x6d, 0x4d, 0x1b, 0x5b, 0x30, 0x6d, 0x1b, 
    0x5b, 0x33, 0x38, 0x3b, 0x32, 0x3b, 0x32, 0x35, 0x35, 0x3b, 0x32, 0x35, 0x35, 0x3b, 0x32, 0x35, 
    0x35, 0x6d, 0x4d, 0x1b, 0x5b, 0x30, 0x6d, 0x0a, 0x1b, 0x5b, 0x30, 0x6d, 0x1b, 0x5b, 0x33, 0x38, 
    0x3b, 0x32, 0x3b, 0x32, 0x35, 0x35, 0x3b, 0x32, 0x35, 0x35, 0x3b, 0x32, 0x35, 0x35, 0x6d, 0x4d, 
    0x1b, 0x5b, 0x30, 0x6d, 0x1b, 0x5b, 0x33, 0x38, 0x3b, 0x32, 0x3b, 0x32, 0x35, 0x35, 0x3b, 0x32, 
    0x35, 0x35, 0x3b, 0x32, 0x35, 0x35, 0x6d, 0x4d, 0x1b, 0x5b, 0x30, 0x6d, 0x1b, 0x5b, 0x33, 0x38, 
    0x3b, 0x32, 0x3b, 0x32, 0x35, 0x35, 0x3b, 0x32, 0x35, 0x35, 0x3b, 0x32, 0x35, 0x35, 0x6d, 0x4d, 
    0x1b, 0x5b, 0x30, 0x6d, 0x1b, 0x5b, 0x33, 0x38, 0x3b, 0x32, 0x3b, 0x32, 0x35, 0x35, 0x3b, 0x32, 
    0x35, 0x35, 0x3b, 0x32, 0x35, 0x35, 0x6d, 0x4d, 0x1b, 0x5b, 0x30, 0x6d, 0x1b, 0x5b, 0x33, 0x38, 
    0x3b, 0x32, 0x3b, 0x32, 0x35, 0x35, 0x3b, 0x32, 0x35, 0x35, 0x3b, 0x32, 0x35, 0x35, 0x6d, 0x4d, 
    0x1b, 0x5b, 0x30, 0x6d, 0x1b, 0x5b, 0x33, 0x38, 0x3b, 0x32, 0x3b, 0x32, 0x35, 0x35, 0x3b, 0x32, 
    0x35, 0x35, 0x3b, 0x32, 0x35, 0x35, 0x6d, 0x4d, 0x1b, 0x5b, 0x30, 0x6d, 0x1b, 0x5b, 0x33, 0x38, 
    0x3b, 0x32, 0x3b, 0x32, 0x35, 0x35, 0x3b, 0x32, 0x35, 0x35, 0x3b, 0x32, 0x35, 0x35, 0x6d, 0x4d, 
    0x1b, 0x5b, 0x30, 0x6d, 0x1b, 0x5b, 0x33, 0x38, 0x3b, 0x32, 0x3b, 0x32, 0x35, 0x35, 0x3b, 0x32, 
    0x35, 0x35, 0x3b, 0x32, 0x35, 0x35, 0x6d, 0x4d, 0x1b, 0x5b, 0x30, 0x6d, 0x1b, 0x5b, 0x33, 0x38, 
    0x3b, 0x32, 0x3b, 0x32, 0x35, 0x35, 0x3b, 0x32, 0x35, 0x35, 0x3b, 0x32, 0x35, 0x35, 0x6d, 0x4d, 
    0x1b, 0x5b, 0x30, 0x6d, 0x1b, 0x5b, 0x33, 0x38, 0x3b, 0x32, 0x3b, 0x32, 0x35, 0x35, 0x3b, 0x32, 
    0x35, 0x35, 0x3b, 0x32, 0x35, 0x35, 0x6d, 0x4d, 0x1b, 0x5b, 0x30, 0x6d, 0x1b, 0x5b, 0x33, 0x38, 
    0x3b, 0x32, 0x3b, 0x32, 0x35, 0x35, 0x3b, 0x32, 0x35, 0x35, 0x3b, 0x32, 0x35, 0x35, 0x6d, 0x4d, 
    0x1b, 0x5b, 0x30, 0x6d, 0x1b, 0x5b, 0x33, 0x38, 0x3b, 0x32, 0x3b, 0x31, 0x32, 0x38, 0x3b, 0x31, 
    0x32, 0x38, 0x3b, 0x31, 0x32, 0x38, 0x6d, 0x6c, 0x1b, 0x5b, 0x30, 0x6d, 0x1b, 0x5b, 0x33, 0x38, 
    0x3b, 0x32, 0x3b, 0x30, 0x3b, 0x30, 0x3b, 0x30, 0x6d, 0x20, 0x1b, 0x5b, 0x30, 0x6d, 0x1b, 0x5b, 
    0x33, 0x38, 0x3b, 0x32, 0x3b, 0x33, 0x32, 0x3b, 0x33, 0x32, 0x3b, 0x33, 0x32, 0x6d, 0x2e, 0x1b, 
    0x5b, 0x30, 0x6d, 0x1b, 0x5b, 0x33, 0x38, 0x3b, 0x32, 0x3b, 0x36, 0x34, 0x3b, 0x36, 0x34, 0x3b, 
    0x36, 0x34, 0x6d, 0x27, 0x1b, 0x5b, 0x30, 0x6d, 0x1b, 0x5b, 0x33, 0x38, 0x3b, 0x32, 0x3b, 0x36, 
    0x34, 0x3b, 0x36, 0x34, 0x3b, 0x36, 0x34, 0x6d, 0x27, 0x1b, 0x5b, 0x30, 0x6d, 0x1b, 0x5b, 0x33, 
    0x38, 0x3b, 0x32, 0x3b, 0x30, 0x3b, 0x30, 0x3b, 0x30, 0x6d, 0x20, 0x1b, 0x5b, 0x30, 0x6d, 0x1b, 
    0x5b, 0x33, 0x38, 0x3b, 0x32, 0x3b, 0x30, 0x3b, 0x30, 0x3b, 0x30, 0x6d, 0x20, 0x1b, 0x5b, 0x30, 
    0x6d, 0x1b, 0x5b, 0x33, 0x38, 0x3b, 0x32, 0x3b, 0x31, 0x39, 0x31, 0x3b, 0x31, 0x39, 0x31, 0x3b, 
    0x31, 0x39, 0x31, 0x6d, 0x30, 0x1b, 0x5b, 0x30, 0x6d, 0x1b, 0x5b, 0x33, 0x38, 0x3b, 0x32, 0x3b, 
    0x31, 0x39, 0x31, 0x3b, 0x31, 0x39, 0x31, 0x3b, 0x31, 0x39, 0x31, 0x6d, 0x30, 0x1b, 0x5b, 0x30, 
    0x6d, 0x1b, 0x5b, 0x33, 0x38, 0x3b, 0x32, 0x3b, 0x32, 0x32, 0x33, 0x3b, 0x32, 0x32, 0x33, 0x3b, 
    0x32, 0x32, 0x33, 0x6d, 0x58, 0x1b, 0x5b, 0x30, 0x6d, 0x1b, 0x5b, 0x33, 0x38, 0x3b, 0x32, 0x3b, 
    0x32, 0x35, 0x35, 0x3b, 0x32, 0x35, 0x35, 0x3b, 0x32, 0x35, 0x35, 0x6d, 0x4d, 0x1b, 0x5b, 0x30, 
    0x6d, 0x1b, 0x5b, 0x33, 0x38, 0x3b, 0x32, 0x3b, 0x32, 0x35, 0x35, 0x3b, 0x32, 0x35, 0x35, 0x3b, 
    0x32, 0x35, 0x35, 0x6d, 0x4d, 0x1b, 0x5b, 0x30, 0x6d, 0x1b, 0x5b, 0x33, 0x38, 0x3b, 0x32, 0x3b, 
    0x32, 0x35, 0x35, 0x3b, 0x32, 0x35, 0x35, 0x3b, 0x32, 0x35, 0x35, 0x6d, 0x4d, 0x1b, 0x5b, 0x30, 
    0x6d, 0x1b, 0x5b, 0x33, 0x38, 0x3b, 0x32, 0x3b, 0x32, 0x35, 0x35, 0x3b, 0x32, 0x35, 0x35, 0x3b, 
    0x32, 0x35, 0x35, 0x6d, 0x4d, 0x1b, 0x5b, 0x30, 0x6d, 0x1b, 0x5b, 0x33, 0x38, 0x3b, 0x32, 0x3b, 
    0x32, 0x35, 0x35, 0x3b, 0x32, 0x35, 0x35, 0x3b, 0x32, 0x35, 0x35, 0x6d, 0x4d, 0x1b, 0x5b, 0x30, 
    0x6d, 0x1b, 0x5b, 0x33, 0x38, 0x3b, 0x32, 0x3b, 0x32, 0x35, 0x35, 0x3b, 0x32, 0x35, 0x35, 0x3b, 
    0x32, 0x35, 0x35, 0x6d, 0x4d, 0x1b, 0x5b, 0x30, 0x6d, 0x1b, 0x5b, 0x33, 0x38, 0x3b, 0x32, 0x3b, 
    0x32, 0x35, 0x35, 0x3b, 0x32, 0x35, 0x35, 0x3b, 0x32, 0x35, 0x35, 0x6d, 0x4d, 0x1b, 0x5b, 0x30, 
    0x6d, 0x1b, 0x5b, 0x33, 0x38, 0x3b, 0x32, 0x3b, 0x32, 0x35, 0x35, 0x3b, 0x32, 0x35, 0x35, 0x3b, 
    0x32, 0x35, 0x35, 0x6d, 0x4d, 0x1b, 0x5b, 0x30, 0x6d, 0x1b, 0x5b, 0x33, 0x38, 0x3b, 0x32, 0x3b, 
    0x32, 0x35, 0x35, 0x3b, 0x32, 0x35, 0x35, 0x3b, 0x32, 0x35, 0x35, 0x6d, 0x4d, 0x1b, 0x5b, 0x30, 
    0x6d, 0x1b, 0x5b, 0x33, 0x38, 0x3b, 0x32, 0x3b, 0x32, 0x35, 0x35, 0x3b, 0x32, 0x35, 0x35, 0x3b, 
    0x32, 0x35, 0x35, 0x6d, 0x4d, 0x1b, 0x5b, 0x30, 0x6d, 0x1b, 0x5b, 0x33, 0x38, 0x3b, 0x32, 0x3b, 
    0x32, 0x35, 0x35, 0x3b, 0x32, 0x35, 0x35, 0x3b, 0x32, 0x35, 0x35, 0x6d, 0x4d, 0x1b, 0x5b, 0x30, 
    0x6d, 0x1b, 0x5b, 0x33, 0x38, 0x3b, 0x32, 0x3b, 0x30, 0x3b, 0x30, 0x3b, 0x30, 0x6d, 0x20, 0x1b, 
    0x5b, 0x30, 0x6d, 0x1b, 0x5b, 0x33, 0x38, 0x3b, 0x32, 0x3b, 0x30, 0x3b, 0x30, 0x3b, 0x30, 0x6d, 
    0x20, 0x1b, 0x5b, 0x30, 0x6d, 0x1b, 0x5b, 0x33, 0x38, 0x3b, 0x32, 0x3b, 0x30, 0x3b, 0x30, 0x3b, 
    0x30, 0x6d, 0x20, 0x1b, 0x5b, 0x30, 0x6d, 0x1b, 0x5b, 0x33, 0x38, 0x3b, 0x32, 0x3b, 0x30, 0x3b, 
    0x30, 0x3b, 0x30, 0x6d, 0x20, 0x1b, 0x5b, 0x30, 0x6d, 0x1b, 0x5b, 0x33, 0x38, 0x3b, 0x32, 0x3b, 
    0x30, 0x3b, 0x30, 0x3b, 0x30, 0x6d, 0x20, 0x1b, 0x5b, 0x30, 0x6d, 0x1b, 0x5b, 0x33, 0x38, 0x3b, 
    0x32, 0x3b, 0x30, 0x3b, 0x30, 0x3b, 0x30, 0x6d, 0x20, 0x1b, 0x5b, 0x30, 0x6d, 0x1b, 0x5b, 0x33, 
    0x38, 0x3b, 0x32, 0x3b, 0x30, 0x3b, 0x30, 0x3b, 0x30, 0x6d, 0x20, 0x1b, 0x5b, 0x30, 0x6d, 0x1b, 
    0x5b, 0x33, 0x38, 0x3b, 0x32, 0x3b, 0x30, 0x3b, 0x30, 0x3b, 0x30, 0x6d, 0x20, 0x1b, 0x5b, 0x30, 
    0x6d, 0x1b, 0x5b, 0x33, 0x38, 0x3b, 0x32, 0x3b, 0x30, 0x3b, 0x30, 0x3b, 0x30, 0x6d, 0x20, 0x1b, 
    0x5b, 0x30, 0x6d, 0x1b, 0x5b, 0x33, 0x38, 0x3b, 0x32, 0x3b, 0x31, 0x39, 0x31, 0x3b, 0x31, 0x39, 
    0x31, 0x3b, 0x31, 0x39, 0x31, 0x6d, 0x30, 0x1b, 0x5b, 0x30, 0x6d, 0x1b, 0x5b, 0x33, 0x38, 0x3b, 
    0x32, 0x3b, 0x31, 0x39, 0x31, 0x3b, 0x31, 0x39, 0x31, 0x3b, 0x31, 0x39, 0x31, 0x6d, 0x30, 0x1b, 
    0x5b, 0x30, 0x6d, 0x1b, 0x5b, 0x33, 0x38, 0x3b, 0x32, 0x3b, 0x32, 0x32, 0x33, 0x3b, 0x32, 0x32, 
    0x33, 0x3b, 0x32, 0x32, 0x33, 0x6d, 0x58, 0x1b, 0x5b, 0x30, 0x6d, 0x1b, 0x5b, 0x33, 0x38, 0x3b, 
    0x32, 0x3b, 0x32, 0x35, 0x35, 0x3b, 0x32, 0x35, 0x35, 0x3b, 0x32, 0x35, 0x35, 0x6d, 0x4d, 0x1b, 
    0x5b, 0x30, 0x6d, 0x1b, 0x5b, 0x33, 0x38, 0x3b, 0x32, 0x3b, 0x32, 0x35, 0x35, 0x3b, 0x32, 0x35, 
    0x35, 0x3b, 0x32, 0x35, 0x35, 0x6d, 0x4d, 0x1b, 0x5b, 0x30, 0x6d, 0x1b, 0x5b, 0x33, 0x38, 0x3b, 
    0x32, 0x3b, 0x32, 0x35, 0x35, 0x3b, 0x32, 0x35, 0x35, 0x3b, 0x32, 0x35, 0x35, 0x6d, 0x4d, 0x1b, 
    0x5b, 0x30, 0x6d, 0x1b, 0x5b, 0x33, 0x38, 0x3b, 0x32, 0x3b, 0x32, 0x35, 0x35, 0x3b, 0x32, 0x35, 
    0x35, 0x3b, 0x32, 0x35, 0x35, 0x6d, 0x4d, 0x1b, 0x5b, 0x30, 0x6d, 0x1b, 0x5b, 0x33, 0x38, 0x3b, 
    0x32, 0x3b, 0x32, 0x35, 0x35, 0x3b, 0x32, 0x35, 0x35, 0x3b, 0x32, 0x35, 0x35, 0x6d, 0x4d, 0x1b, 
    0x5b, 0x30, 0x6d, 0x1b, 0x5b, 0x33, 0x38, 0x3b, 0x32, 0x3b, 0x32, 0x35, 0x35, 0x3b, 0x32, 0x35, 
    0x35, 0x3b, 0x32, 0x35, 0x35, 0x6d, 0x4d, 0x1b, 0x5b, 0x30, 0x6d, 0x1b, 0x5b, 0x33, 0x38, 0x3b, 
    0x32, 0x3b, 0x32, 0x35, 0x35, 0x3b, 0x32, 0x35, 0x35, 0x3b, 0x32, 0x35, 0x35, 0x6d, 0x4d, 0x1b, 
    0x5b, 0x30, 0x6d, 0x1b, 0x5b, 0x33, 0x38, 0x3b, 0x32, 0x3b, 0x32, 0x35, 0x35, 0x3b, 0x32, 0x35, 
    0x35, 0x3b, 0x32, 0x35, 0x35, 0x6d, 0x4d, 0x1b, 0x5b, 0x30, 0x6d, 0x1b, 0x5b, 0x33, 0x38, 0x3b, 
    0x32, 0x3b, 0x32, 0x35, 0x35, 0x3b, 0x32, 0x35, 0x35, 0x3b, 0x32, 0x35, 0x35, 0x6d, 0x4d, 0x1b, 
    0x5b, 0x30, 0x6d, 0x1b, 0x5b, 0x33, 0x38, 0x3b, 0x32, 0x3b, 0x32, 0x35, 0x35, 0x3b, 0x32, 0x35, 
    0x35, 0x3b, 0x32, 0x35, 0x35, 0x6d, 0x4d, 0x1b, 0x5b, 0x30, 0x6d, 0x1b, 0x5b, 0x33, 0x38, 0x3b, 
    0x32, 0x3b, 0x32, 0x35, 0x35, 0x3b, 0x32, 0x35, 0x35, 0x3b, 0x32, 0x35, 0x35, 0x6d, 0x4d, 0x1b, 
    0x5b, 0x30, 0x6d, 0x1b, 0x5b, 0x33, 0x38, 0x3b, 0x32, 0x3b, 0x32, 0x35, 0x35, 0x3b, 0x32, 0x35, 
    0x35, 0x3b, 0x32, 0x35, 0x35, 0x6d, 0x4d, 0x1b, 0x5b, 0x30, 0x6d, 0x1b, 0x5b, 0x33, 0x38, 0x3b, 
    0x32, 0x3b, 0x32, 0x35, 0x35, 0x3b, 0x32, 0x35, 0x35, 0x3b, 0x32, 0x35, 0x35, 0x6d, 0x4d, 0x1b, 
    0x5b, 0x30, 0x6d, 0x1b, 0x5b, 0x33, 0x38, 0x3b, 0x32, 0x3b, 0x32, 0x35, 0x35, 0x3b, 0x32, 0x35, 
    0x35, 0x3b, 0x32, 0x35, 0x35, 0x6d, 0x4d, 0x1b, 0x5b, 0x30, 0x6d, 0x1b, 0x5b, 0x33, 0x38, 0x3b, 
    0x32, 0x3b, 0x32, 0x35, 0x35, 0x3b, 0x32, 0x35, 0x35, 0x3b, 0x32, 0x35, 0x35, 0x6d, 0x4d, 0x1b, 
    0x5b, 0x30, 0x6d, 0x1b, 0x5b, 0x33, 0x38, 0x3b, 0x32, 0x3b, 0x32, 0x32, 0x33, 0x3b, 0x32, 0x32, 
    0x33, 0x3b, 0x32, 0x32, 0x33, 0x6d, 0x58, 0x1b, 0x5b, 0x30, 0x6d, 0x1b, 0x5b, 0x33, 0x38, 0x3b, 
    0x32, 0x3b, 0x31, 0x39, 0x31, 0x3b, 0x31, 0x39, 0x31, 0x3b, 0x31, 0x39, 0x31, 0x6d, 0x30, 0x1b, 
    0x5b, 0x30, 0x6d, 0x1b, 0x5b, 0x33, 0x38, 0x3b, 0x32, 0x3b, 0x39, 0x36, 0x3b, 0x39, 0x36, 0x3b, 
    0x39, 0x36, 0x6d, 0x3b, 0x1b, 0x5b, 0x30, 0x6d, 0x1b, 0x5b, 0x33, 0x38, 0x3b, 0x32, 0x3b, 0x30, 
    0x3b, 0x30, 0x3b, 0x30, 0x6d, 0x20, 0x1b, 0x5b, 0x30, 0x6d, 0x1b, 0x5b, 0x33, 0x38, 0x3b, 0x32, 
    0x3b, 0x30, 0x3b, 0x30, 0x3b, 0x30, 0x6d, 0x20, 0x1b, 0x5b, 0x30, 0x6d, 0x1b, 0x5b, 0x33, 0x38, 
    0x3b, 0x32, 0x3b, 0x32, 0x35, 0x35, 0x3b, 0x32, 0x35, 0x35, 0x3b, 0x32, 0x35, 0x35, 0x6d, 0x4d, 
    0x1b, 0x5b, 0x30, 0x6d, 0x1b, 0x5b, 0x33, 0x38, 0x3b, 0x32, 0x3b, 0x32, 0x35, 0x35, 0x3b, 0x32, 
    0x35, 0x35, 0x3b, 0x32, 0x35, 0x35, 0x6d, 0x4d, 0x1b, 0x5b, 0x30, 0x6d, 0x1b, 0x5b, 0x33, 0x38, 
    0x3b, 0x32, 0x3b, 0x32, 0x35, 0x35, 0x3b, 0x32, 0x35, 0x35, 0x3b, 0x32, 0x35, 0x35, 0x6d, 0x4d, 
    0x1b, 0x5b, 0x30, 0x6d, 0x1b, 0x5b, 0x33, 0x38, 0x3b, 0x32, 0x3b, 0x32, 0x35, 0x35, 0x3b, 0x32, 
    0x35, 0x35, 0x3b, 0x32, 0x35, 0x35, 0x6d, 0x4d, 0x1b, 0x5b, 0x30, 0x6d, 0x1b, 0x5b, 0x33, 0x38, 
    0x3b, 0x32, 0x3b, 0x32, 0x35, 0x35, 0x3b, 0x32, 0x35, 0x35, 0x3b, 0x32, 0x35, 0x35, 0x6d, 0x4d, 
    0x1b, 0x5b, 0x30, 0x6d, 0x1b, 0x5b, 0x33, 0x38, 0x3b, 0x32, 0x3b, 0x32, 0x35, 0x35, 0x3b, 0x32, 
    0x35, 0x35, 0x3b, 0x32, 0x35, 0x35, 0x6d, 0x4d, 0x1b, 0x5b, 0x30, 0x6d, 0x1b, 0x5b, 0x33, 0x38, 
    0x3b, 0x32, 0x3b, 0x32, 0x35, 0x35, 0x3b, 0x32, 0x35, 0x35, 0x3b, 0x32, 0x35, 0x35, 0x6d, 0x4d, 
    0x1b, 0x5b, 0x30, 0x6d, 0x1b, 0x5b, 0x33, 0x38, 0x3b, 0x32, 0x3b, 0x30, 0x3b, 0x30, 0x3b, 0x30, 
    0x6d, 0x20, 0x1b, 0x5b, 0x30, 0x6d, 0x1b, 0x5b, 0x33, 0x38, 0x3b, 0x32, 0x3b, 0x30, 0x3b, 0x30, 
    0x3b, 0x30, 0x6d, 0x20, 0x1b, 0x5b, 0x30, 0x6d, 0x1b, 0x5b, 0x33, 0x38, 0x3b, 0x32, 0x3b, 0x30, 
    0x3b, 0x30, 0x3b, 0x30, 0x6d, 0x20, 0x1b, 0x5b, 0x30, 0x6d, 0x1b, 0x5b, 0x33, 0x38, 0x3b, 0x32, 
    0x3b, 0x30, 0x3b, 0x30, 0x3b, 0x30, 0x6d, 0x20, 0x1b, 0x5b, 0x30, 0x6d, 0x1b, 0x5b, 0x33, 0x38, 
    0x3b, 0x32, 0x3b, 0x39, 0x36, 0x3b, 0x39, 0x36, 0x3b, 0x39, 0x36, 0x6d, 0x3b, 0x1b, 0x5b, 0x30, 
    0x6d, 0x1b, 0x5b, 0x33, 0x38, 0x3b, 0x32, 0x3b, 0x31, 0x39, 0x31, 0x3b, 0x31, 0x39, 0x31, 0x3b, 
    0x31, 0x39, 0x31, 0x6d, 0x30, 0x1b, 0x5b, 0x30, 0x6d, 0x1b, 0x5b, 0x33, 0x38, 0x3b, 0x32, 0x3b, 
    0x32, 0x32, 0x33, 0x3b, 0x32, 0x32, 0x33, 0x3b, 0x32, 0x32, 0x33, 0x6d, 0x58, 0x1b, 0x5b, 0x30, 
    0x6d, 0x1b, 0x5b, 0x33, 0x38, 0x3b, 0x32, 0x3b, 0x32, 0x35, 0x35, 0x3b, 0x32, 0x35, 0x35, 0x3b, 
    0x32, 0x35, 0x35, 0x6d, 0x4d, 0x1b, 0x5b, 0x30, 0x6d, 0x1b, 0x5b, 0x33, 0x38, 0x3b, 0x32, 0x3b, 
    0x32, 0x35, 0x35, 0x3b, 0x32, 0x35, 0x35, 0x3b, 0x32, 0x35, 0x35, 0x6d, 0x4d, 0x1b, 0x5b, 0x30, 
    0x6d, 0x1b, 0x5b, 0x33, 0x38, 0x3b, 0x32, 0x3b, 0x32, 0x35, 0x35, 0x3b, 0x32, 0x35, 0x35, 0x3b, 
    0x32, 0x35, 0x35, 0x6d, 0x4d, 0x1b, 0x5b, 0x30, 0x6d, 0x1b, 0x5b, 0x33, 0x38, 0x3b, 0x32, 0x3b, 
    0x32, 0x35, 0x35, 0x3b, 0x32, 0x35, 0x35, 0x3b, 0x32, 0x35, 0x35, 0x6d, 0x4d, 0x1b, 0x5b, 0x30, 
    0x6d, 0x1b, 0x5b, 0x33, 0x38, 0x3b, 0x32, 0x3b, 0x32, 0x35, 0x35, 0x3b, 0x32, 0x35, 0x35, 0x3b, 
    0x32, 0x35, 0x35, 0x6d, 0x4d, 0x1b, 0x5b, 0x30, 0x6d, 0x1b, 0x5b, 0x33, 0x38, 0x3b, 0x32, 0x3b, 
    0x32, 0x35, 0x35, 0x3b, 0x32, 0x35, 0x35, 0x3b, 0x32, 0x35, 0x35, 0x6d, 0x4d, 0x1b, 0x5b, 0x30, 
    0x6d, 0x1b, 0x5b, 0x33, 0x38, 0x3b, 0x32, 0x3b, 0x32, 0x35, 0x35, 0x3b, 0x32, 0x35, 0x35, 0x3b, 
    0x32, 0x35, 0x35, 0x6d, 0x4d, 0x1b, 0x5b, 0x30, 0x6d, 0x1b, 0x5b, 0x33, 0x38, 0x3b, 0x32, 0x3b, 
    0x32, 0x35, 0x35, 0x3b, 0x32, 0x35, 0x35, 0x3b, 0x32, 0x35, 0x35, 0x6d, 0x4d, 0x1b, 0x5b, 0x30, 
    0x6d, 0x1b, 0x5b, 0x33, 0x38, 0x3b, 0x32, 0x3b, 0x32, 0x35, 0x35, 0x3b, 0x32, 0x35, 0x35, 0x3b, 
    0x32, 0x35, 0x35, 0x6d, 0x4d, 0x1b, 0x5b, 0x30, 0x6d, 0x1b, 0x5b, 0x33, 0x38, 0x3b, 0x32, 0x3b, 
    0x32, 0x35, 0x35, 0x3b, 0x32, 0x35, 0x35, 0x3b, 0x32, 0x35, 0x35, 0x6d, 0x4d, 0x1b, 0x5b, 0x30, 
    0x6d, 0x1b, 0x5b, 0x33, 0x38, 0x3b, 0x32, 0x3b, 0x32, 0x35, 0x35, 0x3b, 0x32, 0x35, 0x35, 0x3b, 
    0x32, 0x35, 0x35, 0x6d, 0x4d, 0x1b, 0x5b, 0x30, 0x6d, 0x1b, 0x5b, 0x33, 0x38, 0x3b, 0x32, 0x3b, 
    0x32, 0x35, 0x35, 0x3b, 0x32, 0x35, 0x35, 0x3b, 0x32, 0x35, 0x35, 0x6d, 0x4d, 0x1b, 0x5b, 0x30, 
    0x6d, 0x1b, 0x5b, 0x33, 0x38, 0x3b, 0x32, 0x3b, 0x32, 0x35, 0x35, 0x3b, 0x32, 0x35, 0x35, 0x3b, 
    0x32, 0x35, 0x35, 0x6d, 0x4d, 0x1b, 0x5b, 0x30, 0x6d, 0x1b, 0x5b, 0x33, 0x38, 0x3b, 0x32, 0x3b, 
    0x32, 0x35, 0x35, 0x3b, 0x32, 0x35, 0x35, 0x3b, 0x32, 0x35, 0x35, 0x6d, 0x4d, 0x1b, 0x5b, 0x30, 
    0x6d, 0x1b, 0x5b, 0x33, 0x38, 0x3b, 0x32, 0x3b, 0x32, 0x35, 0x35, 0x3b, 0x32, 0x35, 0x35, 0x3b, 
    0x32, 0x35, 0x35, 0x6d, 0x4d, 0x1b, 0x5b, 0x30, 0x6d, 0x1b, 0x5b, 0x33, 0x38, 0x3b, 0x32, 0x3b, 
    0x32, 0x35, 0x35, 0x3b, 0x32, 0x35, 0x35, 0x3b, 0x32, 0x35, 0x35, 0x6d, 0x4d, 0x1b, 0x5b, 0x30, 
    0x6d, 0x1b, 0x5b, 0x33, 0x38, 0x3b, 0x32, 0x3b, 0x32, 0x35, 0x35, 0x3b, 0x32, 0x35, 0x35, 0x3b, 
    0x32, 0x35, 0x35, 0x6d, 0x4d, 0x1b, 0x5b, 0x30, 0x6d, 0x1b, 0x5b, 0x33, 0x38, 0x3b, 0x32, 0x3b, 
    0x32, 0x35, 0x35, 0x3b, 0x32, 0x35, 0x35, 0x3b, 0x32, 0x35, 0x35, 0x6d, 0x4d, 0x1b, 0x5b, 0x30, 
    0x6d, 0x1b, 0x5b, 0x33, 0x38, 0x3b, 0x32, 0x3b, 0x32, 0x35, 0x35, 0x3b, 0x32, 0x35, 0x35, 0x3b, 
    0x32, 0x35, 0x35, 0x6d, 0x4d, 0x1b, 0x5b, 0x30, 0x6d, 0x1b, 0x5b, 0x33, 0x38, 0x3b, 0x32, 0x3b, 
    0x32, 0x35, 0x35, 0x3b, 0x32, 0x35, 0x35, 0x3b, 0x32, 0x35, 0x35, 0x6d, 0x4d, 0x1b, 0x5b, 0x30, 
    0x6d, 0x1b, 0x5b, 0x33, 0x38, 0x3b, 0x32, 0x3b, 0x32, 0x35, 0x35, 0x3b, 0x32, 0x35, 0x35, 0x3b, 
    0x32, 0x35, 0x35, 0x6d, 0x4d, 0x1b, 0x5b, 0x30, 0x6d, 0x1b, 0x5b, 0x33, 0x38, 0x3b, 0x32, 0x3b, 
    0x32, 0x35, 0x35, 0x3b, 0x32, 0x35, 0x35, 0x3b, 0x32, 0x35, 0x35, 0x6d, 0x4d, 0x1b, 0x5b, 0x30, 
    0x6d, 0x0a, 0x1b, 0x5b, 0x30, 0x6d, 0x1b, 0x5b, 0x33, 0x38, 0x3b, 0x32, 0x3b, 0x32, 0x35, 0x35, 
    0x3b, 0x32, 0x35, 0x35, 0x3b, 0x32, 0x35, 0x35, 0x6d, 0x4d, 0x1b, 0x5b, 0x30, 0x6d, 0x1b, 0x5b, 
    0x33, 0x38, 0x3b, 0x32, 0x3b, 0x32, 0x35, 0x35, 0x3b, 0x32, 0x35, 0x35, 0x3b, 0x32, 0x35, 0x35, 
    0x6d, 0x4d, 0x1b, 0x5b, 0x30, 0x6d, 0x1b, 0x5b, 0x33, 0x38, 0x3b, 0x32, 0x3b, 0x32, 0x35, 0x35, 
    0x3b, 0x32, 0x35, 0x35, 0x3b, 0x32, 0x35, 0x35, 0x6d, 0x4d, 0x1b, 0x5b, 0x30, 0x6d, 0x1b, 0x5b, 
    0x33, 0x38, 0x3b, 0x32, 0x3b, 0x32, 0x35, 0x35, 0x3b, 0x32, 0x35, 0x35, 0x3b, 0x32, 0x35, 0x35, 
    0x6d, 0x4d, 0x1b, 0x5b, 0x30, 0x6d, 0x1b, 0x5b, 0x33, 0x38, 0x3b, 0x32, 0x3b, 0x32, 0x35, 0x35, 
    0x3b, 0x32, 0x35, 0x35, 0x3b, 0x32, 0x35, 0x35, 0x6d, 0x4d, 0x1b, 0x5b, 0x30, 0x6d, 0x1b, 0x5b, 
    0x33, 0x38, 0x3b, 0x32, 0x3b, 0x32, 0x35, 0x35, 0x3b, 0x32, 0x35, 0x35, 0x3b, 0x32, 0x35, 0x35, 
    0x6d, 0x4d, 0x1b, 0x5b, 0x30, 0x6d, 0x1b, 0x5b, 0x33, 0x38, 0x3b, 0x32, 0x3b, 0x32, 0x35, 0x35, 
    0x3b, 0x32, 0x35, 0x35, 0x3b, 0x32, 0x35, 0x35, 0x6d, 0x4d, 0x1b, 0x5b, 0x30, 0x6d, 0x1b, 0x5b, 
    0x33, 0x38, 0x3b, 0x32, 0x3b, 0x32, 0x35, 0x35, 0x3b, 0x32, 0x35, 0x35, 0x3b, 0x32, 0x35, 0x35, 
    0x6d, 0x4d, 0x1b, 0x5b, 0x30, 0x6d, 0x1b, 0x5b, 0x33, 0x38, 0x3b, 0x32, 0x3b, 0x32, 0x35, 0x35, 
    0x3b, 0x32, 0x35, 0x35, 0x3b, 0x32, 0x35, 0x35, 0x6d, 0x4d, 0x1b, 0x5b, 0x30, 0x6d, 0x1b, 0x5b, 
    0x33, 0x38, 0x3b, 0x32, 0x3b, 0x32, 0x35, 0x35, 0x3b, 0x32, 0x35, 0x35, 0x3b, 0x32, 0x35, 0x35, 
    0x6d, 0x4d, 0x1b, 0x5b, 0x30, 0x6d, 0x1b, 0x5b, 0x33, 0x38, 0x3b, 0x32, 0x3b, 0x32, 0x35, 0x35, 
    0x3b, 0x32, 0x35, 0x35, 0x3b, 0x32, 0x35, 0x35, 0x6d, 0x4d, 0x1b, 0x5b, 0x30, 0x6d, 0x1b, 0x5b, 
    0x33, 0x38, 0x3b, 0x32, 0x3b, 0x31, 0x32, 0x38, 0x3b, 0x31, 0x32, 0x38, 0x3b, 0x31, 0x32, 0x38, 
    0x6d, 0x6c, 0x1b, 0x5b, 0x30, 0x6d, 0x1b, 0x5b, 0x33, 0x38, 0x3b, 0x32, 0x3b, 0x30, 0x3b, 0x30, 
    0x3b, 0x30, 0x6d, 0x20, 0x1b, 0x5b, 0x30, 0x6d, 0x1b, 0x5b, 0x33, 0x38, 0x3b, 0x32, 0x3b, 0x31, 
    0x32, 0x38, 0x3b, 0x31, 0x32, 0x38, 0x3b, 0x31, 0x32, 0x38, 0x6d, 0x6c, 0x1b, 0x5b, 0x30, 0x6d, 
    0x1b, 0x5b, 0x33, 0x38, 0x3b, 0x32, 0x3b, 0x32, 0x35, 0x35, 0x3b, 0x32, 0x35, 0x35, 0x3b, 0x32, 
    0x35, 0x35, 0x6d, 0x4d, 0x1b, 0x5b, 0x30, 0x6d, 0x1b, 0x5b, 0x33, 0x38, 0x3b, 0x32, 0x3b, 0x32, 
    0x35, 0x35, 0x3b, 0x32, 0x35, 0x35, 0x3b, 0x32, 0x35, 0x35, 0x6d, 0x4d, 0x1b, 0x5b, 0x30, 0x6d, 
    0x1b, 0x5b, 0x33, 0x38, 0x3b, 0x32, 0x3b, 0x30, 0x3b, 0x30, 0x3b, 0x30, 0x6d, 0x20, 0x1b, 0x5b, 
    0x30, 0x6d, 0x1b, 0x5b, 0x33, 0x38, 0x3b, 0x32, 0x3b, 0x30, 0x3b, 0x30, 0x3b, 0x30, 0x6d, 0x20, 
    0x1b, 0x5b, 0x30, 0x6d, 0x1b, 0x5b, 0x33, 0x38, 0x3b, 0x32, 0x3b, 0x30, 0x3b, 0x30, 0x3b, 0x30, 
    0x6d, 0x20, 0x1b, 0x5b, 0x30, 0x6d, 0x1b, 0x5b, 0x33, 0x38, 0x3b, 0x32, 0x3b, 0x30, 0x3b, 0x30, 
    0x3b, 0x30, 0x6d, 0x20, 0x1b, 0x5b, 0x30, 0x6d, 0x1b, 0x5b, 0x33, 0x38, 0x3b, 0x32, 0x3b, 0x31, 
    0x32, 0x38, 0x3b, 0x31, 0x32, 0x38, 0x3b, 0x31, 0x32, 0x38, 0x6d, 0x6c, 0x1b, 0x5b, 0x30, 0x6d, 
    0x1b, 0x5b, 0x33, 0x38, 0x3b, 0x32, 0x3b, 0x32, 0x35, 0x35, 0x3b, 0x32, 0x35, 0x35, 0x3b, 0x32, 
    0x35, 0x35, 0x6d, 0x4d, 0x1b, 0x5b, 0x30, 0x6d, 0x1b, 0x5b, 0x33, 0x38, 0x3b, 0x32, 0x3b, 0x32, 
    0x35, 0x35, 0x3b, 0x32, 0x35, 0x35, 0x3b, 0x32, 0x35, 0x35, 0x6d, 0x4d, 0x1b, 0x5b, 0x30, 0x6d, 
    0x1b, 0x5b, 0x33, 0x38, 0x3b, 0x32, 0x3b, 0x32, 0x35, 0x35, 0x3b, 0x32, 0x35, 0x35, 0x3b, 0x32, 
    0x35, 0x35, 0x6d, 0x4d, 0x1b, 0x5b, 0x30, 0x6d, 0x1b, 0x5b, 0x33, 0x38, 0x3b, 0x32, 0x3b, 0x32, 
    0x35, 0x35, 0x3b, 0x32, 0x35, 0x35, 0x3b, 0x32, 0x35, 0x35, 0x6d, 0x4d, 0x1b, 0x5b, 0x30, 0x6d, 
    0x1b, 0x5b, 0x33, 0x38, 0x3b, 0x32, 0x3b, 0x32, 0x35, 0x35, 0x3b, 0x32, 0x35, 0x35, 0x3b, 0x32, 
    0x35, 0x35, 0x6d, 0x4d, 0x1b, 0x5b, 0x30, 0x6d, 0x1b, 0x5b, 0x33, 0x38, 0x3b, 0x32, 0x3b, 0x32, 
    0x35, 0x35, 0x3b, 0x32, 0x35, 0x35, 0x3b, 0x32, 0x35, 0x35, 0x6d, 0x4d, 0x1b, 0x5b, 0x30, 0x6d, 
    0x1b, 0x5b, 0x33, 0x38, 0x3b, 0x32, 0x3b, 0x32, 0x35, 0x35, 0x3b, 0x32, 0x35, 0x35, 0x3b, 0x32, 
    0x35, 0x35, 0x6d, 0x4d, 0x1b, 0x5b, 0x30, 0x6d, 0x1b, 0x5b, 0x33, 0x38, 0x3b, 0x32, 0x3b, 0x32, 
    0x35, 0x35, 0x3b, 0x32, 0x35, 0x35, 0x3b, 0x32, 0x35, 0x35, 0x6d, 0x4d, 0x1b, 0x5b, 0x30, 0x6d, 
    0x1b, 0x5b, 0x33, 0x38, 0x3b, 0x32, 0x3b, 0x32, 0x35, 0x35, 0x3b, 0x32, 0x35, 0x35, 0x3b, 0x32, 
    0x35, 0x35, 0x6d, 0x4d, 0x1b, 0x5b, 0x30, 0x6d, 0x1b, 0x5b, 0x33, 0x38, 0x3b, 0x32, 0x3b, 0x32, 
    0x35, 0x35, 0x3b, 0x32, 0x35, 0x35, 0x3b, 0x32, 0x35, 0x35, 0x6d, 0x4d, 0x1b, 0x5b, 0x30, 0x6d, 
    0x1b, 0x5b, 0x33, 0x38, 0x3b, 0x32, 0x3b, 0x32, 0x35, 0x35, 0x3b, 0x32, 0x35, 0x35, 0x3b, 0x32, 
    0x35, 0x35, 0x6d, 0x4d, 0x1b, 0x5b, 0x30, 0x6d, 0x1b, 0x5b, 0x33, 0x38, 0x3b, 0x32, 0x3b, 0x35, 
    0x31, 0x3b, 0x35, 0x31, 0x3b, 0x35, 0x31, 0x6d, 0x2e, 0x1b, 0x5b, 0x30, 0x6d, 0x1b, 0x5b, 0x33, 
    0x38, 0x3b, 0x32, 0x3b, 0x35, 0x31, 0x3b, 0x35, 0x31, 0x3b, 0x35, 0x31, 0x6d, 0x2e, 0x1b, 0x5b, 
    0x30, 0x6d, 0x1b, 0x5b, 0x33, 0x38, 0x3b, 0x32, 0x3b, 0x30, 0x3b, 0x30, 0x3b, 0x30, 0x6d, 0x20, 
    0x1b, 0x5b, 0x30, 0x6d, 0x1b, 0x5b, 0x33, 0x38, 0x3b, 0x32, 0x3b, 0x30, 0x3b, 0x30, 0x3b, 0x30, 
    0x6d, 0x20, 0x1b, 0x5b, 0x30, 0x6d, 0x1b, 0x5b, 0x33, 0x38, 0x3b, 0x32, 0x3b, 0x30, 0x3b, 0x30, 
    0x3b, 0x30, 0x6d, 0x20, 0x1b, 0x5b, 0x30, 0x6d, 0x1b, 0x5b, 0x33, 0x38, 0x3b, 0x32, 0x3b, 0x30, 
    0x3b, 0x30, 0x3b, 0x30, 0x6d, 0x20, 0x1b, 0x5b, 0x30, 0x6d, 0x1b, 0x5b, 0x33, 0x38, 0x3b, 0x32, 
    0x3b, 0x30, 0x3b, 0x30, 0x3b, 0x30, 0x6d, 0x20, 0x1b, 0x5b, 0x30, 0x6d, 0x1b, 0x5b, 0x33, 0x38, 
    0x3b, 0x32, 0x3b, 0x30, 0x3b, 0x30, 0x3b, 0x30, 0x6d, 0x20, 0x1b, 0x5b, 0x30, 0x6d, 0x1b, 0x5b, 
    0x33, 0x38, 0x3b, 0x32, 0x3b, 0x30, 0x3b, 0x30, 0x3b, 0x30, 0x6d, 0x20, 0x1b, 0x5b, 0x30, 0x6d, 
    0x1b, 0x5b, 0x33, 0x38, 0x3b, 0x32, 0x3b, 0x30, 0x3b, 0x30, 0x3b, 0x30, 0x6d, 0x20, 0x1b, 0x5b, 
    0x30, 0x6d, 0x1b, 0x5b, 0x33, 0x38, 0x3b, 0x32, 0x3b, 0x30, 0x3b, 0x30, 0x3b, 0x30, 0x6d, 0x20, 
    0x1b, 0x5b, 0x30, 0x6d, 0x1b, 0x5b, 0x33, 0x38, 0x3b, 0x32, 0x3b, 0x31, 0x32, 0x38, 0x3b, 0x31, 
    0x32, 0x38, 0x3b, 0x31, 0x32, 0x38, 0x6d, 0x6c, 0x1b, 0x5b, 0x30, 0x6d, 0x1b, 0x5b, 0x33, 0x38, 
    0x3b, 0x32, 0x3b, 0x32, 0x35, 0x35, 0x3b, 0x32, 0x35, 0x35, 0x3b, 0x32, 0x35, 0x35, 0x6d, 0x4d, 
    0x1b, 0x5b, 0x30, 0x6d, 0x1b, 0x5b, 0x33, 0x38, 0x3b, 0x32, 0x3b, 0x32, 0x35, 0x35, 0x3b, 0x32, 
    0x35, 0x35, 0x3b, 0x32, 0x35, 0x35, 0x6d, 0x4d, 0x1b, 0x5b, 0x30, 0x6d, 0x1b, 0x5b, 0x33, 0x38, 
    0x3b, 0x32, 0x3b, 0x32, 0x35, 0x35, 0x3b, 0x32, 0x35, 0x35, 0x3b, 0x32, 0x35, 0x35, 0x6d, 0x4d, 
    0x1b, 0x5b, 0x30, 0x6d, 0x1b, 0x5b, 0x33, 0x38, 0x3b, 0x32, 0x3b, 0x32, 0x35, 0x35, 0x3b, 0x32, 
    0x35, 0x35, 0x3b, 0x32, 0x35, 0x35, 0x6d, 0x4d, 0x1b, 0x5b, 0x30, 0x6d, 0x1b, 0x5b, 0x33, 0x38, 
    0x3b, 0x32, 0x3b, 0x32, 0x35, 0x35, 0x3b, 0x32, 0x35, 0x35, 0x3b, 0x32, 0x35, 0x35, 0x6d, 0x4d, 
    0x1b, 0x5b, 0x30, 0x6d, 0x1b, 0x5b, 0x33, 0x38, 0x3b, 0x32, 0x3b, 0x32, 0x35, 0x35, 0x3b, 0x32, 
    0x35, 0x35, 0x3b, 0x32, 0x35, 0x35, 0x6d, 0x4d, 0x1b, 0x5b, 0x30, 0x6d, 0x1b, 0x5b, 0x33, 0x38, 
    0x3b, 0x32, 0x3b, 0x32, 0x35, 0x35, 0x3b, 0x32, 0x35, 0x35, 0x3b, 0x32, 0x35, 0x35, 0x6d, 0x4d, 
    0x1b, 0x5b, 0x30, 0x6d, 0x1b, 0x5b, 0x33, 0x38, 0x3b, 0x32, 0x3b, 0x32, 0x35, 0x35, 0x3b, 0x32, 
    0x35, 0x35, 0x3b, 0x32, 0x35, 0x35, 0x6d, 0x4d, 0x1b, 0x5b, 0x30, 0x6d, 0x1b, 0x5b, 0x33, 0x38, 
    0x3b, 0x32, 0x3b, 0x32, 0x35, 0x35, 0x3b, 0x32, 0x35, 0x35, 0x3b, 0x32, 0x35, 0x35, 0x6d, 0x4d, 
    0x1b, 0x5b, 0x30, 0x6d, 0x1b, 0x5b, 0x33, 0x38, 0x3b, 0x32, 0x3b, 0x32, 0x35, 0x35, 0x3b, 0x32, 
    0x35, 0x35, 0x3b, 0x32, 0x35, 0x35, 0x6d, 0x4d, 0x1b, 0x5b, 0x30, 0x6d, 0x1b, 0x5b, 0x33, 0x38, 
    0x3b, 0x32, 0x3b, 0x32, 0x35, 0x35, 0x3b, 0x32, 0x35, 0x35, 0x3b, 0x32, 0x35, 0x35, 0x6d, 0x4d, 
    0x1b, 0x5b, 0x30, 0x6d, 0x1b, 0x5b, 0x33, 0x38, 0x3b, 0x32, 0x3b, 0x32, 0x35, 0x35, 0x3b, 0x32, 
    0x35, 0x35, 0x3b, 0x32, 0x35, 0x35, 0x6d, 0x4d, 0x1b, 0x5b, 0x30, 0x6d, 0x1b, 0x5b, 0x33, 0x38, 
    0x3b, 0x32, 0x3b, 0x32, 0x35, 0x35, 0x3b, 0x32, 0x35, 0x35, 0x3b, 0x32, 0x35, 0x35, 0x6d, 0x4d, 
    0x1b, 0x5b, 0x30, 0x6d, 0x1b, 0x5b, 0x33, 0x38, 0x3b, 0x32, 0x3b, 0x32, 0x35, 0x35, 0x3b, 0x32, 
    0x35, 0x35, 0x3b, 0x32, 0x35, 0x35, 0x6d, 0x4d, 0x1b, 0x5b, 0x30, 0x6d, 0x1b, 0x5b, 0x33, 0x38, 
    0x3b, 0x32, 0x3b, 0x32, 0x35, 0x35, 0x3b, 0x32, 0x35, 0x35, 0x3b, 0x32, 0x35, 0x35, 0x6d, 0x4d, 
    0x1b, 0x5b, 0x30, 0x6d, 0x1b, 0x5b, 0x33, 0x38, 0x3b, 0x32, 0x3b, 0x31, 0x32, 0x38, 0x3b, 0x31, 
    0x32, 0x38, 0x3b, 0x31, 0x32, 0x38, 0x6d, 0x6c, 0x1b, 0x5b, 0x30, 0x6d, 0x1b, 0x5b, 0x33, 0x38, 
    0x3b, 0x32, 0x3b, 0x30, 0x3b, 0x30, 0x3b, 0x30, 0x6d, 0x20, 0x1b, 0x5b, 0x30, 0x6d, 0x1b, 0x5b, 
    0x33, 0x38, 0x3b, 0x32, 0x3b, 0x32, 0x36, 0x3b, 0x32, 0x36, 0x3b, 0x32, 0x36, 0x6d, 0x20, 0x1b, 
    0x5b, 0x30, 0x6d, 0x1b, 0x5b, 0x33, 0x38, 0x3b, 0x32, 0x3b, 0x35, 0x31, 0x3b, 0x35, 0x31, 0x3b, 
    0x35, 0x31, 0x6d, 0x2e, 0x1b, 0x5b, 0x30, 0x6d, 0x1b, 0x5b, 0x33, 0x38, 0x3b, 0x32, 0x3b, 0x35, 
    0x31, 0x3b, 0x35, 0x31, 0x3b, 0x35, 0x31, 0x6d, 0x2e, 0x1b, 0x5b, 0x30, 0x6d, 0x1b, 0x5b, 0x33, 
    0x38, 0x3b, 0x32, 0x3b, 0x32, 0x35, 0x35, 0x3b, 0x32, 0x35, 0x35, 0x3b, 0x32, 0x35, 0x35, 0x6d, 
    0x4d, 0x1b, 0x5b, 0x30, 0x6d, 0x1b, 0x5b, 0x33, 0x38, 0x3b, 0x32, 0x3b, 0x32, 0x35, 0x35, 0x3b, 
    0x32, 0x35, 0x35, 0x3b, 0x32, 0x35, 0x35, 0x6d, 0x4d, 0x1b, 0x5b, 0x30, 0x6d, 0x1b, 0x5b, 0x33, 
    0x38, 0x3b, 0x32, 0x3b, 0x32, 0x35, 0x35, 0x3b, 0x32, 0x35, 0x35, 0x3b, 0x32, 0x35, 0x35, 0x6d, 
    0x4d, 0x1b, 0x5b, 0x30, 0x6d, 0x1b, 0x5b, 0x33, 0x38, 0x3b, 0x32, 0x3b, 0x32, 0x35, 0x35, 0x3b, 
    0x32, 0x35, 0x35, 0x3b, 0x32, 0x35, 0x35, 0x6d, 0x4d, 0x1b, 0x5b, 0x30, 0x6d, 0x1b, 0x5b, 0x33, 
    0x38, 0x3b, 0x32, 0x3b, 0x32, 0x35, 0x35, 0x3b, 0x32, 0x35, 0x35, 0x3b, 0x32, 0x35, 0x35, 0x6d, 
    0x4d, 0x1b, 0x5b, 0x30, 0x6d, 0x1b, 0x5b, 0x33, 0x38, 0x3b, 0x32, 0x3b, 0x32, 0x35, 0x35, 0x3b, 
    0x32, 0x35, 0x35, 0x3b, 0x32, 0x35, 0x35, 0x6d, 0x4d, 0x1b, 0x5b, 0x30, 0x6d, 0x1b, 0x5b, 0x33, 
    0x38, 0x3b, 0x32, 0x3b, 0x32, 0x35, 0x35, 0x3b, 0x32, 0x35, 0x35, 0x3b, 0x32, 0x35, 0x35, 0x6d, 
    0x4d, 0x1b, 0x5b, 0x30, 0x6d, 0x1b, 0x5b, 0x33, 0x38, 0x3b, 0x32, 0x3b, 0x30, 0x3b, 0x30, 0x3b, 
    0x30, 0x6d, 0x20, 0x1b, 0x5b, 0x30, 0x6d, 0x1b, 0x5b, 0x33, 0x38, 0x3b, 0x32, 0x3b, 0x30, 0x3b, 
    0x30, 0x3b, 0x30, 0x6d, 0x20, 0x1b, 0x5b, 0x30, 0x6d, 0x1b, 0x5b, 0x33, 0x38, 0x3b, 0x32, 0x3b, 
    0x35, 0x31, 0x3b, 0x35, 0x31, 0x3b, 0x35, 0x31, 0x6d, 0x2e, 0x1b, 0x5b, 0x30, 0x6d, 0x1b, 0x5b, 
    0x33, 0x38, 0x3b, 0x32, 0x3b, 0x35, 0x31, 0x3b, 0x35, 0x31, 0x3b, 0x35, 0x31, 0x6d, 0x2e, 0x1b, 
    0x5b, 0x30, 0x6d, 0x1b, 0x5b, 0x33, 0x38, 0x3b, 0x32, 0x3b, 0x32, 0x36, 0x3b, 0x32, 0x36, 0x3b, 
    0x32, 0x36, 0x6d, 0x20, 0x1b, 0x5b, 0x30, 0x6d, 0x1b, 0x5b, 0x33, 0x38, 0x3b, 0x32, 0x3b, 0x30, 
    0x3b, 0x30, 0x3b, 0x30, 0x6d, 0x20, 0x1b, 0x5b, 0x30, 0x6d, 0x1b, 0x5b, 0x33, 0x38, 0x3b, 0x32, 
    0x3b, 0x31, 0x32, 0x38, 0x3b, 0x31, 0x32, 0x38, 0x3b, 0x31, 0x32, 0x38, 0x6d, 0x6c, 0x1b, 0x5b, 
    0x30, 0x6d, 0x1b, 0x5b, 0x33, 0x38, 0x3b, 0x32, 0x3b, 0x32, 0x35, 0x35, 0x3b, 0x32, 0x35, 0x35, 
    0x3b, 0x32, 0x35, 0x35, 0x6d, 0x4d, 0x1b, 0x5b, 0x30, 0x6d, 0x1b, 0x5b, 0x33, 0x38, 0x3b, 0x32, 
    0x3b, 0x32, 0x35, 0x35, 0x3b, 0x32, 0x35, 0x35, 0x3b, 0x32, 0x35, 0x35, 0x6d, 0x4d, 0x1b, 0x5b, 
    0x30, 0x6d, 0x1b, 0x5b, 0x33, 0x38, 0x3b, 0x32, 0x3b, 0x32, 0x35, 0x35, 0x3b, 0x32, 0x35, 0x35, 
    0x3b, 0x32, 0x35, 0x35, 0x6d, 0x4d, 0x1b, 0x5b, 0x30, 0x6d, 0x1b, 0x5b, 0x33, 0x38, 0x3b, 0x32, 
    0x3b, 0x32, 0x35, 0x35, 0x3b, 0x32, 0x35, 0x35, 0x3b, 0x32, 0x35, 0x35, 0x6d, 0x4d, 0x1b, 0x5b, 
    0x30, 0x6d, 0x1b, 0x5b, 0x33, 0x38, 0x3b, 0x32, 0x3b, 0x32, 0x35, 0x35, 0x3b, 0x32, 0x35, 0x35, 
    0x3b, 0x32, 0x35, 0x35, 0x6d, 0x4d, 0x1b, 0x5b, 0x30, 0x6d, 0x1b, 0x5b, 0x33, 0x38, 0x3b, 0x32, 
    0x3b, 0x32, 0x35, 0x35, 0x3b, 0x32, 0x35, 0x35, 0x3b, 0x32, 0x35, 0x35, 0x6d, 0x4d, 0x1b, 0x5b, 
    0x30, 0x6d, 0x1b, 0x5b, 0x33, 0x38, 0x3b, 0x32, 0x3b, 0x32, 0x35, 0x35, 0x3b, 0x32, 0x35, 0x35, 
    0x3b, 0x32, 0x35, 0x35, 0x6d, 0x4d, 0x1b, 0x5b, 0x30, 0x6d, 0x1b, 0x5b, 0x33, 0x38, 0x3b, 0x32, 
    0x3b, 0x32, 0x35, 0x35, 0x3b, 0x32, 0x35, 0x35, 0x3b, 0x32, 0x35, 0x35, 0x6d, 0x4d, 0x1b, 0x5b, 
    0x30, 0x6d, 0x1b, 0x5b, 0x33, 0x38, 0x3b, 0x32, 0x3b, 0x32, 0x35, 0x35, 0x3b, 0x32, 0x35, 0x35, 
    0x3b, 0x32, 0x35, 0x35, 0x6d, 0x4d, 0x1b, 0x5b, 0x30, 0x6d, 0x1b, 0x5b, 0x33, 0x38, 0x3b, 0x32, 
    0x3b, 0x32, 0x35, 0x35, 0x3b, 0x32, 0x35, 0x35, 0x3b, 0x32, 0x35, 0x35, 0x6d, 0x4d, 0x1b, 0x5b, 
    0x30, 0x6d, 0x1b, 0x5b, 0x33, 0x38, 0x3b, 0x32, 0x3b, 0x32, 0x35, 0x35, 0x3b, 0x32, 0x35, 0x35, 
    0x3b, 0x32, 0x35, 0x35, 0x6d, 0x4d, 0x1b, 0x5b, 0x30, 0x6d, 0x1b, 0x5b, 0x33, 0x38, 0x3b, 0x32, 
    0x3b, 0x32, 0x35, 0x35, 0x3b, 0x32, 0x35, 0x35, 0x3b, 0x32, 0x35, 0x35, 0x6d, 0x4d, 0x1b, 0x5b, 
    0x30, 0x6d, 0x1b, 0x5b, 0x33, 0x38, 0x3b, 0x32, 0x3b, 0x32, 0x35, 0x35, 0x3b, 0x32, 0x35, 0x35, 
    0x3b, 0x32, 0x35, 0x35, 0x6d, 0x4d, 0x1b, 0x5b, 0x30, 0x6d, 0x1b, 0x5b, 0x33, 0x38, 0x3b, 0x32, 
    0x3b, 0x32, 0x35, 0x35, 0x3b, 0x32, 0x35, 0x35, 0x3b, 0x32, 0x35, 0x35, 0x6d, 0x4d, 0x1b, 0x5b, 
    0x30, 0x6d, 0x1b, 0x5b, 0x33, 0x38, 0x3b, 0x32, 0x3b, 0x32, 0x35, 0x35, 0x3b, 0x32, 0x35, 0x35, 
    0x3b, 0x32, 0x35, 0x35, 0x6d, 0x4d, 0x1b, 0x5b, 0x30, 0x6d, 0x1b, 0x5b, 0x33, 0x38, 0x3b, 0x32, 
    0x3b, 0x32, 0x35, 0x35, 0x3b, 0x32, 0x35, 0x35, 0x3b, 0x32, 0x35, 0x35, 0x6d, 0x4d, 0x1b, 0x5b, 
    0x30, 0x6d, 0x1b, 0x5b, 0x33, 0x38, 0x3b, 0x32, 0x3b, 0x32, 0x35, 0x35, 0x3b, 0x32, 0x35, 0x35, 
    0x3b, 0x32, 0x35, 0x35, 0x6d, 0x4d, 0x1b, 0x5b, 0x30, 0x6d, 0x1b, 0x5b, 0x33, 0x38, 0x3b, 0x32, 
    0x3b, 0x32, 0x35, 0x35, 0x3b, 0x32, 0x35, 0x35, 0x3b, 0x32, 0x35, 0x35, 0x6d, 0x4d, 0x1b, 0x5b, 
    0x30, 0x6d, 0x1b, 0x5b, 0x33, 0x38, 0x3b, 0x32, 0x3b, 0x32, 0x35, 0x35, 0x3b, 0x32, 0x35, 0x35, 
    0x3b, 0x32, 0x35, 0x35, 0x6d, 0x4d, 0x1b, 0x5b, 0x30, 0x6d, 0x1b, 0x5b, 0x33, 0x38, 0x3b, 0x32, 
    0x3b, 0x32, 0x35, 0x35, 0x3b, 0x32, 0x35, 0x35, 0x3b, 0x32, 0x35, 0x35, 0x6d, 0x4d, 0x1b, 0x5b, 
    0x30, 0x6d, 0x1b, 0x5b, 0x33, 0x38, 0x3b, 0x32, 0x3b, 0x32, 0x35, 0x35, 0x3b, 0x32, 0x35, 0x35, 
    0x3b, 0x32, 0x35, 0x35, 0x6d, 0x4d, 0x1b, 0x5b, 0x30, 0x6d, 0x1b, 0x5b, 0x33, 0x38, 0x3b, 0x32, 
    0x3b, 0x32, 0x35, 0x35, 0x3b, 0x32, 0x35, 0x35, 0x3b, 0x32, 0x35, 0x35, 0x6d, 0x4d, 0x1b, 0x5b, 
    0x30, 0x6d, 0x0a, 0x1b, 0x5b, 0x30, 0x6d, 0x1b, 0x5b, 0x33, 0x38, 0x3b, 0x32, 0x3b, 0x32, 0x35, 
    0x35, 0x3b, 0x32, 0x35, 0x35, 0x3b, 0x32, 0x35, 0x35, 0x6d, 0x4d, 0x1b, 0x5b, 0x30, 0x6d, 0x1b, 
    0x5b, 0x33, 0x38, 0x3b, 0x32, 0x3b, 0x32, 0x35, 0x35, 0x3b, 0x32, 0x35, 0x35, 0x3b, 0x32, 0x35, 
    0x35, 0x6d, 0x4d, 0x1b, 0x5b, 0x30, 0x6d, 0x1b, 0x5b, 0x33, 0x38, 0x3b, 0x32, 0x3b, 0x32, 0x35, 
    0x35, 0x3b, 0x32, 0x35, 0x35, 0x3b, 0x32, 0x35, 0x35, 0x6d, 0x4d, 0x1b, 0x5b, 0x30, 0x6d, 0x1b, 
    0x5b, 0x33, 0x38, 0x3b, 0x32, 0x3b, 0x32, 0x35, 0x35, 0x3b, 0x32, 0x35, 0x35, 0x3b, 0x32, 0x35, 
    0x35, 0x6d, 0x4d, 0x1b, 0x5b, 0x30, 0x6d, 0x1b, 0x5b, 0x33, 0x38, 0x3b, 0x32, 0x3b, 0x32, 0x35, 
    0x35, 0x3b, 0x32, 0x35, 0x35, 0x3b, 0x32, 0x35, 0x35, 0x6d, 0x4d, 0x1b, 0x5b, 0x30, 0x6d, 0x1b, 
    0x5b, 0x33, 0x38, 0x3b, 0x32, 0x3b, 0x32, 0x35, 0x35, 0x3b, 0x32, 0x35, 0x35, 0x3b, 0x32, 0x35, 
    0x35, 0x6d, 0x4d, 0x1b, 0x5b, 0x30, 0x6d, 0x1b, 0x5b, 0x33, 0x38, 0x3b, 0x32, 0x3b, 0x32, 0x35, 
    0x35, 0x3b, 0x32, 0x35, 0x35, 0x3b, 0x32, 0x35, 0x35, 0x6d, 0x4d, 0x1b, 0x5b, 0x30, 0x6d, 0x1b, 
    0x5b, 0x33, 0x38, 0x3b, 0x32, 0x3b, 0x32, 0x35, 0x35, 0x3b, 0x32, 0x35, 0x35, 0x3b, 0x32, 0x35, 
    0x35, 0x6d, 0x4d, 0x1b, 0x5b, 0x30, 0x6d, 0x1b, 0x5b, 0x33, 0x38, 0x3b, 0x32, 0x3b, 0x32, 0x35, 
    0x35, 0x3b, 0x32, 0x35, 0x35, 0x3b, 0x32, 0x35, 0x35, 0x6d, 0x4d, 0x1b, 0x5b, 0x30, 0x6d, 0x1b, 
    0x5b, 0x33, 0x38, 0x3b, 0x32, 0x3b, 0x32, 0x35, 0x35, 0x3b, 0x32, 0x35, 0x35, 0x3b, 0x32, 0x35, 
    0x35, 0x6d, 0x4d, 0x1b, 0x5b, 0x30, 0x6d, 0x1b, 0x5b, 0x33, 0x38, 0x3b, 0x32, 0x3b, 0x32, 0x35, 
    0x35, 0x3b, 0x32, 0x35, 0x35, 0x3b, 0x32, 0x35, 0x35, 0x6d, 0x4d, 0x1b, 0x5b, 0x30, 0x6d, 0x1b, 
    0x5b, 0x33, 0x38, 0x3b, 0x32, 0x3b, 0x31, 0x32, 0x38, 0x3b, 0x31, 0x32, 0x38, 0x3b, 0x31, 0x32, 
    0x38, 0x6d, 0x6c, 0x1b, 0x5b, 0x30, 0x6d, 0x1b, 0x5b, 0x33, 0x38, 0x3b, 0x32, 0x3b, 0x30, 0x3b, 
    0x30, 0x3b, 0x30, 0x6d, 0x20, 0x1b, 0x5b, 0x30, 0x6d, 0x1b, 0x5b, 0x33, 0x38, 0x3b, 0x32, 0x3b, 
    0x31, 0x32, 0x38, 0x3b, 0x31, 0x32, 0x38, 0x3b, 0x31, 0x32, 0x38, 0x6d, 0x6c, 0x1b, 0x5b, 0x30, 
    0x6d, 0x1b, 0x5b, 0x33, 0x38, 0x3b, 0x32, 0x3b, 0x32, 0x35, 0x35, 0x3b, 0x32, 0x35, 0x35, 0x3b, 
    0x32, 0x35, 0x35, 0x6d, 0x4d, 0x1b, 0x5b, 0x30, 0x6d, 0x1b, 0x5b, 0x33, 0x38, 0x3b, 0x32, 0x3b, 
    0x32, 0x35, 0x35, 0x3b, 0x32, 0x35, 0x35, 0x3b, 0x32, 0x35, 0x35, 0x6d, 0x4d, 0x1b, 0x5b, 0x30, 
    0x6d, 0x1b, 0x5b, 0x33, 0x38, 0x3b, 0x32, 0x3b, 0x30, 0x3b, 0x30, 0x3b, 0x30, 0x6d, 0x20, 0x1b, 
    0x5b, 0x30, 0x6d, 0x1b, 0x5b, 0x33, 0x38, 0x3b, 0x32, 0x3b, 0x30, 0x3b, 0x30, 0x3b, 0x30, 0x6d, 
    0x20, 0x1b, 0x5b, 0x30, 0x6d, 0x1b, 0x5b, 0x33, 0x38, 0x3b, 0x32, 0x3b, 0x30, 0x3b, 0x30, 0x3b, 
    0x30, 0x6d, 0x20, 0x1b, 0x5b, 0x30, 0x6d, 0x1b, 0x5b, 0x33, 0x38, 0x3b, 0x32, 0x3b, 0x30, 0x3b, 
    0x30, 0x3b, 0x30, 0x6d, 0x20, 0x1b, 0x5b, 0x30, 0x6d, 0x1b, 0x5b, 0x33, 0x38, 0x3b, 0x32, 0x3b, 
    0x31, 0x32, 0x38, 0x3b, 0x31, 0x32, 0x38, 0x3b, 0x31, 0x32, 0x38, 0x6d, 0x6c, 0x1b, 0x5b, 0x30, 
    0x6d, 0x1b, 0x5b, 0x33, 0x38, 0x3b, 0x32, 0x3b, 0x32, 0x35, 0x35, 0x3b, 0x32, 0x35, 0x35, 0x3b, 
    0x32, 0x35, 0x35, 0x6d, 0x4d, 0x1b, 0x5b, 0x30, 0x6d, 0x1b, 0x5b, 0x33, 0x38, 0x3b, 0x32, 0x3b, 
    0x32, 0x35, 0x35, 0x3b, 0x32, 0x35, 0x35, 0x3b, 0x32, 0x35, 0x35, 0x6d, 0x4d, 0x1b, 0x5b, 0x30, 
    0x6d, 0x1b, 0x5b, 0x33, 0x38, 0x3b, 0x32, 0x3b, 0x32, 0x35, 0x35, 0x3b, 0x32, 0x35, 0x35, 0x3b, 
    0x32, 0x35, 0x35, 0x6d, 0x4d, 0x1b, 0x5b, 0x30, 0x6d, 0x1b, 0x5b, 0x33, 0x38, 0x3b, 0x32, 0x3b, 
    0x32, 0x35, 0x35, 0x3b, 0x32, 0x35, 0x35, 0x3b, 0x32, 0x35, 0x35, 0x6d, 0x4d, 0x1b, 0x5b, 0x30, 
    0x6d, 0x1b, 0x5b, 0x33, 0x38, 0x3b, 0x32, 0x3b, 0x32, 0x35, 0x35, 0x3b, 0x32, 0x35, 0x35, 0x3b, 
    0x32, 0x35, 0x35, 0x6d, 0x4d, 0x1b, 0x5b, 0x30, 0x6d, 0x1b, 0x5b, 0x33, 0x38, 0x3b, 0x32, 0x3b, 
    0x32, 0x35, 0x35, 0x3b, 0x32, 0x35, 0x35, 0x3b, 0x32, 0x35, 0x35, 0x6d, 0x4d, 0x1b, 0x5b, 0x30, 
    0x6d, 0x1b, 0x5b, 0x33, 0x38, 0x3b, 0x32, 0x3b, 0x32, 0x35, 0x35, 0x3b, 0x32, 0x35, 0x35, 0x3b, 
    0x32, 0x35, 0x35, 0x6d, 0x4d, 0x1b, 0x5b, 0x30, 0x6d, 0x1b, 0x5b, 0x33, 0x38, 0x3b, 0x32, 0x3b, 
    0x32, 0x35, 0x35, 0x3b, 0x32, 0x35, 0x35, 0x3b, 0x32, 0x35, 0x35, 0x6d, 0x4d, 0x1b, 0x5b, 0x30, 
    0x6d, 0x1b, 0x5b, 0x33, 0x38, 0x3b, 0x32, 0x3b, 0x32, 0x35, 0x35, 0x3b, 0x32, 0x35, 0x35, 0x3b, 
    0x32, 0x35, 0x35, 0x6d, 0x4d, 0x1b, 0x5b, 0x30, 0x6d, 0x1b, 0x5b, 0x33, 0x38, 0x3b, 0x32, 0x3b, 
    0x32, 0x35, 0x35, 0x3b, 0x32, 0x35, 0x35, 0x3b, 0x32, 0x35, 0x35, 0x6d, 0x4d, 0x1b, 0x5b, 0x30, 
    0x6d, 0x1b, 0x5b, 0x33, 0x38, 0x3b, 0x32, 0x3b, 0x32, 0x35, 0x35, 0x3b, 0x32, 0x35, 0x35, 0x3b, 
    0x32, 0x35, 0x35, 0x6d, 0x4d, 0x1b, 0x5b, 0x30, 0x6d, 0x1b, 0x5b, 0x33, 0x38, 0x3b, 0x32, 0x3b, 
    0x32, 0x35, 0x35, 0x3b, 0x32, 0x35, 0x35, 0x3b, 0x32, 0x35, 0x35, 0x6d, 0x4d, 0x1b, 0x5b, 0x30, 
    0x6d, 0x1b, 0x5b, 0x33, 0x38, 0x3b, 0x32, 0x3b, 0x32, 0x35, 0x35, 0x3b, 0x32, 0x35, 0x35, 0x3b, 
    0x32, 0x35, 0x35, 0x6d, 0x4d, 0x1b, 0x5b, 0x30, 0x6d, 0x1b, 0x5b, 0x33, 0x38, 0x3b, 0x32, 0x3b, 
    0x30, 0x3b, 0x30, 0x3b, 0x30, 0x6d, 0x20, 0x1b, 0x5b, 0x30, 0x6d, 0x1b, 0x5b, 0x33, 0x38, 0x3b, 
    0x32, 0x3b, 0x30, 0x3b, 0x30, 0x3b, 0x30, 0x6d, 0x20, 0x1b, 0x5b, 0x30, 0x6d, 0x1b, 0x5b, 0x33, 
    0x38, 0x3b, 0x32, 0x3b, 0x30, 0x3b, 0x30, 0x3b, 0x30, 0x6d, 0x20, 0x1b, 0x5b, 0x30, 0x6d, 0x1b, 
    0x5b, 0x33, 0x38, 0x3b, 0x32, 0x3b, 0x30, 0x3b, 0x30, 0x3b, 0x30, 0x6d, 0x20, 0x1b, 0x5b, 0x30, 
    0x6d, 0x1b, 0x5b, 0x33, 0x38, 0x3b, 0x32, 0x3b, 0x30, 0x3b, 0x30, 0x3b, 0x30, 0x6d, 0x20, 0x1b, 
    0x5b, 0x30, 0x6d, 0x1b, 0x5b, 0x33, 0x38, 0x3b, 0x32, 0x3b, 0x30, 0x3b, 0x30, 0x3b, 0x30, 0x6d, 
    0x20, 0x1b, 0x5b, 0x30, 0x6d, 0x1b, 0x5b, 0x33, 0x38, 0x3b, 0x32, 0x3b, 0x30, 0x3b, 0x30, 0x3b, 
    0x30, 0x6d, 0x20, 0x1b, 0x5b, 0x30, 0x6d, 0x1b, 0x5b, 0x33, 0x38, 0x3b, 0x32, 0x3b, 0x30, 0x3b, 
    0x30, 0x3b, 0x30, 0x6d, 0x20, 0x1b, 0x5b, 0x30, 0x6d, 0x1b, 0x5b, 0x33, 0x38, 0x3b, 0x32, 0x3b, 
    0x30, 0x3b, 0x30, 0x3b, 0x30, 0x6d, 0x20, 0x1b, 0x5b, 0x30, 0x6d, 0x1b, 0x5b, 0x33, 0x38, 0x3b, 
    0x32, 0x3b, 0x31, 0x32, 0x38, 0x3b, 0x31, 0x32, 0x38, 0x3b, 0x31, 0x32, 0x38, 0x6d, 0x6c, 0x1b, 
    0x5b, 0x30, 0x6d, 0x1b, 0x5b, 0x33, 0x38, 0x3b, 0x32, 0x3b, 0x32, 0x35, 0x35, 0x3b, 0x32, 0x35, 
    0x35, 0x3b, 0x32, 0x35, 0x35, 0x6d, 0x4d, 0x1b, 0x5b, 0x30, 0x6d, 0x1b, 0x5b, 0x33, 0x38, 0x3b, 
    0x32, 0x3b, 0x32, 0x35, 0x35, 0x3b, 0x32, 0x35, 0x35, 0x3b, 0x32, 0x35, 0x35, 0x6d, 0x4d, 0x1b, 
    0x5b, 0x30, 0x6d, 0x1b, 0x5b, 0x33, 0x38, 0x3b, 0x32, 0x3b, 0x32, 0x35, 0x35, 0x3b, 0x32, 0x35, 
    0x35, 0x3b, 0x32, 0x35, 0x35, 0x6d, 0x4d, 0x1b, 0x5b, 0x30, 0x6d, 0x1b, 0x5b, 0x33, 0x38, 0x3b, 
    0x32, 0x3b, 0x32, 0x35, 0x35, 0x3b, 0x32, 0x35, 0x35, 0x3b, 0x32, 0x35, 0x35, 0x6d, 0x4d, 0x1b, 
    0x5b, 0x30, 0x6d, 0x1b, 0x5b, 0x33, 0x38, 0x3b, 0x32, 0x3b, 0x32, 0x35, 0x35, 0x3b, 0x32, 0x35, 
    0x35, 0x3b, 0x32, 0x35, 0x35, 0x6d, 0x4d, 0x1b, 0x5b, 0x30, 0x6d, 0x1b, 0x5b, 0x33, 0x38, 0x3b, 
    0x32, 0x3b, 0x32, 0x35, 0x35, 0x3b, 0x32, 0x35, 0x35, 0x3b, 0x32, 0x35, 0x35, 0x6d, 0x4d, 0x1b, 
    0x5b, 0x30, 0x6d, 0x1b, 0x5b, 0x33, 0x38, 0x3b, 0x32, 0x3b, 0x32, 0x35, 0x35, 0x3b, 0x32, 0x35, 
    0x35, 0x3b, 0x32, 0x35, 0x35, 0x6d, 0x4d, 0x1b, 0x5b, 0x30, 0x6d, 0x1b, 0x5b, 0x33, 0x38, 0x3b, 
    0x32, 0x3b, 0x32, 0x35, 0x35, 0x3b, 0x32, 0x35, 0x35, 0x3b, 0x32, 0x35, 0x35, 0x6d, 0x4d, 0x1b, 
    0x5b, 0x30, 0x6d, 0x1b, 0x5b, 0x33, 0x38, 0x3b, 0x32, 0x3b, 0x32, 0x35, 0x35, 0x3b, 0x32, 0x35, 
    0x35, 0x3b, 0x32, 0x35, 0x35, 0x6d, 0x4d, 0x1b, 0x5b, 0x30, 0x6d, 0x1b, 0x5b, 0x33, 0x38, 0x3b, 
    0x32, 0x3b, 0x32, 0x35, 0x35, 0x3b, 0x32, 0x35, 0x35, 0x3b, 0x32, 0x35, 0x35, 0x6d, 0x4d, 0x1b, 
    0x5b, 0x30, 0x6d, 0x1b, 0x5b, 0x33, 0x38, 0x3b, 0x32, 0x3b, 0x32, 0x35, 0x35, 0x3b, 0x32, 0x35, 
    0x35, 0x3b, 0x32, 0x35, 0x35, 0x6d, 0x4d, 0x1b, 0x5b, 0x30, 0x6d, 0x1b, 0x5b, 0x33, 0x38, 0x3b, 
    0x32, 0x3b, 0x32, 0x35, 0x35, 0x3b, 0x32, 0x35, 0x35, 0x3b, 0x32, 0x35, 0x35, 0x6d, 0x4d, 0x1b, 
    0x5b, 0x30, 0x6d, 0x1b, 0x5b, 0x33, 0x38, 0x3b, 0x32, 0x3b, 0x32, 0x35, 0x35, 0x3b, 0x32, 0x35, 
    0x35, 0x3b, 0x32, 0x35, 0x35, 0x6d, 0x4d, 0x1b, 0x5b, 0x30, 0x6d, 0x1b, 0x5b, 0x33, 0x38, 0x3b, 
    0x32, 0x3b, 0x32, 0x35, 0x35, 0x3b, 0x32, 0x35, 0x35, 0x3b, 0x32, 0x35, 0x35, 0x6d, 0x4d, 0x1b, 
    0x5b, 0x30, 0x6d, 0x1b, 0x5b, 0x33, 0x38, 0x3b, 0x32, 0x3b, 0x32, 0x35, 0x35, 0x3b, 0x32, 0x35, 
    0x35, 0x3b, 0x32, 0x35, 0x35, 0x6d, 0x4d, 0x1b, 0x5b, 0x30, 0x6d, 0x1b, 0x5b, 0x33, 0x38, 0x3b, 
    0x32, 0x3b, 0x31, 0x32, 0x38, 0x3b, 0x31, 0x32, 0x38, 0x3b, 0x31, 0x32, 0x38, 0x6d, 0x6c, 0x1b, 
    0x5b, 0x30, 0x6d, 0x1b, 0x5b, 0x33, 0x38, 0x3b, 0x32, 0x3b, 0x30, 0x3b, 0x30, 0x3b, 0x30, 0x6d, 
    0x20, 0x1b, 0x5b, 0x30, 0x6d, 0x1b, 0x5b, 0x33, 0x38, 0x3b, 0x32, 0x3b, 0x31, 0x32, 0x38, 0x3b, 
    0x31, 0x32, 0x38, 0x3b, 0x31, 0x32, 0x38, 0x6d, 0x6c, 0x1b, 0x5b, 0x30, 0x6d, 0x1b, 0x5b, 0x33, 
    0x38, 0x3b, 0x32, 0x3b, 0x32, 0x35, 0x35, 0x3b, 0x32, 0x35, 0x35, 0x3b, 0x32, 0x35, 0x35, 0x6d, 
    0x4d, 0x1b, 0x5b, 0x30, 0x6d, 0x1b, 0x5b, 0x33, 0x38, 0x3b, 0x32, 0x3b, 0x32, 0x35, 0x35, 0x3b, 
    0x32, 0x35, 0x35, 0x3b, 0x32, 0x35, 0x35, 0x6d, 0x4d, 0x1b, 0x5b, 0x30, 0x6d, 0x1b, 0x5b, 0x33, 
    0x38, 0x3b, 0x32, 0x3b, 0x32, 0x35, 0x35, 0x3b, 0x32, 0x35, 0x35, 0x3b, 0x32, 0x35, 0x35, 0x6d, 
    0x4d, 0x1b, 0x5b, 0x30, 0x6d, 0x1b, 0x5b, 0x33, 0x38, 0x3b, 0x32, 0x3b, 0x32, 0x35, 0x35, 0x3b, 
    0x32, 0x35, 0x35, 0x3b, 0x32, 0x35, 0x35, 0x6d, 0x4d, 0x1b, 0x5b, 0x30, 0x6d, 0x1b, 0x5b, 0x33, 
    0x38, 0x3b, 0x32, 0x3b, 0x32, 0x35, 0x35, 0x3b, 0x32, 0x35, 0x35, 0x3b, 0x32, 0x35, 0x35, 0x6d, 
    0x4d, 0x1b, 0x5b, 0x30, 0x6d, 0x1b, 0x5b, 0x33, 0x38, 0x3b, 0x32, 0x3b, 0x32, 0x35, 0x35, 0x3b, 
    0x32, 0x35, 0x35, 0x3b, 0x32, 0x35, 0x35, 0x6d, 0x4d, 0x1b, 0x5b, 0x30, 0x6d, 0x1b, 0x5b, 0x33, 
    0x38, 0x3b, 0x32, 0x3b, 0x32, 0x35, 0x35, 0x3b, 0x32, 0x35, 0x35, 0x3b, 0x32, 0x35, 0x35, 0x6d, 
    0x4d, 0x1b, 0x5b, 0x30, 0x6d, 0x1b, 0x5b, 0x33, 0x38, 0x3b, 0x32, 0x3b, 0x32, 0x35, 0x35, 0x3b, 
    0x32, 0x35, 0x35, 0x3b, 0x32, 0x35, 0x35, 0x6d, 0x4d, 0x1b, 0x5b, 0x30, 0x6d, 0x1b, 0x5b, 0x33, 
    0x38, 0x3b, 0x32, 0x3b, 0x32, 0x35, 0x35, 0x3b, 0x32, 0x35, 0x35, 0x3b, 0x32, 0x35, 0x35, 0x6d, 
    0x4d, 0x1b, 0x5b, 0x30, 0x6d, 0x1b, 0x5b, 0x33, 0x38, 0x3b, 0x32, 0x3b, 0x30, 0x3b, 0x30, 0x3b, 
    0x30, 0x6d, 0x20, 0x1b, 0x5b, 0x30, 0x6d, 0x1b, 0x5b, 0x33, 0x38, 0x3b, 0x32, 0x3b, 0x30, 0x3b, 
    0x30, 0x3b, 0x30, 0x6d, 0x20, 0x1b, 0x5b, 0x30, 0x6d, 0x1b, 0x5b, 0x33, 0x38, 0x3b, 0x32, 0x3b, 
    0x32, 0x35, 0x35, 0x3b, 0x32, 0x35, 0x35, 0x3b, 0x32, 0x35, 0x35, 0x6d, 0x4d, 0x1b, 0x5b, 0x30, 
    0x6d, 0x1b, 0x5b, 0x33, 0x38, 0x3b, 0x32, 0x3b, 0x32, 0x35, 0x35, 0x3b, 0x32, 0x35, 0x35, 0x3b, 
    0x32, 0x35, 0x35, 0x6d, 0x4d, 0x1b, 0x5b, 0x30, 0x6d, 0x1b, 0x5b, 0x33, 0x38, 0x3b, 0x32, 0x3b, 
    0x31, 0x32, 0x38, 0x3b, 0x31, 0x32, 0x38, 0x3b, 0x31, 0x32, 0x38, 0x6d, 0x6c, 0x1b, 0x5b, 0x30, 
    0x6d, 0x1b, 0x5b, 0x33, 0x38, 0x3b, 0x32, 0x3b, 0x30, 0x3b, 0x30, 0x3b, 0x30, 0x6d, 0x20, 0x1b, 
    0x5b, 0x30, 0x6d, 0x1b, 0x5b, 0x33, 0x38, 0x3b, 0x32, 0x3b, 0x31, 0x32, 0x38, 0x3b, 0x31, 0x32, 
    0x38, 0x3b, 0x31, 0x32, 0x38, 0x6d, 0x6c, 0x1b, 0x5b, 0x30, 0x6d, 0x1b, 0x5b, 0x33, 0x38, 0x3b, 
    0x32, 0x3b, 0x32, 0x35, 0x35, 0x3b, 0x32, 0x35, 0x35, 0x3b, 0x32, 0x35, 0x35, 0x6d, 0x4d, 0x1b, 
    0x5b, 0x30, 0x6d, 0x1b, 0x5b, 0x33, 0x38, 0x3b, 0x32, 0x3b, 0x32, 0x35, 0x35, 0x3b, 0x32, 0x35, 
    0x35, 0x3b, 0x32, 0x35, 0x35, 0x6d, 0x4d, 0x1b, 0x5b, 0x30, 0x6d, 0x1b, 0x5b, 0x33, 0x38, 0x3b, 
    0x32, 0x3b, 0x32, 0x35, 0x35, 0x3b, 0x32, 0x35, 0x35, 0x3b, 0x32, 0x35, 0x35, 0x6d, 0x4d, 0x1b, 
    0x5b, 0x30, 0x6d, 0x1b, 0x5b, 0x33, 0x38, 0x3b, 0x32, 0x3b, 0x32, 0x35, 0x35, 0x3b, 0x32, 0x35, 
    0x35, 0x3b, 0x32, 0x35, 0x35, 0x6d, 0x4d, 0x1b, 0x5b, 0x30, 0x6d, 0x1b, 0x5b, 0x33, 0x38, 0x3b, 
    0x32, 0x3b, 0x32, 0x35, 0x35, 0x3b, 0x32, 0x35, 0x35, 0x3b, 0x32, 0x35, 0x35, 0x6d, 0x4d, 0x1b, 
    0x5b, 0x30, 0x6d, 0x1b, 0x5b, 0x33, 0x38, 0x3b, 0x32, 0x3b, 0x32, 0x35, 0x35, 0x3b, 0x32, 0x35, 
    0x35, 0x3b, 0x32, 0x35, 0x35, 0x6d, 0x4d, 0x1b, 0x5b, 0x30, 0x6d, 0x1b, 0x5b, 0x33, 0x38, 0x3b, 
    0x32, 0x3b, 0x32, 0x35, 0x35, 0x3b, 0x32, 0x35, 0x35, 0x3b, 0x32, 0x35, 0x35, 0x6d, 0x4d, 0x1b, 
    0x5b, 0x30, 0x6d, 0x1b, 0x5b, 0x33, 0x38, 0x3b, 0x32, 0x3b, 0x32, 0x35, 0x35, 0x3b, 0x32, 0x35, 
    0x35, 0x3b, 0x32, 0x35, 0x35, 0x6d, 0x4d, 0x1b, 0x5b, 0x30, 0x6d, 0x1b, 0x5b, 0x33, 0x38, 0x3b, 
    0x32, 0x3b, 0x32, 0x35, 0x35, 0x3b, 0x32, 0x35, 0x35, 0x3b, 0x32, 0x35, 0x35, 0x6d, 0x4d, 0x1b, 
    0x5b, 0x30, 0x6d, 0x1b, 0x5b, 0x33, 0x38, 0x3b, 0x32, 0x3b, 0x32, 0x35, 0x35, 0x3b, 0x32, 0x35, 
    0x35, 0x3b, 0x32, 0x35, 0x35, 0x6d, 0x4d, 0x1b, 0x5b, 0x30, 0x6d, 0x1b, 0x5b, 0x33, 0x38, 0x3b, 
    0x32, 0x3b, 0x32, 0x35, 0x35, 0x3b, 0x32, 0x35, 0x35, 0x3b, 0x32, 0x35, 0x35, 0x6d, 0x4d, 0x1b, 
    0x5b, 0x30, 0x6d, 0x1b, 0x5b, 0x33, 0x38, 0x3b, 0x32, 0x3b, 0x32, 0x35, 0x35, 0x3b, 0x32, 0x35, 
    0x35, 0x3b, 0x32, 0x35, 0x35, 0x6d, 0x4d, 0x1b, 0x5b, 0x30, 0x6d, 0x1b, 0x5b, 0x33, 0x38, 0x3b, 
    0x32, 0x3b, 0x32, 0x35, 0x35, 0x3b, 0x32, 0x35, 0x35, 0x3b, 0x32, 0x35, 0x35, 0x6d, 0x4d, 0x1b, 
    0x5b, 0x30, 0x6d, 0x1b, 0x5b, 0x33, 0x38, 0x3b, 0x32, 0x3b, 0x32, 0x35, 0x35, 0x3b, 0x32, 0x35, 
    0x35, 0x3b, 0x32, 0x35, 0x35, 0x6d, 0x4d, 0x1b, 0x5b, 0x30, 0x6d, 0x1b, 0x5b, 0x33, 0x38, 0x3b, 
    0x32, 0x3b, 0x32, 0x35, 0x35, 0x3b, 0x32, 0x35, 0x35, 0x3b, 0x32, 0x35, 0x35, 0x6d, 0x4d, 0x1b, 
    0x5b, 0x30, 0x6d, 0x1b, 0x5b, 0x33, 0x38, 0x3b, 0x32, 0x3b, 0x32, 0x35, 0x35, 0x3b, 0x32, 0x35, 
    0x35, 0x3b, 0x32, 0x35, 0x35, 0x6d, 0x4d, 0x1b, 0x5b, 0x30, 0x6d, 0x1b, 0x5b, 0x33, 0x38, 0x3b, 
    0x32, 0x3b, 0x32, 0x35, 0x35, 0x3b, 0x32, 0x35, 0x35, 0x3b, 0x32, 0x35, 0x35, 0x6d, 0x4d, 0x1b, 
    0x5b, 0x30, 0x6d, 0x1b, 0x5b, 0x33, 0x38, 0x3b, 0x32, 0x3b, 0x32, 0x35, 0x35, 0x3b, 0x32, 0x35, 
    0x35, 0x3b, 0x32, 0x35, 0x35, 0x6d, 0x4d, 0x1b, 0x5b, 0x30, 0x6d, 0x1b, 0x5b, 0x33, 0x38, 0x3b, 
    0x32, 0x3b, 0x32, 0x35, 0x35, 0x3b, 0x32, 0x35, 0x35, 0x3b, 0x32, 0x35, 0x35, 0x6d, 0x4d, 0x1b, 
    0x5b, 0x30, 0x6d, 0x1b, 0x5b, 0x33, 0x38, 0x3b, 0x32, 0x3b, 0x32, 0x35, 0x35, 0x3b, 0x32, 0x35, 
    0x35, 0x3b, 0x32, 0x35, 0x35, 0x6d, 0x4d, 0x1b, 0x5b, 0x30, 0x6d, 0x1b, 0x5b, 0x33, 0x38, 0x3b, 
    0x32, 0x3b, 0x32, 0x35, 0x35, 0x3b, 0x32, 0x35, 0x35, 0x3b, 0x32, 0x35, 0x35, 0x6d, 0x4d, 0x1b, 
    0x5b, 0x30, 0x6d, 0x1b, 0x5b, 0x33, 0x38, 0x3b, 0x32, 0x3b, 0x32, 0x35, 0x35, 0x3b, 0x32, 0x35, 
    0x35, 0x3b, 0x32, 0x35, 0x35, 0x6d, 0x4d, 0x1b, 0x5b, 0x30, 0x6d, 0x0a, 0x1b, 0x5b, 0x30, 0x6d, 
    0x1b, 0x5b, 0x33, 0x38, 0x3b, 0x32, 0x3b, 0x32, 0x35, 0x35, 0x3b, 0x32, 0x35, 0x35, 0x3b, 0x32, 
    0x35, 0x35, 0x6d, 0x4d, 0x1b, 0x5b, 0x30, 0x6d, 0x1b, 0x5b, 0x33, 0x38, 0x3b, 0x32, 0x3b, 0x32, 
    0x35, 0x35, 0x3b, 0x32, 0x35, 0x35, 0x3b, 0x32, 0x35, 0x35, 0x6d, 0x4d, 0x1b, 0x5b, 0x30, 0x6d, 
    0x1b, 0x5b, 0x33, 0x38, 0x3b, 0x32, 0x3b, 0x32, 0x35, 0x35, 0x3b, 0x32, 0x35, 0x35, 0x3b, 0x32, 
    0x35, 0x35, 0x6d, 0x4d, 0x1b, 0x5b, 0x30, 0x6d, 0x1b, 0x5b, 0x33, 0x38, 0x3b, 0x32, 0x3b, 0x32, 
    0x35, 0x35, 0x3b, 0x32, 0x35, 0x35, 0x3b, 0x32, 0x35, 0x35, 0x6d, 0x4d, 0x1b, 0x5b, 0x30, 0x6d, 
    0x1b, 0x5b, 0x33, 0x38, 0x3b, 0x32, 0x3b, 0x32, 0x35, 0x35, 0x3b, 0x32, 0x35, 0x35, 0x3b, 0x32, 
    0x35, 0x35, 0x6d, 0x4d, 0x1b, 0x5b, 0x30, 0x6d, 0x1b, 0x5b, 0x33, 0x38, 0x3b, 0x32, 0x3b, 0x32, 
    0x35, 0x35, 0x3b, 0x32, 0x35, 0x35, 0x3b, 0x32, 0x35, 0x35, 0x6d, 0x4d, 0x1b, 0x5b, 0x30, 0x6d, 
    0x1b, 0x5b, 0x33, 0x38, 0x3b, 0x32, 0x3b, 0x32, 0x35, 0x35, 0x3b, 0x32, 0x35, 0x35, 0x3b, 0x32, 
    0x35, 0x35, 0x6d, 0x4d, 0x1b, 0x5b, 0x30, 0x6d, 0x1b, 0x5b, 0x33, 0x38, 0x3b, 0x32, 0x3b, 0x32, 
    0x35, 0x35, 0x3b, 0x32, 0x35, 0x35, 0x3b, 0x32, 0x35, 0x35, 0x6d, 0x4d, 0x1b, 0x5b, 0x30, 0x6d, 
    0x1b, 0x5b, 0x33, 0x38, 0x3b, 0x32, 0x3b, 0x32, 0x35, 0x35, 0x3b, 0x32, 0x35, 0x35, 0x3b, 0x32, 
    0x35, 0x35, 0x6d, 0x4d, 0x1b, 0x5b, 0x30, 0x6d, 0x1b, 0x5b, 0x33, 0x38, 0x3b, 0x32, 0x3b, 0x32, 
    0x35, 0x35, 0x3b, 0x32, 0x35, 0x35, 0x3b, 0x32, 0x35, 0x35, 0x6d, 0x4d, 0x1b, 0x5b, 0x30, 0x6d, 
    0x1b, 0x5b, 0x33, 0x38, 0x3b, 0x32, 0x3b, 0x32, 0x35, 0x35, 0x3b, 0x32, 0x35, 0x35, 0x3b, 0x32, 
    0x35, 0x35, 0x6d, 0x4d, 0x1b, 0x5b, 0x30, 0x6d, 0x1b, 0x5b, 0x33, 0x38, 0x3b, 0x32, 0x3b, 0x32, 
    0x33, 0x30, 0x3b, 0x32, 0x33, 0x30, 0x3b, 0x32, 0x33, 0x30, 0x6d, 0x4e, 0x1b, 0x5b, 0x30, 0x6d, 
    0x1b, 0x5b, 0x33, 0x38, 0x3b, 0x32, 0x3b, 0x32, 0x30, 0x34, 0x3b, 0x32, 0x30, 0x34, 0x3b, 0x32, 
    0x30, 0x34, 0x6d, 0x4b, 0x1b, 0x5b, 0x30, 0x6d, 0x1b, 0x5b, 0x33, 0x38, 0x3b, 0x32, 0x3b, 0x32, 
    0x33, 0x30, 0x3b, 0x32, 0x33, 0x30, 0x3b, 0x32, 0x33, 0x30, 0x6d, 0x4e, 0x1b, 0x5b, 0x30, 0x6d, 
    0x1b, 0x5b, 0x33, 0x38, 0x3b, 0x32, 0x3b, 0x32, 0x35, 0x35, 0x3b, 0x32, 0x35, 0x35, 0x3b, 0x32, 
    0x35, 0x35, 0x6d, 0x4d, 0x1b, 0x5b, 0x30, 0x6d, 0x1b, 0x5b, 0x33, 0x38, 0x3b, 0x32, 0x3b, 0x32, 
    0x35, 0x35, 0x3b, 0x32, 0x35, 0x35, 0x3b, 0x32, 0x35, 0x35, 0x6d, 0x4d, 0x1b, 0x5b, 0x30, 0x6d, 
    0x1b, 0x5b, 0x33, 0x38, 0x3b, 0x32, 0x3b, 0x32, 0x30, 0x34, 0x3b, 0x32, 0x30, 0x34, 0x3b, 0x32, 
    0x30, 0x34, 0x6d, 0x4b, 0x1b, 0x5b, 0x30, 0x6d, 0x1b, 0x5b, 0x33, 0x38, 0x3b, 0x32, 0x3b, 0x32, 
    0x30, 0x34, 0x3b, 0x32, 0x30, 0x34, 0x3b, 0x32, 0x30, 0x34, 0x6d, 0x4b, 0x1b, 0x5b, 0x30, 0x6d, 
    0x1b, 0x5b, 0x33, 0x38, 0x3b, 0x32, 0x3b, 0x30, 0x3b, 0x30, 0x3b, 0x30, 0x6d, 0x20, 0x1b, 0x5b, 
    0x30, 0x6d, 0x1b, 0x5b, 0x33, 0x38, 0x3b, 0x32, 0x3b, 0x30, 0x3b, 0x30, 0x3b, 0x30, 0x6d, 0x20, 
    0x1b, 0x5b, 0x30, 0x6d, 0x1b, 0x5b, 0x33, 0x38, 0x3b, 0x32, 0x3b, 0x31, 0x32, 0x38, 0x3b, 0x31, 
    0x32, 0x38, 0x3b, 0x31, 0x32, 0x38, 0x6d, 0x6c, 0x1b, 0x5b, 0x30, 0x6d, 0x1b, 0x5b, 0x33, 0x38, 
    0x3b, 0x32, 0x3b, 0x32, 0x35, 0x35, 0x3b, 0x32, 0x35, 0x35, 0x3b, 0x32, 0x35, 0x35, 0x6d, 0x4d, 
    0x1b, 0x5b, 0x30, 0x6d, 0x1b, 0x5b, 0x33, 0x38, 0x3b, 0x32, 0x3b, 0x32, 0x35, 0x35, 0x3b, 0x32, 
    0x35, 0x35, 0x3b, 0x32, 0x35, 0x35, 0x6d, 0x4d, 0x1b, 0x5b, 0x30, 0x6d, 0x1b, 0x5b, 0x33, 0x38, 
    0x3b, 0x32, 0x3b, 0x32, 0x35, 0x35, 0x3b, 0x32, 0x35, 0x35, 0x3b, 0x32, 0x35, 0x35, 0x6d, 0x4d, 
    0x1b, 0x5b, 0x30, 0x6d, 0x1b, 0x5b, 0x33, 0x38, 0x3b, 0x32, 0x3b, 0x32, 0x35, 0x35, 0x3b, 0x32, 
    0x35, 0x35, 0x3b, 0x32, 0x35, 0x35, 0x6d, 0x4d, 0x1b, 0x5b, 0x30, 0x6d, 0x1b, 0x5b, 0x33, 0x38, 
    0x3b, 0x32, 0x3b, 0x32, 0x35, 0x35, 0x3b, 0x32, 0x35, 0x35, 0x3b, 0x32, 0x35, 0x35, 0x6d, 0x4d, 
    0x1b, 0x5b, 0x30, 0x6d, 0x1b, 0x5b, 0x33, 0x38, 0x3b, 0x32, 0x3b, 0x32, 0x35, 0x35, 0x3b, 0x32, 
    0x35, 0x35, 0x3b, 0x32, 0x35, 0x35, 0x6d, 0x4d, 0x1b, 0x5b, 0x30, 0x6d, 0x1b, 0x5b, 0x33, 0x38, 
    0x3b, 0x32, 0x3b, 0x32, 0x35, 0x35, 0x3b, 0x32, 0x35, 0x35, 0x3b, 0x32, 0x35, 0x35, 0x6d, 0x4d, 
    0x1b, 0x5b, 0x30, 0x6d, 0x1b, 0x5b, 0x33, 0x38, 0x3b, 0x32, 0x3b, 0x32, 0x35, 0x35, 0x3b, 0x32, 
    0x35, 0x35, 0x3b, 0x32, 0x35, 0x35, 0x6d, 0x4d, 0x1b, 0x5b, 0x30, 0x6d, 0x1b, 0x5b, 0x33, 0x38, 
    0x3b, 0x32, 0x3b, 0x32, 0x35, 0x35, 0x3b, 0x32, 0x35, 0x35, 0x3b, 0x32, 0x35, 0x35, 0x6d, 0x4d, 
    0x1b, 0x5b, 0x30, 0x6d, 0x1b, 0x5b, 0x33, 0x38, 0x3b, 0x32, 0x3b, 0x32, 0x35, 0x35, 0x3b, 0x32, 
    0x35, 0x35, 0x3b, 0x32, 0x35, 0x35, 0x6d, 0x4d, 0x1b, 0x5b, 0x30, 0x6d, 0x1b, 0x5b, 0x33, 0x38, 
    0x3b, 0x32, 0x3b, 0x32, 0x35, 0x35, 0x3b, 0x32, 0x35, 0x35, 0x3b, 0x32, 0x35, 0x35, 0x6d, 0x4d, 
    0x1b, 0x5b, 0x30, 0x6d, 0x1b, 0x5b, 0x33, 0x38, 0x3b, 0x32, 0x3b, 0x32, 0x35, 0x35, 0x3b, 0x32, 
    0x35, 0x35, 0x3b, 0x32, 0x35, 0x35, 0x6d, 0x4d, 0x1b, 0x5b, 0x30, 0x6d, 0x1b, 0x5b, 0x33, 0x38, 
    0x3b, 0x32, 0x3b, 0x32, 0x35, 0x35, 0x3b, 0x32, 0x35, 0x35, 0x3b, 0x32, 0x35, 0x35, 0x6d, 0x4d, 
    0x1b, 0x5b, 0x30, 0x6d, 0x1b, 0x5b, 0x33, 0x38, 0x3b, 0x32, 0x3b, 0x30, 0x3b, 0x30, 0x3b, 0x30, 
    0x6d, 0x20, 0x1b, 0x5b, 0x30, 0x6d, 0x1b, 0x5b, 0x33, 0x38, 0x3b, 0x32, 0x3b, 0x30, 0x3b, 0x30, 
    0x3b, 0x30, 0x6d, 0x20, 0x1b, 0x5b, 0x30, 0x6d, 0x1b, 0x5b, 0x33, 0x38, 0x3b, 0x32, 0x3b, 0x30, 
    0x3b, 0x30, 0x3b, 0x30, 0x6d, 0x20, 0x1b, 0x5b, 0x30, 0x6d, 0x1b, 0x5b, 0x33, 0x38, 0x3b, 0x32, 
    0x3b, 0x30, 0x3b, 0x30, 0x3b, 0x30, 0x6d, 0x20, 0x1b, 0x5b, 0x30, 0x6d, 0x1b, 0x5b, 0x33, 0x38, 
    0x3b, 0x32, 0x3b, 0x30, 0x3b, 0x30, 0x3b, 0x30, 0x6d, 0x20, 0x1b, 0x5b, 0x30, 0x6d, 0x1b, 0x5b, 
    0x33, 0x38, 0x3b, 0x32, 0x3b, 0x30, 0x3b, 0x30, 0x3b, 0x30, 0x6d, 0x20, 0x1b, 0x5b, 0x30, 0x6d, 
    0x1b, 0x5b, 0x33, 0x38, 0x3b, 0x32, 0x3b, 0x30, 0x3b, 0x30, 0x3b, 0x30, 0x6d, 0x20, 0x1b, 0x5b, 
    0x30, 0x6d, 0x1b, 0x5b, 0x33, 0x38, 0x3b, 0x32, 0x3b, 0x30, 0x3b, 0x30, 0x3b, 0x30, 0x6d, 0x20, 
    0x1b, 0x5b, 0x30, 0x6d, 0x1b, 0x5b, 0x33, 0x38, 0x3b, 0x32, 0x3b, 0x30, 0x3b, 0x30, 0x3b, 0x30, 
    0x6d, 0x20, 0x1b, 0x5b, 0x30, 0x6d, 0x1b, 0x5b, 0x33, 0x38, 0x3b, 0x32, 0x3b, 0x32, 0x36, 0x3b, 
    0x32, 0x36, 0x3b, 0x32, 0x36, 0x6d, 0x20, 0x1b, 0x5b, 0x30, 0x6d, 0x1b, 0x5b, 0x33, 0x38, 0x3b, 
    0x32, 0x3b, 0x35, 0x31, 0x3b, 0x35, 0x31, 0x3b, 0x35, 0x31, 0x6d, 0x2e, 0x1b, 0x5b, 0x30, 0x6d, 
    0x1b, 0x5b, 0x33, 0x38, 0x3b, 0x32, 0x3b, 0x31, 0x35, 0x33, 0x3b, 0x31, 0x35, 0x33, 0x3b, 0x31, 
    0x35, 0x33, 0x6d, 0x64, 0x1b, 0x5b, 0x30, 0x6d, 0x1b, 0x5b, 0x33, 0x38, 0x3b, 0x32, 0x3b, 0x32, 
    0x35, 0x35, 0x3b, 0x32, 0x35, 0x35, 0x3b, 0x32, 0x35, 0x35, 0x6d, 0x4d, 0x1b, 0x5b, 0x30, 0x6d, 
    0x1b, 0x5b, 0x33, 0x38, 0x3b, 0x32, 0x3b, 0x32, 0x35, 0x35, 0x3b, 0x32, 0x35, 0x35, 0x3b, 0x32, 
    0x35, 0x35, 0x6d, 0x4d, 0x1b, 0x5b, 0x30, 0x6d, 0x1b, 0x5b, 0x33, 0x38, 0x3b, 0x32, 0x3b, 0x32, 
    0x35, 0x35, 0x3b, 0x32, 0x35, 0x35, 0x3b, 0x32, 0x35, 0x35, 0x6d, 0x4d, 0x1b, 0x5b, 0x30, 0x6d, 
    0x1b, 0x5b, 0x33, 0x38, 0x3b, 0x32, 0x3b, 0x32, 0x35, 0x35, 0x3b, 0x32, 0x35, 0x35, 0x3b, 0x32, 
    0x35, 0x35, 0x6d, 0x4d, 0x1b, 0x5b, 0x30, 0x6d, 0x1b, 0x5b, 0x33, 0x38, 0x3b, 0x32, 0x3b, 0x32, 
    0x35, 0x35, 0x3b, 0x32, 0x35, 0x35, 0x3b, 0x32, 0x35, 0x35, 0x6d, 0x4d, 0x1b, 0x5b, 0x30, 0x6d, 
    0x1b, 0x5b, 0x33, 0x38, 0x3b, 0x32, 0x3b, 0x32, 0x35, 0x35, 0x3b, 0x32, 0x35, 0x35, 0x3b, 0x32, 
    0x35, 0x35, 0x6d, 0x4d, 0x1b, 0x5b, 0x30, 0x6d, 0x1b, 0x5b, 0x33, 0x38, 0x3b, 0x32, 0x3b, 0x32, 
    0x35, 0x35, 0x3b, 0x32, 0x35, 0x35, 0x3b, 0x32, 0x35, 0x35, 0x6d, 0x4d, 0x1b, 0x5b, 0x30, 0x6d, 
    0x1b, 0x5b, 0x33, 0x38, 0x3b, 0x32, 0x3b, 0x32, 0x35, 0x35, 0x3b, 0x32, 0x35, 0x35, 0x3b, 0x32, 
    0x35, 0x35, 0x6d, 0x4d, 0x1b, 0x5b, 0x30, 0x6d, 0x1b, 0x5b, 0x33, 0x38, 0x3b, 0x32, 0x3b, 0x32, 
    0x35, 0x35, 0x3b, 0x32, 0x35, 0x35, 0x3b, 0x32, 0x35, 0x35, 0x6d, 0x4d, 0x1b, 0x5b, 0x30, 0x6d, 
    0x1b, 0x5b, 0x33, 0x38, 0x3b, 0x32, 0x3b, 0x32, 0x35, 0x35, 0x3b, 0x32, 0x35, 0x35, 0x3b, 0x32, 
    0x35, 0x35, 0x6d, 0x4d, 0x1b, 0x5b, 0x30, 0x6d, 0x1b, 0x5b, 0x33, 0x38, 0x3b, 0x32, 0x3b, 0x32, 
    0x35, 0x35, 0x3b, 0x32, 0x35, 0x35, 0x3b, 0x32, 0x35, 0x35, 0x6d, 0x4d, 0x1b, 0x5b, 0x30, 0x6d, 
    0x1b, 0x5b, 0x33, 0x38, 0x3b, 0x32, 0x3b, 0x35, 0x31, 0x3b, 0x35, 0x31, 0x3b, 0x35, 0x31, 0x6d, 
    0x2e, 0x1b, 0x5b, 0x30, 0x6d, 0x1b, 0x5b, 0x33, 0x38, 0x3b, 0x32, 0x3b, 0x35, 0x31, 0x3b, 0x35, 
    0x31, 0x3b, 0x35, 0x31, 0x6d, 0x2e, 0x1b, 0x5b, 0x30, 0x6d, 0x1b, 0x5b, 0x33, 0x38, 0x3b, 0x32, 
    0x3b, 0x32, 0x36, 0x3b, 0x32, 0x36, 0x3b, 0x32, 0x36, 0x6d, 0x20, 0x1b, 0x5b, 0x30, 0x6d, 0x1b, 
    0x5b, 0x33, 0x38, 0x3b, 0x32, 0x3b, 0x30, 0x3b, 0x30, 0x3b, 0x30, 0x6d, 0x20, 0x1b, 0x5b, 0x30, 
    0x6d, 0x1b, 0x5b, 0x33, 0x38, 0x3b, 0x32, 0x3b, 0x31, 0x32, 0x38, 0x3b, 0x31, 0x32, 0x38, 0x3b, 
    0x31, 0x32, 0x38, 0x6d, 0x6c, 0x1b, 0x5b, 0x30, 0x6d, 0x1b, 0x5b, 0x33, 0x38, 0x3b, 0x32, 0x3b, 
    0x32, 0x35, 0x35, 0x3b, 0x32, 0x35, 0x35, 0x3b, 0x32, 0x35, 0x35, 0x6d, 0x4d, 0x1b, 0x5b, 0x30, 
    0x6d, 0x1b, 0x5b, 0x33, 0x38, 0x3b, 0x32, 0x3b, 0x32, 0x35, 0x35, 0x3b, 0x32, 0x35, 0x35, 0x3b, 
    0x32, 0x35, 0x35, 0x6d, 0x4d, 0x1b, 0x5b, 0x30, 0x6d, 0x1b, 0x5b, 0x33, 0x38, 0x3b, 0x32, 0x3b, 
    0x32, 0x35, 0x35, 0x3b, 0x32, 0x35, 0x35, 0x3b, 0x32, 0x35, 0x35, 0x6d, 0x4d, 0x1b, 0x5b, 0x30, 
    0x6d, 0x1b, 0x5b, 0x33, 0x38, 0x3b, 0x32, 0x3b, 0x32, 0x35, 0x35, 0x3b, 0x32, 0x35, 0x35, 0x3b, 
    0x32, 0x35, 0x35, 0x6d, 0x4d, 0x1b, 0x5b, 0x30, 0x6d, 0x1b, 0x5b, 0x33, 0x38, 0x3b, 0x32, 0x3b, 
    0x32, 0x35, 0x35, 0x3b, 0x32, 0x35, 0x35, 0x3b, 0x32, 0x35, 0x35, 0x6d, 0x4d, 0x1b, 0x5b, 0x30, 
    0x6d, 0x1b, 0x5b, 0x33, 0x38, 0x3b, 0x32, 0x3b, 0x32, 0x35, 0x35, 0x3b, 0x32, 0x35, 0x35, 0x3b, 
    0x32, 0x35, 0x35, 0x6d, 0x4d, 0x1b, 0x5b, 0x30, 0x6d, 0x1b, 0x5b, 0x33, 0x38, 0x3b, 0x32, 0x3b, 
    0x32, 0x35, 0x35, 0x3b, 0x32, 0x35, 0x35, 0x3b, 0x32, 0x35, 0x35, 0x6d, 0x4d, 0x1b, 0x5b, 0x30, 
    0x6d, 0x1b, 0x5b, 0x33, 0x38, 0x3b, 0x32, 0x3b, 0x32, 0x35, 0x35, 0x3b, 0x32, 0x35, 0x35, 0x3b, 
    0x32, 0x35, 0x35, 0x6d, 0x4d, 0x1b, 0x5b, 0x30, 0x6d, 0x1b, 0x5b, 0x33, 0x38, 0x3b, 0x32, 0x3b, 
    0x32, 0x35, 0x35, 0x3b, 0x32, 0x35, 0x35, 0x3b, 0x32, 0x35, 0x35, 0x6d, 0x4d, 0x1b, 0x5b, 0x30, 
    0x6d, 0x1b, 0x5b, 0x33, 0x38, 0x3b, 0x32, 0x3b, 0x30, 0x3b, 0x30, 0x3b, 0x30, 0x6d, 0x20, 0x1b, 
    0x5b, 0x30, 0x6d, 0x1b, 0x5b, 0x33, 0x38, 0x3b, 0x32, 0x3b, 0x30, 0x3b, 0x30, 0x3b, 0x30, 0x6d, 
    0x20, 0x1b, 0x5b, 0x30, 0x6d, 0x1b, 0x5b, 0x33, 0x38, 0x3b, 0x32, 0x3b, 0x32, 0x35, 0x35, 0x3b, 
    0x32, 0x35, 0x35, 0x3b, 0x32, 0x35, 0x35, 0x6d, 0x4d, 0x1b, 0x5b, 0x30, 0x6d, 0x1b, 0x5b, 0x33, 
    0x38, 0x3b, 0x32, 0x3b, 0x32, 0x35, 0x35, 0x3b, 0x32, 0x35, 0x35, 0x3b, 0x32, 0x35, 0x35, 0x6d, 
    0x4d, 0x1b, 0x5b, 0x30, 0x6d, 0x1b, 0x5b, 0x33, 0x38, 0x3b, 0x32, 0x3b, 0x31, 0x32, 0x38, 0x3b, 
    0x31, 0x32, 0x38, 0x3b, 0x31, 0x32, 0x38, 0x6d, 0x6c, 0x1b, 0x5b, 0x30, 0x6d, 0x1b, 0x5b, 0x33, 
    0x38, 0x3b, 0x32, 0x3b, 0x30, 0x3b, 0x30, 0x3b, 0x30, 0x6d, 0x20, 0x1b, 0x5b, 0x30, 0x6d, 0x1b, 
    0x5b, 0x33, 0x38, 0x3b, 0x32, 0x3b, 0x31, 0x32, 0x38, 0x3b, 0x31, 0x32, 0x38, 0x3b, 0x31, 0x32, 
    0x38, 0x6d, 0x6c, 0x1b, 0x5b, 0x30, 0x6d, 0x1b, 0x5b, 0x33, 0x38, 0x3b, 0x32, 0x3b, 0x32, 0x35, 
    0x35, 0x3b, 0x32, 0x35, 0x35, 0x3b, 0x32, 0x35, 0x35, 0x6d, 0x4d, 0x1b, 0x5b, 0x30, 0x6d, 0x1b, 
    0x5b, 0x33, 0x38, 0x3b, 0x32, 0x3b, 0x32, 0x35, 0x35, 0x3b, 0x32, 0x35, 0x35, 0x3b, 0x32, 0x35, 
    0x35, 0x6d, 0x4d, 0x1b, 0x5b, 0x30, 0x6d, 0x1b, 0x5b, 0x33, 0x38, 0x3b, 0x32, 0x3b, 0x32, 0x35, 
    0x35, 0x3b, 0x32, 0x35, 0x35, 0x3b, 0x32, 0x35, 0x35, 0x6d, 0x4d, 0x1b, 0x5b, 0x30, 0x6d, 0x1b, 
    0x5b, 0x33, 0x38, 0x3b, 0x32, 0x3b, 0x32, 0x35, 0x35, 0x3b, 0x32, 0x35, 0x35, 0x3b, 0x32, 0x35, 
    0x35, 0x6d, 0x4d, 0x1b, 0x5b, 0x30, 0x6d, 0x1b, 0x5b, 0x33, 0x38, 0x3b, 0x32, 0x3b, 0x32, 0x35, 
    0x35, 0x3b, 0x32, 0x35, 0x35, 0x3b, 0x32, 0x35, 0x35, 0x6d, 0x4d, 0x1b, 0x5b, 0x30, 0x6d, 0x1b, 
    0x5b, 0x33, 0x38, 0x3b, 0x32, 0x3b, 0x32, 0x35, 0x35, 0x3b, 0x32, 0x35, 0x35, 0x3b, 0x32, 0x35, 
    0x35, 0x6d, 0x4d, 0x1b, 0x5b, 0x30, 0x6d, 0x1b, 0x5b, 0x33, 0x38, 0x3b, 0x32, 0x3b, 0x32, 0x35, 
    0x35, 0x3b, 0x32, 0x35, 0x35, 0x3b, 0x32, 0x35, 0x35, 0x6d, 0x4d, 0x1b, 0x5b, 0x30, 0x6d, 0x1b, 
    0x5b, 0x33, 0x38, 0x3b, 0x32, 0x3b, 0x32, 0x35, 0x35, 0x3b, 0x32, 0x35, 0x35, 0x3b, 0x32, 0x35, 
    0x35, 0x6d, 0x4d, 0x1b, 0x5b, 0x30, 0x6d, 0x1b, 0x5b, 0x33, 0x38, 0x3b, 0x32, 0x3b, 0x32, 0x35, 
    0x35, 0x3b, 0x32, 0x35, 0x35, 0x3b, 0x32, 0x35, 0x35, 0x6d, 0x4d, 0x1b, 0x5b, 0x30, 0x6d, 0x1b, 
    0x5b, 0x33, 0x38, 0x3b, 0x32, 0x3b, 0x32, 0x35, 0x35, 0x3b, 0x32, 0x35, 0x35, 0x3b, 0x32, 0x35, 
    0x35, 0x6d, 0x4d, 0x1b, 0x5b, 0x30, 0x6d, 0x1b, 0x5b, 0x33, 0x38, 0x3b, 0x32, 0x3b, 0x32, 0x35, 
    0x35, 0x3b, 0x32, 0x35, 0x35, 0x3b, 0x32, 0x35, 0x35, 0x6d, 0x4d, 0x1b, 0x5b, 0x30, 0x6d, 0x1b, 
    0x5b, 0x33, 0x38, 0x3b, 0x32, 0x3b, 0x32, 0x35, 0x35, 0x3b, 0x32, 0x35, 0x35, 0x3b, 0x32, 0x35, 
    0x35, 0x6d, 0x4d, 0x1b, 0x5b, 0x30, 0x6d, 0x1b, 0x5b, 0x33, 0x38, 0x3b, 0x32, 0x3b, 0x32, 0x35, 
    0x35, 0x3b, 0x32, 0x35, 0x35, 0x3b, 0x32, 0x35, 0x35, 0x6d, 0x4d, 0x1b, 0x5b, 0x30, 0x6d, 0x1b, 
    0x5b, 0x33, 0x38, 0x3b, 0x32, 0x3b, 0x32, 0x35, 0x35, 0x3b, 0x32, 0x35, 0x35, 0x3b, 0x32, 0x35, 
    0x35, 0x6d, 0x4d, 0x1b, 0x5b, 0x30, 0x6d, 0x1b, 0x5b, 0x33, 0x38, 0x3b, 0x32, 0x3b, 0x32, 0x35, 
    0x35, 0x3b, 0x32, 0x35, 0x35, 0x3b, 0x32, 0x35, 0x35, 0x6d, 0x4d, 0x1b, 0x5b, 0x30, 0x6d, 0x1b, 
    0x5b, 0x33, 0x38, 0x3b, 0x32, 0x3b, 0x32, 0x35, 0x35, 0x3b, 0x32, 0x35, 0x35, 0x3b, 0x32, 0x35, 
    0x35, 0x6d, 0x4d, 0x1b, 0x5b, 0x30, 0x6d, 0x1b, 0x5b, 0x33, 0x38, 0x3b, 0x32, 0x3b, 0x32, 0x35, 
    0x35, 0x3b, 0x32, 0x35, 0x35, 0x3b, 0x32, 0x35, 0x35, 0x6d, 0x4d, 0x1b, 0x5b, 0x30, 0x6d, 0x1b, 
    0x5b, 0x33, 0x38, 0x3b, 0x32, 0x3b, 0x32, 0x35, 0x35, 0x3b, 0x32, 0x35, 0x35, 0x3b, 0x32, 0x35, 
    0x35, 0x6d, 0x4d, 0x1b, 0x5b, 0x30, 0x6d, 0x1b, 0x5b, 0x33, 0x38, 0x3b, 0x32, 0x3b, 0x32, 0x35, 
    0x35, 0x3b, 0x32, 0x35, 0x35, 0x3b, 0x32, 0x35, 0x35, 0x6d, 0x4d, 0x1b, 0x5b, 0x30, 0x6d, 0x1b, 
    0x5b, 0x33, 0x38, 0x3b, 0x32, 0x3b, 0x32, 0x35, 0x35, 0x3b, 0x32, 0x35, 0x35, 0x3b, 0x32, 0x35, 
    0x35, 0x6d, 0x4d, 0x1b, 0x5b, 0x30, 0x6d, 0x1b, 0x5b, 0x33, 0x38, 0x3b, 0x32, 0x3b, 0x32, 0x35, 
    0x35, 0x3b, 0x32, 0x35, 0x35, 0x3b, 0x32, 0x35, 0x35, 0x6d, 0x4d, 0x1b, 0x5b, 0x30, 0x6d, 0x1b, 
    0x5b, 0x33, 0x38, 0x3b, 0x32, 0x3b, 0x32, 0x35, 0x35, 0x3b, 0x32, 0x35, 0x35, 0x3b, 0x32, 0x35, 
    0x35, 0x6d, 0x4d, 0x1b, 0x5b, 0x30, 0x6d, 0x0a, 0x1b, 0x5b, 0x30, 0x6d, 0x1b, 0x5b, 0x33, 0x38, 
    0x3b, 0x32, 0x3b, 0x32, 0x35, 0x35, 0x3b, 0x32, 0x35, 0x35, 0x3b, 0x32, 0x35, 0x35, 0x6d, 0x4d, 
    0x1b, 0x5b, 0x30, 0x6d, 0x1b, 0x5b, 0x33, 0x38, 0x3b, 0x32, 0x3b, 0x32, 0x35, 0x35, 0x3b, 0x32, 
    0x35, 0x35, 0x3b, 0x32, 0x35, 0x35, 0x6d, 0x4d, 0x1b, 0x5b, 0x30, 0x6d, 0x1b, 0x5b, 0x33, 0x38, 
    0x3b, 0x32, 0x3b, 0x32, 0x35, 0x35, 0x3b, 0x32, 0x35, 0x35, 0x3b, 0x32, 0x35, 0x35, 0x6d, 0x4d, 
    0x1b, 0x5b, 0x30, 0x6d, 0x1b, 0x5b, 0x33, 0x38, 0x3b, 0x32, 0x3b, 0x32, 0x35, 0x35, 0x3b, 0x32, 
    0x35, 0x35, 0x3b, 0x32, 0x35, 0x35, 0x6d, 0x4d, 0x1b, 0x5b, 0x30, 0x6d, 0x1b, 0x5b, 0x33, 0x38, 
    0x3b, 0x32, 0x3b, 0x32, 0x35, 0x35, 0x3b, 0x32, 0x35, 0x35, 0x3b, 0x32, 0x35, 0x35, 0x6d, 0x4d, 
    0x1b, 0x5b, 0x30, 0x6d, 0x1b, 0x5b, 0x33, 0x38, 0x3b, 0x32, 0x3b, 0x32, 0x35, 0x35, 0x3b, 0x32, 
    0x35, 0x35, 0x3b, 0x32, 0x35, 0x35, 0x6d, 0x4d, 0x1b, 0x5b, 0x30, 0x6d, 0x1b, 0x5b, 0x33, 0x38, 
    0x3b, 0x32, 0x3b, 0x32, 0x35, 0x35, 0x3b, 0x32, 0x35, 0x35, 0x3b, 0x32, 0x35, 0x35, 0x6d, 0x4d, 
    0x1b, 0x5b, 0x30, 0x6d, 0x1b, 0x5b, 0x33, 0x38, 0x3b, 0x32, 0x3b, 0x32, 0x35, 0x35, 0x3b, 0x32, 
    0x35, 0x35, 0x3b, 0x32, 0x35, 0x35, 0x6d, 0x4d, 0x1b, 0x5b, 0x30, 0x6d, 0x1b, 0x5b, 0x33, 0x38, 
    0x3b, 0x32, 0x3b, 0x32, 0x35, 0x35, 0x3b, 0x32, 0x35, 0x35, 0x3b, 0x32, 0x35, 0x35, 0x6d, 0x4d, 
    0x1b, 0x5b, 0x30, 0x6d, 0x1b, 0x5b, 0x33, 0x38, 0x3b, 0x32, 0x3b, 0x32, 0x35, 0x35, 0x3b, 0x32, 
    0x35, 0x35, 0x3b, 0x32, 0x35, 0x35, 0x6d, 0x4d, 0x1b, 0x5b, 0x30, 0x6d, 0x1b, 0x5b, 0x33, 0x38, 
    0x3b, 0x32, 0x3b, 0x32, 0x35, 0x35, 0x3b, 0x32, 0x35, 0x35, 0x3b, 0x32, 0x35, 0x35, 0x6d, 0x4d, 
    0x1b, 0x5b, 0x30, 0x6d, 0x1b, 0x5b, 0x33, 0x38, 0x3b, 0x32, 0x3b, 0x32, 0x35, 0x35, 0x3b, 0x32, 
    0x35, 0x35, 0x3b, 0x32, 0x35, 0x35, 0x6d, 0x4d, 0x1b, 0x5b, 0x30, 0x6d, 0x1b, 0x5b, 0x33, 0x38, 
    0x3b, 0x32, 0x3b, 0x32, 0x35, 0x35, 0x3b, 0x32, 0x35, 0x35, 0x3b, 0x32, 0x35, 0x35, 0x6d, 0x4d, 
    0x1b, 0x5b, 0x30, 0x6d, 0x1b, 0x5b, 0x33, 0x38, 0x3b, 0x32, 0x3b, 0x32, 0x35, 0x35, 0x3b, 0x32, 
    0x35, 0x35, 0x3b, 0x32, 0x35, 0x35, 0x6d, 0x4d, 0x1b, 0x5b, 0x30, 0x6d, 0x1b, 0x5b, 0x33, 0x38, 
    0x3b, 0x32, 0x3b, 0x32, 0x35, 0x35, 0x3b, 0x32, 0x35, 0x35, 0x3b, 0x32, 0x35, 0x35, 0x6d, 0x4d, 
    0x1b, 0x5b, 0x30, 0x6d, 0x1b, 0x5b, 0x33, 0x38, 0x3b, 0x32, 0x3b, 0x32, 0x35, 0x35, 0x3b, 0x32, 
    0x35, 0x35, 0x3b, 0x32, 0x35, 0x35, 0x6d, 0x4d, 0x1b, 0x5b, 0x30, 0x6d, 0x1b, 0x5b, 0x33, 0x38, 
    0x3b, 0x32, 0x3b, 0x32, 0x35, 0x35, 0x3b, 0x32, 0x35, 0x35, 0x3b, 0x32, 0x35, 0x35, 0x6d, 0x4d, 
    0x1b, 0x5b, 0x30, 0x6d, 0x1b, 0x5b, 0x33, 0x38, 0x3b, 0x32, 0x3b, 0x32, 0x35, 0x35, 0x3b, 0x32, 
    0x35, 0x35, 0x3b, 0x32, 0x35, 0x35, 0x6d, 0x4d, 0x1b, 0x5b, 0x30, 0x6d, 0x1b, 0x5b, 0x33, 0x38, 
    0x3b, 0x32, 0x3b, 0x30, 0x3b, 0x30, 0x3b, 0x30, 0x6d, 0x20, 0x1b, 0x5b, 0x30, 0x6d, 0x1b, 0x5b, 
    0x33, 0x38, 0x3b, 0x32, 0x3b, 0x30, 0x3b, 0x30, 0x3b, 0x30, 0x6d, 0x20, 0x1b, 0x5b, 0x30, 0x6d, 
    0x1b, 0x5b, 0x33, 0x38, 0x3b, 0x32, 0x3b, 0x33, 0x32, 0x3b, 0x33, 0x32, 0x3b, 0x33, 0x32, 0x6d, 
    0x2e, 0x1b, 0x5b, 0x30, 0x6d, 0x1b, 0x5b, 0x33, 0x38, 0x3b, 0x32, 0x3b, 0x36, 0x34, 0x3b, 0x36, 
    0x34, 0x3b, 0x36, 0x34, 0x6d, 0x27, 0x1b, 0x5b, 0x30, 0x6d, 0x1b, 0x5b, 0x33, 0x38, 0x3b, 0x32, 
    0x3b, 0x36, 0x34, 0x3b, 0x36, 0x34, 0x3b, 0x36, 0x34, 0x6d, 0x27, 0x1b, 0x5b, 0x30, 0x6d, 0x1b, 
    0x5b, 0x33, 0x38, 0x3b, 0x32, 0x3b, 0x32, 0x35, 0x35, 0x3b, 0x32, 0x35, 0x35, 0x3b, 0x32, 0x35, 
    0x35, 0x6d, 0x4d, 0x1b, 0x5b, 0x30, 0x6d, 0x1b, 0x5b, 0x33, 0x38, 0x3b, 0x32, 0x3b, 0x32, 0x35, 
    0x35, 0x3b, 0x32, 0x35, 0x35, 0x3b, 0x32, 0x35, 0x35, 0x6d, 0x4d, 0x1b, 0x5b, 0x30, 0x6d, 0x1b, 
    0x5b, 0x33, 0x38, 0x3b, 0x32, 0x3b, 0x32, 0x35, 0x35, 0x3b, 0x32, 0x35, 0x35, 0x3b, 0x32, 0x35, 
    0x35, 0x6d, 0x4d, 0x1b, 0x5b, 0x30, 0x6d, 0x1b, 0x5b, 0x33, 0x38, 0x3b, 0x32, 0x3b, 0x32, 0x35, 
    0x35, 0x3b, 0x32, 0x35, 0x35, 0x3b, 0x32, 0x35, 0x35, 0x6d, 0x4d, 0x1b, 0x5b, 0x30, 0x6d, 0x1b, 
    0x5b, 0x33, 0x38, 0x3b, 0x32, 0x3b, 0x32, 0x35, 0x35, 0x3b, 0x32, 0x35, 0x35, 0x3b, 0x32, 0x35, 
    0x35, 0x6d, 0x4d, 0x1b, 0x5b, 0x30, 0x6d, 0x1b, 0x5b, 0x33, 0x38, 0x3b, 0x32, 0x3b, 0x32, 0x35, 
    0x35, 0x3b, 0x32, 0x35, 0x35, 0x3b, 0x32, 0x35, 0x35, 0x6d, 0x4d, 0x1b, 0x5b, 0x30, 0x6d, 0x1b, 
    0x5b, 0x33, 0x38, 0x3b, 0x32, 0x3b, 0x32, 0x35, 0x35, 0x3b, 0x32, 0x35, 0x35, 0x3b, 0x32, 0x35, 
    0x35, 0x6d, 0x4d, 0x1b, 0x5b, 0x30, 0x6d, 0x1b, 0x5b, 0x33, 0x38, 0x3b, 0x32, 0x3b, 0x32, 0x35, 
    0x35, 0x3b, 0x32, 0x35, 0x35, 0x3b, 0x32, 0x35, 0x35, 0x6d, 0x4d, 0x1b, 0x5b, 0x30, 0x6d, 0x1b, 
    0x5b, 0x33, 0x38, 0x3b, 0x32, 0x3b, 0x32, 0x35, 0x35, 0x3b, 0x32, 0x35, 0x35, 0x3b, 0x32, 0x35, 
    0x35, 0x6d, 0x4d, 0x1b, 0x5b, 0x30, 0x6d, 0x1b, 0x5b, 0x33, 0x38, 0x3b, 0x32, 0x3b, 0x32, 0x35, 
    0x35, 0x3b, 0x32, 0x35, 0x35, 0x3b, 0x32, 0x35, 0x35, 0x6d, 0x4d, 0x1b, 0x5b, 0x30, 0x6d, 0x1b, 
    0x5b, 0x33, 0x38, 0x3b, 0x32, 0x3b, 0x32, 0x35, 0x35, 0x3b, 0x32, 0x35, 0x35, 0x3b, 0x32, 0x35, 
    0x35, 0x6d, 0x4d, 0x1b, 0x5b, 0x30, 0x6d, 0x1b, 0x5b, 0x33, 0x38, 0x3b, 0x32, 0x3b, 0x30, 0x3b, 
    0x30, 0x3b, 0x30, 0x6d, 0x20, 0x1b, 0x5b, 0x30, 0x6d, 0x1b, 0x5b, 0x33, 0x38, 0x3b, 0x32, 0x3b, 
    0x30, 0x3b, 0x30, 0x3b, 0x30, 0x6d, 0x20, 0x1b, 0x5b, 0x30, 0x6d, 0x1b, 0x5b, 0x33, 0x38, 0x3b, 
    0x32, 0x3b, 0x30, 0x3b, 0x30, 0x3b, 0x30, 0x6d, 0x20, 0x1b, 0x5b, 0x30, 0x6d, 0x1b, 0x5b, 0x33, 
    0x38, 0x3b, 0x32, 0x3b, 0x30, 0x3b, 0x30, 0x3b, 0x30, 0x6d, 0x20, 0x1b, 0x5b, 0x30, 0x6d, 0x1b, 
    0x5b, 0x33, 0x38, 0x3b, 0x32, 0x3b, 0x30, 0x3b, 0x30, 0x3b, 0x30, 0x6d, 0x20, 0x1b, 0x5b, 0x30, 
    0x6d, 0x1b, 0x5b, 0x33, 0x38, 0x3b, 0x32, 0x3b, 0x30, 0x3b, 0x30, 0x3b, 0x30, 0x6d, 0x20, 0x1b, 
    0x5b, 0x30, 0x6d, 0x1b, 0x5b, 0x33, 0x38, 0x3b, 0x32, 0x3b, 0x30, 0x3b, 0x30, 0x3b, 0x30, 0x6d, 
    0x20, 0x1b, 0x5b, 0x30, 0x6d, 0x1b, 0x5b, 0x33, 0x38, 0x3b, 0x32, 0x3b, 0x30, 0x3b, 0x30, 0x3b, 
    0x30, 0x6d, 0x20, 0x1b, 0x5b, 0x30, 0x6d, 0x1b, 0x5b, 0x33, 0x38, 0x3b, 0x32, 0x3b, 0x30, 0x3b, 
    0x30, 0x3b, 0x30, 0x6d, 0x20, 0x1b, 0x5b, 0x30, 0x6d, 0x1b, 0x5b, 0x33, 0x38, 0x3b, 0x32, 0x3b, 
    0x30, 0x3b, 0x30, 0x3b, 0x30, 0x6d, 0x20, 0x1b, 0x5b, 0x30, 0x6d, 0x1b, 0x5b, 0x33, 0x38, 0x3b, 
    0x32, 0x3b, 0x30, 0x3b, 0x30, 0x3b, 0x30, 0x6d, 0x20, 0x1b, 0x5b, 0x30, 0x6d, 0x1b, 0x5b, 0x33, 
    0x38, 0x3b, 0x32, 0x3b, 0x31, 0x32, 0x38, 0x3b, 0x31, 0x32, 0x38, 0x3b, 0x31, 0x32, 0x38, 0x6d, 
    0x6c, 0x1b, 0x5b, 0x30, 0x6d, 0x1b, 0x5b, 0x33, 0x38, 0x3b, 0x32, 0x3b, 0x32, 0x35, 0x35, 0x3b, 
    0x32, 0x35, 0x35, 0x3b, 0x32, 0x35, 0x35, 0x6d, 0x4d, 0x1b, 0x5b, 0x30, 0x6d, 0x1b, 0x5b, 0x33, 
    0x38, 0x3b, 0x32, 0x3b, 0x32, 0x35, 0x35, 0x3b, 0x32, 0x35, 0x35, 0x3b, 0x32, 0x35, 0x35, 0x6d, 
    0x4d, 0x1b, 0x5b, 0x30, 0x6d, 0x1b, 0x5b, 0x33, 0x38, 0x3b, 0x32, 0x3b, 0x32, 0x35, 0x35, 0x3b, 
    0x32, 0x35, 0x35, 0x3b, 0x32, 0x35, 0x35, 0x6d, 0x4d, 0x1b, 0x5b, 0x30, 0x6d, 0x1b, 0x5b, 0x33, 
    0x38, 0x3b, 0x32, 0x3b, 0x32, 0x35, 0x35, 0x3b, 0x32, 0x35, 0x35, 0x3b, 0x32, 0x35, 0x35, 0x6d, 
    0x4d, 0x1b, 0x5b, 0x30, 0x6d, 0x1b, 0x5b, 0x33, 0x38, 0x3b, 0x32, 0x3b, 0x32, 0x35, 0x35, 0x3b, 
    0x32, 0x35, 0x35, 0x3b, 0x32, 0x35, 0x35, 0x6d, 0x4d, 0x1b, 0x5b, 0x30, 0x6d, 0x1b, 0x5b, 0x33, 
    0x38, 0x3b, 0x32, 0x3b, 0x32, 0x35, 0x35, 0x3b, 0x32, 0x35, 0x35, 0x3b, 0x32, 0x35, 0x35, 0x6d, 
    0x4d, 0x1b, 0x5b, 0x30, 0x6d, 0x1b, 0x5b, 0x33, 0x38, 0x3b, 0x32, 0x3b, 0x32, 0x35, 0x35, 0x3b, 
    0x32, 0x35, 0x35, 0x3b, 0x32, 0x35, 0x35, 0x6d, 0x4d, 0x1b, 0x5b, 0x30, 0x6d, 0x1b, 0x5b, 0x33, 
    0x38, 0x3b, 0x32, 0x3b, 0x32, 0x35, 0x35, 0x3b, 0x32, 0x35, 0x35, 0x3b, 0x32, 0x35, 0x35, 0x6d, 
    0x4d, 0x1b, 0x5b, 0x30, 0x6d, 0x1b, 0x5b, 0x33, 0x38, 0x3b, 0x32, 0x3b, 0x32, 0x35, 0x35, 0x3b, 
    0x32, 0x35, 0x35, 0x3b, 0x32, 0x35, 0x35, 0x6d, 0x4d, 0x1b, 0x5b, 0x30, 0x6d, 0x1b, 0x5b, 0x33, 
    0x38, 0x3b, 0x32, 0x3b, 0x32, 0x35, 0x35, 0x3b, 0x32, 0x35, 0x35, 0x3b, 0x32, 0x35, 0x35, 0x6d, 
    0x4d, 0x1b, 0x5b, 0x30, 0x6d, 0x1b, 0x5b, 0x33, 0x38, 0x3b, 0x32, 0x3b, 0x32, 0x35, 0x35, 0x3b, 
    0x32, 0x35, 0x35, 0x3b, 0x32, 0x35, 0x35, 0x6d, 0x4d, 0x1b, 0x5b, 0x30, 0x6d, 0x1b, 0x5b, 0x33, 
    0x38, 0x3b, 0x32, 0x3b, 0x30, 0x3b, 0x30, 0x3b, 0x30, 0x6d, 0x20, 0x1b, 0x5b, 0x30, 0x6d, 0x1b, 
    0x5b, 0x33, 0x38, 0x3b, 0x32, 0x3b, 0x30, 0x3b, 0x30, 0x3b, 0x30, 0x6d, 0x20, 0x1b, 0x5b, 0x30, 
    0x6d, 0x1b, 0x5b, 0x33, 0x38, 0x3b, 0x32, 0x3b, 0x39, 0x36, 0x3b, 0x39, 0x36, 0x3b, 0x39, 0x36, 
    0x6d, 0x3b, 0x1b, 0x5b, 0x30, 0x6d, 0x1b, 0x5b, 0x33, 0x38, 0x3b, 0x32, 0x3b, 0x31, 0x39, 0x31, 
    0x3b, 0x31, 0x39, 0x31, 0x3b, 0x31, 0x39, 0x31, 0x6d, 0x30, 0x1b, 0x5b, 0x30, 0x6d, 0x1b, 0x5b, 
    0x33, 0x38, 0x3b, 0x32, 0x3b, 0x32, 0x32, 0x33, 0x3b, 0x32, 0x32, 0x33, 0x3b, 0x32, 0x32, 0x33, 
    0x6d, 0x58, 0x1b, 0x5b, 0x30, 0x6d, 0x1b, 0x5b, 0x33, 0x38, 0x3b, 0x32, 0x3b, 0x32, 0x35, 0x35, 
    0x3b, 0x32, 0x35, 0x35, 0x3b, 0x32, 0x35, 0x35, 0x6d, 0x4d, 0x1b, 0x5b, 0x30, 0x6d, 0x1b, 0x5b, 
    0x33, 0x38, 0x3b, 0x32, 0x3b, 0x32, 0x35, 0x35, 0x3b, 0x32, 0x35, 0x35, 0x3b, 0x32, 0x35, 0x35, 
    0x6d, 0x4d, 0x1b, 0x5b, 0x30, 0x6d, 0x1b, 0x5b, 0x33, 0x38, 0x3b, 0x32, 0x3b, 0x32, 0x35, 0x35, 
    0x3b, 0x32, 0x35, 0x35, 0x3b, 0x32, 0x35, 0x35, 0x6d, 0x4d, 0x1b, 0x5b, 0x30, 0x6d, 0x1b, 0x5b, 
    0x33, 0x38, 0x3b, 0x32, 0x3b, 0x32, 0x35, 0x35, 0x3b, 0x32, 0x35, 0x35, 0x3b, 0x32, 0x35, 0x35, 
    0x6d, 0x4d, 0x1b, 0x5b, 0x30, 0x6d, 0x1b, 0x5b, 0x33, 0x38, 0x3b, 0x32, 0x3b, 0x32, 0x35, 0x35, 
    0x3b, 0x32, 0x35, 0x35, 0x3b, 0x32, 0x35, 0x35, 0x6d, 0x4d, 0x1b, 0x5b, 0x30, 0x6d, 0x1b, 0x5b, 
    0x33, 0x38, 0x3b, 0x32, 0x3b, 0x32, 0x35, 0x35, 0x3b, 0x32, 0x35, 0x35, 0x3b, 0x32, 0x35, 0x35, 
    0x6d, 0x4d, 0x1b, 0x5b, 0x30, 0x6d, 0x1b, 0x5b, 0x33, 0x38, 0x3b, 0x32, 0x3b, 0x31, 0x35, 0x39, 
    0x3b, 0x31, 0x35, 0x39, 0x3b, 0x31, 0x35, 0x39, 0x6d, 0x78, 0x1b, 0x5b, 0x30, 0x6d, 0x1b, 0x5b, 
    0x33, 0x38, 0x3b, 0x32, 0x3b, 0x36, 0x34, 0x3b, 0x36, 0x34, 0x3b, 0x36, 0x34, 0x6d, 0x27, 0x1b, 
    0x5b, 0x30, 0x6d, 0x1b, 0x5b, 0x33, 0x38, 0x3b, 0x32, 0x3b, 0x36, 0x34, 0x3b, 0x36, 0x34, 0x3b, 
    0x36, 0x34, 0x6d, 0x27, 0x1b, 0x5b, 0x30, 0x6d, 0x1b, 0x5b, 0x33, 0x38, 0x3b, 0x32, 0x3b, 0x31, 
    0x39, 0x31, 0x3b, 0x31, 0x39, 0x31, 0x3b, 0x31, 0x39, 0x31, 0x6d, 0x30, 0x1b, 0x5b, 0x30, 0x6d, 
    0x1b, 0x5b, 0x33, 0x38, 0x3b, 0x32, 0x3b, 0x31, 0x39, 0x31, 0x3b, 0x31, 0x39, 0x31, 0x3b, 0x31, 
    0x39, 0x31, 0x6d, 0x30, 0x1b, 0x5b, 0x30, 0x6d, 0x1b, 0x5b, 0x33, 0x38, 0x3b, 0x32, 0x3b, 0x32, 
    0x35, 0x35, 0x3b, 0x32, 0x35, 0x35, 0x3b, 0x32, 0x35, 0x35, 0x6d, 0x4d, 0x1b, 0x5b, 0x30, 0x6d, 
    0x1b, 0x5b, 0x33, 0x38, 0x3b, 0x32, 0x3b, 0x32, 0x35, 0x35, 0x3b, 0x32, 0x35, 0x35, 0x3b, 0x32, 
    0x35, 0x35, 0x6d, 0x4d, 0x1b, 0x5b, 0x30, 0x6d, 0x1b, 0x5b, 0x33, 0x38, 0x3b, 0x32, 0x3b, 0x32, 
    0x32, 0x33, 0x3b, 0x32, 0x32, 0x33, 0x3b, 0x32, 0x32, 0x33, 0x6d, 0x58, 0x1b, 0x5b, 0x30, 0x6d, 
    0x1b, 0x5b, 0x33, 0x38, 0x3b, 0x32, 0x3b, 0x31, 0x39, 0x31, 0x3b, 0x31, 0x39, 0x31, 0x3b, 0x31, 
    0x39, 0x31, 0x6d, 0x30, 0x1b, 0x5b, 0x30, 0x6d, 0x1b, 0x5b, 0x33, 0x38, 0x3b, 0x32, 0x3b, 0x32, 
    0x32, 0x33, 0x3b, 0x32, 0x32, 0x33, 0x3b, 0x32, 0x32, 0x33, 0x6d, 0x58, 0x1b, 0x5b, 0x30, 0x6d, 
    0x1b, 0x5b, 0x33, 0x38, 0x3b, 0x32, 0x3b, 0x32, 0x35, 0x35, 0x3b, 0x32, 0x35, 0x35, 0x3b, 0x32, 
    0x35, 0x35, 0x6d, 0x4d, 0x1b, 0x5b, 0x30, 0x6d, 0x1b, 0x5b, 0x33, 0x38, 0x3b, 0x32, 0x3b, 0x32, 
    0x35, 0x35, 0x3b, 0x32, 0x35, 0x35, 0x3b, 0x32, 0x35, 0x35, 0x6d, 0x4d, 0x1b, 0x5b, 0x30, 0x6d, 
    0x1b, 0x5b, 0x33, 0x38, 0x3b, 0x32, 0x3b, 0x32, 0x35, 0x35, 0x3b, 0x32, 0x35, 0x35, 0x3b, 0x32, 
    0x35, 0x35, 0x6d, 0x4d, 0x1b, 0x5b, 0x30, 0x6d, 0x1b, 0x5b, 0x33, 0x38, 0x3b, 0x32, 0x3b, 0x32, 
    0x35, 0x35, 0x3b, 0x32, 0x35, 0x35, 0x3b, 0x32, 0x35, 0x35, 0x6d, 0x4d, 0x1b, 0x5b, 0x30, 0x6d, 
    0x1b, 0x5b, 0x33, 0x38, 0x3b, 0x32, 0x3b, 0x32, 0x35, 0x35, 0x3b, 0x32, 0x35, 0x35, 0x3b, 0x32, 
    0x35, 0x35, 0x6d, 0x4d, 0x1b, 0x5b, 0x30, 0x6d, 0x1b, 0x5b, 0x33, 0x38, 0x3b, 0x32, 0x3b, 0x32, 
    0x35, 0x35, 0x3b, 0x32, 0x35, 0x35, 0x3b, 0x32, 0x35, 0x35, 0x6d, 0x4d, 0x1b, 0x5b, 0x30, 0x6d, 
    0x1b, 0x5b, 0x33, 0x38, 0x3b, 0x32, 0x3b, 0x32, 0x35, 0x35, 0x3b, 0x32, 0x35, 0x35, 0x3b, 0x32, 
    0x35, 0x35, 0x6d, 0x4d, 0x1b, 0x5b, 0x30, 0x6d, 0x1b, 0x5b, 0x33, 0x38, 0x3b, 0x32, 0x3b, 0x32, 
    0x35, 0x35, 0x3b, 0x32, 0x35, 0x35, 0x3b, 0x32, 0x35, 0x35, 0x6d, 0x4d, 0x1b, 0x5b, 0x30, 0x6d, 
    0x1b, 0x5b, 0x33, 0x38, 0x3b, 0x32, 0x3b, 0x32, 0x35, 0x35, 0x3b, 0x32, 0x35, 0x35, 0x3b, 0x32, 
    0x35, 0x35, 0x6d, 0x4d, 0x1b, 0x5b, 0x30, 0x6d, 0x1b, 0x5b, 0x33, 0x38, 0x3b, 0x32, 0x3b, 0x32, 
    0x35, 0x35, 0x3b, 0x32, 0x35, 0x35, 0x3b, 0x32, 0x35, 0x35, 0x6d, 0x4d, 0x1b, 0x5b, 0x30, 0x6d, 
    0x1b, 0x5b, 0x33, 0x38, 0x3b, 0x32, 0x3b, 0x32, 0x35, 0x35, 0x3b, 0x32, 0x35, 0x35, 0x3b, 0x32, 
    0x35, 0x35, 0x6d, 0x4d, 0x1b, 0x5b, 0x30, 0x6d, 0x1b, 0x5b, 0x33, 0x38, 0x3b, 0x32, 0x3b, 0x32, 
    0x35, 0x35, 0x3b, 0x32, 0x35, 0x35, 0x3b, 0x32, 0x35, 0x35, 0x6d, 0x4d, 0x1b, 0x5b, 0x30, 0x6d, 
    0x1b, 0x5b, 0x33, 0x38, 0x3b, 0x32, 0x3b, 0x32, 0x35, 0x35, 0x3b, 0x32, 0x35, 0x35, 0x3b, 0x32, 
    0x35, 0x35, 0x6d, 0x4d, 0x1b, 0x5b, 0x30, 0x6d, 0x1b, 0x5b, 0x33, 0x38, 0x3b, 0x32, 0x3b, 0x32, 
    0x35, 0x35, 0x3b, 0x32, 0x35, 0x35, 0x3b, 0x32, 0x35, 0x35, 0x6d, 0x4d, 0x1b, 0x5b, 0x30, 0x6d, 
    0x1b, 0x5b, 0x33, 0x38, 0x3b, 0x32, 0x3b, 0x32, 0x35, 0x35, 0x3b, 0x32, 0x35, 0x35, 0x3b, 0x32, 
    0x35, 0x35, 0x6d, 0x4d, 0x1b, 0x5b, 0x30, 0x6d, 0x1b, 0x5b, 0x33, 0x38, 0x3b, 0x32, 0x3b, 0x32, 
    0x35, 0x35, 0x3b, 0x32, 0x35, 0x35, 0x3b, 0x32, 0x35, 0x35, 0x6d, 0x4d, 0x1b, 0x5b, 0x30, 0x6d, 
    0x1b, 0x5b, 0x33, 0x38, 0x3b, 0x32, 0x3b, 0x32, 0x35, 0x35, 0x3b, 0x32, 0x35, 0x35, 0x3b, 0x32, 
    0x35, 0x35, 0x6d, 0x4d, 0x1b, 0x5b, 0x30, 0x6d, 0x1b, 0x5b, 0x33, 0x38, 0x3b, 0x32, 0x3b, 0x32, 
    0x35, 0x35, 0x3b, 0x32, 0x35, 0x35, 0x3b, 0x32, 0x35, 0x35, 0x6d, 0x4d, 0x1b, 0x5b, 0x30, 0x6d, 
    0x1b, 0x5b, 0x33, 0x38, 0x3b, 0x32, 0x3b, 0x32, 0x35, 0x35, 0x3b, 0x32, 0x35, 0x35, 0x3b, 0x32, 
    0x35, 0x35, 0x6d, 0x4d, 0x1b, 0x5b, 0x30, 0x6d, 0x1b, 0x5b, 0x33, 0x38, 0x3b, 0x32, 0x3b, 0x32, 
    0x35, 0x35, 0x3b, 0x32, 0x35, 0x35, 0x3b, 0x32, 0x35, 0x35, 0x6d, 0x4d, 0x1b, 0x5b, 0x30, 0x6d, 
    0x1b, 0x5b, 0x33, 0x38, 0x3b, 0x32, 0x3b, 0x32, 0x35, 0x35, 0x3b, 0x32, 0x35, 0x35, 0x3b, 0x32, 
    0x35, 0x35, 0x6d, 0x4d, 0x1b, 0x5b, 0x30, 0x6d, 0x1b, 0x5b, 0x33, 0x38, 0x3b, 0x32, 0x3b, 0x32, 
    0x35, 0x35, 0x3b, 0x32, 0x35, 0x35, 0x3b, 0x32, 0x35, 0x35, 0x6d, 0x4d, 0x1b, 0x5b, 0x30, 0x6d, 
    0x0a, 0x1b, 0x5b, 0x30, 0x6d, 0x1b, 0x5b, 0x33, 0x38, 0x3b, 0x32, 0x3b, 0x32, 0x35, 0x35, 0x3b, 
    0x32, 0x35, 0x35, 0x3b, 0x32, 0x35, 0x35, 0x6d, 0x4d, 0x1b, 0x5b, 0x30, 0x6d, 0x1b, 0x5b, 0x33, 
    0x38, 0x3b, 0x32, 0x3b, 0x32, 0x35, 0x35, 0x3b, 0x32, 0x35, 0x35, 0x3b, 0x32, 0x35, 0x35, 0x6d, 
    0x4d, 0x1b, 0x5b, 0x30, 0x6d, 0x1b, 0x5b, 0x33, 0x38, 0x3b, 0x32, 0x3b, 0x32, 0x35, 0x35, 0x3b, 
    0x32, 0x35, 0x35, 0x3b, 0x32, 0x35, 0x35, 0x6d, 0x4d, 0x1b, 0x5b, 0x30, 0x6d, 0x1b, 0x5b, 0x33, 
    0x38, 0x3b, 0x32, 0x3b, 0x32, 0x35, 0x35, 0x3b, 0x32, 0x35, 0x35, 0x3b, 0x32, 0x35, 0x35, 0x6d, 
    0x4d, 0x1b, 0x5b, 0x30, 0x6d, 0x1b, 0x5b, 0x33, 0x38, 0x3b, 0x32, 0x3b, 0x32, 0x35, 0x35, 0x3b, 
    0x32, 0x35, 0x35, 0x3b, 0x32, 0x35, 0x35, 0x6d, 0x4d, 0x1b, 0x5b, 0x30, 0x6d, 0x1b, 0x5b, 0x33, 
    0x38, 0x3b, 0x32, 0x3b, 0x32, 0x35, 0x35, 0x3b, 0x32, 0x35, 0x35, 0x3b, 0x32, 0x35, 0x35, 0x6d, 
    0x4d, 0x1b, 0x5b, 0x30, 0x6d, 0x1b, 0x5b, 0x33, 0x38, 0x3b, 0x32, 0x3b, 0x32, 0x35, 0x35, 0x3b, 
    0x32, 0x35, 0x35, 0x3b, 0x32, 0x35, 0x35, 0x6d, 0x4d, 0x1b, 0x5b, 0x30, 0x6d, 0x1b, 0x5b, 0x33, 
    0x38, 0x3b, 0x32, 0x3b, 0x32, 0x35, 0x35, 0x3b, 0x32, 0x35, 0x35, 0x3b, 0x32, 0x35, 0x35, 0x6d, 
    0x4d, 0x1b, 0x5b, 0x30, 0x6d, 0x1b, 0x5b, 0x33, 0x38, 0x3b, 0x32, 0x3b, 0x32, 0x35, 0x35, 0x3b, 
    0x32, 0x35, 0x35, 0x3b, 0x32, 0x35, 0x35, 0x6d, 0x4d, 0x1b, 0x5b, 0x30, 0x6d, 0x1b, 0x5b, 0x33, 
    0x38, 0x3b, 0x32, 0x3b, 0x32, 0x35, 0x35, 0x3b, 0x32, 0x35, 0x35, 0x3b, 0x32, 0x35, 0x35, 0x6d, 
    0x4d, 0x1b, 0x5b, 0x30, 0x6d, 0x1b, 0x5b, 0x33, 0x38, 0x3b, 0x32, 0x3b, 0x32, 0x35, 0x35, 0x3b, 
    0x32, 0x35, 0x35, 0x3b, 0x32, 0x35, 0x35, 0x6d, 0x4d, 0x1b, 0x5b, 0x30, 0x6d, 0x1b, 0x5b, 0x33, 
    0x38, 0x3b, 0x32, 0x3b, 0x32, 0x35, 0x35, 0x3b, 0x32, 0x35, 0x35, 0x3b, 0x32, 0x35, 0x35, 0x6d, 
    0x4d, 0x1b, 0x5b, 0x30, 0x6d, 0x1b, 0x5b, 0x33, 0x38, 0x3b, 0x32, 0x3b, 0x32, 0x35, 0x35, 0x3b, 
    0x32, 0x35, 0x35, 0x3b, 0x32, 0x35, 0x35, 0x6d, 0x4d, 0x1b, 0x5b, 0x30, 0x6d, 0x1b, 0x5b, 0x33, 
    0x38, 0x3b, 0x32, 0x3b, 0x32, 0x35, 0x35, 0x3b, 0x32, 0x35, 0x35, 0x3b, 0x32, 0x35, 0x35, 0x6d, 
    0x4d, 0x1b, 0x5b, 0x30, 0x6d, 0x1b, 0x5b, 0x33, 0x38, 0x3b, 0x32, 0x3b, 0x32, 0x35, 0x35, 0x3b, 
    0x32, 0x35, 0x35, 0x3b, 0x32, 0x35, 0x35, 0x6d, 0x4d, 0x1b, 0x5b, 0x30, 0x6d, 0x1b, 0x5b, 0x33, 
    0x38, 0x3b, 0x32, 0x3b, 0x32, 0x35, 0x35, 0x3b, 0x32, 0x35, 0x35, 0x3b, 0x32, 0x35, 0x35, 0x6d, 
    0x4d, 0x1b, 0x5b, 0x30, 0x6d, 0x1b, 0x5b, 0x33, 0x38, 0x3b, 0x32, 0x3b, 0x32, 0x35, 0x35, 0x3b, 
    0x32, 0x35, 0x35, 0x3b, 0x32, 0x35, 0x35, 0x6d, 0x4d, 0x1b, 0x5b, 0x30, 0x6d, 0x1b, 0x5b, 0x33, 
    0x38, 0x3b, 0x32, 0x3b, 0x32, 0x35, 0x35, 0x3b, 0x32, 0x35, 0x35, 0x3b, 0x32, 0x35, 0x35, 0x6d, 
    0x4d, 0x1b, 0x5b, 0x30, 0x6d, 0x1b, 0x5b, 0x33, 0x38, 0x3b, 0x32, 0x3b, 0x31, 0x35, 0x33, 0x3b, 
    0x31, 0x35, 0x33, 0x3b, 0x31, 0x35, 0x33, 0x6d, 0x64, 0x1b, 0x5b, 0x30, 0x6d, 0x1b, 0x5b, 0x33, 
    0x38, 0x3b, 0x32, 0x3b, 0x31, 0x35, 0x33, 0x3b, 0x31, 0x35, 0x33, 0x3b, 0x31, 0x35, 0x33, 0x6d, 
    0x64, 0x1b, 0x5b, 0x30, 0x6d, 0x1b, 0x5b, 0x33, 0x38, 0x3b, 0x32, 0x3b, 0x37, 0x37, 0x3b, 0x37, 
    0x37, 0x3b, 0x37, 0x37, 0x6d, 0x2c, 0x1b, 0x5b, 0x30, 0x6d, 0x1b, 0x5b, 0x33, 0x38, 0x3b, 0x32, 
    0x3b, 0x30, 0x3b, 0x30, 0x3b, 0x30, 0x6d, 0x20, 0x1b, 0x5b, 0x30, 0x6d, 0x1b, 0x5b, 0x33, 0x38, 
    0x3b, 0x32, 0x3b, 0x30, 0x3b, 0x30, 0x3b, 0x30, 0x6d, 0x20, 0x1b, 0x5b, 0x30, 0x6d, 0x1b, 0x5b, 
    0x33, 0x38, 0x3b, 0x32, 0x3b, 0x31, 0x30, 0x32, 0x3b, 0x31, 0x30, 0x32, 0x3b, 0x31, 0x30, 0x32, 
    0x6d, 0x3a, 0x1b, 0x5b, 0x30, 0x6d, 0x1b, 0x5b, 0x33, 0x38, 0x3b, 0x32, 0x3b, 0x31, 0x30, 0x32, 
    0x3b, 0x31, 0x30, 0x32, 0x3b, 0x31, 0x30, 0x32, 0x6d, 0x3a, 0x1b, 0x5b, 0x30, 0x6d, 0x1b, 0x5b, 
    0x33, 0x38, 0x3b, 0x32, 0x3b, 0x32, 0x35, 0x35, 0x3b, 0x32, 0x35, 0x35, 0x3b, 0x32, 0x35, 0x35, 
    0x6d, 0x4d, 0x1b, 0x5b, 0x30, 0x6d, 0x1b, 0x5b, 0x33, 0x38, 0x3b, 0x32, 0x3b, 0x32, 0x35, 0x35, 
    0x3b, 0x32, 0x35, 0x35, 0x3b, 0x32, 0x35, 0x35, 0x6d, 0x4d, 0x1b, 0x5b, 0x30, 0x6d, 0x1b, 0x5b, 
    0x33, 0x38, 0x3b, 0x32, 0x3b, 0x32, 0x35, 0x35, 0x3b, 0x32, 0x35, 0x35, 0x3b, 0x32, 0x35, 0x35, 
    0x6d, 0x4d, 0x1b, 0x5b, 0x30, 0x6d, 0x1b, 0x5b, 0x33, 0x38, 0x3b, 0x32, 0x3b, 0x32, 0x35, 0x35, 
    0x3b, 0x32, 0x35, 0x35, 0x3b, 0x32, 0x35, 0x35, 0x6d, 0x4d, 0x1b, 0x5b, 0x30, 0x6d, 0x1b, 0x5b, 
    0x33, 0x38, 0x3b, 0x32, 0x3b, 0x32, 0x35, 0x35, 0x3b, 0x32, 0x35, 0x35, 0x3b, 0x32, 0x35, 0x35, 
    0x6d, 0x4d, 0x1b, 0x5b, 0x30, 0x6d, 0x1b, 0x5b, 0x33, 0x38, 0x3b, 0x32, 0x3b, 0x32, 0x35, 0x35, 
    0x3b, 0x32, 0x35, 0x35, 0x3b, 0x32, 0x35, 0x35, 0x6d, 0x4d, 0x1b, 0x5b, 0x30, 0x6d, 0x1b, 0x5b, 
    0x33, 0x38, 0x3b, 0x32, 0x3b, 0x32, 0x35, 0x35, 0x3b, 0x32, 0x35, 0x35, 0x3b, 0x32, 0x35, 0x35, 
    0x6d, 0x4d, 0x1b, 0x5b, 0x30, 0x6d, 0x1b, 0x5b, 0x33, 0x38, 0x3b, 0x32, 0x3b, 0x32, 0x35, 0x35, 
    0x3b, 0x32, 0x35, 0x35, 0x3b, 0x32, 0x35, 0x35, 0x6d, 0x4d, 0x1b, 0x5b, 0x30, 0x6d, 0x1b, 0x5b, 
    0x33, 0x38, 0x3b, 0x32, 0x3b, 0x32, 0x35, 0x35, 0x3b, 0x32, 0x35, 0x35, 0x3b, 0x32, 0x35, 0x35, 
    0x6d, 0x4d, 0x1b, 0x5b, 0x30, 0x6d, 0x1b, 0x5b, 0x33, 0x38, 0x3b, 0x32, 0x3b, 0x30, 0x3b, 0x30, 
    0x3b, 0x30, 0x6d, 0x20, 0x1b, 0x5b, 0x30, 0x6d, 0x1b, 0x5b, 0x33, 0x38, 0x3b, 0x32, 0x3b, 0x30, 
    0x3b, 0x30, 0x3b, 0x30, 0x6d, 0x20, 0x1b, 0x5b, 0x30, 0x6d, 0x1b, 0x5b, 0x33, 0x38, 0x3b, 0x32, 
    0x3b, 0x30, 0x3b, 0x30, 0x3b, 0x30, 0x6d, 0x20, 0x1b, 0x5b, 0x30, 0x6d, 0x1b, 0x5b, 0x33, 0x38, 
    0x3b, 0x32, 0x3b, 0x30, 0x3b, 0x30, 0x3b, 0x30, 0x6d, 0x20, 0x1b, 0x5b, 0x30, 0x6d, 0x1b, 0x5b, 
    0x33, 0x38, 0x3b, 0x32, 0x3b, 0x30, 0x3b, 0x30, 0x3b, 0x30, 0x6d, 0x20, 0x1b, 0x5b, 0x30, 0x6d, 
    0x1b, 0x5b, 0x33, 0x38, 0x3b, 0x32, 0x3b, 0x30, 0x3b, 0x30, 0x3b, 0x30, 0x6d, 0x20, 0x1b, 0x5b, 
    0x30, 0x6d, 0x1b, 0x5b, 0x33, 0x38, 0x3b, 0x32, 0x3b, 0x30, 0x3b, 0x30, 0x3b, 0x30, 0x6d, 0x20, 
    0x1b, 0x5b, 0x30, 0x6d, 0x1b, 0x5b, 0x33, 0x38, 0x3b, 0x32, 0x3b, 0x30, 0x3b, 0x30, 0x3b, 0x30, 
    0x6d, 0x20, 0x1b, 0x5b, 0x30, 0x6d, 0x1b, 0x5b, 0x33, 0x38, 0x3b, 0x32, 0x3b, 0x30, 0x3b, 0x30, 
    0x3b, 0x30, 0x6d, 0x20, 0x1b, 0x5b, 0x30, 0x6d, 0x1b, 0x5b, 0x33, 0x38, 0x3b, 0x32, 0x3b, 0x30, 
    0x3b, 0x30, 0x3b, 0x30, 0x6d, 0x20, 0x1b, 0x5b, 0x30, 0x6d, 0x1b, 0x5b, 0x33, 0x38, 0x3b, 0x32, 
    0x3b, 0x30, 0x3b, 0x30, 0x3b, 0x30, 0x6d, 0x20, 0x1b, 0x5b, 0x30, 0x6d, 0x1b, 0x5b, 0x33, 0x38, 
    0x3b, 0x32, 0x3b, 0x31, 0x32, 0x38, 0x3b, 0x31, 0x32, 0x38, 0x3b, 0x31, 0x32, 0x38, 0x6d, 0x6c, 
    0x1b, 0x5b, 0x30, 0x6d, 0x1b, 0x5b, 0x33, 0x38, 0x3b, 0x32, 0x3b, 0x32, 0x35, 0x35, 0x3b, 0x32, 
    0x35, 0x35, 0x3b, 0x32, 0x35, 0x35, 0x6d, 0x4d, 0x1b, 0x5b, 0x30, 0x6d, 0x1b, 0x5b, 0x33, 0x38, 
    0x3b, 0x32, 0x3b, 0x32, 0x35, 0x35, 0x3b, 0x32, 0x35, 0x35, 0x3b, 0x32, 0x35, 0x35, 0x6d, 0x4d, 
    0x1b, 0x5b, 0x30, 0x6d, 0x1b, 0x5b, 0x33, 0x38, 0x3b, 0x32, 0x3b, 0x32, 0x35, 0x35, 0x3b, 0x32, 
    0x35, 0x35, 0x3b, 0x32, 0x35, 0x35, 0x6d, 0x4d, 0x1b, 0x5b, 0x30, 0x6d, 0x1b, 0x5b, 0x33, 0x38, 
    0x3b, 0x32, 0x3b, 0x32, 0x35, 0x35, 0x3b, 0x32, 0x35, 0x35, 0x3b, 0x32, 0x35, 0x35, 0x6d, 0x4d, 
    0x1b, 0x5b, 0x30, 0x6d, 0x1b, 0x5b, 0x33, 0x38, 0x3b, 0x32, 0x3b, 0x32, 0x35, 0x35, 0x3b, 0x32, 
    0x35, 0x35, 0x3b, 0x32, 0x35, 0x35, 0x6d, 0x4d, 0x1b, 0x5b, 0x30, 0x6d, 0x1b, 0x5b, 0x33, 0x38, 
    0x3b, 0x32, 0x3b, 0x32, 0x35, 0x35, 0x3b, 0x32, 0x35, 0x35, 0x3b, 0x32, 0x35, 0x35, 0x6d, 0x4d, 
    0x1b, 0x5b, 0x30, 0x6d, 0x1b, 0x5b, 0x33, 0x38, 0x3b, 0x32, 0x3b, 0x32, 0x35, 0x35, 0x3b, 0x32, 
    0x35, 0x35, 0x3b, 0x32, 0x35, 0x35, 0x6d, 0x4d, 0x1b, 0x5b, 0x30, 0x6d, 0x1b, 0x5b, 0x33, 0x38, 
    0x3b, 0x32, 0x3b, 0x32, 0x35, 0x35, 0x3b, 0x32, 0x35, 0x35, 0x3b, 0x32, 0x35, 0x35, 0x6d, 0x4d, 
    0x1b, 0x5b, 0x30, 0x6d, 0x1b, 0x5b, 0x33, 0x38, 0x3b, 0x32, 0x3b, 0x32, 0x35, 0x35, 0x3b, 0x32, 
    0x35, 0x35, 0x3b, 0x32, 0x35, 0x35, 0x6d, 0x4d, 0x1b, 0x5b, 0x30, 0x6d, 0x1b, 0x5b, 0x33, 0x38, 
    0x3b, 0x32, 0x3b, 0x32, 0x35, 0x35, 0x3b, 0x32, 0x35, 0x35, 0x3b, 0x32, 0x35, 0x35, 0x6d, 0x4d, 
    0x1b, 0x5b, 0x30, 0x6d, 0x1b, 0x5b, 0x33, 0x38, 0x3b, 0x32, 0x3b, 0x32, 0x35, 0x35, 0x3b, 0x32, 
    0x35, 0x35, 0x3b, 0x32, 0x35, 0x35, 0x6d, 0x4d, 0x1b, 0x5b, 0x30, 0x6d, 0x1b, 0x5b, 0x33, 0x38, 
    0x3b, 0x32, 0x3b, 0x30, 0x3b, 0x30, 0x3b, 0x30, 0x6d, 0x20, 0x1b, 0x5b, 0x30, 0x6d, 0x1b, 0x5b, 
    0x33, 0x38, 0x3b, 0x32, 0x3b, 0x30, 0x3b, 0x30, 0x3b, 0x30, 0x6d, 0x20, 0x1b, 0x5b, 0x30, 0x6d, 
    0x1b, 0x5b, 0x33, 0x38, 0x3b, 0x32, 0x3b, 0x31, 0x32, 0x38, 0x3b, 0x31, 0x32, 0x38, 0x3b, 0x31, 
    0x32, 0x38, 0x6d, 0x6c, 0x1b, 0x5b, 0x30, 0x6d, 0x1b, 0x5b, 0x33, 0x38, 0x3b, 0x32, 0x3b, 0x32, 
    0x35, 0x35, 0x3b, 0x32, 0x35, 0x35, 0x3b, 0x32, 0x35, 0x35, 0x6d, 0x4d, 0x1b, 0x5b, 0x30, 0x6d, 
    0x1b, 0x5b, 0x33, 0x38, 0x3b, 0x32, 0x3b, 0x32, 0x35, 0x35, 0x3b, 0x32, 0x35, 0x35, 0x3b, 0x32, 
    0x35, 0x35, 0x6d, 0x4d, 0x1b, 0x5b, 0x30, 0x6d, 0x1b, 0x5b, 0x33, 0x38, 0x3b, 0x32, 0x3b, 0x32, 
    0x35, 0x35, 0x3b, 0x32, 0x35, 0x35, 0x3b, 0x32, 0x35, 0x35, 0x6d, 0x4d, 0x1b, 0x5b, 0x30, 0x6d, 
    0x1b, 0x5b, 0x33, 0x38, 0x3b, 0x32, 0x3b, 0x32, 0x35, 0x35, 0x3b, 0x32, 0x35, 0x35, 0x3b, 0x32, 
    0x35, 0x35, 0x6d, 0x4d, 0x1b, 0x5b, 0x30, 0x6d, 0x1b, 0x5b, 0x33, 0x38, 0x3b, 0x32, 0x3b, 0x32, 
    0x35, 0x35, 0x3b, 0x32, 0x35, 0x35, 0x3b, 0x32, 0x35, 0x35, 0x6d, 0x4d, 0x1b, 0x5b, 0x30, 0x6d, 
    0x1b, 0x5b, 0x33, 0x38, 0x3b, 0x32, 0x3b, 0x32, 0x35, 0x35, 0x3b, 0x32, 0x35, 0x35, 0x3b, 0x32, 
    0x35, 0x35, 0x6d, 0x4d, 0x1b, 0x5b, 0x30, 0x6d, 0x1b, 0x5b, 0x33, 0x38, 0x3b, 0x32, 0x3b, 0x32, 
    0x35, 0x35, 0x3b, 0x32, 0x35, 0x35, 0x3b, 0x32, 0x35, 0x35, 0x6d, 0x4d, 0x1b, 0x5b, 0x30, 0x6d, 
    0x1b, 0x5b, 0x33, 0x38, 0x3b, 0x32, 0x3b, 0x32, 0x35, 0x35, 0x3b, 0x32, 0x35, 0x35, 0x3b, 0x32, 
    0x35, 0x35, 0x6d, 0x4d, 0x1b, 0x5b, 0x30, 0x6d, 0x1b, 0x5b, 0x33, 0x38, 0x3b, 0x32, 0x3b, 0x31, 
    0x32, 0x38, 0x3b, 0x31, 0x32, 0x38, 0x3b, 0x31, 0x32, 0x38, 0x6d, 0x6c, 0x1b, 0x5b, 0x30, 0x6d, 
    0x1b, 0x5b, 0x33, 0x38, 0x3b, 0x32, 0x3b, 0x30, 0x3b, 0x30, 0x3b, 0x30, 0x6d, 0x20, 0x1b, 0x5b, 
    0x30, 0x6d, 0x1b, 0x5b, 0x33, 0x38, 0x3b, 0x32, 0x3b, 0x30, 0x3b, 0x30, 0x3b, 0x30, 0x6d, 0x20, 
    0x1b, 0x5b, 0x30, 0x6d, 0x1b, 0x5b, 0x33, 0x38, 0x3b, 0x32, 0x3b, 0x32, 0x35, 0x35, 0x3b, 0x32, 
    0x35, 0x35, 0x3b, 0x32, 0x35, 0x35, 0x6d, 0x4d, 0x1b, 0x5b, 0x30, 0x6d, 0x1b, 0x5b, 0x33, 0x38, 
    0x3b, 0x32, 0x3b, 0x32, 0x35, 0x35, 0x3b, 0x32, 0x35, 0x35, 0x3b, 0x32, 0x35, 0x35, 0x6d, 0x4d, 
    0x1b, 0x5b, 0x30, 0x6d, 0x1b, 0x5b, 0x33, 0x38, 0x3b, 0x32, 0x3b, 0x32, 0x35, 0x35, 0x3b, 0x32, 
    0x35, 0x35, 0x3b, 0x32, 0x35, 0x35, 0x6d, 0x4d, 0x1b, 0x5b, 0x30, 0x6d, 0x1b, 0x5b, 0x33, 0x38, 
    0x3b, 0x32, 0x3b, 0x32, 0x35, 0x35, 0x3b, 0x32, 0x35, 0x35, 0x3b, 0x32, 0x35, 0x35, 0x6d, 0x4d, 
    0x1b, 0x5b, 0x30, 0x6d, 0x1b, 0x5b, 0x33, 0x38, 0x3b, 0x32, 0x3b, 0x32, 0x35, 0x35, 0x3b, 0x32, 
    0x35, 0x35, 0x3b, 0x32, 0x35, 0x35, 0x6d, 0x4d, 0x1b, 0x5b, 0x30, 0x6d, 0x1b, 0x5b, 0x33, 0x38, 
    0x3b, 0x32, 0x3b, 0x32, 0x35, 0x35, 0x3b, 0x32, 0x35, 0x35, 0x3b, 0x32, 0x35, 0x35, 0x6d, 0x4d, 
    0x1b, 0x5b, 0x30, 0x6d, 0x1b, 0x5b, 0x33, 0x38, 0x3b, 0x32, 0x3b, 0x32, 0x35, 0x35, 0x3b, 0x32, 
    0x35, 0x35, 0x3b, 0x32, 0x35, 0x35, 0x6d, 0x4d, 0x1b, 0x5b, 0x30, 0x6d, 0x1b, 0x5b, 0x33, 0x38, 
    0x3b, 0x32, 0x3b, 0x32, 0x35, 0x35, 0x3b, 0x32, 0x35, 0x35, 0x3b, 0x32, 0x35, 0x35, 0x6d, 0x4d, 
    0x1b, 0x5b, 0x30, 0x6d, 0x1b, 0x5b, 0x33, 0x38, 0x3b, 0x32, 0x3b, 0x32, 0x35, 0x35, 0x3b, 0x32, 
    0x35, 0x35, 0x3b, 0x32, 0x35, 0x35, 0x6d, 0x4d, 0x1b, 0x5b, 0x30, 0x6d, 0x1b, 0x5b, 0x33, 0x38, 
    0x3b, 0x32, 0x3b, 0x32, 0x35, 0x35, 0x3b, 0x32, 0x35, 0x35, 0x3b, 0x32, 0x35, 0x35, 0x6d, 0x4d, 
    0x1b, 0x5b, 0x30, 0x6d, 0x1b, 0x5b, 0x33, 0x38, 0x3b, 0x32, 0x3b, 0x32, 0x35, 0x35, 0x3b, 0x32, 
    0x35, 0x35, 0x3b, 0x32, 0x35, 0x35, 0x6d, 0x4d, 0x1b, 0x5b, 0x30, 0x6d, 0x1b, 0x5b, 0x33, 0x38, 
    0x3b, 0x32, 0x3b, 0x32, 0x35, 0x35, 0x3b, 0x32, 0x35, 0x35, 0x3b, 0x32, 0x35, 0x35, 0x6d, 0x4d, 
    0x1b, 0x5b, 0x30, 0x6d, 0x1b, 0x5b, 0x33, 0x38, 0x3b, 0x32, 0x3b, 0x32, 0x35, 0x35, 0x3b, 0x32, 
    0x35, 0x35, 0x3b, 0x32, 0x35, 0x35, 0x6d, 0x4d, 0x1b, 0x5b, 0x30, 0x6d, 0x1b, 0x5b, 0x33, 0x38, 
    0x3b, 0x32, 0x3b, 0x32, 0x35, 0x35, 0x3b, 0x32, 0x35, 0x35, 0x3b, 0x32, 0x35, 0x35, 0x6d, 0x4d, 
    0x1b, 0x5b, 0x30, 0x6d, 0x1b, 0x5b, 0x33, 0x38, 0x3b, 0x32, 0x3b, 0x32, 0x35, 0x35, 0x3b, 0x32, 
    0x35, 0x35, 0x3b, 0x32, 0x35, 0x35, 0x6d, 0x4d, 0x1b, 0x5b, 0x30, 0x6d, 0x1b, 0x5b, 0x33, 0x38, 
    0x3b, 0x32, 0x3b, 0x32, 0x35, 0x35, 0x3b, 0x32, 0x35, 0x35, 0x3b, 0x32, 0x35, 0x35, 0x6d, 0x4d, 
    0x1b, 0x5b, 0x30, 0x6d, 0x1b, 0x5b, 0x33, 0x38, 0x3b, 0x32, 0x3b, 0x32, 0x35, 0x35, 0x3b, 0x32, 
    0x35, 0x35, 0x3b, 0x32, 0x35, 0x35, 0x6d, 0x4d, 0x1b, 0x5b, 0x30, 0x6d, 0x1b, 0x5b, 0x33, 0x38, 
    0x3b, 0x32, 0x3b, 0x32, 0x35, 0x35, 0x3b, 0x32, 0x35, 0x35, 0x3b, 0x32, 0x35, 0x35, 0x6d, 0x4d, 
    0x1b, 0x5b, 0x30, 0x6d, 0x1b, 0x5b, 0x33, 0x38, 0x3b, 0x32, 0x3b, 0x32, 0x35, 0x35, 0x3b, 0x32, 
    0x35, 0x35, 0x3b, 0x32, 0x35, 0x35, 0x6d, 0x4d, 0x1b, 0x5b, 0x30, 0x6d, 0x1b, 0x5b, 0x33, 0x38, 
    0x3b, 0x32, 0x3b, 0x32, 0x35, 0x35, 0x3b, 0x32, 0x35, 0x35, 0x3b, 0x32, 0x35, 0x35, 0x6d, 0x4d, 
    0x1b, 0x5b, 0x30, 0x6d, 0x1b, 0x5b, 0x33, 0x38, 0x3b, 0x32, 0x3b, 0x32, 0x35, 0x35, 0x3b, 0x32, 
    0x35, 0x35, 0x3b, 0x32, 0x35, 0x35, 0x6d, 0x4d, 0x1b, 0x5b, 0x30, 0x6d, 0x1b, 0x5b, 0x33, 0x38, 
    0x3b, 0x32, 0x3b, 0x32, 0x35, 0x35, 0x3b, 0x32, 0x35, 0x35, 0x3b, 0x32, 0x35, 0x35, 0x6d, 0x4d, 
    0x1b, 0x5b, 0x30, 0x6d, 0x1b, 0x5b, 0x33, 0x38, 0x3b, 0x32, 0x3b, 0x32, 0x35, 0x35, 0x3b, 0x32, 
    0x35, 0x35, 0x3b, 0x32, 0x35, 0x35, 0x6d, 0x4d, 0x1b, 0x5b, 0x30, 0x6d, 0x1b, 0x5b, 0x33, 0x38, 
    0x3b, 0x32, 0x3b, 0x32, 0x35, 0x35, 0x3b, 0x32, 0x35, 0x35, 0x3b, 0x32, 0x35, 0x35, 0x6d, 0x4d, 
    0x1b, 0x5b, 0x30, 0x6d, 0x1b, 0x5b, 0x33, 0x38, 0x3b, 0x32, 0x3b, 0x32, 0x35, 0x35, 0x3b, 0x32, 
    0x35, 0x35, 0x3b, 0x32, 0x35, 0x35, 0x6d, 0x4d, 0x1b, 0x5b, 0x30, 0x6d, 0x1b, 0x5b, 0x33, 0x38, 
    0x3b, 0x32, 0x3b, 0x32, 0x35, 0x35, 0x3b, 0x32, 0x35, 0x35, 0x3b, 0x32, 0x35, 0x35, 0x6d, 0x4d, 
    0x1b, 0x5b, 0x30, 0x6d, 0x1b, 0x5b, 0x33, 0x38, 0x3b, 0x32, 0x3b, 0x32, 0x35, 0x35, 0x3b, 0x32, 
    0x35, 0x35, 0x3b, 0x32, 0x35, 0x35, 0x6d, 0x4d, 0x1b, 0x5b, 0x30, 0x6d, 0x1b, 0x5b, 0x33, 0x38, 
    0x3b, 0x32, 0x3b, 0x32, 0x35, 0x35, 0x3b, 0x32, 0x35, 0x35, 0x3b, 0x32, 0x35, 0x35, 0x6d, 0x4d, 
    0x1b, 0x5b, 0x30, 0x6d, 0x1b, 0x5b, 0x33, 0x38, 0x3b, 0x32, 0x3b, 0x32, 0x35, 0x35, 0x3b, 0x32, 
    0x35, 0x35, 0x3b, 0x32, 0x35, 0x35, 0x6d, 0x4d, 0x1b, 0x5b, 0x30, 0x6d, 0x0a, 0x1b, 0x5b, 0x30, 
    0x6d, 0x1b, 0x5b, 0x33, 0x38, 0x3b, 0x32, 0x3b, 0x32, 0x35, 0x35, 0x3b, 0x32, 0x35, 0x35, 0x3b, 
    0x32, 0x35, 0x35, 0x6d, 0x4d, 0x1b, 0x5b, 0x30, 0x6d, 0x1b, 0x5b, 0x33, 0x38, 0x3b, 0x32, 0x3b, 
    0x32, 0x35, 0x35, 0x3b, 0x32, 0x35, 0x35, 0x3b, 0x32, 0x35, 0x35, 0x6d, 0x4d, 0x1b, 0x5b, 0x30, 
    0x6d, 0x1b, 0x5b, 0x33, 0x38, 0x3b, 0x32, 0x3b, 0x32, 0x35, 0x35, 0x3b, 0x32, 0x35, 0x35, 0x3b, 
    0x32, 0x35, 0x35, 0x6d, 0x4d, 0x1b, 0x5b, 0x30, 0x6d, 0x1b, 0x5b, 0x33, 0x38, 0x3b, 0x32, 0x3b, 
    0x32, 0x35, 0x35, 0x3b, 0x32, 0x35, 0x35, 0x3b, 0x32, 0x35, 0x35, 0x6d, 0x4d, 0x1b, 0x5b, 0x30, 
    0x6d, 0x1b, 0x5b, 0x33, 0x38, 0x3b, 0x32, 0x3b, 0x32, 0x35, 0x35, 0x3b, 0x32, 0x35, 0x35, 0x3b, 
    0x32, 0x35, 0x35, 0x6d, 0x4d, 0x1b, 0x5b, 0x30, 0x6d, 0x1b, 0x5b, 0x33, 0x38, 0x3b, 0x32, 0x3b, 
    0x32, 0x35, 0x35, 0x3b, 0x32, 0x35, 0x35, 0x3b, 0x32, 0x35, 0x35, 0x6d, 0x4d, 0x1b, 0x5b, 0x30, 
    0x6d, 0x1b, 0x5b, 0x33, 0x38, 0x3b, 0x32, 0x3b, 0x32, 0x35, 0x35, 0x3b, 0x32, 0x35, 0x35, 0x3b, 
    0x32, 0x35, 0x35, 0x6d, 0x4d, 0x1b, 0x5b, 0x30, 0x6d, 0x1b, 0x5b, 0x33, 0x38, 0x3b, 0x32, 0x3b, 
    0x32, 0x35, 0x35, 0x3b, 0x32, 0x35, 0x35, 0x3b, 0x32, 0x35, 0x35, 0x6d, 0x4d, 0x1b, 0x5b, 0x30, 
    0x6d, 0x1b, 0x5b, 0x33, 0x38, 0x3b, 0x32, 0x3b, 0x32, 0x35, 0x35, 0x3b, 0x32, 0x35, 0x35, 0x3b, 
    0x32, 0x35, 0x35, 0x6d, 0x4d, 0x1b, 0x5b, 0x30, 0x6d, 0x1b, 0x5b, 0x33, 0x38, 0x3b, 0x32, 0x3b, 
    0x32, 0x35, 0x35, 0x3b, 0x32, 0x35, 0x35, 0x3b, 0x32, 0x35, 0x35, 0x6d, 0x4d, 0x1b, 0x5b, 0x30, 
    0x6d, 0x1b, 0x5b, 0x33, 0x38, 0x3b, 0x32, 0x3b, 0x32, 0x35, 0x35, 0x3b, 0x32, 0x35, 0x35, 0x3b, 
    0x32, 0x35, 0x35, 0x6d, 0x4d, 0x1b, 0x5b, 0x30, 0x6d, 0x1b, 0x5b, 0x33, 0x38, 0x3b, 0x32, 0x3b, 
    0x32, 0x35, 0x35, 0x3b, 0x32, 0x35, 0x35, 0x3b, 0x32, 0x35, 0x35, 0x6d, 0x4d, 0x1b, 0x5b, 0x30, 
    0x6d, 0x1b, 0x5b, 0x33, 0x38, 0x3b, 0x32, 0x3b, 0x32, 0x35, 0x35, 0x3b, 0x32, 0x35, 0x35, 0x3b, 
    0x32, 0x35, 0x35, 0x6d, 0x4d, 0x1b, 0x5b, 0x30, 0x6d, 0x1b, 0x5b, 0x33, 0x38, 0x3b, 0x32, 0x3b, 
    0x32, 0x35, 0x35, 0x3b, 0x32, 0x35, 0x35, 0x3b, 0x32, 0x35, 0x35, 0x6d, 0x4d, 0x1b, 0x5b, 0x30, 
    0x6d, 0x1b, 0x5b, 0x33, 0x38, 0x3b, 0x32, 0x3b, 0x32, 0x35, 0x35, 0x3b, 0x32, 0x35, 0x35, 0x3b, 
    0x32, 0x35, 0x35, 0x6d, 0x4d, 0x1b, 0x5b, 0x30, 0x6d, 0x1b, 0x5b, 0x33, 0x38, 0x3b, 0x32, 0x3b, 
    0x32, 0x35, 0x35, 0x3b, 0x32, 0x35, 0x35, 0x3b, 0x32, 0x35, 0x35, 0x6d, 0x4d, 0x1b, 0x5b, 0x30, 
    0x6d, 0x1b, 0x5b, 0x33, 0x38, 0x3b, 0x32, 0x3b, 0x32, 0x35, 0x35, 0x3b, 0x32, 0x35, 0x35, 0x3b, 
    0x32, 0x35, 0x35, 0x6d, 0x4d, 0x1b, 0x5b, 0x30, 0x6d, 0x1b, 0x5b, 0x33, 0x38, 0x3b, 0x32, 0x3b, 
    0x32, 0x35, 0x35, 0x3b, 0x32, 0x35, 0x35, 0x3b, 0x32, 0x35, 0x35, 0x6d, 0x4d, 0x1b, 0x5b, 0x30, 
    0x6d, 0x1b, 0x5b, 0x33, 0x38, 0x3b, 0x32, 0x3b, 0x32, 0x35, 0x35, 0x3b, 0x32, 0x35, 0x35, 0x3b, 
    0x32, 0x35, 0x35, 0x6d, 0x4d, 0x1b, 0x5b, 0x30, 0x6d, 0x1b, 0x5b, 0x33, 0x38, 0x3b, 0x32, 0x3b, 
    0x32, 0x35, 0x35, 0x3b, 0x32, 0x35, 0x35, 0x3b, 0x32, 0x35, 0x35, 0x6d, 0x4d, 0x1b, 0x5b, 0x30, 
    0x6d, 0x1b, 0x5b, 0x33, 0x38, 0x3b, 0x32, 0x3b, 0x31, 0x32, 0x38, 0x3b, 0x31, 0x32, 0x38, 0x3b, 
    0x31, 0x32, 0x38, 0x6d, 0x6c, 0x1b, 0x5b, 0x30, 0x6d, 0x1b, 0x5b, 0x33, 0x38, 0x3b, 0x32, 0x3b, 
    0x30, 0x3b, 0x30, 0x3b, 0x30, 0x6d, 0x20, 0x1b, 0x5b, 0x30, 0x6d, 0x1b, 0x5b, 0x33, 0x38, 0x3b, 
    0x32, 0x3b, 0x30, 0x3b, 0x30, 0x3b, 0x30, 0x6d, 0x20, 0x1b, 0x5b, 0x30, 0x6d, 0x1b, 0x5b, 0x33, 
    0x38, 0x3b, 0x32, 0x3b, 0x30, 0x3b, 0x30, 0x3b, 0x30, 0x6d, 0x20, 0x1b, 0x5b, 0x30, 0x6d, 0x1b, 
    0x5b, 0x33, 0x38, 0x3b, 0x32, 0x3b, 0x30, 0x3b, 0x30, 0x3b, 0x30, 0x6d, 0x20, 0x1b, 0x5b, 0x30, 
    0x6d, 0x1b, 0x5b, 0x33, 0x38, 0x3b, 0x32, 0x3b, 0x32, 0x35, 0x35, 0x3b, 0x32, 0x35, 0x35, 0x3b, 
    0x32, 0x35, 0x35, 0x6d, 0x4d, 0x1b, 0x5b, 0x30, 0x6d, 0x1b, 0x5b, 0x33, 0x38, 0x3b, 0x32, 0x3b, 
    0x32, 0x35, 0x35, 0x3b, 0x32, 0x35, 0x35, 0x3b, 0x32, 0x35, 0x35, 0x6d, 0x4d, 0x1b, 0x5b, 0x30, 
    0x6d, 0x1b, 0x5b, 0x33, 0x38, 0x3b, 0x32, 0x3b, 0x32, 0x35, 0x35, 0x3b, 0x32, 0x35, 0x35, 0x3b, 
    0x32, 0x35, 0x35, 0x6d, 0x4d, 0x1b, 0x5b, 0x30, 0x6d, 0x1b, 0x5b, 0x33, 0x38, 0x3b, 0x32, 0x3b, 
    0x32, 0x35, 0x35, 0x3b, 0x32, 0x35, 0x35, 0x3b, 0x32, 0x35, 0x35, 0x6d, 0x4d, 0x1b, 0x5b, 0x30, 
    0x6d, 0x1b, 0x5b, 0x33, 0x38, 0x3b, 0x32, 0x3b, 0x32, 0x35, 0x35, 0x3b, 0x32, 0x35, 0x35, 0x3b, 
    0x32, 0x35, 0x35, 0x6d, 0x4d, 0x1b, 0x5b, 0x30, 0x6d, 0x1b, 0x5b, 0x33, 0x38, 0x3b, 0x32, 0x3b, 
    0x32, 0x35, 0x35, 0x3b, 0x32, 0x35, 0x35, 0x3b, 0x32, 0x35, 0x35, 0x6d, 0x4d, 0x1b, 0x5b, 0x30, 
    0x6d, 0x1b, 0x5b, 0x33, 0x38, 0x3b, 0x32, 0x3b, 0x32, 0x35, 0x35, 0x3b, 0x32, 0x35, 0x35, 0x3b, 
    0x32, 0x35, 0x35, 0x6d, 0x4d, 0x1b, 0x5b, 0x30, 0x6d, 0x1b, 0x5b, 0x33, 0x38, 0x3b, 0x32, 0x3b, 
    0x32, 0x35, 0x35, 0x3b, 0x32, 0x35, 0x35, 0x3b, 0x32, 0x35, 0x35, 0x6d, 0x4d, 0x1b, 0x5b, 0x30, 
    0x6d, 0x1b, 0x5b, 0x33, 0x38, 0x3b, 0x32, 0x3b, 0x32, 0x35, 0x35, 0x3b, 0x32, 0x35, 0x35, 0x3b, 
    0x32, 0x35, 0x35, 0x6d, 0x4d, 0x1b, 0x5b, 0x30, 0x6d, 0x1b, 0x5b, 0x33, 0x38, 0x3b, 0x32, 0x3b, 
    0x30, 0x3b, 0x30, 0x3b, 0x30, 0x6d, 0x20, 0x1b, 0x5b, 0x30, 0x6d, 0x1b, 0x5b, 0x33, 0x38, 0x3b, 
    0x32, 0x3b, 0x30, 0x3b, 0x30, 0x3b, 0x30, 0x6d, 0x20, 0x1b, 0x5b, 0x30, 0x6d, 0x1b, 0x5b, 0x33, 
    0x38, 0x3b, 0x32, 0x3b, 0x30, 0x3b, 0x30, 0x3b, 0x30, 0x6d, 0x20, 0x1b, 0x5b, 0x30, 0x6d, 0x1b, 
    0x5b, 0x33, 0x38, 0x3b, 0x32, 0x3b, 0x30, 0x3b, 0x30, 0x3b, 0x30, 0x6d, 0x20, 0x1b, 0x5b, 0x30, 
    0x6d, 0x1b, 0x5b, 0x33, 0x38, 0x3b, 0x32, 0x3b, 0x30, 0x3b, 0x30, 0x3b, 0x30, 0x6d, 0x20, 0x1b, 
    0x5b, 0x30, 0x6d, 0x1b, 0x5b, 0x33, 0x38, 0x3b, 0x32, 0x3b, 0x30, 0x3b, 0x30, 0x3b, 0x30, 0x6d, 
    0x20, 0x1b, 0x5b, 0x30, 0x6d, 0x1b, 0x5b, 0x33, 0x38, 0x3b, 0x32, 0x3b, 0x30, 0x3b, 0x30, 0x3b, 
    0x30, 0x6d, 0x20, 0x1b, 0x5b, 0x30, 0x6d, 0x1b, 0x5b, 0x33, 0x38, 0x3b, 0x32, 0x3b, 0x30, 0x3b, 
    0x30, 0x3b, 0x30, 0x6d, 0x20, 0x1b, 0x5b, 0x30, 0x6d, 0x1b, 0x5b, 0x33, 0x38, 0x3b, 0x32, 0x3b, 
    0x30, 0x3b, 0x30, 0x3b, 0x30, 0x6d, 0x20, 0x1b, 0x5b, 0x30, 0x6d, 0x1b, 0x5b, 0x33, 0x38, 0x3b, 
    0x32, 0x3b, 0x30, 0x3b, 0x30, 0x3b, 0x30, 0x6d, 0x20, 0x1b, 0x5b, 0x30, 0x6d, 0x1b, 0x5b, 0x33, 
    0x38, 0x3b, 0x32, 0x3b, 0x30, 0x3b, 0x30, 0x3b, 0x30, 0x6d, 0x20, 0x1b, 0x5b, 0x30, 0x6d, 0x1b, 
    0x5b, 0x33, 0x38, 0x3b, 0x32, 0x3b, 0x31, 0x32, 0x38, 0x3b, 0x31, 0x32, 0x38, 0x3b, 0x31, 0x32, 
    0x38, 0x6d, 0x6c, 0x1b, 0x5b, 0x30, 0x6d, 0x1b, 0x5b, 0x33, 0x38, 0x3b, 0x32, 0x3b, 0x32, 0x35, 
    0x35, 0x3b, 0x32, 0x35, 0x35, 0x3b, 0x32, 0x35, 0x35, 0x6d, 0x4d, 0x1b, 0x5b, 0x30, 0x6d, 0x1b, 
    0x5b, 0x33, 0x38, 0x3b, 0x32, 0x3b, 0x32, 0x35, 0x35, 0x3b, 0x32, 0x35, 0x35, 0x3b, 0x32, 0x35, 
    0x35, 0x6d, 0x4d, 0x1b, 0x5b, 0x30, 0x6d, 0x1b, 0x5b, 0x33, 0x38, 0x3b, 0x32, 0x3b, 0x32, 0x35, 
    0x35, 0x3b, 0x32, 0x35, 0x35, 0x3b, 0x32, 0x35, 0x35, 0x6d, 0x4d, 0x1b, 0x5b, 0x30, 0x6d, 0x1b, 
    0x5b, 0x33, 0x38, 0x3b, 0x32, 0x3b, 0x32, 0x35, 0x35, 0x3b, 0x32, 0x35, 0x35, 0x3b, 0x32, 0x35, 
    0x35, 0x6d, 0x4d, 0x1b, 0x5b, 0x30, 0x6d, 0x1b, 0x5b, 0x33, 0x38, 0x3b, 0x32, 0x3b, 0x32, 0x35, 
    0x35, 0x3b, 0x32, 0x35, 0x35, 0x3b, 0x32, 0x35, 0x35, 0x6d, 0x4d, 0x1b, 0x5b, 0x30, 0x6d, 0x1b, 
    0x5b, 0x33, 0x38, 0x3b, 0x32, 0x3b, 0x32, 0x35, 0x35, 0x3b, 0x32, 0x35, 0x35, 0x3b, 0x32, 0x35, 
    0x35, 0x6d, 0x4d, 0x1b, 0x5b, 0x30, 0x6d, 0x1b, 0x5b, 0x33, 0x38, 0x3b, 0x32, 0x3b, 0x32, 0x35, 
    0x35, 0x3b, 0x32, 0x35, 0x35, 0x3b, 0x32, 0x35, 0x35, 0x6d, 0x4d, 0x1b, 0x5b, 0x30, 0x6d, 0x1b, 
    0x5b, 0x33, 0x38, 0x3b, 0x32, 0x3b, 0x32, 0x35, 0x35, 0x3b, 0x32, 0x35, 0x35, 0x3b, 0x32, 0x35, 
    0x35, 0x6d, 0x4d, 0x1b, 0x5b, 0x30, 0x6d, 0x1b, 0x5b, 0x33, 0x38, 0x3b, 0x32, 0x3b, 0x32, 0x35, 
    0x35, 0x3b, 0x32, 0x35, 0x35, 0x3b, 0x32, 0x35, 0x35, 0x6d, 0x4d, 0x1b, 0x5b, 0x30, 0x6d, 0x1b, 
    0x5b, 0x33, 0x38, 0x3b, 0x32, 0x3b, 0x32, 0x35, 0x35, 0x3b, 0x32, 0x35, 0x35, 0x3b, 0x32, 0x35, 
    0x35, 0x6d, 0x4d, 0x1b, 0x5b, 0x30, 0x6d, 0x1b, 0x5b, 0x33, 0x38, 0x3b, 0x32, 0x3b, 0x32, 0x35, 
    0x35, 0x3b, 0x32, 0x35, 0x35, 0x3b, 0x32, 0x35, 0x35, 0x6d, 0x4d, 0x1b, 0x5b, 0x30, 0x6d, 0x1b, 
    0x5b, 0x33, 0x38, 0x3b, 0x32, 0x3b, 0x30, 0x3b, 0x30, 0x3b, 0x30, 0x6d, 0x20, 0x1b, 0x5b, 0x30, 
    0x6d, 0x1b, 0x5b, 0x33, 0x38, 0x3b, 0x32, 0x3b, 0x30, 0x3b, 0x30, 0x3b, 0x30, 0x6d, 0x20, 0x1b, 
    0x5b, 0x30, 0x6d, 0x1b, 0x5b, 0x33, 0x38, 0x3b, 0x32, 0x3b, 0x31, 0x32, 0x38, 0x3b, 0x31, 0x32, 
    0x38, 0x3b, 0x31, 0x32, 0x38, 0x6d, 0x6c, 0x1b, 0x5b, 0x30, 0x6d, 0x1b, 0x5b, 0x33, 0x38, 0x3b, 
    0x32, 0x3b, 0x32, 0x35, 0x35, 0x3b, 0x32, 0x35, 0x35, 0x3b, 0x32, 0x35, 0x35, 0x6d, 0x4d, 0x1b, 
    0x5b, 0x30, 0x6d, 0x1b, 0x5b, 0x33, 0x38, 0x3b, 0x32, 0x3b, 0x32, 0x35, 0x35, 0x3b, 0x32, 0x35, 
    0x35, 0x3b, 0x32, 0x35, 0x35, 0x6d, 0x4d, 0x1b, 0x5b, 0x30, 0x6d, 0x1b, 0x5b, 0x33, 0x38, 0x3b, 
    0x32, 0x3b, 0x32, 0x35, 0x35, 0x3b, 0x32, 0x35, 0x35, 0x3b, 0x32, 0x35, 0x35, 0x6d, 0x4d, 0x1b, 
    0x5b, 0x30, 0x6d, 0x1b, 0x5b, 0x33, 0x38, 0x3b, 0x32, 0x3b, 0x32, 0x35, 0x35, 0x3b, 0x32, 0x35, 
    0x35, 0x3b, 0x32, 0x35, 0x35, 0x6d, 0x4d, 0x1b, 0x5b, 0x30, 0x6d, 0x1b, 0x5b, 0x33, 0x38, 0x3b, 
    0x32, 0x3b, 0x32, 0x35, 0x35, 0x3b, 0x32, 0x35, 0x35, 0x3b, 0x32, 0x35, 0x35, 0x6d, 0x4d, 0x1b, 
    0x5b, 0x30, 0x6d, 0x1b, 0x5b, 0x33, 0x38, 0x3b, 0x32, 0x3b, 0x32, 0x35, 0x35, 0x3b, 0x32, 0x35, 
    0x35, 0x3b, 0x32, 0x35, 0x35, 0x6d, 0x4d, 0x1b, 0x5b, 0x30, 0x6d, 0x1b, 0x5b, 0x33, 0x38, 0x3b, 
    0x32, 0x3b, 0x32, 0x35, 0x35, 0x3b, 0x32, 0x35, 0x35, 0x3b, 0x32, 0x35, 0x35, 0x6d, 0x4d, 0x1b, 
    0x5b, 0x30, 0x6d, 0x1b, 0x5b, 0x33, 0x38, 0x3b, 0x32, 0x3b, 0x32, 0x35, 0x35, 0x3b, 0x32, 0x35, 
    0x35, 0x3b, 0x32, 0x35, 0x35, 0x6d, 0x4d, 0x1b, 0x5b, 0x30, 0x6d, 0x1b, 0x5b, 0x33, 0x38, 0x3b, 
    0x32, 0x3b, 0x31, 0x32, 0x38, 0x3b, 0x31, 0x32, 0x38, 0x3b, 0x31, 0x32, 0x38, 0x6d, 0x6c, 0x1b, 
    0x5b, 0x30, 0x6d, 0x1b, 0x5b, 0x33, 0x38, 0x3b, 0x32, 0x3b, 0x30, 0x3b, 0x30, 0x3b, 0x30, 0x6d, 
    0x20, 0x1b, 0x5b, 0x30, 0x6d, 0x1b, 0x5b, 0x33, 0x38, 0x3b, 0x32, 0x3b, 0x30, 0x3b, 0x30, 0x3b, 
    0x30, 0x6d, 0x20, 0x1b, 0x5b, 0x30, 0x6d, 0x1b, 0x5b, 0x33, 0x38, 0x3b, 0x32, 0x3b, 0x32, 0x35, 
    0x35, 0x3b, 0x32, 0x35, 0x35, 0x3b, 0x32, 0x35, 0x35, 0x6d, 0x4d, 0x1b, 0x5b, 0x30, 0x6d, 0x1b, 
    0x5b, 0x33, 0x38, 0x3b, 0x32, 0x3b, 0x32, 0x35, 0x35, 0x3b, 0x32, 0x35, 0x35, 0x3b, 0x32, 0x35, 
    0x35, 0x6d, 0x4d, 0x1b, 0x5b, 0x30, 0x6d, 0x1b, 0x5b, 0x33, 0x38, 0x3b, 0x32, 0x3b, 0x32, 0x35, 
    0x35, 0x3b, 0x32, 0x35, 0x35, 0x3b, 0x32, 0x35, 0x35, 0x6d, 0x4d, 0x1b, 0x5b, 0x30, 0x6d, 0x1b, 
    0x5b, 0x33, 0x38, 0x3b, 0x32, 0x3b, 0x32, 0x35, 0x35, 0x3b, 0x32, 0x35, 0x35, 0x3b, 0x32, 0x35, 
    0x35, 0x6d, 0x4d, 0x1b, 0x5b, 0x30, 0x6d, 0x1b, 0x5b, 0x33, 0x38, 0x3b, 0x32, 0x3b, 0x32, 0x35, 
    0x35, 0x3b, 0x32, 0x35, 0x35, 0x3b, 0x32, 0x35, 0x35, 0x6d, 0x4d, 0x1b, 0x5b, 0x30, 0x6d, 0x1b, 
    0x5b, 0x33, 0x38, 0x3b, 0x32, 0x3b, 0x32, 0x35, 0x35, 0x3b, 0x32, 0x35, 0x35, 0x3b, 0x32, 0x35, 
    0x35, 0x6d, 0x4d, 0x1b, 0x5b, 0x30, 0x6d, 0x1b, 0x5b, 0x33, 0x38, 0x3b, 0x32, 0x3b, 0x32, 0x35, 
    0x35, 0x3b, 0x32, 0x35, 0x35, 0x3b, 0x32, 0x35, 0x35, 0x6d, 0x4d, 0x1b, 0x5b, 0x30, 0x6d, 0x1b, 
    0x5b, 0x33, 0x38, 0x3b, 0x32, 0x3b, 0x32, 0x35, 0x35, 0x3b, 0x32, 0x35, 0x35, 0x3b, 0x32, 0x35, 
    0x35, 0x6d, 0x4d, 0x1b, 0x5b, 0x30, 0x6d, 0x1b, 0x5b, 0x33, 0x38, 0x3b, 0x32, 0x3b, 0x32, 0x35, 
    0x35, 0x3b, 0x32, 0x35, 0x35, 0x3b, 0x32, 0x35, 0x35, 0x6d, 0x4d, 0x1b, 0x5b, 0x30, 0x6d, 0x1b, 
    0x5b, 0x33, 0x38, 0x3b, 0x32, 0x3b, 0x32, 0x35, 0x35, 0x3b, 0x32, 0x35, 0x35, 0x3b, 0x32, 0x35, 
    0x35, 0x6d, 0x4d, 0x1b, 0x5b, 0x30, 0x6d, 0x1b, 0x5b, 0x33, 0x38, 0x3b, 0x32, 0x3b, 0x32, 0x35, 
    0x35, 0x3b, 0x32, 0x35, 0x35, 0x3b, 0x32, 0x35, 0x35, 0x6d, 0x4d, 0x1b, 0x5b, 0x30, 0x6d, 0x1b, 
    0x5b, 0x33, 0x38, 0x3b, 0x32, 0x3b, 0x32, 0x35, 0x35, 0x3b, 0x32, 0x35, 0x35, 0x3b, 0x32, 0x35, 
    0x35, 0x6d, 0x4d, 0x1b, 0x5b, 0x30, 0x6d, 0x1b, 0x5b, 0x33, 0x38, 0x3b, 0x32, 0x3b, 0x32, 0x35, 
    0x35, 0x3b, 0x32, 0x35, 0x35, 0x3b, 0x32, 0x35, 0x35, 0x6d, 0x4d, 0x1b, 0x5b, 0x30, 0x6d, 0x1b, 
    0x5b, 0x33, 0x38, 0x3b, 0x32, 0x3b, 0x32, 0x35, 0x35, 0x3b, 0x32, 0x35, 0x35, 0x3b, 0x32, 0x35, 
    0x35, 0x6d, 0x4d, 0x1b, 0x5b, 0x30, 0x6d, 0x1b, 0x5b, 0x33, 0x38, 0x3b, 0x32, 0x3b, 0x32, 0x35, 
    0x35, 0x3b, 0x32, 0x35, 0x35, 0x3b, 0x32, 0x35, 0x35, 0x6d, 0x4d, 0x1b, 0x5b, 0x30, 0x6d, 0x1b, 
    0x5b, 0x33, 0x38, 0x3b, 0x32, 0x3b, 0x32, 0x35, 0x35, 0x3b, 0x32, 0x35, 0x35, 0x3b, 0x32, 0x35, 
    0x35, 0x6d, 0x4d, 0x1b, 0x5b, 0x30, 0x6d, 0x1b, 0x5b, 0x33, 0x38, 0x3b, 0x32, 0x3b, 0x32, 0x35, 
    0x35, 0x3b, 0x32, 0x35, 0x35, 0x3b, 0x32, 0x35, 0x35, 0x6d, 0x4d, 0x1b, 0x5b, 0x30, 0x6d, 0x1b, 
    0x5b, 0x33, 0x38, 0x3b, 0x32, 0x3b, 0x32, 0x35, 0x35, 0x3b, 0x32, 0x35, 0x35, 0x3b, 0x32, 0x35, 
    0x35, 0x6d, 0x4d, 0x1b, 0x5b, 0x30, 0x6d, 0x1b, 0x5b, 0x33, 0x38, 0x3b, 0x32, 0x3b, 0x32, 0x35, 
    0x35, 0x3b, 0x32, 0x35, 0x35, 0x3b, 0x32, 0x35, 0x35, 0x6d, 0x4d, 0x1b, 0x5b, 0x30, 0x6d, 0x1b, 
    0x5b, 0x33, 0x38, 0x3b, 0x32, 0x3b, 0x32, 0x35, 0x35, 0x3b, 0x32, 0x35, 0x35, 0x3b, 0x32, 0x35, 
    0x35, 0x6d, 0x4d, 0x1b, 0x5b, 0x30, 0x6d, 0x1b, 0x5b, 0x33, 0x38, 0x3b, 0x32, 0x3b, 0x32, 0x35, 
    0x35, 0x3b, 0x32, 0x35, 0x35, 0x3b, 0x32, 0x35, 0x35, 0x6d, 0x4d, 0x1b, 0x5b, 0x30, 0x6d, 0x1b, 
    0x5b, 0x33, 0x38, 0x3b, 0x32, 0x3b, 0x32, 0x35, 0x35, 0x3b, 0x32, 0x35, 0x35, 0x3b, 0x32, 0x35, 
    0x35, 0x6d, 0x4d, 0x1b, 0x5b, 0x30, 0x6d, 0x1b, 0x5b, 0x33, 0x38, 0x3b, 0x32, 0x3b, 0x32, 0x35, 
    0x35, 0x3b, 0x32, 0x35, 0x35, 0x3b, 0x32, 0x35, 0x35, 0x6d, 0x4d, 0x1b, 0x5b, 0x30, 0x6d, 0x1b, 
    0x5b, 0x33, 0x38, 0x3b, 0x32, 0x3b, 0x32, 0x35, 0x35, 0x3b, 0x32, 0x35, 0x35, 0x3b, 0x32, 0x35, 
    0x35, 0x6d, 0x4d, 0x1b, 0x5b, 0x30, 0x6d, 0x1b, 0x5b, 0x33, 0x38, 0x3b, 0x32, 0x3b, 0x32, 0x35, 
    0x35, 0x3b, 0x32, 0x35, 0x35, 0x3b, 0x32, 0x35, 0x35, 0x6d, 0x4d, 0x1b, 0x5b, 0x30, 0x6d, 0x1b, 
    0x5b, 0x33, 0x38, 0x3b, 0x32, 0x3b, 0x32, 0x35, 0x35, 0x3b, 0x32, 0x35, 0x35, 0x3b, 0x32, 0x35, 
    0x35, 0x6d, 0x4d, 0x1b, 0x5b, 0x30, 0x6d, 0x1b, 0x5b, 0x33, 0x38, 0x3b, 0x32, 0x3b, 0x32, 0x35, 
    0x35, 0x3b, 0x32, 0x35, 0x35, 0x3b, 0x32, 0x35, 0x35, 0x6d, 0x4d, 0x1b, 0x5b, 0x30, 0x6d, 0x1b, 
    0x5b, 0x33, 0x38, 0x3b, 0x32, 0x3b, 0x32, 0x35, 0x35, 0x3b, 0x32, 0x35, 0x35, 0x3b, 0x32, 0x35, 
    0x35, 0x6d, 0x4d, 0x1b, 0x5b, 0x30, 0x6d, 0x1b, 0x5b, 0x33, 0x38, 0x3b, 0x32, 0x3b, 0x32, 0x35, 
    0x35, 0x3b, 0x32, 0x35, 0x35, 0x3b, 0x32, 0x35, 0x35, 0x6d, 0x4d, 0x1b, 0x5b, 0x30, 0x6d, 0x0a,
    0
  };